Record_ID,User_ID,App_Name,Feature_Used,Keyword,Content_Category,Type,Usage_Duration_Minutes,Distraction_Score,Location,Date,Time_of_Day
1,U0045,Coursera,DM/Chat,Video call,Communication,Productive,9.2,2,College,2025-12-13,Late Night
2,U0367,WhatsApp,DM/Chat,Shopping,Commerce,Distractive,21.7,2,Home,2025-10-15,Afternoon
3,U0175,Zoom,Feed,Online sale,Commerce,Distractive,68.5,3,Office,2025-12-24,Night
4,U0310,Amazon,Reels/Shorts,Memes,Entertainment,Distractive,9.3,4,College,2025-07-03,Evening
5,U0454,LinkedIn,Explore,Celebrity,Entertainment,Distractive,8,5,Cafe,2025-11-18,Late Night
6,U0195,YouTube,DM/Chat,Trending hashtags,Social Media,Distractive,69.8,4,College,2025-04-30,Morning
7,U0312,Snapchat,Story,Funny compilation,Entertainment,Distractive,32.6,5,Cafe,2025-12-26,Morning
8,U0432,Snapchat,Course Page,Market analysis,Business,Productive,23.4,1,Library,2025-12-17,Evening
9,U0109,Amazon,Explore,Language learning,Education,Productive,16.8,1,Library,2025-10-18,Evening
10,U0135,Gmail,Search,Cricket update,Sports,Distractive,24.6,4,Library,2025-10-15,Late Night
11,U0047,Flipkart,DM/Chat,Flash deals,Commerce,Distractive,89.8,3,Office,2025-09-18,Night
12,U0240,Snapchat,Explore,Data Science course,Education,Productive,36.2,1,Hostel,2025-07-15,Late Night
13,U0002,Zoom,Story,Gaming,Entertainment,Distractive,10.9,4,Hostel,2025-03-22,Night
14,U0277,Google Classroom,Notification,Movie clips,Entertainment,Distractive,55.2,4,Office,2025-07-11,Afternoon
15,U0030,Udemy,Feed,Excel tutorial,Education,Productive,7.6,2,Commute,2025-06-07,Afternoon
16,U0485,WhatsApp,Course Page,Weather update,News,Productive,49.1,1,Office,2025-03-07,Night
17,U0344,Twitter/X,Notification,Resume building,Business,Productive,45.6,2,Library,2025-06-09,Night
18,U0284,LinkedIn,DM/Chat,DM chat casual,Social Media,Distractive,21,5,Commute,2025-01-11,Late Night
19,U0464,Instagram,Reels/Shorts,Weather update,News,Productive,42.8,1,Home,2025-04-28,Morning
20,U0068,Slack,DM/Chat,Science experiment,Education,Productive,17.4,1,Outdoors,2025-04-20,Late Night
21,U0211,Telegram,DM/Chat,Match highlights,Sports,Distractive,9.4,3,Hostel,2025-07-01,Night
22,U0099,LinkedIn,Feed,Live score,Sports,Distractive,36.8,4,Commute,2025-02-25,Afternoon
23,U0227,Facebook,Explore,Weather update,News,Productive,11.8,2,Outdoors,2025-05-08,Morning
24,U0443,WhatsApp,DM/Chat,Video call,Communication,Productive,10.8,1,Outdoors,2025-09-04,Afternoon
25,U0217,TikTok,Feed,Shopping,Commerce,Distractive,88.7,2,Cafe,2025-08-21,Evening
26,U0026,Google Classroom,DM/Chat,Match highlights,Sports,Distractive,87.2,2,Home,2025-06-10,Morning
27,U0305,Snapchat,Feed,Football clip,Sports,Distractive,86.5,4,College,2025-04-06,Morning
28,U0021,TikTok,Reels/Shorts,Colleague message,Communication,Productive,56.6,1,Library,2025-10-24,Late Night
29,U0203,Zoom,DM/Chat,Work discussion,Communication,Productive,40.5,2,Commute,2025-05-03,Evening
30,U0319,Gmail,Story,Investment tips,Business,Productive,55.8,2,College,2025-01-05,Night
31,U0190,Slack,Watch,Group chat,Communication,Productive,8.8,1,Commute,2025-02-05,Afternoon
32,U0481,Google Classroom,Notification,Movie clips,Entertainment,Distractive,1.7,5,Cafe,2025-12-06,Morning
33,U0368,LinkedIn,Notification,Resume building,Business,Productive,10.2,1,Cafe,2025-11-06,Afternoon
34,U0425,Slack,Course Page,Trending hashtags,Social Media,Distractive,23.3,5,Home,2025-02-17,Night
35,U0283,Amazon,Search,Celebrity,Entertainment,Distractive,57.7,4,Cafe,2025-03-24,Night
36,U0428,LinkedIn,Reels/Shorts,Flash deals,Commerce,Distractive,85.1,2,Office,2025-10-07,Morning
37,U0350,Facebook,Feed,Story updates,Social Media,Distractive,28.4,5,Home,2025-07-03,Afternoon
38,U0474,Flipkart,Notification,Local news,News,Productive,53.2,1,Hostel,2025-11-14,Afternoon
39,U0137,Snapchat,Explore,World news,News,Productive,2.5,1,Commute,2025-07-30,Afternoon
40,U0180,TikTok,Feed,LinkedIn post,Business,Productive,51.7,1,Library,2025-04-13,Night
41,U0180,Instagram,DM/Chat,Prank videos,Entertainment,Distractive,36.5,4,Cafe,2025-02-05,Evening
42,U0493,Instagram,Reels/Shorts,Wishlist browsing,Commerce,Distractive,79.1,3,Cafe,2025-04-02,Late Night
43,U0262,Telegram,Story,Celebrity,Entertainment,Distractive,65.8,4,Commute,2025-08-12,Late Night
44,U0352,Zoom,Feed,Work discussion,Communication,Productive,42.8,1,Home,2025-09-24,Late Night
45,U0159,WhatsApp,Story,Political news,News,Productive,37.8,2,College,2025-06-03,Late Night
46,U0347,Google Classroom,Notification,Product review,Commerce,Distractive,12.3,3,Hostel,2025-12-07,Night
47,U0221,TikTok,Notification,Startup news,Business,Productive,50.2,2,Cafe,2025-05-27,Afternoon
48,U0146,Gmail,DM/Chat,DM chat casual,Social Media,Distractive,46.5,5,Office,2025-12-04,Morning
49,U0126,Google Classroom,DM/Chat,Influencer content,Social Media,Distractive,72.8,4,Office,2025-01-13,Morning
50,U0254,Gmail,Explore,Football clip,Sports,Distractive,79.9,2,Library,2025-12-23,Night
51,U0238,Instagram,Reels/Shorts,Online sale,Commerce,Distractive,70.3,2,Library,2025-04-01,Late Night
52,U0287,LinkedIn,Course Page,Competitive exam tips,Education,Productive,8.9,1,Outdoors,2025-12-08,Late Night
53,U0385,Gmail,Search,DM chat casual,Social Media,Distractive,67.2,5,Outdoors,2025-08-19,Evening
54,U0040,Zoom,Notification,World news,News,Productive,29.6,3,Library,2025-05-21,Night
55,U0119,Amazon,Story,Prank videos,Entertainment,Distractive,80.5,5,College,2025-03-12,Afternoon
56,U0213,Twitter/X,Reels/Shorts,Wishlist browsing,Commerce,Distractive,37.9,2,Commute,2025-10-05,Night
57,U0483,TikTok,Feed,Research paper,Education,Productive,51.5,2,Hostel,2025-09-02,Morning
58,U0140,Telegram,Notification,Random scrolling,Social Media,Distractive,67.5,5,Library,2025-09-07,Afternoon
59,U0471,TikTok,Story,Fashion trends,Commerce,Distractive,60.5,2,Hostel,2025-03-26,Night
60,U0094,TikTok,Feed,Startup news,Business,Productive,6,1,Hostel,2025-03-11,Night
61,U0386,Amazon,DM/Chat,Math tutorial,Education,Productive,27.8,2,Commute,2025-07-14,Evening
62,U0333,Udemy,Feed,Product review,Commerce,Distractive,67.7,2,Home,2025-06-29,Afternoon
63,U0123,Instagram,DM/Chat,Colleague message,Communication,Productive,12.8,1,Home,2025-11-15,Afternoon
64,U0311,Twitter/X,Course Page,Client proposal,Business,Productive,42.3,1,Commute,2025-03-27,Late Night
65,U0039,LinkedIn,Feed,Email,Communication,Productive,55.8,2,Hostel,2025-07-23,Afternoon
66,U0220,Google Classroom,Reels/Shorts,Current affairs,News,Productive,48,3,Home,2025-06-27,Late Night
67,U0326,Instagram,Explore,Influencer content,Social Media,Distractive,74.2,5,College,2025-08-10,Evening
68,U0397,Snapchat,Notification,Match highlights,Sports,Distractive,86.9,3,Cafe,2025-11-12,Late Night
69,U0125,Zoom,Story,Cricket update,Sports,Distractive,76.8,3,College,2025-05-23,Night
70,U0109,TikTok,Story,Football clip,Sports,Distractive,3.6,4,Commute,2025-04-04,Night
71,U0369,Zoom,Watch,Random scrolling,Social Media,Distractive,50.5,5,Library,2025-02-13,Afternoon
72,U0114,Udemy,Course Page,Fashion trends,Commerce,Distractive,40.9,2,Home,2025-02-17,Evening
73,U0170,Google Classroom,Story,Wishlist browsing,Commerce,Distractive,43.1,2,Commute,2025-08-06,Late Night
74,U0381,Google Classroom,Watch,DM chat casual,Social Media,Distractive,21.5,5,Library,2025-06-11,Morning
75,U0152,Udemy,Watch,Job search,Business,Productive,43.8,1,Cafe,2025-02-21,Afternoon
76,U0499,Google Classroom,Feed,Political news,News,Productive,42.8,1,Office,2025-05-21,Morning
77,U0241,Facebook,Course Page,Competitive exam tips,Education,Productive,7.1,2,Home,2025-10-21,Evening
78,U0206,Snapchat,Feed,Cricket update,Sports,Distractive,23.5,3,Outdoors,2025-02-28,Morning
79,U0061,YouTube,Search,Live score,Sports,Distractive,14.3,4,Cafe,2025-02-13,Afternoon
80,U0220,Slack,Explore,Flash deals,Commerce,Distractive,41.1,2,Outdoors,2025-06-02,Late Night
81,U0089,Twitter/X,DM/Chat,Celebrity,Entertainment,Distractive,24.6,4,College,2025-03-22,Afternoon
82,U0119,Telegram,Course Page,Email,Communication,Productive,41.7,1,Outdoors,2025-05-30,Morning
83,U0279,WhatsApp,DM/Chat,Dance videos,Entertainment,Distractive,83.2,5,Library,2025-08-06,Morning
84,U0384,Zoom,Search,Local news,News,Productive,5.2,1,Office,2025-06-07,Late Night
85,U0253,Gmail,Watch,Funny compilation,Entertainment,Distractive,63.3,4,Cafe,2025-09-14,Late Night
86,U0118,YouTube,Explore,Live score,Sports,Distractive,66.4,4,Cafe,2025-01-14,Morning
87,U0300,Snapchat,Course Page,Math tutorial,Education,Productive,31.6,1,Outdoors,2025-05-23,Afternoon
88,U0440,WhatsApp,Course Page,Wishlist browsing,Commerce,Distractive,32,3,Commute,2025-06-14,Morning
89,U0233,Udemy,Watch,Freelance work,Business,Productive,40.1,2,Hostel,2025-10-09,Morning
90,U0337,Amazon,Reels/Shorts,Voice message,Communication,Productive,58.2,2,Hostel,2025-09-21,Morning
91,U0390,Twitter/X,Notification,Cricket update,Sports,Distractive,33.2,2,Outdoors,2025-11-17,Night
92,U0499,Facebook,Watch,Research paper,Education,Productive,26.8,2,Outdoors,2025-03-04,Morning
93,U0431,Google Classroom,Notification,Local news,News,Productive,1.8,1,Hostel,2025-02-17,Afternoon
94,U0213,Facebook,Course Page,Project update,Communication,Productive,56,1,Cafe,2025-09-18,Evening
95,U0383,Gmail,Notification,Cricket update,Sports,Distractive,13.9,2,Library,2025-11-03,Late Night
96,U0372,Telegram,Story,Business news,Business,Productive,56.1,2,Cafe,2025-01-02,Evening
97,U0194,Gmail,Notification,TV show clip,Entertainment,Distractive,44.1,4,Commute,2025-10-10,Late Night
98,U0382,Coursera,Explore,Sports news,Sports,Distractive,21.8,2,Hostel,2025-01-23,Evening
99,U0170,Facebook,Course Page,Cricket update,Sports,Distractive,86.9,3,Office,2025-09-15,Late Night
100,U0039,Slack,Course Page,Project update,Communication,Productive,1.9,1,Office,2025-07-29,Afternoon
101,U0447,TikTok,Reels/Shorts,Sports news,Sports,Distractive,76.8,3,Hostel,2025-06-12,Night
102,U0390,Coursera,Watch,Excel tutorial,Education,Productive,59.8,1,College,2025-08-11,Morning
103,U0192,Google Classroom,Feed,Project update,Communication,Productive,3.7,1,Home,2025-05-31,Evening
104,U0041,Slack,Explore,Online sale,Commerce,Distractive,51.4,2,Office,2025-03-29,Afternoon
105,U0342,Udemy,Search,Flash deals,Commerce,Distractive,21.7,2,Cafe,2025-08-24,Evening
106,U0328,Snapchat,Reels/Shorts,AI fundamentals,Education,Productive,27.1,2,Commute,2025-10-28,Evening
107,U0122,Gmail,Watch,Wishlist browsing,Commerce,Distractive,18.7,3,Hostel,2025-09-05,Morning
108,U0290,Google Classroom,Watch,Flash deals,Commerce,Distractive,3,3,Hostel,2025-05-21,Morning
109,U0318,Google Classroom,DM/Chat,Excel tutorial,Education,Productive,36.8,2,Commute,2025-04-23,Afternoon
110,U0375,YouTube,Watch,Memes,Entertainment,Distractive,71.2,4,Home,2025-10-24,Evening
111,U0272,Amazon,Explore,Business news,Business,Productive,11.4,2,Office,2025-10-04,Evening
112,U0494,Udemy,Watch,Movie clips,Entertainment,Distractive,67.4,5,Commute,2025-02-28,Night
113,U0275,TikTok,Notification,Email,Communication,Productive,22.6,1,Hostel,2025-01-08,Evening
114,U0242,Zoom,Explore,Project update,Communication,Productive,49.5,2,Commute,2025-02-25,Afternoon
115,U0333,Coursera,Reels/Shorts,Excel tutorial,Education,Productive,38.5,2,Outdoors,2025-12-25,Evening
116,U0121,YouTube,Feed,Shopping,Commerce,Distractive,28.1,2,Outdoors,2025-03-01,Morning
117,U0427,Flipkart,Notification,Project management,Business,Productive,25.7,2,Office,2025-08-01,Morning
118,U0487,Zoom,Feed,Football clip,Sports,Distractive,62.4,3,Library,2025-08-16,Night
119,U0142,LinkedIn,Story,World news,News,Productive,33.1,2,Commute,2025-02-01,Night
120,U0125,WhatsApp,DM/Chat,Current affairs,News,Productive,38.9,2,Home,2025-01-26,Evening
121,U0397,WhatsApp,Notification,Startup news,Business,Productive,13.2,1,Library,2025-04-30,Evening
122,U0339,Zoom,Search,Startup news,Business,Productive,59.3,1,Cafe,2025-03-31,Morning
123,U0027,Flipkart,DM/Chat,Coding practice,Education,Productive,35.7,1,Home,2025-03-31,Evening
124,U0263,Slack,Reels/Shorts,LinkedIn post,Business,Productive,45,2,Outdoors,2025-08-18,Evening
125,U0434,YouTube,Notification,Project update,Communication,Productive,18.8,1,Home,2025-02-01,Night
126,U0076,Udemy,Course Page,Fashion trends,Commerce,Distractive,7.5,2,College,2025-06-14,Late Night
127,U0310,Amazon,Explore,Email,Communication,Productive,59.7,2,Cafe,2025-08-21,Late Night
128,U0424,Twitter/X,Explore,Shopping,Commerce,Distractive,41.2,2,Library,2025-07-31,Evening
129,U0352,LinkedIn,Story,Cricket update,Sports,Distractive,39,3,Cafe,2025-07-11,Afternoon
130,U0031,WhatsApp,Reels/Shorts,Live score,Sports,Distractive,39.4,2,Commute,2025-03-08,Late Night
131,U0160,Flipkart,Explore,Influencer content,Social Media,Distractive,78.3,5,Home,2025-05-28,Late Night
132,U0189,Facebook,Course Page,Influencer content,Social Media,Distractive,21,4,College,2025-06-29,Late Night
133,U0015,Telegram,Notification,Client call,Communication,Productive,58.5,1,Home,2025-11-08,Evening
134,U0036,Amazon,Story,Resume building,Business,Productive,1.4,2,Office,2025-10-17,Night
135,U0081,WhatsApp,Notification,LinkedIn post,Business,Productive,13.7,1,Hostel,2025-08-21,Evening
136,U0140,WhatsApp,Feed,Random scrolling,Social Media,Distractive,14.8,5,Home,2025-12-12,Morning
137,U0057,Gmail,Explore,Cricket update,Sports,Distractive,25.3,3,College,2025-06-26,Night
138,U0155,YouTube,DM/Chat,TV show clip,Entertainment,Distractive,36.2,5,Home,2025-01-04,Afternoon
139,U0090,Zoom,Watch,World news,News,Productive,20.4,1,Home,2025-09-12,Night
140,U0442,Slack,Notification,Project management,Business,Productive,50.2,1,Commute,2025-02-06,Night
141,U0364,Gmail,Reels/Shorts,Web development course,Education,Productive,51.9,1,Hostel,2025-10-21,Night
142,U0426,TikTok,Feed,Product review,Commerce,Distractive,87,2,Office,2025-11-13,Night
143,U0203,LinkedIn,DM/Chat,Influencer content,Social Media,Distractive,39.8,5,Hostel,2025-09-26,Morning
144,U0100,Amazon,Search,Trending challenge,Entertainment,Distractive,7.8,4,College,2025-09-29,Late Night
145,U0079,Coursera,Reels/Shorts,Follower count check,Social Media,Distractive,14,4,Library,2025-03-30,Late Night
146,U0078,Gmail,Course Page,Email,Communication,Productive,41.2,2,Commute,2025-11-18,Evening
147,U0038,Gmail,Watch,Live score,Sports,Distractive,71.9,3,Home,2025-06-30,Late Night
148,U0315,YouTube,Feed,Funny compilation,Entertainment,Distractive,33.8,5,Cafe,2025-02-09,Morning
149,U0491,Gmail,DM/Chat,Fashion trends,Commerce,Distractive,29.6,2,Outdoors,2025-09-14,Afternoon
150,U0363,Amazon,Reels/Shorts,AI fundamentals,Education,Productive,30.8,1,Office,2025-01-21,Afternoon
151,U0397,Slack,Search,Cricket update,Sports,Distractive,33.4,4,Cafe,2025-07-18,Night
152,U0371,WhatsApp,Story,Endless scrolling,Social Media,Distractive,9.4,5,Hostel,2025-05-26,Evening
153,U0363,Facebook,Story,Freelance work,Business,Productive,19.3,1,Hostel,2025-03-08,Late Night
154,U0261,Amazon,Search,Client call,Communication,Productive,40.5,2,College,2025-11-27,Night
155,U0116,Google Classroom,Search,Endless scrolling,Social Media,Distractive,85.7,5,Commute,2025-09-06,Afternoon
156,U0449,Google Classroom,Reels/Shorts,Networking,Business,Productive,31,1,Home,2025-12-05,Evening
157,U0211,Facebook,Search,Startup news,Business,Productive,11.7,2,Office,2025-08-13,Morning
158,U0463,Google Classroom,Course Page,Trending hashtags,Social Media,Distractive,21.8,5,Library,2025-06-08,Night
159,U0215,Gmail,Course Page,Political news,News,Productive,46.4,3,Hostel,2025-09-15,Late Night
160,U0365,Zoom,Feed,Job search,Business,Productive,38.8,1,Commute,2025-10-11,Morning
161,U0485,Snapchat,Watch,Client call,Communication,Productive,27.5,1,Office,2025-08-12,Morning
162,U0121,Flipkart,Feed,World news,News,Productive,25.5,2,Hostel,2025-09-15,Evening
163,U0406,Coursera,Feed,Shopping,Commerce,Distractive,29.4,3,College,2025-11-29,Evening
164,U0230,Google Classroom,Course Page,Networking,Business,Productive,42.1,1,Office,2025-12-28,Night
165,U0122,Zoom,DM/Chat,Exam preparation,Education,Productive,50.3,1,Hostel,2025-02-26,Evening
166,U0429,Coursera,Explore,Shorts,Entertainment,Distractive,57.9,4,Outdoors,2025-02-02,Morning
167,U0001,Instagram,Notification,Football clip,Sports,Distractive,52.2,4,Office,2025-05-30,Night
168,U0279,Snapchat,Reels/Shorts,Trending hashtags,Social Media,Distractive,47.6,5,Commute,2025-02-04,Late Night
169,U0404,YouTube,Explore,SQL tutorial,Education,Productive,58.9,2,Cafe,2025-01-09,Evening
170,U0417,LinkedIn,Story,Voice message,Communication,Productive,8.9,1,Commute,2025-10-07,Evening
171,U0151,Udemy,Search,Investment tips,Business,Productive,48.9,2,College,2025-08-23,Morning
172,U0130,YouTube,Story,Current affairs,News,Productive,56.1,1,Hostel,2025-10-06,Night
173,U0410,Flipkart,Feed,Research paper,Education,Productive,52.1,2,Commute,2025-05-20,Morning
174,U0189,Gmail,Explore,Like notifications,Social Media,Distractive,31.2,5,Office,2025-09-12,Night
175,U0165,WhatsApp,Explore,Reels,Entertainment,Distractive,54.6,5,Office,2025-10-07,Evening
176,U0180,Google Classroom,Watch,Group chat,Communication,Productive,27.3,2,Hostel,2025-03-27,Night
177,U0187,Flipkart,Explore,Live score,Sports,Distractive,25.4,4,Home,2025-02-08,Night
178,U0186,Gmail,Feed,Stock market,Business,Productive,8.4,1,Library,2025-11-27,Evening
179,U0294,Facebook,Course Page,Flash deals,Commerce,Distractive,85.4,2,Commute,2025-08-16,Morning
180,U0377,TikTok,Story,Market analysis,Business,Productive,39.3,2,Library,2025-02-28,Morning
181,U0147,LinkedIn,Watch,Client proposal,Business,Productive,46.7,2,Outdoors,2025-04-20,Late Night
182,U0342,Facebook,Reels/Shorts,Match highlights,Sports,Distractive,41.2,2,Outdoors,2025-02-14,Evening
183,U0115,Google Classroom,Search,Influencer content,Social Media,Distractive,64.4,5,Office,2025-07-05,Late Night
184,U0067,Coursera,Course Page,Team meeting,Communication,Productive,2.6,1,Commute,2025-08-28,Late Night
185,U0065,TikTok,Course Page,Group chat,Communication,Productive,32,2,Hostel,2025-10-22,Morning
186,U0258,Gmail,Notification,Influencer content,Social Media,Distractive,31.7,5,Office,2025-03-08,Night
187,U0459,Google Classroom,Search,Data Science course,Education,Productive,10.6,1,Library,2025-06-27,Late Night
188,U0048,Twitter/X,Notification,Reels,Entertainment,Distractive,25.4,5,Cafe,2025-11-11,Late Night
189,U0024,Snapchat,Story,Startup news,Business,Productive,50.7,1,Home,2025-01-15,Morning
190,U0248,Instagram,Course Page,Comedy videos,Entertainment,Distractive,80.1,5,Cafe,2025-11-25,Evening
191,U0213,TikTok,Watch,World news,News,Productive,27.8,3,Home,2025-03-22,Night
192,U0067,Amazon,Search,Cricket update,Sports,Distractive,28.8,2,Commute,2025-06-26,Night
193,U0050,Coursera,Course Page,Influencer content,Social Media,Distractive,11.9,5,Outdoors,2025-05-07,Afternoon
194,U0370,Telegram,DM/Chat,History lecture,Education,Productive,57.8,2,Office,2025-06-17,Late Night
195,U0047,Udemy,Notification,Trending hashtags,Social Media,Distractive,42.5,4,Cafe,2025-09-12,Morning
196,U0254,Coursera,DM/Chat,Flash deals,Commerce,Distractive,52.9,3,Home,2025-01-26,Evening
197,U0188,Instagram,Reels/Shorts,Sports news,Sports,Distractive,39.4,4,Cafe,2025-07-07,Night
198,U0231,Twitter/X,Story,SQL tutorial,Education,Productive,33.6,1,College,2025-07-17,Late Night
199,U0387,LinkedIn,Explore,Shorts,Entertainment,Distractive,34.2,4,Commute,2025-10-13,Evening
200,U0266,Slack,Feed,Job search,Business,Productive,3.7,2,Office,2025-06-20,Night
201,U0316,Slack,Search,Match highlights,Sports,Distractive,30.2,4,Commute,2025-03-25,Night
202,U0214,Google Classroom,Course Page,Trending challenge,Entertainment,Distractive,73.6,5,Commute,2025-06-19,Morning
203,U0323,Zoom,DM/Chat,Gaming,Entertainment,Distractive,65.2,5,Outdoors,2025-03-29,Late Night
204,U0078,YouTube,Reels/Shorts,Online sale,Commerce,Distractive,18,2,Outdoors,2025-06-10,Night
205,U0266,Telegram,Notification,Wishlist browsing,Commerce,Distractive,70,2,Outdoors,2025-02-01,Afternoon
206,U0176,Udemy,Notification,Weather update,News,Productive,23.2,2,Office,2025-08-24,Late Night
207,U0395,Twitter/X,DM/Chat,Random scrolling,Social Media,Distractive,25.8,5,Cafe,2025-04-26,Evening
208,U0294,Amazon,Course Page,Comedy videos,Entertainment,Distractive,32,5,Cafe,2025-05-28,Morning
209,U0336,Facebook,Watch,Fashion trends,Commerce,Distractive,4.7,3,College,2025-06-27,Night
210,U0316,Twitter/X,Notification,TV show clip,Entertainment,Distractive,25.1,4,Cafe,2025-03-12,Morning
211,U0170,Slack,DM/Chat,Breaking news,News,Productive,38.6,1,Home,2025-02-21,Night
212,U0245,Facebook,Feed,Live score,Sports,Distractive,86.8,4,Office,2025-07-28,Night
213,U0119,Amazon,Watch,World news,News,Productive,39.1,2,College,2025-11-30,Late Night
214,U0480,Snapchat,Feed,Online certification,Education,Productive,59.8,2,Hostel,2025-09-11,Afternoon
215,U0329,Google Classroom,Reels/Shorts,Celebrity,Entertainment,Distractive,83.6,4,Commute,2025-05-26,Night
216,U0375,Gmail,Watch,Match highlights,Sports,Distractive,18.2,4,College,2025-06-19,Afternoon
217,U0090,Snapchat,Feed,Sports news,Sports,Distractive,66.6,4,Cafe,2025-10-18,Afternoon
218,U0245,Slack,Story,Discount coupons,Commerce,Distractive,8.7,3,College,2025-04-05,Afternoon
219,U0299,Zoom,Explore,Trending hashtags,Social Media,Distractive,22,4,Cafe,2025-06-18,Evening
220,U0208,Coursera,Feed,Math tutorial,Education,Productive,40.4,2,Outdoors,2025-06-07,Afternoon
221,U0233,Flipkart,DM/Chat,Shorts,Entertainment,Distractive,20.5,5,Office,2025-09-02,Afternoon
222,U0271,Twitter/X,DM/Chat,Like notifications,Social Media,Distractive,61.6,5,College,2025-09-27,Night
223,U0077,YouTube,Notification,Influencer content,Social Media,Distractive,81.4,4,Library,2025-10-21,Late Night
224,U0229,LinkedIn,DM/Chat,Freelance work,Business,Productive,43.3,2,Outdoors,2025-02-16,Late Night
225,U0345,Slack,Explore,AI fundamentals,Education,Productive,28,1,Home,2025-10-14,Night
226,U0177,Zoom,Feed,Gaming,Entertainment,Distractive,67.4,5,College,2025-01-24,Night
227,U0393,WhatsApp,Course Page,Conference call,Communication,Productive,2.9,1,Hostel,2025-04-03,Afternoon
228,U0061,Gmail,Explore,Product review,Commerce,Distractive,34.4,3,Office,2025-12-01,Evening
229,U0153,Slack,Search,Market analysis,Business,Productive,43.9,2,Library,2025-01-02,Morning
230,U0097,TikTok,DM/Chat,Football clip,Sports,Distractive,23,3,Commute,2025-03-21,Evening
231,U0229,Instagram,DM/Chat,Video call,Communication,Productive,13.2,2,College,2025-11-01,Morning
232,U0258,TikTok,Course Page,Language learning,Education,Productive,14.8,1,Library,2025-01-29,Afternoon
233,U0114,Amazon,DM/Chat,Prank videos,Entertainment,Distractive,27.9,5,Office,2025-12-05,Late Night
234,U0285,YouTube,Notification,Product review,Commerce,Distractive,85.4,3,Office,2025-11-17,Night
235,U0154,TikTok,Notification,Live score,Sports,Distractive,29.4,3,Hostel,2025-07-29,Afternoon
236,U0288,Coursera,DM/Chat,Online sale,Commerce,Distractive,27.8,3,Office,2025-08-26,Morning
237,U0473,TikTok,DM/Chat,Fashion trends,Commerce,Distractive,23.7,2,Commute,2025-11-28,Morning
238,U0412,Twitter/X,Feed,Sports news,Sports,Distractive,24.9,2,Home,2025-02-07,Afternoon
239,U0493,Amazon,Watch,Technology news,News,Productive,57.5,1,Home,2025-04-19,Afternoon
240,U0239,Twitter/X,Explore,Project update,Communication,Productive,55,1,Commute,2025-05-25,Night
241,U0390,Flipkart,Notification,Random scrolling,Social Media,Distractive,79.6,5,Outdoors,2025-02-20,Night
242,U0134,Amazon,Explore,Trending hashtags,Social Media,Distractive,5.1,5,Library,2025-03-16,Morning
243,U0336,Twitter/X,Story,Product review,Commerce,Distractive,21.5,2,Library,2025-09-13,Late Night
244,U0369,Udemy,Course Page,Random scrolling,Social Media,Distractive,16,5,Commute,2025-03-28,Afternoon
245,U0392,YouTube,Notification,Match highlights,Sports,Distractive,4,4,College,2025-12-09,Morning
246,U0234,Coursera,Reels/Shorts,Web development course,Education,Productive,42.7,1,Home,2025-04-22,Late Night
247,U0272,Udemy,Feed,Endless scrolling,Social Media,Distractive,1.6,5,Hostel,2025-01-07,Morning
248,U0269,Slack,Explore,Dance videos,Entertainment,Distractive,72.7,4,Office,2025-02-24,Morning
249,U0192,Slack,Watch,Job search,Business,Productive,49.1,1,Cafe,2025-07-23,Morning
250,U0048,Coursera,Watch,Fashion trends,Commerce,Distractive,61.9,2,College,2025-12-01,Morning
251,U0433,Udemy,Feed,Fashion trends,Commerce,Distractive,57.7,3,Office,2025-02-12,Night
252,U0244,LinkedIn,Notification,Wishlist browsing,Commerce,Distractive,82.8,3,Library,2025-04-19,Late Night
253,U0009,Zoom,Notification,Celebrity,Entertainment,Distractive,51.2,4,Home,2025-04-02,Evening
254,U0347,TikTok,Reels/Shorts,Weather update,News,Productive,18.7,1,Library,2025-10-18,Night
255,U0224,WhatsApp,Notification,Like notifications,Social Media,Distractive,67.3,4,Commute,2025-01-28,Morning
256,U0402,Amazon,Explore,World news,News,Productive,58.2,1,Commute,2025-01-16,Evening
257,U0339,Flipkart,Notification,Cricket update,Sports,Distractive,84.8,2,Hostel,2025-04-06,Late Night
258,U0379,Coursera,Reels/Shorts,Shopping,Commerce,Distractive,8.3,3,Office,2025-07-14,Afternoon
259,U0390,LinkedIn,Reels/Shorts,Product review,Commerce,Distractive,1.5,3,Cafe,2025-08-16,Evening
260,U0046,WhatsApp,Search,Shorts,Entertainment,Distractive,39.4,4,Hostel,2025-02-22,Morning
261,U0464,TikTok,Feed,Influencer content,Social Media,Distractive,27,5,Hostel,2025-02-13,Late Night
262,U0253,Snapchat,Explore,Weather update,News,Productive,11,3,Cafe,2025-06-04,Evening
263,U0129,Telegram,Watch,Business news,Business,Productive,25.8,1,Outdoors,2025-02-09,Evening
264,U0486,Udemy,DM/Chat,Local news,News,Productive,28,3,Office,2025-06-05,Morning
265,U0309,Amazon,Course Page,Product review,Commerce,Distractive,30.8,3,Office,2025-06-03,Evening
266,U0496,Snapchat,Explore,Technology news,News,Productive,58.2,2,Cafe,2025-12-22,Night
267,U0093,Zoom,Explore,Political news,News,Productive,22.5,2,Library,2025-10-31,Late Night
268,U0072,Gmail,Watch,AI fundamentals,Education,Productive,50,1,College,2025-07-29,Night
269,U0246,Facebook,Explore,Prank videos,Entertainment,Distractive,71.2,5,College,2025-08-18,Late Night
270,U0337,YouTube,Story,Flash deals,Commerce,Distractive,63.4,3,College,2025-02-25,Afternoon
271,U0051,TikTok,Story,Story updates,Social Media,Distractive,86.9,4,Hostel,2025-02-24,Morning
272,U0248,Gmail,Story,Prank videos,Entertainment,Distractive,35.8,4,Office,2025-06-26,Morning
273,U0176,WhatsApp,Reels/Shorts,Client call,Communication,Productive,50,2,Office,2025-06-28,Evening
274,U0164,Udemy,Story,Match highlights,Sports,Distractive,43.4,4,Outdoors,2025-12-23,Night
275,U0477,LinkedIn,Feed,Client call,Communication,Productive,51.1,1,College,2025-12-13,Afternoon
276,U0323,Snapchat,Story,Weather update,News,Productive,34,1,Outdoors,2025-04-29,Night
277,U0220,TikTok,Feed,Networking,Business,Productive,44.5,2,Library,2025-08-19,Late Night
278,U0410,Twitter/X,Watch,Shopping,Commerce,Distractive,68,2,College,2025-10-23,Morning
279,U0306,Twitter/X,Course Page,Freelance work,Business,Productive,7.7,2,Outdoors,2025-09-28,Evening
280,U0417,LinkedIn,Story,Flash deals,Commerce,Distractive,32.3,3,Outdoors,2025-11-13,Afternoon
281,U0356,Amazon,Reels/Shorts,Reels,Entertainment,Distractive,22.2,4,College,2025-04-04,Evening
282,U0326,Telegram,Search,Market analysis,Business,Productive,34.9,2,Hostel,2025-04-06,Night
283,U0028,Udemy,Watch,Market analysis,Business,Productive,9.3,1,Commute,2025-08-19,Late Night
284,U0213,Facebook,DM/Chat,Endless scrolling,Social Media,Distractive,73.6,5,Outdoors,2025-07-29,Night
285,U0141,WhatsApp,Feed,Cricket update,Sports,Distractive,71.8,2,Library,2025-05-30,Morning
286,U0058,Snapchat,Course Page,Weather update,News,Productive,34.4,2,Outdoors,2025-10-09,Late Night
287,U0153,YouTube,Course Page,Client call,Communication,Productive,33.2,2,Hostel,2025-02-22,Afternoon
288,U0416,Flipkart,Reels/Shorts,AI fundamentals,Education,Productive,26.9,2,College,2025-05-02,Afternoon
289,U0273,Facebook,DM/Chat,Like notifications,Social Media,Distractive,73.4,4,Home,2025-10-19,Evening
290,U0471,Google Classroom,Watch,Movie clips,Entertainment,Distractive,52,5,College,2025-03-11,Night
291,U0251,Facebook,DM/Chat,Math tutorial,Education,Productive,9.6,1,Commute,2025-05-07,Night
292,U0384,Telegram,Explore,Startup news,Business,Productive,27.7,2,College,2025-07-26,Late Night
293,U0436,Udemy,Story,Gossip,Entertainment,Distractive,52.8,5,College,2025-08-23,Evening
294,U0425,Twitter/X,Explore,Conference call,Communication,Productive,49.7,2,Outdoors,2025-05-18,Evening
295,U0321,Udemy,Story,Trending challenge,Entertainment,Distractive,80.6,4,Home,2025-01-24,Morning
296,U0452,Snapchat,Course Page,Live score,Sports,Distractive,41.6,2,Hostel,2025-04-14,Afternoon
297,U0027,WhatsApp,Story,Movie clips,Entertainment,Distractive,23.3,5,Commute,2025-12-07,Afternoon
298,U0245,Coursera,Explore,Wishlist browsing,Commerce,Distractive,59.3,3,College,2025-01-01,Afternoon
299,U0356,Slack,Course Page,Email,Communication,Productive,1.5,1,Commute,2025-03-03,Night
300,U0189,Coursera,Explore,Client proposal,Business,Productive,6.3,1,College,2025-02-22,Evening
301,U0226,Facebook,Search,Memes,Entertainment,Distractive,7.1,5,Home,2025-11-09,Afternoon
302,U0386,Telegram,Course Page,Trending hashtags,Social Media,Distractive,77.5,4,College,2025-02-21,Afternoon
303,U0331,Flipkart,Explore,Family chat,Communication,Productive,19.6,2,Office,2025-05-07,Evening
304,U0331,Instagram,Watch,Team meeting,Communication,Productive,13.1,2,Library,2025-07-20,Evening
305,U0185,TikTok,Reels/Shorts,Language learning,Education,Productive,15.2,2,College,2025-09-28,Morning
306,U0009,Telegram,Story,Story updates,Social Media,Distractive,49.6,5,Office,2025-08-30,Morning
307,U0322,Twitter/X,Feed,Video call,Communication,Productive,55.4,2,Hostel,2025-09-17,Evening
308,U0159,WhatsApp,Notification,Fashion trends,Commerce,Distractive,48.9,3,Office,2025-05-23,Morning
309,U0374,Facebook,Notification,Conference call,Communication,Productive,20.3,1,College,2025-06-08,Night
310,U0062,WhatsApp,Explore,Current affairs,News,Productive,7.8,1,Home,2025-06-08,Afternoon
311,U0065,Snapchat,Course Page,Coding practice,Education,Productive,57.2,1,Cafe,2025-03-27,Evening
312,U0322,Amazon,Explore,Shorts,Entertainment,Distractive,25.2,4,College,2025-05-15,Late Night
313,U0131,Slack,Story,Project update,Communication,Productive,4.3,2,Office,2025-07-08,Afternoon
314,U0242,Coursera,Notification,Family chat,Communication,Productive,1.2,1,Home,2025-05-06,Morning
315,U0128,Snapchat,Feed,Like notifications,Social Media,Distractive,50.2,4,Hostel,2025-04-25,Evening
316,U0092,Zoom,Reels/Shorts,Wishlist browsing,Commerce,Distractive,51.9,3,College,2025-09-15,Morning
317,U0168,YouTube,Explore,World news,News,Productive,5.1,3,Outdoors,2025-05-25,Evening
318,U0238,Instagram,Story,Conference call,Communication,Productive,12.8,2,Cafe,2025-11-15,Afternoon
319,U0278,Coursera,Search,DM chat casual,Social Media,Distractive,1.6,4,Hostel,2025-01-13,Afternoon
320,U0272,Instagram,Explore,Endless scrolling,Social Media,Distractive,76.6,5,Cafe,2025-02-23,Afternoon
321,U0460,YouTube,Search,Technology news,News,Productive,43,2,College,2025-01-23,Afternoon
322,U0039,Gmail,Reels/Shorts,Wishlist browsing,Commerce,Distractive,52.7,3,Office,2025-11-23,Night
323,U0163,Coursera,Watch,Web development course,Education,Productive,16.4,1,Commute,2025-07-21,Evening
324,U0085,WhatsApp,DM/Chat,Sports news,Sports,Distractive,13.1,2,College,2025-03-21,Morning
325,U0238,Telegram,Reels/Shorts,Cricket update,Sports,Distractive,48.7,3,Library,2025-08-20,Evening
326,U0076,Snapchat,Watch,Shorts,Entertainment,Distractive,74.5,4,Home,2025-04-21,Evening
327,U0016,TikTok,Notification,Team meeting,Communication,Productive,3.9,2,Cafe,2025-05-14,Afternoon
328,U0032,Coursera,Reels/Shorts,Discount coupons,Commerce,Distractive,42.1,3,Office,2025-03-04,Morning
329,U0133,TikTok,Story,Breaking news,News,Productive,41.5,1,College,2025-10-26,Late Night
330,U0022,Twitter/X,Course Page,Video call,Communication,Productive,48.7,1,College,2025-06-19,Morning
331,U0089,Telegram,Explore,Live score,Sports,Distractive,45.2,2,Hostel,2025-12-16,Night
332,U0318,Zoom,Watch,Trending hashtags,Social Media,Distractive,40.7,4,Office,2025-01-18,Late Night
333,U0144,Udemy,Explore,Local news,News,Productive,53.1,2,Outdoors,2025-02-01,Morning
334,U0246,Twitter/X,Notification,Online sale,Commerce,Distractive,23.2,3,Home,2025-07-15,Evening
335,U0306,Slack,Story,Sports news,Sports,Distractive,35.6,4,Office,2025-01-14,Evening
336,U0127,YouTube,Course Page,Current affairs,News,Productive,32.2,2,Library,2025-03-23,Morning
337,U0091,YouTube,DM/Chat,Political news,News,Productive,35,3,Hostel,2025-07-01,Afternoon
338,U0073,Flipkart,Feed,Weather update,News,Productive,42.5,2,Commute,2025-10-18,Late Night
339,U0309,Google Classroom,Search,World news,News,Productive,29.9,2,College,2025-01-29,Afternoon
340,U0368,Udemy,Feed,Current affairs,News,Productive,20.6,3,Library,2025-03-08,Evening
341,U0441,Instagram,Search,Freelance work,Business,Productive,35.6,1,Office,2025-02-26,Late Night
342,U0375,TikTok,Reels/Shorts,Influencer content,Social Media,Distractive,31,5,Commute,2025-03-11,Afternoon
343,U0418,Amazon,Search,Discount coupons,Commerce,Distractive,63.9,3,Commute,2025-04-25,Late Night
344,U0201,Google Classroom,Search,Project management,Business,Productive,11.5,2,Home,2025-12-26,Late Night
345,U0122,Coursera,Reels/Shorts,Online certification,Education,Productive,56.3,2,Office,2025-06-19,Morning
346,U0355,WhatsApp,Story,Follower count check,Social Media,Distractive,40.8,4,Cafe,2025-04-18,Afternoon
347,U0453,LinkedIn,Feed,Voice message,Communication,Productive,3.8,2,Outdoors,2025-08-03,Afternoon
348,U0084,Flipkart,Notification,Fashion trends,Commerce,Distractive,34.4,3,Outdoors,2025-10-23,Afternoon
349,U0088,Google Classroom,Feed,Live score,Sports,Distractive,29.4,2,College,2025-02-07,Evening
350,U0221,WhatsApp,Story,Online sale,Commerce,Distractive,53.9,2,Outdoors,2025-12-27,Morning
351,U0357,Snapchat,Feed,Startup news,Business,Productive,7,2,Library,2025-04-08,Night
352,U0185,Coursera,Reels/Shorts,Dance videos,Entertainment,Distractive,5.4,5,Outdoors,2025-03-20,Morning
353,U0327,Google Classroom,Course Page,Web development course,Education,Productive,12.8,1,Home,2025-04-16,Afternoon
354,U0047,LinkedIn,Watch,Reels,Entertainment,Distractive,70.9,5,Outdoors,2025-09-08,Evening
355,U0239,TikTok,Story,Online sale,Commerce,Distractive,17.6,3,Home,2025-05-15,Night
356,U0414,YouTube,Search,Prank videos,Entertainment,Distractive,67.9,5,College,2025-02-13,Evening
357,U0294,YouTube,Explore,Discount coupons,Commerce,Distractive,73.8,2,Hostel,2025-10-02,Night
358,U0462,WhatsApp,Explore,Technology news,News,Productive,54.3,2,Home,2025-09-15,Late Night
359,U0217,Snapchat,Search,Business news,Business,Productive,58.4,2,Library,2025-03-06,Morning
360,U0045,Twitter/X,Search,Colleague message,Communication,Productive,50.2,2,Cafe,2025-06-13,Morning
361,U0301,Amazon,Watch,Flash deals,Commerce,Distractive,47.3,3,Home,2025-12-25,Late Night
362,U0400,Facebook,Search,Shopping,Commerce,Distractive,51.4,3,College,2025-02-24,Late Night
363,U0243,Telegram,Watch,Client call,Communication,Productive,23.6,2,Outdoors,2025-10-20,Late Night
364,U0456,TikTok,Search,Online certification,Education,Productive,37.5,2,Hostel,2025-01-20,Night
365,U0160,Udemy,Watch,Trending hashtags,Social Media,Distractive,80.8,4,Home,2025-06-22,Evening
366,U0374,Coursera,Search,TV show clip,Entertainment,Distractive,27.7,4,Outdoors,2025-06-14,Evening
367,U0445,Twitter/X,Course Page,Flash deals,Commerce,Distractive,19.8,2,Hostel,2025-09-06,Late Night
368,U0451,WhatsApp,Watch,Endless scrolling,Social Media,Distractive,64.2,4,Hostel,2025-03-11,Late Night
369,U0361,Twitter/X,Feed,Online certification,Education,Productive,15.7,1,Outdoors,2025-01-26,Evening
370,U0124,Gmail,Notification,Political news,News,Productive,24.4,2,College,2025-12-15,Morning
371,U0429,Snapchat,Course Page,DM chat casual,Social Media,Distractive,53.2,5,Commute,2025-06-26,Afternoon
372,U0347,Instagram,Explore,Reels,Entertainment,Distractive,5.4,5,Library,2025-04-24,Afternoon
373,U0332,Telegram,Notification,Political news,News,Productive,2.2,3,Home,2025-08-31,Afternoon
374,U0217,Coursera,Watch,Startup news,Business,Productive,36.9,1,Cafe,2025-12-31,Evening
375,U0423,Gmail,Watch,Discount coupons,Commerce,Distractive,20.4,3,Cafe,2025-12-13,Late Night
376,U0312,Instagram,Notification,Flash deals,Commerce,Distractive,89.9,2,Commute,2025-10-15,Late Night
377,U0442,Udemy,Reels/Shorts,Dance videos,Entertainment,Distractive,30.9,4,Cafe,2025-11-24,Evening
378,U0207,Twitter/X,Search,Music video,Entertainment,Distractive,47,5,Library,2025-01-30,Late Night
379,U0378,Udemy,Watch,Story updates,Social Media,Distractive,24.1,4,Hostel,2025-07-27,Night
380,U0260,Amazon,DM/Chat,Interview preparation,Education,Productive,41.5,1,Outdoors,2025-12-10,Evening
381,U0485,Google Classroom,Reels/Shorts,Movie clips,Entertainment,Distractive,42.9,4,Cafe,2025-10-14,Afternoon
382,U0191,Flipkart,DM/Chat,Influencer content,Social Media,Distractive,67.2,4,Cafe,2025-08-04,Evening
383,U0257,LinkedIn,Course Page,Dance videos,Entertainment,Distractive,5.8,5,College,2025-08-30,Afternoon
384,U0176,Slack,Watch,Colleague message,Communication,Productive,25.4,2,Office,2025-03-12,Afternoon
385,U0171,Facebook,Story,Flash deals,Commerce,Distractive,77.8,3,Office,2025-02-11,Night
386,U0251,Instagram,Course Page,Freelance work,Business,Productive,17.1,1,Office,2025-10-23,Afternoon
387,U0020,Telegram,Explore,Email,Communication,Productive,26.3,2,Outdoors,2025-07-16,Morning
388,U0321,Instagram,Story,Local news,News,Productive,45.7,2,Library,2025-01-10,Morning
389,U0157,Flipkart,Watch,Breaking news,News,Productive,8.6,3,Hostel,2025-09-15,Late Night
390,U0176,Google Classroom,Watch,Business news,Business,Productive,27.9,1,Commute,2025-08-11,Afternoon
391,U0376,Snapchat,Explore,Sports news,Sports,Distractive,2.7,2,Library,2025-03-09,Afternoon
392,U0395,LinkedIn,Story,Interview preparation,Education,Productive,43,1,Home,2025-07-12,Evening
393,U0195,LinkedIn,Feed,Excel tutorial,Education,Productive,3.8,1,College,2025-08-02,Night
394,U0339,Udemy,Search,Conference call,Communication,Productive,13.1,2,Home,2025-06-04,Night
395,U0061,Facebook,Explore,Colleague message,Communication,Productive,50,2,College,2025-09-19,Late Night
396,U0184,Udemy,DM/Chat,Shorts,Entertainment,Distractive,55.2,4,Cafe,2025-09-25,Afternoon
397,U0170,YouTube,Notification,Product review,Commerce,Distractive,45.2,2,Library,2025-12-19,Night
398,U0400,WhatsApp,Reels/Shorts,Current affairs,News,Productive,50.3,1,Outdoors,2025-03-18,Morning
399,U0026,Coursera,Course Page,Group chat,Communication,Productive,59.3,2,Cafe,2025-05-16,Night
400,U0049,Google Classroom,Story,Email,Communication,Productive,48.3,1,Commute,2025-08-07,Morning
401,U0450,Snapchat,Story,Python tutorial,Education,Productive,22.1,1,Outdoors,2025-11-15,Evening
402,U0354,Snapchat,Reels/Shorts,Voice message,Communication,Productive,24.6,2,Outdoors,2025-05-20,Night
403,U0214,Snapchat,Reels/Shorts,Cricket update,Sports,Distractive,12.8,4,Home,2025-03-23,Morning
404,U0442,Gmail,Search,Football clip,Sports,Distractive,55.4,4,Commute,2025-11-10,Morning
405,U0007,LinkedIn,Explore,Client proposal,Business,Productive,27,2,College,2025-05-14,Evening
406,U0247,Slack,Notification,Local news,News,Productive,41.6,2,College,2025-08-10,Afternoon
407,U0437,YouTube,Feed,Like notifications,Social Media,Distractive,58.3,4,Office,2025-09-16,Night
408,U0115,Udemy,Story,Match highlights,Sports,Distractive,22.4,2,Cafe,2025-01-26,Late Night
409,U0229,WhatsApp,Course Page,Fashion trends,Commerce,Distractive,40.5,2,Outdoors,2025-02-15,Night
410,U0001,Instagram,Reels/Shorts,Influencer content,Social Media,Distractive,36.9,5,Home,2025-10-13,Late Night
411,U0423,Slack,Notification,Family chat,Communication,Productive,13.2,2,Outdoors,2025-06-24,Evening
412,U0367,Amazon,Notification,Language learning,Education,Productive,46.3,2,Outdoors,2025-12-03,Evening
413,U0192,Coursera,Feed,Live score,Sports,Distractive,31.4,2,Cafe,2025-10-08,Late Night
414,U0313,Udemy,Search,Video call,Communication,Productive,49.5,1,Hostel,2025-02-24,Evening
415,U0388,TikTok,DM/Chat,Breaking news,News,Productive,28,1,Library,2025-06-23,Morning
416,U0272,Gmail,Course Page,Shopping,Commerce,Distractive,59.6,2,Office,2025-09-13,Morning
417,U0089,Udemy,Notification,Competitive exam tips,Education,Productive,47.1,2,Office,2025-12-21,Late Night
418,U0141,Amazon,Notification,Business news,Business,Productive,53,2,Hostel,2025-11-08,Afternoon
419,U0441,Gmail,Search,Product review,Commerce,Distractive,13.3,3,Cafe,2025-12-26,Late Night
420,U0258,Twitter/X,Watch,Trending hashtags,Social Media,Distractive,62.1,4,Office,2025-12-30,Afternoon
421,U0268,Udemy,Explore,Influencer content,Social Media,Distractive,61,5,Cafe,2025-08-05,Morning
422,U0147,Facebook,Feed,Video call,Communication,Productive,40.5,2,Library,2025-05-17,Afternoon
423,U0053,Google Classroom,DM/Chat,Memes,Entertainment,Distractive,68.1,4,Home,2025-07-03,Night
424,U0475,TikTok,DM/Chat,Local news,News,Productive,31.1,3,Cafe,2025-12-21,Morning
425,U0445,Amazon,Notification,Fashion trends,Commerce,Distractive,5.8,3,Cafe,2025-04-14,Late Night
426,U0230,Flipkart,Notification,Match highlights,Sports,Distractive,66.7,4,Library,2025-04-10,Evening
427,U0220,Snapchat,Search,Investment tips,Business,Productive,44.4,1,College,2025-07-13,Morning
428,U0021,Snapchat,Watch,Music video,Entertainment,Distractive,1.5,4,Outdoors,2025-12-30,Afternoon
429,U0270,Google Classroom,Course Page,Freelance work,Business,Productive,47.6,1,Commute,2025-02-07,Evening
430,U0114,WhatsApp,Notification,Breaking news,News,Productive,10.4,3,Hostel,2025-02-17,Evening
431,U0059,Amazon,Story,Local news,News,Productive,18.3,2,Outdoors,2025-10-15,Morning
432,U0198,Coursera,Feed,DM chat casual,Social Media,Distractive,61.7,4,Commute,2025-07-15,Morning
433,U0152,Slack,Story,Dance videos,Entertainment,Distractive,46.8,4,Outdoors,2025-09-07,Morning
434,U0108,WhatsApp,Reels/Shorts,Political news,News,Productive,10.9,3,Home,2025-11-17,Morning
435,U0383,Telegram,Reels/Shorts,World news,News,Productive,13.1,3,Hostel,2025-11-28,Morning
436,U0286,Amazon,Feed,Stock market,Business,Productive,6.2,2,Home,2025-04-02,Evening
437,U0009,Zoom,Explore,Family chat,Communication,Productive,23.9,1,Hostel,2025-08-10,Evening
438,U0184,Instagram,Reels/Shorts,Wishlist browsing,Commerce,Distractive,68.3,2,Home,2025-12-25,Morning
439,U0421,WhatsApp,Watch,Client call,Communication,Productive,46.2,2,Outdoors,2025-07-15,Night
440,U0153,Coursera,Search,Physics lecture,Education,Productive,45.1,1,Cafe,2025-11-21,Afternoon
441,U0485,LinkedIn,Feed,Endless scrolling,Social Media,Distractive,1.4,4,Hostel,2025-10-03,Late Night
442,U0114,Flipkart,DM/Chat,Client call,Communication,Productive,25.3,1,Office,2025-03-24,Afternoon
443,U0038,Snapchat,Feed,Comedy videos,Entertainment,Distractive,76.8,4,Outdoors,2025-11-27,Late Night
444,U0066,LinkedIn,DM/Chat,Reels,Entertainment,Distractive,65.6,5,Outdoors,2025-06-19,Evening
445,U0338,WhatsApp,DM/Chat,Current affairs,News,Productive,19.7,2,Outdoors,2025-06-18,Late Night
446,U0365,Amazon,Explore,Memes,Entertainment,Distractive,16,5,Commute,2025-05-07,Afternoon
447,U0397,Facebook,Story,Product review,Commerce,Distractive,79.1,3,Outdoors,2025-08-17,Evening
448,U0135,Snapchat,Reels/Shorts,TV show clip,Entertainment,Distractive,75.9,4,Office,2025-10-03,Afternoon
449,U0465,Slack,Feed,Group chat,Communication,Productive,48.9,1,Hostel,2025-10-30,Afternoon
450,U0069,Udemy,Search,Competitive exam tips,Education,Productive,22.6,2,Library,2025-10-29,Evening
451,U0435,WhatsApp,Explore,Football clip,Sports,Distractive,33.4,4,Home,2025-12-06,Afternoon
452,U0021,Gmail,Search,Market analysis,Business,Productive,11.6,1,Office,2025-09-05,Evening
453,U0266,Coursera,Reels/Shorts,World news,News,Productive,16.6,2,Library,2025-01-22,Afternoon
454,U0325,Gmail,Feed,Like notifications,Social Media,Distractive,4.6,5,Commute,2025-02-22,Late Night
455,U0193,TikTok,Explore,Music video,Entertainment,Distractive,33.5,4,College,2025-09-22,Evening
456,U0257,Flipkart,Story,Weather update,News,Productive,29.7,2,Outdoors,2025-11-06,Morning
457,U0096,Coursera,Reels/Shorts,Client proposal,Business,Productive,31.4,1,Cafe,2025-04-19,Afternoon
458,U0246,Coursera,Explore,Freelance work,Business,Productive,48.9,1,College,2025-09-04,Night
459,U0083,Telegram,Feed,Weather update,News,Productive,15.4,1,Office,2025-10-21,Late Night
460,U0307,Facebook,Feed,Investment tips,Business,Productive,10.8,1,Office,2025-09-22,Night
461,U0113,Twitter/X,Course Page,History lecture,Education,Productive,36.8,1,Outdoors,2025-09-04,Afternoon
462,U0303,Snapchat,Notification,Flash deals,Commerce,Distractive,24.5,2,Commute,2025-08-21,Late Night
463,U0351,TikTok,Search,Team meeting,Communication,Productive,7.4,2,Library,2025-09-25,Late Night
464,U0386,LinkedIn,Search,Discount coupons,Commerce,Distractive,43.4,2,Home,2025-09-30,Late Night
465,U0190,Facebook,Notification,Group chat,Communication,Productive,49.8,2,Hostel,2025-09-25,Night
466,U0412,Coursera,Course Page,Chemistry notes,Education,Productive,47.6,2,Hostel,2025-06-29,Late Night
467,U0449,Zoom,Course Page,Work discussion,Communication,Productive,46.2,1,College,2025-05-26,Late Night
468,U0193,Instagram,Feed,Product review,Commerce,Distractive,52.4,2,College,2025-09-24,Morning
469,U0130,Telegram,Story,Local news,News,Productive,7.3,2,Hostel,2025-11-30,Late Night
470,U0248,Zoom,Explore,Viral video,Entertainment,Distractive,68.2,5,Hostel,2025-10-10,Late Night
471,U0383,Zoom,Watch,Freelance work,Business,Productive,35.1,2,Hostel,2025-03-12,Morning
472,U0315,Snapchat,Reels/Shorts,Technology news,News,Productive,13.7,3,Hostel,2025-06-23,Late Night
473,U0046,Instagram,Reels/Shorts,Online certification,Education,Productive,49.6,2,Outdoors,2025-11-04,Night
474,U0336,Flipkart,Reels/Shorts,Client call,Communication,Productive,36.9,1,Hostel,2025-07-25,Late Night
475,U0402,Udemy,Course Page,Celebrity,Entertainment,Distractive,2,4,Cafe,2025-04-10,Morning
476,U0142,YouTube,Story,Weather update,News,Productive,15.1,1,Home,2025-03-22,Morning
477,U0146,TikTok,DM/Chat,Product review,Commerce,Distractive,47.1,3,College,2025-02-16,Late Night
478,U0134,Coursera,DM/Chat,Follower count check,Social Media,Distractive,41.5,5,Hostel,2025-10-22,Morning
479,U0449,WhatsApp,Notification,Project management,Business,Productive,18.4,1,College,2025-09-20,Evening
480,U0460,Udemy,DM/Chat,Funny compilation,Entertainment,Distractive,68.4,5,Outdoors,2025-12-15,Night
481,U0410,Zoom,Reels/Shorts,Physics lecture,Education,Productive,23.6,1,Library,2025-12-13,Afternoon
482,U0048,Slack,Notification,Like notifications,Social Media,Distractive,1.9,5,Cafe,2025-05-08,Evening
483,U0112,WhatsApp,Notification,Wishlist browsing,Commerce,Distractive,83.9,3,Outdoors,2025-06-10,Evening
484,U0118,Udemy,DM/Chat,Movie clips,Entertainment,Distractive,21.9,4,Library,2025-05-16,Afternoon
485,U0315,Flipkart,Search,World news,News,Productive,47,1,College,2025-02-10,Night
486,U0252,Udemy,Story,Competitive exam tips,Education,Productive,37.6,1,Outdoors,2025-10-22,Evening
487,U0410,TikTok,DM/Chat,Market analysis,Business,Productive,45.3,2,Office,2025-01-28,Late Night
488,U0358,Slack,Story,Fashion trends,Commerce,Distractive,36,2,Office,2025-08-23,Morning
489,U0167,Instagram,Feed,Sports news,Sports,Distractive,61,4,Hostel,2025-10-25,Morning
490,U0256,Zoom,DM/Chat,Random scrolling,Social Media,Distractive,25,4,Commute,2025-07-07,Afternoon
491,U0293,Flipkart,Story,Online sale,Commerce,Distractive,77,3,Cafe,2025-08-19,Afternoon
492,U0075,LinkedIn,Watch,Startup news,Business,Productive,48.4,1,Hostel,2025-07-15,Afternoon
493,U0129,Snapchat,Explore,Client proposal,Business,Productive,30.5,1,Commute,2025-09-07,Evening
494,U0231,Snapchat,Feed,SQL tutorial,Education,Productive,13.7,1,Cafe,2025-09-01,Morning
495,U0211,Flipkart,Notification,Random scrolling,Social Media,Distractive,50.6,5,Cafe,2025-06-26,Morning
496,U0196,Snapchat,Watch,Voice message,Communication,Productive,22,1,Outdoors,2025-08-17,Morning
497,U0083,Snapchat,Story,Funny compilation,Entertainment,Distractive,38.5,4,Hostel,2025-02-06,Morning
498,U0400,Amazon,Watch,Trending hashtags,Social Media,Distractive,64.2,5,Hostel,2025-05-19,Night
499,U0482,Snapchat,Search,DM chat casual,Social Media,Distractive,77,5,Office,2025-05-01,Evening
500,U0014,TikTok,Reels/Shorts,Team meeting,Communication,Productive,6.6,1,Outdoors,2025-10-08,Morning
501,U0159,LinkedIn,Watch,Flash deals,Commerce,Distractive,56,2,College,2025-12-02,Night
502,U0015,Google Classroom,Course Page,Breaking news,News,Productive,38,3,Office,2025-09-27,Afternoon
503,U0070,Udemy,Course Page,Skill development,Education,Productive,58.5,2,Cafe,2025-10-08,Night
504,U0277,Telegram,Notification,Startup news,Business,Productive,38.7,2,Cafe,2025-06-27,Night
505,U0006,Gmail,Watch,World news,News,Productive,22.6,1,Cafe,2025-03-21,Evening
506,U0485,Flipkart,Watch,Chemistry notes,Education,Productive,28.7,1,Home,2025-12-19,Night
507,U0097,Telegram,Watch,Sports news,Sports,Distractive,54.1,2,Home,2025-10-08,Evening
508,U0135,TikTok,DM/Chat,Flash deals,Commerce,Distractive,15.5,3,Hostel,2025-07-13,Afternoon
509,U0437,Slack,Watch,Work discussion,Communication,Productive,17.8,1,Cafe,2025-07-31,Afternoon
510,U0252,Google Classroom,Reels/Shorts,Email,Communication,Productive,38.6,1,Outdoors,2025-05-20,Late Night
511,U0145,Facebook,Feed,Political news,News,Productive,58.2,1,Home,2025-04-06,Morning
512,U0176,Instagram,DM/Chat,Memes,Entertainment,Distractive,9,5,Home,2025-09-10,Afternoon
513,U0432,Flipkart,Course Page,Product review,Commerce,Distractive,63,3,Home,2025-06-19,Morning
514,U0419,TikTok,Reels/Shorts,Stock market,Business,Productive,33,2,Office,2025-04-09,Evening
515,U0102,LinkedIn,DM/Chat,Discount coupons,Commerce,Distractive,35.2,2,Outdoors,2025-05-07,Morning
516,U0323,Twitter/X,Course Page,Live score,Sports,Distractive,35.6,4,Cafe,2025-06-15,Afternoon
517,U0443,Zoom,Course Page,Competitive exam tips,Education,Productive,38.7,1,Library,2025-07-04,Morning
518,U0203,Telegram,Story,Current affairs,News,Productive,1.9,1,Cafe,2025-10-27,Morning
519,U0256,Udemy,Search,Current affairs,News,Productive,22.9,1,College,2025-05-08,Afternoon
520,U0406,YouTube,Feed,Colleague message,Communication,Productive,22,2,Office,2025-12-26,Late Night
521,U0011,Coursera,Story,Email,Communication,Productive,58.9,2,Commute,2025-08-13,Afternoon
522,U0278,Zoom,Feed,Product review,Commerce,Distractive,44.2,2,Outdoors,2025-10-14,Evening
523,U0469,Snapchat,Notification,Match highlights,Sports,Distractive,31.9,4,Outdoors,2025-05-21,Late Night
524,U0398,Gmail,Watch,Business news,Business,Productive,49.3,1,Commute,2025-08-21,Morning
525,U0338,Instagram,Story,Wishlist browsing,Commerce,Distractive,70.1,2,Library,2025-06-14,Morning
526,U0268,Facebook,Watch,Online sale,Commerce,Distractive,29.7,3,Commute,2025-02-26,Morning
527,U0017,Snapchat,Feed,Video call,Communication,Productive,12.9,1,Outdoors,2025-04-09,Morning
528,U0007,Slack,Watch,Wishlist browsing,Commerce,Distractive,5.4,3,Library,2025-11-07,Morning
529,U0381,WhatsApp,Course Page,Local news,News,Productive,48.3,2,Home,2025-07-04,Late Night
530,U0484,YouTube,Watch,Discount coupons,Commerce,Distractive,48.1,3,College,2025-06-05,Morning
531,U0337,LinkedIn,DM/Chat,Weather update,News,Productive,32.4,1,Library,2025-04-09,Late Night
532,U0184,Snapchat,Notification,Weather update,News,Productive,45.2,3,Hostel,2025-02-24,Late Night
533,U0274,Snapchat,Search,Cricket update,Sports,Distractive,49.9,2,Commute,2025-12-03,Afternoon
534,U0124,Amazon,Story,Sports news,Sports,Distractive,37.7,3,Hostel,2025-06-15,Late Night
535,U0372,Zoom,Story,Technology news,News,Productive,57.7,3,Outdoors,2025-07-23,Morning
536,U0114,Slack,Search,History lecture,Education,Productive,59.6,1,Cafe,2025-01-04,Evening
537,U0236,Instagram,Watch,World news,News,Productive,55.2,2,Office,2025-02-18,Morning
538,U0416,Zoom,Story,Story updates,Social Media,Distractive,80.2,4,Library,2025-04-30,Evening
539,U0423,Twitter/X,Reels/Shorts,Reels,Entertainment,Distractive,65.4,5,Outdoors,2025-03-30,Night
540,U0451,YouTube,Explore,Family chat,Communication,Productive,5.6,2,Home,2025-06-21,Evening
541,U0269,Coursera,Feed,Fashion trends,Commerce,Distractive,57.4,2,Hostel,2025-01-28,Evening
542,U0498,Amazon,Notification,Science experiment,Education,Productive,42.2,1,Office,2025-01-26,Night
543,U0068,Slack,Reels/Shorts,Football clip,Sports,Distractive,20.8,4,Cafe,2025-07-21,Afternoon
544,U0223,YouTube,Notification,Influencer content,Social Media,Distractive,36.5,5,College,2025-07-24,Late Night
545,U0377,Twitter/X,Course Page,Networking,Business,Productive,24.3,2,Library,2025-10-15,Late Night
546,U0217,Zoom,Explore,Breaking news,News,Productive,20.1,1,College,2025-02-27,Night
547,U0180,Amazon,Story,Follower count check,Social Media,Distractive,53.9,4,Home,2025-06-06,Afternoon
548,U0080,Gmail,Feed,Football clip,Sports,Distractive,83.3,2,Library,2025-04-13,Evening
549,U0356,Coursera,Search,Group chat,Communication,Productive,52.3,1,Cafe,2025-01-08,Evening
550,U0268,Udemy,Feed,Client call,Communication,Productive,20.6,2,Library,2025-04-15,Late Night
551,U0031,Instagram,Explore,TV show clip,Entertainment,Distractive,52.9,4,Home,2025-05-11,Afternoon
552,U0339,YouTube,Course Page,Comedy videos,Entertainment,Distractive,59.3,5,Home,2025-02-04,Night
553,U0261,Instagram,Watch,Gossip,Entertainment,Distractive,78.2,4,Hostel,2025-04-29,Night
554,U0021,WhatsApp,Search,Voice message,Communication,Productive,12.7,2,Outdoors,2025-10-15,Morning
555,U0351,Amazon,Course Page,Weather update,News,Productive,24.2,2,Office,2025-01-10,Evening
556,U0450,Coursera,Notification,Follower count check,Social Media,Distractive,25.6,5,Home,2025-11-17,Evening
557,U0045,Zoom,DM/Chat,Discount coupons,Commerce,Distractive,14.5,2,Hostel,2025-12-03,Afternoon
558,U0169,Telegram,DM/Chat,Flash deals,Commerce,Distractive,52,2,Hostel,2025-06-09,Late Night
559,U0353,Twitter/X,Search,Football clip,Sports,Distractive,52.7,2,Library,2025-03-12,Evening
560,U0430,Snapchat,Story,Project management,Business,Productive,5,1,College,2025-04-05,Evening
561,U0078,Amazon,Explore,LinkedIn post,Business,Productive,57.7,1,Cafe,2025-08-15,Evening
562,U0314,Snapchat,Feed,Current affairs,News,Productive,46,1,Cafe,2025-11-07,Late Night
563,U0434,Coursera,Feed,Weather update,News,Productive,22.2,1,Outdoors,2025-03-10,Late Night
564,U0017,TikTok,Course Page,Sports news,Sports,Distractive,43.2,2,Office,2025-04-09,Afternoon
565,U0091,Zoom,Explore,Discount coupons,Commerce,Distractive,20.8,2,Library,2025-04-15,Morning
566,U0312,Amazon,Course Page,Football clip,Sports,Distractive,80,3,Hostel,2025-07-27,Morning
567,U0232,TikTok,Notification,Wishlist browsing,Commerce,Distractive,47.7,3,Home,2025-09-24,Morning
568,U0265,Slack,Notification,Live score,Sports,Distractive,36.2,2,Home,2025-10-13,Night
569,U0217,Gmail,Explore,Research paper,Education,Productive,53.2,2,Cafe,2025-08-25,Afternoon
570,U0481,Gmail,Course Page,Celebrity,Entertainment,Distractive,9,4,College,2025-04-03,Late Night
571,U0452,Amazon,Course Page,Project management,Business,Productive,2.5,2,Outdoors,2025-10-30,Afternoon
572,U0362,Amazon,Search,Live score,Sports,Distractive,64.9,3,College,2025-02-16,Morning
573,U0195,Slack,Explore,Sports news,Sports,Distractive,65.7,2,Office,2025-07-13,Late Night
574,U0215,Facebook,Search,Online certification,Education,Productive,52.3,2,Office,2025-12-31,Morning
575,U0319,Google Classroom,Search,Dance videos,Entertainment,Distractive,11.5,5,Office,2025-04-14,Morning
576,U0122,Udemy,Course Page,Gaming,Entertainment,Distractive,49.4,5,Home,2025-11-08,Night
577,U0004,Udemy,Course Page,Weather update,News,Productive,25.2,3,College,2025-11-04,Late Night
578,U0019,Twitter/X,Feed,Weather update,News,Productive,11.9,2,Home,2025-12-01,Evening
579,U0345,Amazon,Reels/Shorts,Stock market,Business,Productive,3.9,2,Hostel,2025-04-02,Afternoon
580,U0460,Flipkart,Feed,Movie clips,Entertainment,Distractive,9.3,5,Cafe,2025-06-15,Evening
581,U0356,Telegram,Notification,Discount coupons,Commerce,Distractive,6.8,2,Outdoors,2025-03-10,Morning
582,U0374,Slack,DM/Chat,Trending challenge,Entertainment,Distractive,62.9,5,Home,2025-02-25,Late Night
583,U0289,Telegram,Story,Project update,Communication,Productive,16.3,2,Commute,2025-03-08,Late Night
584,U0100,Udemy,Course Page,Football clip,Sports,Distractive,72.9,4,Library,2025-12-29,Evening
585,U0212,Gmail,Reels/Shorts,Data Science course,Education,Productive,44.5,1,Library,2025-11-12,Night
586,U0158,Twitter/X,Feed,Science experiment,Education,Productive,38.8,2,Cafe,2025-05-11,Morning
587,U0170,LinkedIn,Story,Trending challenge,Entertainment,Distractive,31.4,4,Home,2025-03-31,Afternoon
588,U0237,YouTube,Search,DM chat casual,Social Media,Distractive,43.9,5,Outdoors,2025-10-02,Evening
589,U0010,Slack,Watch,Wishlist browsing,Commerce,Distractive,51.3,2,Commute,2025-10-12,Late Night
590,U0174,Amazon,Story,Weather update,News,Productive,4.9,3,Office,2025-05-24,Morning
591,U0364,TikTok,Search,Wishlist browsing,Commerce,Distractive,54,2,Cafe,2025-12-28,Evening
592,U0111,WhatsApp,Course Page,Math tutorial,Education,Productive,52.7,2,Commute,2025-08-20,Evening
593,U0013,Flipkart,Feed,Movie clips,Entertainment,Distractive,70.2,4,College,2025-08-16,Late Night
594,U0394,Twitter/X,Story,Football clip,Sports,Distractive,83.2,2,Cafe,2025-06-17,Afternoon
595,U0478,Twitter/X,Feed,Conference call,Communication,Productive,28.1,1,College,2025-01-03,Evening
596,U0012,Amazon,Course Page,Excel tutorial,Education,Productive,53.5,1,College,2025-09-24,Evening
597,U0140,Twitter/X,DM/Chat,Comedy videos,Entertainment,Distractive,26.5,5,Commute,2025-08-14,Morning
598,U0180,LinkedIn,Feed,Networking,Business,Productive,57.5,2,College,2025-04-16,Late Night
599,U0277,Google Classroom,DM/Chat,Random scrolling,Social Media,Distractive,16.2,4,Cafe,2025-11-10,Evening
600,U0028,Instagram,Course Page,Live score,Sports,Distractive,81.4,2,Home,2025-02-24,Night
601,U0366,Snapchat,Course Page,Work discussion,Communication,Productive,37.4,2,Cafe,2025-06-20,Afternoon
602,U0241,WhatsApp,Course Page,Project update,Communication,Productive,6.7,1,Cafe,2025-12-17,Night
603,U0250,Zoom,Story,Breaking news,News,Productive,24.1,1,Commute,2025-06-16,Night
604,U0310,LinkedIn,Story,Exam preparation,Education,Productive,29.2,2,Office,2025-05-25,Evening
605,U0237,TikTok,Reels/Shorts,Market analysis,Business,Productive,20.2,1,College,2025-06-04,Late Night
606,U0175,Coursera,DM/Chat,Flash deals,Commerce,Distractive,49.8,3,Outdoors,2025-07-16,Morning
607,U0089,Telegram,Explore,World news,News,Productive,34.5,3,Commute,2025-10-06,Afternoon
608,U0158,LinkedIn,Course Page,Family chat,Communication,Productive,20.2,2,College,2025-08-16,Afternoon
609,U0419,TikTok,Story,Shopping,Commerce,Distractive,45,2,Home,2025-02-16,Afternoon
610,U0296,Facebook,Search,Startup news,Business,Productive,27.7,1,Cafe,2025-07-19,Late Night
611,U0046,Amazon,Watch,Match highlights,Sports,Distractive,51.8,2,Cafe,2025-08-11,Evening
612,U0421,Facebook,Watch,Excel tutorial,Education,Productive,4.7,2,Home,2025-01-01,Late Night
613,U0365,Instagram,DM/Chat,Influencer content,Social Media,Distractive,39.4,5,Hostel,2025-11-17,Evening
614,U0097,Telegram,Notification,Fashion trends,Commerce,Distractive,19.8,3,Office,2025-09-01,Afternoon
615,U0037,Telegram,Search,Discount coupons,Commerce,Distractive,26.7,3,Office,2025-03-10,Morning
616,U0477,Telegram,Search,Coding practice,Education,Productive,6,2,Hostel,2025-08-22,Late Night
617,U0116,Gmail,Notification,Flash deals,Commerce,Distractive,38.7,2,Outdoors,2025-07-16,Evening
618,U0296,Udemy,DM/Chat,Project management,Business,Productive,43,1,Cafe,2025-07-30,Late Night
619,U0073,Udemy,Story,Endless scrolling,Social Media,Distractive,11.1,4,Outdoors,2025-12-20,Morning
620,U0409,Slack,Reels/Shorts,Funny compilation,Entertainment,Distractive,22.8,4,College,2025-12-17,Late Night
621,U0216,Instagram,Course Page,Celebrity,Entertainment,Distractive,41.4,5,Outdoors,2025-10-21,Evening
622,U0032,Snapchat,Feed,Random scrolling,Social Media,Distractive,62.9,5,Cafe,2025-10-16,Evening
623,U0043,YouTube,Watch,Football clip,Sports,Distractive,73,2,Home,2025-05-27,Night
624,U0008,Zoom,Watch,Market analysis,Business,Productive,8.8,1,Cafe,2025-05-21,Evening
625,U0249,Facebook,Course Page,Family chat,Communication,Productive,22.8,1,Office,2025-05-14,Afternoon
626,U0395,Amazon,Reels/Shorts,Market analysis,Business,Productive,58.1,1,Office,2025-09-11,Night
627,U0387,Snapchat,DM/Chat,Online sale,Commerce,Distractive,52.4,3,Commute,2025-01-28,Evening
628,U0195,Gmail,Explore,Video call,Communication,Productive,29.1,1,Outdoors,2025-09-30,Afternoon
629,U0196,Facebook,Notification,Fashion trends,Commerce,Distractive,78.5,3,Home,2025-05-28,Night
630,U0137,Flipkart,Explore,Endless scrolling,Social Media,Distractive,55.3,4,Cafe,2025-06-21,Evening
631,U0347,Gmail,DM/Chat,Client call,Communication,Productive,44.3,2,Library,2025-09-24,Evening
632,U0351,Instagram,Reels/Shorts,Freelance work,Business,Productive,1.7,1,College,2025-09-26,Morning
633,U0030,Google Classroom,Watch,Sports news,Sports,Distractive,18.2,2,Home,2025-11-14,Morning
634,U0412,LinkedIn,Reels/Shorts,Weather update,News,Productive,6.1,3,Office,2025-07-12,Late Night
635,U0473,Zoom,Watch,Business news,Business,Productive,28.6,1,College,2025-11-24,Night
636,U0199,Zoom,Search,Viral video,Entertainment,Distractive,70.5,5,Cafe,2025-02-01,Night
637,U0202,Zoom,Search,Endless scrolling,Social Media,Distractive,40.2,5,Outdoors,2025-04-13,Late Night
638,U0330,LinkedIn,Search,Investment tips,Business,Productive,32.9,2,Hostel,2025-04-22,Late Night
639,U0460,LinkedIn,Feed,Project update,Communication,Productive,5.3,2,Cafe,2025-08-17,Morning
640,U0464,Instagram,Feed,Match highlights,Sports,Distractive,60.1,4,Cafe,2025-03-19,Evening
641,U0116,Slack,Course Page,Flash deals,Commerce,Distractive,43.6,2,Hostel,2025-02-05,Late Night
642,U0206,LinkedIn,Notification,SQL tutorial,Education,Productive,56.2,2,Commute,2025-06-20,Evening
643,U0091,Amazon,Reels/Shorts,Exam preparation,Education,Productive,50.6,2,Cafe,2025-11-28,Afternoon
644,U0454,Google Classroom,Explore,SQL tutorial,Education,Productive,53.9,1,Commute,2025-09-07,Morning
645,U0033,YouTube,DM/Chat,Match highlights,Sports,Distractive,3.3,2,Library,2025-09-08,Night
646,U0061,Instagram,Feed,TV show clip,Entertainment,Distractive,31.2,5,Commute,2025-01-22,Night
647,U0474,Slack,Course Page,World news,News,Productive,56.5,3,Office,2025-10-24,Afternoon
648,U0008,Udemy,Feed,Video call,Communication,Productive,28.8,1,Home,2025-05-05,Afternoon
649,U0419,Google Classroom,Reels/Shorts,Investment tips,Business,Productive,27.9,1,Office,2025-10-30,Morning
650,U0167,Coursera,Reels/Shorts,Group chat,Communication,Productive,48.5,2,Hostel,2025-06-22,Night
651,U0062,Amazon,DM/Chat,Colleague message,Communication,Productive,46.1,1,Office,2025-06-21,Morning
652,U0021,Snapchat,Story,Memes,Entertainment,Distractive,50.3,5,Outdoors,2025-05-05,Late Night
653,U0092,Snapchat,Feed,Business news,Business,Productive,52.9,2,College,2025-01-04,Morning
654,U0268,Telegram,Course Page,Colleague message,Communication,Productive,41.8,2,Library,2025-03-15,Evening
655,U0322,Snapchat,Feed,Cricket update,Sports,Distractive,54.1,2,Outdoors,2025-11-10,Morning
656,U0317,Instagram,Notification,Gossip,Entertainment,Distractive,22,5,College,2025-09-29,Morning
657,U0255,Twitter/X,Watch,Trending hashtags,Social Media,Distractive,5.7,5,College,2025-03-18,Night
658,U0316,YouTube,Story,Networking,Business,Productive,17.8,1,Hostel,2025-05-09,Evening
659,U0060,YouTube,Notification,Live score,Sports,Distractive,16.7,2,Home,2025-09-06,Late Night
660,U0167,Amazon,Explore,Team meeting,Communication,Productive,12.7,2,Commute,2025-04-28,Morning
661,U0300,Telegram,DM/Chat,Current affairs,News,Productive,23.2,1,Library,2025-02-07,Night
662,U0192,Facebook,DM/Chat,Live score,Sports,Distractive,83.6,3,Outdoors,2025-04-02,Night
663,U0031,Flipkart,Watch,Client proposal,Business,Productive,12.9,1,Office,2025-01-17,Late Night
664,U0310,Gmail,Course Page,Memes,Entertainment,Distractive,38.2,4,Commute,2025-04-23,Evening
665,U0243,Coursera,Reels/Shorts,Investment tips,Business,Productive,25.3,1,Outdoors,2025-04-21,Late Night
666,U0457,Telegram,DM/Chat,Sports news,Sports,Distractive,23.1,2,Hostel,2025-10-24,Afternoon
667,U0218,Telegram,Feed,Startup news,Business,Productive,3.4,1,Outdoors,2025-09-16,Morning
668,U0487,Gmail,Course Page,Fashion trends,Commerce,Distractive,22.4,2,Home,2025-12-21,Night
669,U0343,Google Classroom,DM/Chat,Breaking news,News,Productive,39.2,2,College,2025-01-09,Night
670,U0095,Instagram,Course Page,Movie clips,Entertainment,Distractive,42.3,5,Office,2025-12-27,Night
671,U0152,WhatsApp,Explore,DM chat casual,Social Media,Distractive,80.5,4,Commute,2025-09-29,Morning
672,U0485,Twitter/X,Reels/Shorts,Discount coupons,Commerce,Distractive,56.2,3,Commute,2025-01-29,Late Night
673,U0090,TikTok,Story,Endless scrolling,Social Media,Distractive,42.4,4,Home,2025-07-07,Evening
674,U0378,Facebook,Story,Conference call,Communication,Productive,15.1,1,College,2025-11-29,Night
675,U0142,Coursera,Story,World news,News,Productive,21.8,3,Cafe,2025-09-15,Night
676,U0348,Flipkart,Course Page,Exam preparation,Education,Productive,29.7,2,College,2025-08-29,Late Night
677,U0201,WhatsApp,DM/Chat,Funny compilation,Entertainment,Distractive,80.4,5,Outdoors,2025-02-14,Morning
678,U0448,LinkedIn,Search,Resume building,Business,Productive,17.3,1,Office,2025-09-12,Afternoon
679,U0216,Instagram,Watch,Weather update,News,Productive,25.6,3,Office,2025-08-31,Evening
680,U0211,Twitter/X,Reels/Shorts,Live score,Sports,Distractive,3,3,Library,2025-09-24,Evening
681,U0460,Slack,Notification,Follower count check,Social Media,Distractive,40.6,5,Cafe,2025-10-18,Afternoon
682,U0181,Coursera,Course Page,Movie clips,Entertainment,Distractive,34.1,5,Cafe,2025-01-25,Afternoon
683,U0083,Snapchat,Notification,Funny compilation,Entertainment,Distractive,26.4,4,Office,2025-12-29,Afternoon
684,U0288,Amazon,Search,Current affairs,News,Productive,27,1,Commute,2025-04-05,Afternoon
685,U0063,Facebook,Story,Science experiment,Education,Productive,27.5,2,Office,2025-10-01,Evening
686,U0500,Facebook,Course Page,SQL tutorial,Education,Productive,55.7,2,Office,2025-01-03,Late Night
687,U0375,Google Classroom,Search,Random scrolling,Social Media,Distractive,72.2,5,Outdoors,2025-06-23,Morning
688,U0048,LinkedIn,Watch,Live score,Sports,Distractive,3.2,2,Library,2025-08-17,Evening
689,U0043,Slack,DM/Chat,Endless scrolling,Social Media,Distractive,70.5,4,Cafe,2025-04-11,Morning
690,U0204,TikTok,DM/Chat,Live score,Sports,Distractive,44.7,4,Home,2025-12-08,Evening
691,U0158,Flipkart,Explore,LinkedIn post,Business,Productive,23,2,Cafe,2025-06-26,Evening
692,U0084,Twitter/X,Course Page,Football clip,Sports,Distractive,67,2,Hostel,2025-08-15,Evening
693,U0172,Facebook,Reels/Shorts,Wishlist browsing,Commerce,Distractive,13.8,3,Cafe,2025-09-01,Late Night
694,U0285,WhatsApp,Feed,Family chat,Communication,Productive,25.2,2,Cafe,2025-08-01,Afternoon
695,U0022,Twitter/X,Search,Football clip,Sports,Distractive,75.1,2,Cafe,2025-10-11,Night
696,U0154,Gmail,DM/Chat,Dance videos,Entertainment,Distractive,3.4,5,Home,2025-03-20,Evening
697,U0392,Google Classroom,Explore,Live score,Sports,Distractive,17,4,Library,2025-01-15,Morning
698,U0499,Flipkart,Course Page,TV show clip,Entertainment,Distractive,51.3,4,Cafe,2025-11-18,Night
699,U0450,Zoom,Search,Voice message,Communication,Productive,35.3,1,Office,2025-06-13,Night
700,U0150,YouTube,Watch,Freelance work,Business,Productive,22.3,1,Commute,2025-01-25,Evening
701,U0447,Snapchat,Reels/Shorts,Conference call,Communication,Productive,36.3,1,Office,2025-10-06,Evening
702,U0071,Flipkart,Reels/Shorts,Random scrolling,Social Media,Distractive,48.6,5,Commute,2025-03-15,Morning
703,U0080,Telegram,Story,Gossip,Entertainment,Distractive,83,5,Office,2025-02-22,Afternoon
704,U0470,Slack,Notification,World news,News,Productive,43,1,College,2025-08-02,Night
705,U0456,Instagram,Course Page,Group chat,Communication,Productive,21.5,1,Commute,2025-03-13,Night
706,U0158,Instagram,Reels/Shorts,Story updates,Social Media,Distractive,20.8,5,Office,2025-12-19,Afternoon
707,U0397,WhatsApp,Explore,Job search,Business,Productive,41.8,1,College,2025-02-09,Morning
708,U0466,Twitter/X,Reels/Shorts,Cricket update,Sports,Distractive,3.9,2,Home,2025-08-29,Morning
709,U0301,Google Classroom,Feed,Celebrity,Entertainment,Distractive,68.2,4,College,2025-11-05,Afternoon
710,U0181,Flipkart,Feed,Breaking news,News,Productive,6.4,3,Cafe,2025-10-24,Evening
711,U0367,Slack,Reels/Shorts,Market analysis,Business,Productive,6.8,1,Home,2025-09-28,Afternoon
712,U0095,Instagram,Reels/Shorts,Political news,News,Productive,55.5,1,Outdoors,2025-07-07,Late Night
713,U0390,Flipkart,Explore,Live score,Sports,Distractive,38.7,2,Library,2025-07-28,Morning
714,U0286,LinkedIn,Notification,Influencer content,Social Media,Distractive,13.1,5,Commute,2025-12-27,Evening
715,U0352,Udemy,Reels/Shorts,Exam preparation,Education,Productive,23.7,2,Outdoors,2025-11-04,Evening
716,U0459,Telegram,Watch,Match highlights,Sports,Distractive,88.7,4,Hostel,2025-04-07,Morning
717,U0338,Instagram,Course Page,Sports news,Sports,Distractive,60.8,2,Hostel,2025-08-13,Late Night
718,U0187,TikTok,Explore,Group chat,Communication,Productive,42,1,College,2025-03-28,Morning
719,U0392,TikTok,Reels/Shorts,Political news,News,Productive,14.7,1,Hostel,2025-09-13,Evening
720,U0056,Udemy,Explore,Web series clip,Entertainment,Distractive,88.9,5,Cafe,2025-03-17,Night
721,U0378,Udemy,DM/Chat,Client call,Communication,Productive,38.1,2,Office,2025-01-16,Morning
722,U0319,Instagram,Search,Exam preparation,Education,Productive,23.6,2,Commute,2025-03-20,Evening
723,U0134,Gmail,DM/Chat,Group chat,Communication,Productive,18.3,2,Outdoors,2025-09-09,Late Night
724,U0236,Telegram,Reels/Shorts,Endless scrolling,Social Media,Distractive,35.1,4,Commute,2025-07-12,Night
725,U0250,Google Classroom,Search,Machine Learning,Education,Productive,30,1,Office,2025-06-09,Night
726,U0201,Udemy,Course Page,Family chat,Communication,Productive,34.2,2,Office,2025-09-17,Morning
727,U0066,Flipkart,Watch,TV show clip,Entertainment,Distractive,29.5,5,Home,2025-10-30,Morning
728,U0180,Amazon,Explore,Follower count check,Social Media,Distractive,9.7,4,Commute,2025-07-02,Night
729,U0173,Coursera,Watch,Language learning,Education,Productive,36,1,College,2025-06-06,Morning
730,U0462,YouTube,Course Page,Stock market,Business,Productive,39.8,2,Hostel,2025-10-18,Late Night
731,U0166,Udemy,Feed,Product review,Commerce,Distractive,88.7,2,Hostel,2025-10-20,Night
732,U0154,Twitter/X,Story,Project update,Communication,Productive,30.3,1,Commute,2025-03-27,Late Night
733,U0025,Udemy,Reels/Shorts,Like notifications,Social Media,Distractive,75.8,4,Library,2025-05-28,Evening
734,U0411,WhatsApp,Reels/Shorts,Web series clip,Entertainment,Distractive,53.7,4,Cafe,2025-02-04,Late Night
735,U0222,Flipkart,Reels/Shorts,Cricket update,Sports,Distractive,59,2,Cafe,2025-09-16,Evening
736,U0093,TikTok,Watch,Trending hashtags,Social Media,Distractive,56.6,5,Outdoors,2025-12-10,Late Night
737,U0415,Udemy,DM/Chat,Chemistry notes,Education,Productive,40,1,Outdoors,2025-05-18,Late Night
738,U0383,Slack,DM/Chat,Flash deals,Commerce,Distractive,33.4,2,Office,2025-05-04,Afternoon
739,U0331,Amazon,Reels/Shorts,Viral video,Entertainment,Distractive,57.4,5,Hostel,2025-05-17,Evening
740,U0409,TikTok,DM/Chat,Resume building,Business,Productive,7.7,1,Library,2025-01-15,Afternoon
741,U0140,Telegram,Explore,Funny compilation,Entertainment,Distractive,58.6,5,Home,2025-04-14,Afternoon
742,U0029,Zoom,Notification,Stock market,Business,Productive,11.4,2,Home,2025-09-06,Morning
743,U0121,WhatsApp,Explore,Voice message,Communication,Productive,53.9,2,College,2025-07-23,Afternoon
744,U0063,Slack,Notification,Family chat,Communication,Productive,15.9,1,College,2025-05-02,Late Night
745,U0497,Coursera,Explore,Follower count check,Social Media,Distractive,20.4,5,College,2025-03-31,Afternoon
746,U0163,Zoom,Feed,Funny compilation,Entertainment,Distractive,44.6,5,Commute,2025-12-25,Morning
747,U0331,Zoom,Search,Fashion trends,Commerce,Distractive,33.3,2,Commute,2025-06-07,Morning
748,U0274,Zoom,Notification,Machine Learning,Education,Productive,23.7,1,Commute,2025-12-17,Morning
749,U0047,TikTok,Feed,World news,News,Productive,54.7,2,Hostel,2025-05-11,Evening
750,U0444,Snapchat,Course Page,Political news,News,Productive,38.2,1,Hostel,2025-01-18,Evening
751,U0260,Telegram,Story,Project update,Communication,Productive,43.3,2,College,2025-03-24,Evening
752,U0323,Amazon,Course Page,Voice message,Communication,Productive,42,2,Home,2025-11-25,Afternoon
753,U0057,TikTok,DM/Chat,Match highlights,Sports,Distractive,56.9,2,Commute,2025-10-22,Morning
754,U0352,Telegram,Story,Job search,Business,Productive,27.6,1,Office,2025-05-14,Afternoon
755,U0115,WhatsApp,Explore,Random scrolling,Social Media,Distractive,33.7,4,Hostel,2025-07-13,Late Night
756,U0317,WhatsApp,Course Page,Python tutorial,Education,Productive,12.7,1,Office,2025-01-26,Night
757,U0008,Facebook,Reels/Shorts,Flash deals,Commerce,Distractive,86.3,3,Office,2025-10-18,Morning
758,U0148,Udemy,Reels/Shorts,Discount coupons,Commerce,Distractive,21,3,Library,2025-04-08,Evening
759,U0215,Telegram,DM/Chat,Cricket update,Sports,Distractive,54.4,2,Cafe,2025-12-13,Afternoon
760,U0465,Instagram,Watch,Project management,Business,Productive,58.6,1,Library,2025-11-13,Night
761,U0352,Gmail,Reels/Shorts,Political news,News,Productive,1.6,3,Office,2025-06-15,Night
762,U0477,Telegram,Watch,Local news,News,Productive,5.3,2,Home,2025-01-27,Evening
763,U0344,YouTube,Feed,Technology news,News,Productive,16,2,Hostel,2025-06-04,Night
764,U0068,Snapchat,Watch,Story updates,Social Media,Distractive,16.1,4,Outdoors,2025-06-23,Night
765,U0447,Facebook,Watch,Voice message,Communication,Productive,7.9,2,Home,2025-03-07,Night
766,U0224,Google Classroom,Watch,Gossip,Entertainment,Distractive,55.6,5,Cafe,2025-09-22,Evening
767,U0077,Facebook,Notification,Freelance work,Business,Productive,51.3,2,Outdoors,2025-01-28,Afternoon
768,U0459,YouTube,Course Page,Language learning,Education,Productive,16.4,1,Outdoors,2025-08-12,Morning
769,U0064,Flipkart,Notification,Live score,Sports,Distractive,44.2,3,Outdoors,2025-02-27,Afternoon
770,U0109,Google Classroom,Search,Influencer content,Social Media,Distractive,75.3,4,Cafe,2025-10-16,Late Night
771,U0455,Telegram,Reels/Shorts,Chemistry notes,Education,Productive,15.5,1,Outdoors,2025-12-13,Morning
772,U0015,LinkedIn,Explore,Endless scrolling,Social Media,Distractive,34.2,5,College,2025-06-15,Afternoon
773,U0336,Gmail,Watch,Project update,Communication,Productive,36.1,2,Home,2025-06-18,Morning
774,U0381,Facebook,DM/Chat,Sports news,Sports,Distractive,77.8,4,Cafe,2025-06-15,Morning
775,U0011,WhatsApp,Explore,Conference call,Communication,Productive,16.1,2,Library,2025-07-24,Morning
776,U0252,TikTok,Watch,Breaking news,News,Productive,39.2,2,Office,2025-03-03,Evening
777,U0251,Facebook,Story,Wishlist browsing,Commerce,Distractive,60.2,3,Commute,2025-09-20,Afternoon
778,U0096,Zoom,Explore,Cricket update,Sports,Distractive,9,3,Hostel,2025-07-08,Late Night
779,U0332,WhatsApp,Feed,Wishlist browsing,Commerce,Distractive,46.7,3,Outdoors,2025-12-13,Afternoon
780,U0066,Google Classroom,Course Page,Client proposal,Business,Productive,26.8,1,Outdoors,2025-06-03,Afternoon
781,U0262,Google Classroom,Feed,Prank videos,Entertainment,Distractive,50,5,Home,2025-09-20,Morning
782,U0059,Gmail,Watch,Fashion trends,Commerce,Distractive,32.6,2,College,2025-09-15,Morning
783,U0371,TikTok,Feed,Match highlights,Sports,Distractive,8.4,2,Cafe,2025-06-10,Late Night
784,U0041,Zoom,Story,Cricket update,Sports,Distractive,87,4,Office,2025-04-19,Afternoon
785,U0236,Instagram,Feed,Shorts,Entertainment,Distractive,36.1,5,Home,2025-03-29,Night
786,U0065,Google Classroom,Story,Discount coupons,Commerce,Distractive,62.5,3,Hostel,2025-06-04,Morning
787,U0247,LinkedIn,Feed,Stock market,Business,Productive,42.1,1,Library,2025-01-14,Afternoon
788,U0243,Telegram,Notification,Investment tips,Business,Productive,12.3,1,Cafe,2025-08-26,Afternoon
789,U0011,Snapchat,Search,Shopping,Commerce,Distractive,66.8,2,Outdoors,2025-09-06,Night
790,U0005,Twitter/X,Watch,Football clip,Sports,Distractive,51.7,2,Hostel,2025-01-27,Evening
791,U0205,Telegram,Course Page,Colleague message,Communication,Productive,44.5,2,Cafe,2025-01-19,Night
792,U0162,Udemy,DM/Chat,Football clip,Sports,Distractive,64.6,4,Home,2025-08-05,Late Night
793,U0011,Udemy,Reels/Shorts,Client call,Communication,Productive,30.2,2,Commute,2025-08-18,Night
794,U0472,Udemy,Story,Resume building,Business,Productive,26.8,1,Library,2025-10-28,Evening
795,U0319,TikTok,Explore,Match highlights,Sports,Distractive,75.1,3,Commute,2025-08-30,Afternoon
796,U0252,WhatsApp,Course Page,Political news,News,Productive,8.6,3,Library,2025-03-22,Late Night
797,U0452,Google Classroom,DM/Chat,Work discussion,Communication,Productive,13.4,2,Home,2025-01-10,Evening
798,U0059,Snapchat,Notification,Gossip,Entertainment,Distractive,3.8,4,College,2025-06-22,Night
799,U0395,Coursera,Course Page,Current affairs,News,Productive,16.2,3,Commute,2025-07-01,Morning
800,U0313,YouTube,Course Page,Memes,Entertainment,Distractive,72.1,4,College,2025-02-24,Late Night
801,U0081,Slack,Reels/Shorts,Conference call,Communication,Productive,10.9,1,College,2025-04-16,Evening
802,U0435,LinkedIn,Search,Funny compilation,Entertainment,Distractive,58.6,5,Commute,2025-03-12,Morning
803,U0259,Instagram,DM/Chat,Technology news,News,Productive,50.3,2,Outdoors,2025-06-24,Evening
804,U0216,Flipkart,Explore,Business news,Business,Productive,22.3,2,Library,2025-03-19,Late Night
805,U0075,Telegram,Explore,Breaking news,News,Productive,54,2,Commute,2025-01-16,Night
806,U0202,WhatsApp,Story,Chemistry notes,Education,Productive,19.6,1,Office,2025-08-11,Morning
807,U0005,Slack,Watch,Coding practice,Education,Productive,25.7,1,Cafe,2025-06-10,Evening
808,U0455,Gmail,DM/Chat,Memes,Entertainment,Distractive,80,5,Outdoors,2025-12-24,Evening
809,U0267,Google Classroom,Reels/Shorts,Discount coupons,Commerce,Distractive,4.3,2,Commute,2025-07-19,Afternoon
810,U0012,Slack,Notification,Comedy videos,Entertainment,Distractive,28.8,4,Commute,2025-11-22,Afternoon
811,U0133,Coursera,Watch,Competitive exam tips,Education,Productive,43.9,2,College,2025-01-31,Evening
812,U0121,LinkedIn,Course Page,Influencer content,Social Media,Distractive,27.5,4,Home,2025-08-21,Evening
813,U0265,Google Classroom,Search,Political news,News,Productive,43.1,2,Library,2025-02-23,Evening
814,U0048,Gmail,Reels/Shorts,World news,News,Productive,9.6,2,Hostel,2025-07-30,Morning
815,U0207,Udemy,DM/Chat,Web development course,Education,Productive,27.3,1,Commute,2025-12-13,Late Night
816,U0074,Udemy,Explore,Discount coupons,Commerce,Distractive,89.7,3,Outdoors,2025-08-02,Afternoon
817,U0234,Facebook,Notification,Client proposal,Business,Productive,51.9,2,College,2025-12-22,Afternoon
818,U0057,Snapchat,Notification,Live score,Sports,Distractive,33.9,4,College,2025-11-05,Night
819,U0156,YouTube,Notification,Voice message,Communication,Productive,10,2,Commute,2025-06-06,Evening
820,U0456,Facebook,Search,TV show clip,Entertainment,Distractive,70.8,4,Hostel,2025-01-25,Evening
821,U0214,Udemy,Feed,Comedy videos,Entertainment,Distractive,11.9,4,Commute,2025-02-04,Morning
822,U0391,Gmail,Story,Football clip,Sports,Distractive,70.5,3,Outdoors,2025-11-07,Afternoon
823,U0341,Gmail,Course Page,Market analysis,Business,Productive,9.8,2,Commute,2025-02-15,Late Night
824,U0444,TikTok,Story,Fashion trends,Commerce,Distractive,49.1,2,Outdoors,2025-05-23,Morning
825,U0278,Google Classroom,Notification,LinkedIn post,Business,Productive,39.1,1,College,2025-04-09,Late Night
826,U0093,Udemy,Notification,Interview preparation,Education,Productive,53.9,1,College,2025-12-04,Late Night
827,U0024,Coursera,Course Page,Math tutorial,Education,Productive,6,1,Commute,2025-07-25,Late Night
828,U0047,Telegram,Search,Live score,Sports,Distractive,37.9,3,Commute,2025-07-15,Evening
829,U0488,Google Classroom,Search,Group chat,Communication,Productive,11.8,1,College,2025-03-20,Evening
830,U0051,YouTube,Story,Wishlist browsing,Commerce,Distractive,17.1,2,Home,2025-06-02,Night
831,U0123,Amazon,Watch,Story updates,Social Media,Distractive,34.4,5,College,2025-01-27,Afternoon
832,U0238,Slack,Explore,Technology news,News,Productive,57,3,Cafe,2025-02-01,Evening
833,U0494,Instagram,Explore,Shopping,Commerce,Distractive,57.4,3,Home,2025-05-18,Late Night
834,U0277,Google Classroom,Explore,Team meeting,Communication,Productive,27.3,1,Library,2025-03-14,Evening
835,U0335,Gmail,Feed,Job search,Business,Productive,1.1,2,Outdoors,2025-11-14,Evening
836,U0300,Udemy,Watch,Stock market,Business,Productive,36.3,1,Hostel,2025-06-29,Afternoon
837,U0144,WhatsApp,Watch,Celebrity,Entertainment,Distractive,9,4,College,2025-03-13,Late Night
838,U0340,Amazon,Watch,Online sale,Commerce,Distractive,88.2,3,Outdoors,2025-05-20,Afternoon
839,U0312,Gmail,Story,Follower count check,Social Media,Distractive,2.4,4,Office,2025-11-27,Morning
840,U0042,Snapchat,Explore,Live score,Sports,Distractive,50.5,2,Outdoors,2025-07-21,Late Night
841,U0199,Gmail,Reels/Shorts,Conference call,Communication,Productive,21.8,1,Hostel,2025-11-04,Evening
842,U0114,LinkedIn,Course Page,LinkedIn post,Business,Productive,22.9,1,Library,2025-08-16,Morning
843,U0253,Twitter/X,Reels/Shorts,Math tutorial,Education,Productive,49.2,2,Cafe,2025-04-24,Afternoon
844,U0292,Udemy,DM/Chat,Endless scrolling,Social Media,Distractive,1.6,5,Hostel,2025-02-26,Evening
845,U0133,Twitter/X,Search,Match highlights,Sports,Distractive,6.8,4,Office,2025-02-03,Afternoon
846,U0315,Zoom,DM/Chat,Weather update,News,Productive,51,3,Home,2025-12-21,Late Night
847,U0141,Telegram,Feed,Funny compilation,Entertainment,Distractive,77,4,Commute,2025-08-10,Night
848,U0143,Udemy,Story,Colleague message,Communication,Productive,31.5,2,Home,2025-04-25,Morning
849,U0414,Amazon,Feed,Flash deals,Commerce,Distractive,35.9,3,Commute,2025-02-11,Late Night
850,U0321,WhatsApp,DM/Chat,Language learning,Education,Productive,12.6,2,Commute,2025-06-09,Morning
851,U0056,Telegram,Feed,Video call,Communication,Productive,36,2,Commute,2025-05-09,Afternoon
852,U0318,YouTube,Story,Match highlights,Sports,Distractive,47.3,3,Library,2025-02-07,Late Night
853,U0161,Gmail,Reels/Shorts,Live score,Sports,Distractive,8.6,4,Home,2025-01-18,Night
854,U0347,Gmail,Feed,Email,Communication,Productive,18.8,1,Hostel,2025-02-03,Morning
855,U0404,Google Classroom,Explore,Competitive exam tips,Education,Productive,24.7,1,Hostel,2025-04-30,Late Night
856,U0233,Gmail,Explore,AI fundamentals,Education,Productive,52.9,2,College,2025-06-23,Morning
857,U0464,LinkedIn,Feed,Trending hashtags,Social Media,Distractive,54,4,College,2025-10-31,Afternoon
858,U0071,Flipkart,Explore,Investment tips,Business,Productive,29.4,2,Outdoors,2025-04-06,Afternoon
859,U0454,Google Classroom,Explore,Machine Learning,Education,Productive,31.3,1,Commute,2025-06-09,Late Night
860,U0337,Google Classroom,Story,Networking,Business,Productive,18.2,2,Home,2025-09-23,Late Night
861,U0500,Slack,Notification,Stock market,Business,Productive,51.7,1,Hostel,2025-06-26,Afternoon
862,U0308,WhatsApp,Story,Local news,News,Productive,12.2,1,Outdoors,2025-12-22,Night
863,U0113,Telegram,Story,Follower count check,Social Media,Distractive,15.4,5,Outdoors,2025-01-22,Night
864,U0205,Gmail,DM/Chat,Language learning,Education,Productive,15.1,1,Commute,2025-07-12,Afternoon
865,U0226,Instagram,Reels/Shorts,Stock market,Business,Productive,22.1,2,College,2025-03-14,Evening
866,U0090,Flipkart,Feed,Local news,News,Productive,58.5,3,Library,2025-04-12,Evening
867,U0012,Snapchat,Story,Political news,News,Productive,51,3,Library,2025-04-02,Afternoon
868,U0157,Instagram,Search,Resume building,Business,Productive,23.4,1,College,2025-06-23,Afternoon
869,U0061,Flipkart,Search,Match highlights,Sports,Distractive,84.8,3,Hostel,2025-12-31,Morning
870,U0220,Twitter/X,Notification,Networking,Business,Productive,23.3,1,Commute,2025-06-12,Late Night
871,U0028,Twitter/X,Notification,Current affairs,News,Productive,18.4,3,Office,2025-06-17,Afternoon
872,U0199,Twitter/X,Reels/Shorts,Memes,Entertainment,Distractive,70.8,5,College,2025-03-27,Late Night
873,U0138,Snapchat,Story,DM chat casual,Social Media,Distractive,64.4,5,Outdoors,2025-09-11,Night
874,U0112,Twitter/X,DM/Chat,Wishlist browsing,Commerce,Distractive,80.6,2,Outdoors,2025-05-01,Night
875,U0152,Snapchat,Story,Viral video,Entertainment,Distractive,23.7,5,College,2025-03-10,Morning
876,U0240,Coursera,Feed,Football clip,Sports,Distractive,42.4,3,Commute,2025-08-07,Night
877,U0120,Udemy,Story,Fashion trends,Commerce,Distractive,25.3,3,Home,2025-04-02,Night
878,U0051,WhatsApp,Watch,Reels,Entertainment,Distractive,76,5,College,2025-05-22,Afternoon
879,U0129,YouTube,Notification,Group chat,Communication,Productive,12.8,2,Library,2025-12-12,Evening
880,U0422,Facebook,Notification,Music video,Entertainment,Distractive,82.2,4,Home,2025-06-03,Evening
881,U0117,Instagram,Course Page,Like notifications,Social Media,Distractive,59.2,5,Office,2025-07-23,Afternoon
882,U0161,Slack,Notification,Technology news,News,Productive,45.7,1,Outdoors,2025-06-24,Morning
883,U0296,Telegram,DM/Chat,Technology news,News,Productive,26.9,3,Home,2025-07-11,Afternoon
884,U0391,Udemy,Story,Resume building,Business,Productive,21,1,Hostel,2025-08-06,Night
885,U0468,YouTube,Search,Trending challenge,Entertainment,Distractive,14.7,4,Commute,2025-10-18,Late Night
886,U0169,TikTok,Reels/Shorts,Fashion trends,Commerce,Distractive,48.6,2,Library,2025-09-01,Morning
887,U0251,Snapchat,Reels/Shorts,Sports news,Sports,Distractive,61.1,2,Office,2025-01-17,Late Night
888,U0036,WhatsApp,Explore,Online certification,Education,Productive,17.7,1,Library,2025-05-30,Late Night
889,U0057,Slack,Feed,Live score,Sports,Distractive,16.3,3,Hostel,2025-07-20,Afternoon
890,U0159,Udemy,Reels/Shorts,Market analysis,Business,Productive,24,2,Library,2025-03-08,Afternoon
891,U0004,Snapchat,Watch,Discount coupons,Commerce,Distractive,53.3,3,Outdoors,2025-05-22,Afternoon
892,U0295,TikTok,DM/Chat,Client proposal,Business,Productive,32,1,Outdoors,2025-08-24,Night
893,U0422,Gmail,Story,Exam preparation,Education,Productive,42.3,2,Cafe,2025-07-20,Late Night
894,U0049,Snapchat,Explore,Project management,Business,Productive,28,1,Office,2025-12-24,Late Night
895,U0358,Coursera,Search,Wishlist browsing,Commerce,Distractive,25.4,2,Cafe,2025-12-08,Morning
896,U0210,LinkedIn,Story,Technology news,News,Productive,5.5,2,College,2025-09-16,Evening
897,U0196,Twitter/X,Notification,Match highlights,Sports,Distractive,5,3,Home,2025-02-07,Night
898,U0168,TikTok,Feed,Like notifications,Social Media,Distractive,2,4,College,2025-12-30,Afternoon
899,U0242,WhatsApp,Reels/Shorts,Cricket update,Sports,Distractive,49.8,3,Library,2025-08-13,Afternoon
900,U0087,Instagram,Reels/Shorts,Movie clips,Entertainment,Distractive,16.8,4,College,2025-10-01,Night
901,U0458,Zoom,Search,Colleague message,Communication,Productive,27,1,Office,2025-04-21,Morning
902,U0228,YouTube,Notification,Technology news,News,Productive,38.8,3,College,2025-07-19,Evening
903,U0103,YouTube,Explore,Excel tutorial,Education,Productive,46.3,1,Library,2025-07-11,Afternoon
904,U0113,Instagram,Feed,Video call,Communication,Productive,20.9,2,Library,2025-12-15,Morning
905,U0288,Snapchat,Feed,Colleague message,Communication,Productive,25.5,1,College,2025-06-17,Evening
906,U0166,TikTok,Explore,Weather update,News,Productive,8.1,1,Library,2025-02-24,Evening
907,U0337,Amazon,Feed,Stock market,Business,Productive,24,2,Outdoors,2025-04-23,Morning
908,U0406,WhatsApp,DM/Chat,Gossip,Entertainment,Distractive,37.6,4,Outdoors,2025-02-22,Late Night
909,U0326,Amazon,Explore,Resume building,Business,Productive,41,1,Office,2025-06-20,Afternoon
910,U0328,Amazon,Feed,DM chat casual,Social Media,Distractive,55.2,4,Outdoors,2025-07-15,Late Night
911,U0378,Instagram,DM/Chat,Weather update,News,Productive,2.3,3,College,2025-06-08,Afternoon
912,U0078,WhatsApp,Feed,Discount coupons,Commerce,Distractive,13.2,2,Outdoors,2025-06-01,Afternoon
913,U0163,Coursera,Course Page,Online sale,Commerce,Distractive,66.8,2,Commute,2025-03-10,Evening
914,U0106,Google Classroom,Feed,Chemistry notes,Education,Productive,14.5,2,Commute,2025-06-25,Afternoon
915,U0034,TikTok,Notification,Language learning,Education,Productive,20,1,Outdoors,2025-11-19,Morning
916,U0304,YouTube,Search,Live score,Sports,Distractive,84.5,2,Office,2025-02-16,Afternoon
917,U0126,WhatsApp,Explore,Breaking news,News,Productive,43.8,3,Cafe,2025-03-26,Afternoon
918,U0041,Google Classroom,Watch,Online sale,Commerce,Distractive,52.3,2,Library,2025-05-20,Night
919,U0011,Snapchat,Course Page,Like notifications,Social Media,Distractive,40.3,5,Hostel,2025-03-21,Night
920,U0238,Google Classroom,Notification,Fashion trends,Commerce,Distractive,14.6,2,Office,2025-05-12,Night
921,U0367,TikTok,Notification,Funny compilation,Entertainment,Distractive,54.9,5,College,2025-06-20,Afternoon
922,U0474,Twitter/X,Feed,Match highlights,Sports,Distractive,2.1,2,Commute,2025-09-09,Night
923,U0472,TikTok,Course Page,Fashion trends,Commerce,Distractive,28.4,3,College,2025-07-29,Morning
924,U0326,Twitter/X,Explore,Work discussion,Communication,Productive,57.5,1,Commute,2025-09-18,Night
925,U0358,Telegram,DM/Chat,Endless scrolling,Social Media,Distractive,22.6,5,Home,2025-07-05,Morning
926,U0395,Facebook,Watch,Resume building,Business,Productive,15.6,2,Office,2025-01-07,Morning
927,U0425,TikTok,Reels/Shorts,Colleague message,Communication,Productive,31.6,2,Library,2025-08-05,Afternoon
928,U0376,Slack,Notification,Product review,Commerce,Distractive,59.6,3,Hostel,2025-10-28,Evening
929,U0358,LinkedIn,Story,Discount coupons,Commerce,Distractive,73.5,2,Cafe,2025-04-18,Night
930,U0336,Udemy,Feed,Gaming,Entertainment,Distractive,9.6,4,Hostel,2025-09-26,Night
931,U0094,Snapchat,Story,Viral video,Entertainment,Distractive,17.6,4,Office,2025-04-12,Night
932,U0462,Snapchat,DM/Chat,Project update,Communication,Productive,4.5,1,Office,2025-04-09,Evening
933,U0033,Snapchat,Reels/Shorts,Fashion trends,Commerce,Distractive,27.1,2,Hostel,2025-03-05,Evening
934,U0137,Udemy,Course Page,Endless scrolling,Social Media,Distractive,60.9,4,College,2025-01-05,Morning
935,U0267,LinkedIn,DM/Chat,Interview preparation,Education,Productive,31.8,1,Home,2025-07-12,Late Night
936,U0482,Amazon,Explore,TV show clip,Entertainment,Distractive,31,5,Commute,2025-06-11,Afternoon
937,U0446,YouTube,Story,Like notifications,Social Media,Distractive,78.7,5,College,2025-01-02,Night
938,U0189,Instagram,Reels/Shorts,Wishlist browsing,Commerce,Distractive,78.3,2,Cafe,2025-12-25,Afternoon
939,U0009,Udemy,Notification,Football clip,Sports,Distractive,37.8,4,Library,2025-01-02,Evening
940,U0179,Gmail,DM/Chat,Endless scrolling,Social Media,Distractive,55,5,Hostel,2025-11-10,Morning
941,U0402,TikTok,Watch,Fashion trends,Commerce,Distractive,55,2,Office,2025-09-24,Late Night
942,U0489,WhatsApp,Watch,Coding practice,Education,Productive,50.1,2,Outdoors,2025-03-28,Night
943,U0367,Coursera,DM/Chat,Project update,Communication,Productive,11.1,1,College,2025-02-24,Night
944,U0488,TikTok,Watch,Online certification,Education,Productive,14,2,Cafe,2025-12-07,Night
945,U0393,Udemy,Reels/Shorts,Colleague message,Communication,Productive,47.9,1,Commute,2025-04-25,Late Night
946,U0133,TikTok,Explore,Colleague message,Communication,Productive,39.6,2,Hostel,2025-04-30,Afternoon
947,U0189,LinkedIn,Reels/Shorts,Client call,Communication,Productive,21.1,1,Library,2025-03-01,Late Night
948,U0164,Instagram,Watch,Freelance work,Business,Productive,4.7,2,Library,2025-07-18,Night
949,U0418,LinkedIn,Explore,Story updates,Social Media,Distractive,1.8,4,Outdoors,2025-06-11,Afternoon
950,U0307,Gmail,Search,Prank videos,Entertainment,Distractive,54.5,5,Office,2025-12-07,Morning
951,U0361,Zoom,Course Page,Random scrolling,Social Media,Distractive,57.2,4,Library,2025-09-11,Evening
952,U0473,Facebook,DM/Chat,Shopping,Commerce,Distractive,76.5,3,Library,2025-12-25,Morning
953,U0348,Google Classroom,Search,Client proposal,Business,Productive,59.5,2,Hostel,2025-06-22,Night
954,U0359,TikTok,Reels/Shorts,Sports news,Sports,Distractive,48,3,Cafe,2025-05-25,Afternoon
955,U0296,Amazon,Feed,Shopping,Commerce,Distractive,76.6,2,Cafe,2025-08-23,Afternoon
956,U0186,Google Classroom,Search,Client proposal,Business,Productive,13.4,2,Library,2025-11-30,Morning
957,U0183,TikTok,Explore,Colleague message,Communication,Productive,41.1,1,Office,2025-01-29,Morning
958,U0126,LinkedIn,Notification,Match highlights,Sports,Distractive,58.9,2,Hostel,2025-03-18,Night
959,U0398,TikTok,Course Page,Data Science course,Education,Productive,18.9,1,Office,2025-12-01,Night
960,U0063,Zoom,Course Page,Project update,Communication,Productive,22.7,2,College,2025-03-01,Morning
961,U0197,Instagram,Course Page,Football clip,Sports,Distractive,25.4,2,College,2025-10-31,Afternoon
962,U0202,Facebook,Reels/Shorts,Cricket update,Sports,Distractive,29.9,3,Office,2025-07-27,Morning
963,U0356,LinkedIn,DM/Chat,Live score,Sports,Distractive,86.9,4,College,2025-04-03,Late Night
964,U0045,Amazon,Reels/Shorts,Stock market,Business,Productive,3.3,2,Library,2025-12-01,Afternoon
965,U0128,LinkedIn,Notification,Celebrity,Entertainment,Distractive,27.6,4,Office,2025-08-05,Morning
966,U0311,Gmail,Search,Celebrity,Entertainment,Distractive,52.4,5,Commute,2025-09-25,Evening
967,U0491,YouTube,DM/Chat,Local news,News,Productive,3.2,1,Office,2025-06-03,Afternoon
968,U0131,Flipkart,Watch,Startup news,Business,Productive,8.6,1,Hostel,2025-02-08,Late Night
969,U0482,TikTok,Course Page,Web series clip,Entertainment,Distractive,8.4,4,Cafe,2025-12-13,Night
970,U0337,WhatsApp,Watch,Market analysis,Business,Productive,59.7,1,Library,2025-07-10,Late Night
971,U0064,Amazon,Explore,Project management,Business,Productive,23.4,1,Library,2025-02-09,Evening
972,U0075,WhatsApp,Story,Colleague message,Communication,Productive,38.8,2,Commute,2025-06-20,Evening
973,U0401,LinkedIn,Explore,Political news,News,Productive,58.8,1,Library,2025-07-13,Morning
974,U0312,Udemy,Reels/Shorts,Email,Communication,Productive,32.2,2,Cafe,2025-10-10,Evening
975,U0066,Amazon,Explore,Video call,Communication,Productive,11.7,1,Hostel,2025-09-02,Late Night
976,U0363,Facebook,Search,Gaming,Entertainment,Distractive,34.7,4,Cafe,2025-01-28,Evening
977,U0147,Telegram,Course Page,Local news,News,Productive,11.8,3,Commute,2025-08-28,Late Night
978,U0325,Google Classroom,Reels/Shorts,Viral video,Entertainment,Distractive,85.3,4,Hostel,2025-06-10,Morning
979,U0476,WhatsApp,Search,Group chat,Communication,Productive,34.9,1,College,2025-05-27,Late Night
980,U0316,Slack,Search,Live score,Sports,Distractive,43.7,3,College,2025-07-27,Morning
981,U0351,Instagram,Explore,World news,News,Productive,42.5,3,Commute,2025-05-06,Late Night
982,U0430,Snapchat,Notification,Excel tutorial,Education,Productive,54.3,2,Office,2025-02-08,Evening
983,U0174,YouTube,Explore,Market analysis,Business,Productive,30.2,2,Office,2025-07-11,Morning
984,U0002,LinkedIn,Watch,World news,News,Productive,18.7,3,Cafe,2025-05-16,Afternoon
985,U0004,Slack,Feed,Online sale,Commerce,Distractive,84.3,3,Outdoors,2025-01-30,Evening
986,U0005,Flipkart,Reels/Shorts,Sports news,Sports,Distractive,1.5,3,Office,2025-07-25,Evening
987,U0468,Twitter/X,Reels/Shorts,Work discussion,Communication,Productive,32.2,2,Office,2025-07-30,Morning
988,U0220,Zoom,DM/Chat,Live score,Sports,Distractive,42.9,2,Commute,2025-06-03,Evening
989,U0182,LinkedIn,Course Page,Market analysis,Business,Productive,39.7,2,Outdoors,2025-03-24,Afternoon
990,U0216,Twitter/X,Reels/Shorts,Shopping,Commerce,Distractive,17.9,3,Home,2025-03-10,Night
991,U0251,Twitter/X,Course Page,Endless scrolling,Social Media,Distractive,86.4,4,Cafe,2025-03-02,Night
992,U0491,TikTok,Notification,Match highlights,Sports,Distractive,65.6,3,Hostel,2025-03-09,Morning
993,U0220,Facebook,Story,Video call,Communication,Productive,30.5,1,Library,2025-01-27,Evening
994,U0079,Google Classroom,Watch,Web development course,Education,Productive,29.7,2,Hostel,2025-05-07,Late Night
995,U0102,LinkedIn,Watch,Job search,Business,Productive,59.7,2,Library,2025-12-08,Night
996,U0068,Slack,Search,Live score,Sports,Distractive,17.8,4,Office,2025-04-28,Morning
997,U0195,Twitter/X,Search,Shopping,Commerce,Distractive,38.9,3,Library,2025-02-16,Morning
998,U0219,Coursera,DM/Chat,Flash deals,Commerce,Distractive,30.9,3,Outdoors,2025-02-01,Late Night
999,U0127,Zoom,Story,History lecture,Education,Productive,17.6,1,Commute,2025-12-31,Night
1000,U0242,YouTube,Feed,Endless scrolling,Social Media,Distractive,5.6,4,Commute,2025-04-19,Evening
1001,U0058,Snapchat,Watch,Shorts,Entertainment,Distractive,85.4,5,Commute,2025-06-21,Evening
1002,U0310,Facebook,Story,Colleague message,Communication,Productive,22.3,1,Commute,2025-10-29,Late Night
1003,U0062,Twitter/X,Explore,Trending hashtags,Social Media,Distractive,8.8,5,College,2025-03-08,Late Night
1004,U0176,Twitter/X,Course Page,Interview preparation,Education,Productive,55.6,1,College,2025-10-07,Late Night
1005,U0457,Facebook,Feed,TV show clip,Entertainment,Distractive,12.4,4,Hostel,2025-10-09,Evening
1006,U0405,LinkedIn,Explore,Follower count check,Social Media,Distractive,7,5,Hostel,2025-09-26,Late Night
1007,U0380,Facebook,Watch,Online certification,Education,Productive,3.7,2,Home,2025-12-22,Afternoon
1008,U0206,Snapchat,Course Page,Fashion trends,Commerce,Distractive,67.8,2,Hostel,2025-10-15,Night
1009,U0258,Instagram,Search,Comedy videos,Entertainment,Distractive,51.9,4,Home,2025-09-20,Night
1010,U0274,Google Classroom,Watch,Dance videos,Entertainment,Distractive,50.1,4,Office,2025-04-25,Morning
1011,U0422,Facebook,Watch,Political news,News,Productive,55.7,1,Cafe,2025-01-27,Afternoon
1012,U0485,Instagram,Story,Weather update,News,Productive,38.3,1,Commute,2025-06-16,Morning
1013,U0375,Google Classroom,Story,Memes,Entertainment,Distractive,88.7,5,Home,2025-07-02,Afternoon
1014,U0485,Instagram,Notification,Movie clips,Entertainment,Distractive,59.5,5,College,2025-12-19,Night
1015,U0119,Coursera,Story,Comedy videos,Entertainment,Distractive,24.9,5,Hostel,2025-03-21,Night
1016,U0097,Udemy,Reels/Shorts,Product review,Commerce,Distractive,45.1,2,Outdoors,2025-04-05,Afternoon
1017,U0097,Google Classroom,Feed,Match highlights,Sports,Distractive,28.6,4,Office,2025-07-21,Late Night
1018,U0071,Telegram,DM/Chat,Email,Communication,Productive,27.8,1,Hostel,2025-02-21,Late Night
1019,U0068,TikTok,Explore,Excel tutorial,Education,Productive,2.2,1,Home,2025-11-26,Morning
1020,U0278,Zoom,Search,World news,News,Productive,56.4,1,Home,2025-01-05,Morning
1021,U0170,Facebook,Course Page,Influencer content,Social Media,Distractive,68.6,4,Outdoors,2025-03-25,Evening
1022,U0053,YouTube,Notification,Match highlights,Sports,Distractive,62.6,2,College,2025-01-11,Morning
1023,U0198,Facebook,Feed,Shorts,Entertainment,Distractive,82.2,5,Home,2025-04-27,Night
1024,U0057,Coursera,Explore,Freelance work,Business,Productive,41.5,2,College,2025-09-09,Afternoon
1025,U0459,Flipkart,Reels/Shorts,Current affairs,News,Productive,37.3,2,College,2025-07-04,Morning
1026,U0077,Snapchat,Explore,Excel tutorial,Education,Productive,32.3,1,Office,2025-12-14,Night
1027,U0404,LinkedIn,Watch,Dance videos,Entertainment,Distractive,82.5,5,Commute,2025-05-16,Morning
1028,U0296,Amazon,Search,Coding practice,Education,Productive,24,1,Outdoors,2025-02-04,Morning
1029,U0181,Facebook,Reels/Shorts,Wishlist browsing,Commerce,Distractive,29.8,3,Office,2025-04-04,Night
1030,U0197,Udemy,Explore,DM chat casual,Social Media,Distractive,54.6,5,Commute,2025-03-12,Afternoon
1031,U0298,Udemy,Notification,Flash deals,Commerce,Distractive,48.7,3,Library,2025-07-16,Morning
1032,U0286,WhatsApp,DM/Chat,Flash deals,Commerce,Distractive,33.2,2,Library,2025-01-09,Evening
1033,U0074,YouTube,Story,Match highlights,Sports,Distractive,33.1,2,Office,2025-05-31,Night
1034,U0194,Coursera,Feed,Online sale,Commerce,Distractive,67.5,2,College,2025-12-23,Afternoon
1035,U0446,YouTube,Reels/Shorts,Web development course,Education,Productive,40.1,2,College,2025-09-02,Late Night
1036,U0426,Flipkart,Search,Stock market,Business,Productive,5.7,1,College,2025-01-07,Late Night
1037,U0370,Udemy,Search,Online sale,Commerce,Distractive,67.6,2,Cafe,2025-08-29,Night
1038,U0258,Google Classroom,Reels/Shorts,DM chat casual,Social Media,Distractive,14.9,4,Home,2025-11-06,Afternoon
1039,U0157,Telegram,Course Page,Stock market,Business,Productive,33.7,2,Cafe,2025-10-20,Late Night
1040,U0317,Zoom,Reels/Shorts,Technology news,News,Productive,31.8,1,Office,2025-04-19,Night
1041,U0245,Snapchat,Notification,Language learning,Education,Productive,36.7,2,College,2025-12-21,Night
1042,U0056,Snapchat,Feed,Like notifications,Social Media,Distractive,72.5,5,Hostel,2025-04-10,Evening
1043,U0034,Amazon,Feed,Group chat,Communication,Productive,15.1,2,Office,2025-10-05,Morning
1044,U0044,Google Classroom,DM/Chat,Weather update,News,Productive,33.5,1,Home,2025-05-04,Evening
1045,U0385,YouTube,Feed,Interview preparation,Education,Productive,19.6,2,Cafe,2025-01-05,Evening
1046,U0170,Amazon,Explore,Web series clip,Entertainment,Distractive,65.6,4,Office,2025-12-26,Morning
1047,U0445,Slack,Search,Wishlist browsing,Commerce,Distractive,3.1,2,Hostel,2025-09-02,Late Night
1048,U0414,Facebook,Course Page,History lecture,Education,Productive,5.6,1,College,2025-04-29,Afternoon
1049,U0174,Slack,Notification,LinkedIn post,Business,Productive,59.5,1,Commute,2025-08-18,Afternoon
1050,U0322,YouTube,Explore,Gossip,Entertainment,Distractive,22.3,5,College,2025-03-20,Late Night
1051,U0233,Facebook,Watch,Live score,Sports,Distractive,49.7,2,College,2025-09-13,Morning
1052,U0037,Snapchat,Reels/Shorts,Story updates,Social Media,Distractive,25.9,5,Commute,2025-06-30,Morning
1053,U0482,Zoom,Course Page,LinkedIn post,Business,Productive,58.7,2,Outdoors,2025-11-29,Afternoon
1054,U0470,YouTube,Story,Family chat,Communication,Productive,51.7,2,Hostel,2025-07-29,Late Night
1055,U0135,Slack,Story,Client proposal,Business,Productive,23,2,Hostel,2025-09-17,Night
1056,U0082,Coursera,Notification,Excel tutorial,Education,Productive,1.5,1,College,2025-05-29,Night
1057,U0240,Coursera,Explore,Discount coupons,Commerce,Distractive,78.8,2,College,2025-06-28,Night
1058,U0206,Snapchat,Reels/Shorts,Live score,Sports,Distractive,82.7,2,Hostel,2025-08-10,Afternoon
1059,U0233,Amazon,Course Page,Influencer content,Social Media,Distractive,19.9,5,Outdoors,2025-02-28,Evening
1060,U0308,Udemy,Search,Competitive exam tips,Education,Productive,38.8,1,Commute,2025-10-18,Morning
1061,U0139,Telegram,Course Page,Shopping,Commerce,Distractive,20,3,Library,2025-01-12,Night
1062,U0447,Facebook,Reels/Shorts,Movie clips,Entertainment,Distractive,25.4,4,College,2025-06-02,Night
1063,U0494,Zoom,Search,Flash deals,Commerce,Distractive,74.9,2,College,2025-08-08,Evening
1064,U0182,Flipkart,Explore,Movie clips,Entertainment,Distractive,43.9,4,Office,2025-12-23,Night
1065,U0008,Twitter/X,Reels/Shorts,Discount coupons,Commerce,Distractive,65.3,2,Office,2025-06-15,Evening
1066,U0370,Udemy,Story,Client proposal,Business,Productive,7.7,1,Hostel,2025-05-15,Late Night
1067,U0397,Gmail,Reels/Shorts,AI fundamentals,Education,Productive,3.2,1,Library,2025-08-04,Late Night
1068,U0490,Twitter/X,Story,Startup news,Business,Productive,13.4,2,Library,2025-12-14,Late Night
1069,U0333,Instagram,Watch,Skill development,Education,Productive,53.9,2,College,2025-12-25,Night
1070,U0059,Flipkart,Story,Cricket update,Sports,Distractive,74.7,3,Hostel,2025-09-25,Evening
1071,U0196,Flipkart,Search,Client proposal,Business,Productive,33.6,2,Office,2025-10-05,Night
1072,U0316,LinkedIn,Reels/Shorts,Viral video,Entertainment,Distractive,72.7,5,College,2025-02-15,Morning
1073,U0437,LinkedIn,Course Page,Shopping,Commerce,Distractive,45.8,3,Home,2025-12-08,Evening
1074,U0180,Gmail,Notification,Online sale,Commerce,Distractive,34.9,2,Library,2025-08-29,Morning
1075,U0138,TikTok,Feed,Cricket update,Sports,Distractive,84.6,4,Library,2025-09-17,Evening
1076,U0014,Coursera,Feed,Dance videos,Entertainment,Distractive,81.1,5,Hostel,2025-01-17,Morning
1077,U0499,Amazon,Search,Freelance work,Business,Productive,57.6,2,Hostel,2025-05-04,Late Night
1078,U0463,YouTube,Explore,Online sale,Commerce,Distractive,12.5,3,Hostel,2025-03-30,Night
1079,U0324,Coursera,Reels/Shorts,Story updates,Social Media,Distractive,64.2,5,Office,2025-09-16,Morning
1080,U0006,Snapchat,Story,Discount coupons,Commerce,Distractive,19.1,3,College,2025-01-14,Night
1081,U0096,TikTok,Feed,Stock market,Business,Productive,44.8,1,Office,2025-08-21,Evening
1082,U0338,Google Classroom,DM/Chat,Local news,News,Productive,32.6,1,Library,2025-07-13,Evening
1083,U0475,Facebook,Feed,Math tutorial,Education,Productive,38.7,1,College,2025-02-26,Night
1084,U0433,Google Classroom,Watch,Group chat,Communication,Productive,53.8,1,College,2025-02-09,Night
1085,U0492,LinkedIn,Course Page,Trending hashtags,Social Media,Distractive,71.8,5,Hostel,2025-02-07,Night
1086,U0153,TikTok,Story,Team meeting,Communication,Productive,38.4,2,Outdoors,2025-03-24,Afternoon
1087,U0280,LinkedIn,Story,Online certification,Education,Productive,59.6,1,Outdoors,2025-11-11,Late Night
1088,U0390,LinkedIn,DM/Chat,Online certification,Education,Productive,36.8,2,Home,2025-09-23,Late Night
1089,U0373,LinkedIn,DM/Chat,Job search,Business,Productive,2.7,2,Office,2025-04-23,Morning
1090,U0334,Udemy,DM/Chat,Resume building,Business,Productive,57.2,2,Commute,2025-12-29,Late Night
1091,U0102,Telegram,Notification,Funny compilation,Entertainment,Distractive,85.2,5,Library,2025-05-09,Afternoon
1092,U0217,Google Classroom,Search,Web series clip,Entertainment,Distractive,71.7,4,Outdoors,2025-08-10,Night
1093,U0231,TikTok,Explore,Trending challenge,Entertainment,Distractive,18.8,4,Commute,2025-07-11,Morning
1094,U0059,Telegram,Watch,Stock market,Business,Productive,36.6,2,Commute,2025-07-23,Morning
1095,U0191,Snapchat,Story,Freelance work,Business,Productive,15.5,2,Library,2025-12-03,Evening
1096,U0291,Instagram,Story,Freelance work,Business,Productive,41.6,1,Commute,2025-04-20,Night
1097,U0143,TikTok,Watch,Trending hashtags,Social Media,Distractive,54.6,4,Library,2025-02-22,Late Night
1098,U0411,Telegram,Story,Family chat,Communication,Productive,49,2,Library,2025-04-11,Morning
1099,U0168,Zoom,Explore,Cricket update,Sports,Distractive,11.6,2,Outdoors,2025-03-29,Late Night
1100,U0068,Google Classroom,Feed,Online sale,Commerce,Distractive,58.3,2,Home,2025-08-25,Evening
1101,U0141,Amazon,Feed,Shopping,Commerce,Distractive,7.2,2,College,2025-08-01,Evening
1102,U0202,WhatsApp,Notification,Follower count check,Social Media,Distractive,69.9,5,Outdoors,2025-11-10,Morning
1103,U0025,LinkedIn,Story,Funny compilation,Entertainment,Distractive,84.5,5,College,2025-01-15,Afternoon
1104,U0418,Amazon,Explore,Coding practice,Education,Productive,14.4,1,College,2025-04-08,Evening
1105,U0169,YouTube,Reels/Shorts,Machine Learning,Education,Productive,3.8,2,Cafe,2025-02-08,Evening
1106,U0455,Facebook,Course Page,Product review,Commerce,Distractive,11.7,2,Commute,2025-03-17,Late Night
1107,U0500,LinkedIn,Notification,Wishlist browsing,Commerce,Distractive,48,3,Outdoors,2025-12-05,Night
1108,U0181,Coursera,Reels/Shorts,Trending challenge,Entertainment,Distractive,24.5,5,Cafe,2025-12-31,Morning
1109,U0007,Twitter/X,Reels/Shorts,Local news,News,Productive,5.4,3,Outdoors,2025-01-31,Afternoon
1110,U0264,Twitter/X,Course Page,Technology news,News,Productive,7.2,2,Library,2025-10-30,Late Night
1111,U0198,Facebook,Notification,Random scrolling,Social Media,Distractive,10.4,5,Office,2025-04-23,Evening
1112,U0352,Twitter/X,Explore,Football clip,Sports,Distractive,17.7,4,Cafe,2025-08-05,Afternoon
1113,U0096,Gmail,Reels/Shorts,Shorts,Entertainment,Distractive,67.3,4,Library,2025-01-09,Night
1114,U0182,Slack,Course Page,Gaming,Entertainment,Distractive,32.3,5,College,2025-10-09,Morning
1115,U0140,TikTok,Notification,Online sale,Commerce,Distractive,39.3,2,Commute,2025-01-28,Night
1116,U0305,TikTok,Explore,Influencer content,Social Media,Distractive,18.3,4,Library,2025-07-26,Afternoon
1117,U0028,LinkedIn,Feed,TV show clip,Entertainment,Distractive,58.5,5,College,2025-04-23,Morning
1118,U0359,Coursera,Reels/Shorts,Interview preparation,Education,Productive,32.4,2,Cafe,2025-04-26,Late Night
1119,U0088,LinkedIn,DM/Chat,Fashion trends,Commerce,Distractive,66.3,3,Cafe,2025-09-11,Afternoon
1120,U0465,Google Classroom,Watch,Political news,News,Productive,44.3,3,College,2025-04-05,Late Night
1121,U0171,Coursera,Search,Sports news,Sports,Distractive,29,4,College,2025-03-27,Afternoon
1122,U0088,Udemy,Explore,Match highlights,Sports,Distractive,30.7,2,Office,2025-05-16,Morning
1123,U0024,Udemy,Feed,Excel tutorial,Education,Productive,29.8,2,Library,2025-08-30,Morning
1124,U0156,Coursera,Notification,Interview preparation,Education,Productive,30.7,2,Office,2025-02-18,Morning
1125,U0235,Flipkart,Notification,DM chat casual,Social Media,Distractive,23.9,5,Outdoors,2025-05-10,Evening
1126,U0352,Amazon,Notification,Skill development,Education,Productive,46.7,2,Outdoors,2025-02-27,Evening
1127,U0380,Coursera,Search,Coding practice,Education,Productive,22.1,2,Home,2025-05-06,Late Night
1128,U0495,WhatsApp,DM/Chat,Product review,Commerce,Distractive,82.9,2,Hostel,2025-11-24,Morning
1129,U0484,Zoom,Story,Funny compilation,Entertainment,Distractive,80,4,Hostel,2025-10-29,Night
1130,U0291,YouTube,Notification,Dance videos,Entertainment,Distractive,63.5,4,College,2025-08-10,Night
1131,U0268,Instagram,Course Page,Random scrolling,Social Media,Distractive,83.5,4,Office,2025-08-27,Afternoon
1132,U0021,Udemy,Watch,Movie clips,Entertainment,Distractive,6.8,5,Cafe,2025-01-08,Night
1133,U0339,LinkedIn,Feed,Political news,News,Productive,29.8,3,Home,2025-08-09,Evening
1134,U0074,Facebook,Story,Machine Learning,Education,Productive,52.8,2,Office,2025-02-14,Evening
1135,U0416,WhatsApp,Watch,Technology news,News,Productive,13.9,3,Outdoors,2025-07-01,Afternoon
1136,U0224,LinkedIn,Watch,Fashion trends,Commerce,Distractive,82.9,3,Cafe,2025-03-30,Late Night
1137,U0044,Zoom,Search,Story updates,Social Media,Distractive,38.1,4,Library,2025-06-04,Evening
1138,U0258,TikTok,Explore,Funny compilation,Entertainment,Distractive,9.5,4,Outdoors,2025-12-22,Evening
1139,U0468,Telegram,Course Page,DM chat casual,Social Media,Distractive,38.4,5,Hostel,2025-08-25,Morning
1140,U0279,Facebook,Watch,Web development course,Education,Productive,47.4,1,Commute,2025-03-07,Late Night
1141,U0430,Facebook,Explore,Celebrity,Entertainment,Distractive,60.6,5,Outdoors,2025-09-23,Night
1142,U0247,Zoom,Reels/Shorts,Exam preparation,Education,Productive,20.7,1,College,2025-05-29,Late Night
1143,U0070,Slack,Feed,Endless scrolling,Social Media,Distractive,63.4,4,Office,2025-10-15,Night
1144,U0353,Facebook,Watch,Local news,News,Productive,38.1,3,Home,2025-09-06,Late Night
1145,U0127,Instagram,Search,Current affairs,News,Productive,36.6,1,College,2025-09-24,Morning
1146,U0208,Instagram,Notification,Current affairs,News,Productive,27.2,2,Home,2025-03-04,Evening
1147,U0326,Zoom,Course Page,Match highlights,Sports,Distractive,77.5,2,College,2025-08-10,Afternoon
1148,U0149,Coursera,Search,Online certification,Education,Productive,31.2,1,Library,2025-09-01,Night
1149,U0417,Flipkart,Watch,Shorts,Entertainment,Distractive,35.8,5,College,2025-08-26,Night
1150,U0156,Google Classroom,Course Page,Online sale,Commerce,Distractive,11.7,2,Hostel,2025-01-06,Late Night
1151,U0005,YouTube,Story,Excel tutorial,Education,Productive,57.8,2,Outdoors,2025-08-23,Evening
1152,U0181,Flipkart,Notification,Freelance work,Business,Productive,24,1,College,2025-03-31,Afternoon
1153,U0193,Zoom,Watch,DM chat casual,Social Media,Distractive,83.2,4,College,2025-11-27,Night
1154,U0302,Snapchat,Notification,Football clip,Sports,Distractive,70,4,Cafe,2025-03-08,Evening
1155,U0341,YouTube,Feed,Like notifications,Social Media,Distractive,76.8,4,Office,2025-04-29,Morning
1156,U0373,Amazon,DM/Chat,Project update,Communication,Productive,58.9,2,Library,2025-02-23,Afternoon
1157,U0227,WhatsApp,Feed,Discount coupons,Commerce,Distractive,55.5,3,College,2025-01-20,Morning
1158,U0285,Amazon,Reels/Shorts,Endless scrolling,Social Media,Distractive,63.2,4,Hostel,2025-03-10,Late Night
1159,U0223,Udemy,Course Page,Breaking news,News,Productive,41.1,2,Library,2025-04-14,Afternoon
1160,U0397,Instagram,Reels/Shorts,Current affairs,News,Productive,13,3,Office,2025-01-03,Evening
1161,U0293,Amazon,Search,Flash deals,Commerce,Distractive,61.7,2,Outdoors,2025-04-08,Afternoon
1162,U0321,Flipkart,Notification,Football clip,Sports,Distractive,77,3,College,2025-08-13,Night
1163,U0256,WhatsApp,Search,Discount coupons,Commerce,Distractive,70.6,2,Cafe,2025-02-21,Morning
1164,U0361,Amazon,Feed,Current affairs,News,Productive,14.2,3,Cafe,2025-05-09,Night
1165,U0257,Google Classroom,Reels/Shorts,Influencer content,Social Media,Distractive,48.6,4,Library,2025-09-23,Late Night
1166,U0017,LinkedIn,Course Page,Web series clip,Entertainment,Distractive,84.4,4,Cafe,2025-12-01,Morning
1167,U0281,Twitter/X,Story,Like notifications,Social Media,Distractive,80,5,Home,2025-03-13,Afternoon
1168,U0487,Udemy,Reels/Shorts,Endless scrolling,Social Media,Distractive,72.7,4,Home,2025-06-27,Morning
1169,U0255,Udemy,Search,Flash deals,Commerce,Distractive,25.1,2,Home,2025-02-23,Morning
1170,U0014,Telegram,Course Page,Local news,News,Productive,18.9,2,Library,2025-01-11,Morning
1171,U0357,TikTok,Feed,Weather update,News,Productive,33.6,3,Home,2025-07-18,Night
1172,U0176,Facebook,Reels/Shorts,Project management,Business,Productive,26.8,2,Commute,2025-06-30,Afternoon
1173,U0291,Coursera,Reels/Shorts,Shopping,Commerce,Distractive,53.4,2,Library,2025-07-31,Late Night
1174,U0023,YouTube,Reels/Shorts,Python tutorial,Education,Productive,4.3,1,Outdoors,2025-04-03,Evening
1175,U0337,Google Classroom,Search,Follower count check,Social Media,Distractive,54.9,4,Outdoors,2025-12-03,Morning
1176,U0366,Twitter/X,Course Page,Group chat,Communication,Productive,42.6,2,Commute,2025-04-23,Night
1177,U0258,Coursera,Notification,Gossip,Entertainment,Distractive,80.5,5,Commute,2025-12-24,Late Night
1178,U0119,Telegram,Course Page,Video call,Communication,Productive,17.5,2,Library,2025-03-12,Late Night
1179,U0333,Flipkart,Search,Comedy videos,Entertainment,Distractive,4.2,4,Library,2025-12-24,Night
1180,U0031,Udemy,Feed,Live score,Sports,Distractive,25.1,2,Hostel,2025-06-03,Morning
1181,U0195,Instagram,Explore,Web series clip,Entertainment,Distractive,35.2,5,Home,2025-04-25,Afternoon
1182,U0387,YouTube,Watch,Investment tips,Business,Productive,2.8,2,Commute,2025-01-14,Late Night
1183,U0414,Instagram,Story,Random scrolling,Social Media,Distractive,65.6,4,Hostel,2025-08-07,Morning
1184,U0240,Google Classroom,Notification,Conference call,Communication,Productive,28.3,2,Cafe,2025-03-25,Night
1185,U0173,Zoom,Watch,Breaking news,News,Productive,6,1,Library,2025-10-05,Evening
1186,U0292,Flipkart,Watch,Shopping,Commerce,Distractive,59.7,3,Home,2025-03-05,Evening
1187,U0495,Gmail,Course Page,Random scrolling,Social Media,Distractive,2.5,4,Home,2025-08-27,Morning
1188,U0283,Telegram,Feed,DM chat casual,Social Media,Distractive,52.6,4,College,2025-05-22,Late Night
1189,U0066,Snapchat,Watch,Influencer content,Social Media,Distractive,69.2,5,Cafe,2025-05-13,Night
1190,U0441,Facebook,Feed,Local news,News,Productive,14.7,1,Home,2025-04-05,Late Night
1191,U0009,YouTube,Notification,Football clip,Sports,Distractive,64.8,3,Home,2025-05-13,Evening
1192,U0040,Flipkart,Reels/Shorts,Endless scrolling,Social Media,Distractive,7.9,4,Outdoors,2025-02-27,Late Night
1193,U0013,Flipkart,Explore,Breaking news,News,Productive,5.2,2,Hostel,2025-05-25,Afternoon
1194,U0083,Telegram,Story,Follower count check,Social Media,Distractive,42.9,5,Cafe,2025-11-15,Morning
1195,U0367,Facebook,Feed,Endless scrolling,Social Media,Distractive,10.5,5,Library,2025-06-10,Late Night
1196,U0290,YouTube,Search,Trending hashtags,Social Media,Distractive,34.9,5,College,2025-02-09,Afternoon
1197,U0100,Slack,Feed,Flash deals,Commerce,Distractive,55,2,Outdoors,2025-06-12,Evening
1198,U0228,Coursera,Story,Prank videos,Entertainment,Distractive,21.5,5,Commute,2025-03-01,Afternoon
1199,U0310,Flipkart,Notification,Product review,Commerce,Distractive,46,2,Commute,2025-12-01,Night
1200,U0341,Coursera,Search,Technology news,News,Productive,55.6,2,Library,2025-07-28,Late Night
1201,U0259,Google Classroom,Story,Startup news,Business,Productive,19.5,2,College,2025-07-29,Night
1202,U0215,Twitter/X,Search,Startup news,Business,Productive,52.7,2,Home,2025-03-27,Morning
1203,U0038,Facebook,Feed,TV show clip,Entertainment,Distractive,75.2,4,Home,2025-12-20,Afternoon
1204,U0061,Telegram,Story,Market analysis,Business,Productive,8.5,2,Library,2025-12-31,Evening
1205,U0323,YouTube,Reels/Shorts,Follower count check,Social Media,Distractive,66.7,4,Commute,2025-08-18,Night
1206,U0304,Udemy,Search,Cricket update,Sports,Distractive,66.3,3,College,2025-03-19,Morning
1207,U0153,Amazon,Course Page,DM chat casual,Social Media,Distractive,16.7,5,Cafe,2025-02-19,Afternoon
1208,U0197,Slack,Notification,Sports news,Sports,Distractive,52.6,2,Hostel,2025-05-27,Evening
1209,U0161,YouTube,DM/Chat,Story updates,Social Media,Distractive,39.3,4,Cafe,2025-10-22,Late Night
1210,U0454,Snapchat,Reels/Shorts,Voice message,Communication,Productive,18,2,Outdoors,2025-08-13,Afternoon
1211,U0283,LinkedIn,DM/Chat,Resume building,Business,Productive,40.3,2,Office,2025-02-19,Afternoon
1212,U0145,Twitter/X,Feed,Stock market,Business,Productive,29.8,1,Home,2025-07-09,Afternoon
1213,U0228,Slack,Search,Wishlist browsing,Commerce,Distractive,75,3,Cafe,2025-02-26,Morning
1214,U0382,WhatsApp,Search,Fashion trends,Commerce,Distractive,89.4,3,College,2025-07-01,Morning
1215,U0345,Amazon,Search,Local news,News,Productive,30.9,1,Cafe,2025-08-21,Late Night
1216,U0339,Telegram,Reels/Shorts,Voice message,Communication,Productive,56,1,Commute,2025-04-08,Late Night
1217,U0136,Facebook,Explore,Python tutorial,Education,Productive,52.5,1,Library,2025-12-11,Afternoon
1218,U0487,Snapchat,Course Page,Match highlights,Sports,Distractive,26.2,3,Library,2025-11-22,Morning
1219,U0020,WhatsApp,Course Page,Current affairs,News,Productive,33.9,2,Library,2025-12-30,Afternoon
1220,U0450,TikTok,DM/Chat,Wishlist browsing,Commerce,Distractive,57.8,3,Outdoors,2025-09-29,Afternoon
1221,U0279,Udemy,Course Page,Prank videos,Entertainment,Distractive,71.9,5,Hostel,2025-11-03,Evening
1222,U0167,Coursera,Reels/Shorts,Sports news,Sports,Distractive,86.7,2,Cafe,2025-08-03,Night
1223,U0178,LinkedIn,Search,Local news,News,Productive,28.4,2,Commute,2025-12-05,Morning
1224,U0138,Udemy,Course Page,Wishlist browsing,Commerce,Distractive,54.5,2,Library,2025-01-15,Evening
1225,U0211,YouTube,Notification,World news,News,Productive,46.5,2,Cafe,2025-12-12,Evening
1226,U0373,Telegram,Explore,Discount coupons,Commerce,Distractive,24.2,3,Home,2025-05-18,Night
1227,U0275,YouTube,Watch,Political news,News,Productive,27.4,3,Library,2025-10-21,Afternoon
1228,U0047,LinkedIn,Story,World news,News,Productive,8.6,3,Home,2025-01-11,Night
1229,U0203,YouTube,Notification,Follower count check,Social Media,Distractive,19.7,4,Library,2025-03-22,Late Night
1230,U0433,Flipkart,Story,Political news,News,Productive,25.4,1,Library,2025-01-07,Morning
1231,U0155,Slack,Explore,Chemistry notes,Education,Productive,47.7,1,Home,2025-03-22,Evening
1232,U0068,YouTube,Watch,Language learning,Education,Productive,45.2,1,Hostel,2025-12-02,Night
1233,U0381,WhatsApp,Notification,Reels,Entertainment,Distractive,65.3,4,Hostel,2025-01-11,Morning
1234,U0155,Twitter/X,Watch,Business news,Business,Productive,47.3,2,Hostel,2025-09-20,Morning
1235,U0220,LinkedIn,Watch,Funny compilation,Entertainment,Distractive,87.3,4,Outdoors,2025-07-12,Evening
1236,U0255,Zoom,Course Page,Team meeting,Communication,Productive,17.8,2,Library,2025-07-15,Morning
1237,U0229,Gmail,DM/Chat,Product review,Commerce,Distractive,52.4,2,Home,2025-07-23,Afternoon
1238,U0087,Google Classroom,Story,DM chat casual,Social Media,Distractive,13.8,4,College,2025-02-18,Late Night
1239,U0390,Coursera,Reels/Shorts,World news,News,Productive,9.3,2,Outdoors,2025-09-25,Late Night
1240,U0165,Zoom,Explore,Current affairs,News,Productive,19.4,2,Commute,2025-03-19,Morning
1241,U0161,Zoom,DM/Chat,Discount coupons,Commerce,Distractive,68.2,2,Outdoors,2025-10-07,Night
1242,U0359,Udemy,Notification,Political news,News,Productive,33.7,2,College,2025-02-23,Night
1243,U0225,Instagram,Search,Work discussion,Communication,Productive,31.7,1,College,2025-03-27,Afternoon
1244,U0215,Udemy,Search,Video call,Communication,Productive,37.9,2,Outdoors,2025-03-13,Late Night
1245,U0315,LinkedIn,Explore,Shopping,Commerce,Distractive,89.6,3,Cafe,2025-09-25,Evening
1246,U0129,Google Classroom,Notification,Story updates,Social Media,Distractive,62,4,Commute,2025-09-23,Late Night
1247,U0214,Amazon,Search,Cricket update,Sports,Distractive,15.6,2,Outdoors,2025-01-06,Evening
1248,U0276,WhatsApp,Feed,Networking,Business,Productive,19.4,2,Library,2025-04-13,Morning
1249,U0453,YouTube,Course Page,Sports news,Sports,Distractive,53.9,2,College,2025-06-29,Late Night
1250,U0189,Instagram,DM/Chat,Political news,News,Productive,17.2,3,Hostel,2025-10-27,Evening
1251,U0135,WhatsApp,Search,Product review,Commerce,Distractive,10.2,2,Library,2025-05-24,Afternoon
1252,U0002,Amazon,Watch,Email,Communication,Productive,58,2,Outdoors,2025-04-18,Afternoon
1253,U0459,Facebook,Search,Breaking news,News,Productive,10.7,1,Home,2025-06-15,Morning
1254,U0202,Telegram,Course Page,Coding practice,Education,Productive,20.3,2,College,2025-05-04,Late Night
1255,U0453,Udemy,Story,Discount coupons,Commerce,Distractive,28.7,3,Commute,2025-09-29,Morning
1256,U0351,Zoom,Search,Breaking news,News,Productive,50.6,3,Outdoors,2025-09-08,Evening
1257,U0373,Flipkart,Search,Conference call,Communication,Productive,2.5,2,Commute,2025-08-27,Evening
1258,U0185,TikTok,Story,Online sale,Commerce,Distractive,16.9,2,Home,2025-04-11,Night
1259,U0472,Google Classroom,Story,Current affairs,News,Productive,6.6,3,Commute,2025-05-10,Late Night
1260,U0141,YouTube,Watch,Excel tutorial,Education,Productive,38.9,2,Hostel,2025-01-23,Evening
1261,U0414,Udemy,Course Page,Interview preparation,Education,Productive,29.9,1,Outdoors,2025-11-28,Late Night
1262,U0215,Instagram,Search,Video call,Communication,Productive,42.6,2,Office,2025-03-09,Morning
1263,U0378,YouTube,Story,Video call,Communication,Productive,6.8,2,Cafe,2025-04-10,Late Night
1264,U0034,Snapchat,Story,Science experiment,Education,Productive,31.5,2,Hostel,2025-08-02,Morning
1265,U0312,Facebook,Watch,World news,News,Productive,6,3,Outdoors,2025-01-23,Evening
1266,U0288,Telegram,Search,Local news,News,Productive,38.5,3,Home,2025-06-09,Evening
1267,U0471,Gmail,Reels/Shorts,Influencer content,Social Media,Distractive,51.4,5,Outdoors,2025-02-15,Morning
1268,U0112,Snapchat,Story,Email,Communication,Productive,35.9,1,Home,2025-03-28,Morning
1269,U0028,Coursera,Watch,DM chat casual,Social Media,Distractive,75.5,4,Library,2025-03-09,Evening
1270,U0428,Snapchat,Watch,Wishlist browsing,Commerce,Distractive,13.5,3,Commute,2025-07-31,Afternoon
1271,U0251,Snapchat,Watch,Political news,News,Productive,16.3,1,Outdoors,2025-05-16,Morning
1272,U0198,Slack,Course Page,Follower count check,Social Media,Distractive,74.8,5,Office,2025-01-19,Late Night
1273,U0359,Telegram,Story,Market analysis,Business,Productive,39.1,1,Cafe,2025-04-17,Evening
1274,U0338,Zoom,DM/Chat,Reels,Entertainment,Distractive,42.6,4,Home,2025-03-01,Late Night
1275,U0462,Gmail,Story,Client proposal,Business,Productive,23,1,Hostel,2025-12-04,Late Night
1276,U0332,Flipkart,Feed,Science experiment,Education,Productive,10.4,1,Outdoors,2025-06-21,Evening
1277,U0415,Google Classroom,Search,Email,Communication,Productive,28.5,2,Office,2025-01-12,Night
1278,U0308,Telegram,Explore,Football clip,Sports,Distractive,43.1,4,Library,2025-05-10,Evening
1279,U0216,Google Classroom,Feed,DM chat casual,Social Media,Distractive,87.4,5,Library,2025-09-17,Morning
1280,U0495,TikTok,Feed,Discount coupons,Commerce,Distractive,15.6,3,Office,2025-06-03,Late Night
1281,U0406,Facebook,Story,Weather update,News,Productive,47.5,1,Home,2025-02-16,Evening
1282,U0155,TikTok,Search,Freelance work,Business,Productive,28.2,2,Office,2025-04-13,Afternoon
1283,U0433,Coursera,DM/Chat,Reels,Entertainment,Distractive,39.9,4,Library,2025-03-20,Late Night
1284,U0468,Snapchat,Story,Endless scrolling,Social Media,Distractive,9.9,5,Hostel,2025-12-24,Afternoon
1285,U0396,Coursera,Reels/Shorts,Cricket update,Sports,Distractive,35.5,3,Commute,2025-03-10,Night
1286,U0014,TikTok,Notification,Random scrolling,Social Media,Distractive,7.4,5,Outdoors,2025-12-09,Late Night
1287,U0385,Coursera,Story,Weather update,News,Productive,22.4,1,Home,2025-11-09,Late Night
1288,U0048,Facebook,Course Page,Shopping,Commerce,Distractive,17.7,2,Library,2025-06-04,Night
1289,U0018,Telegram,Search,Like notifications,Social Media,Distractive,26.4,4,Hostel,2025-12-12,Night
1290,U0178,Snapchat,Explore,Viral video,Entertainment,Distractive,61.7,4,College,2025-08-27,Morning
1291,U0006,Instagram,Search,Colleague message,Communication,Productive,19.8,2,Hostel,2025-12-18,Night
1292,U0258,YouTube,Watch,Cricket update,Sports,Distractive,38.8,3,College,2025-11-06,Night
1293,U0446,Flipkart,Reels/Shorts,DM chat casual,Social Media,Distractive,70.9,5,Hostel,2025-09-30,Night
1294,U0238,Amazon,Watch,Email,Communication,Productive,12.7,1,Outdoors,2025-08-11,Morning
1295,U0173,Udemy,Course Page,Celebrity,Entertainment,Distractive,33.7,4,Commute,2025-05-10,Night
1296,U0153,Snapchat,Watch,Gaming,Entertainment,Distractive,32.8,5,Home,2025-08-17,Evening
1297,U0044,Flipkart,Feed,Excel tutorial,Education,Productive,32.3,1,Hostel,2025-05-08,Afternoon
1298,U0125,Udemy,Explore,Email,Communication,Productive,53.7,1,Commute,2025-08-23,Late Night
1299,U0372,Amazon,Story,Live score,Sports,Distractive,4.4,2,College,2025-07-15,Late Night
1300,U0429,Telegram,Explore,Voice message,Communication,Productive,2.3,2,Cafe,2025-12-01,Morning
1301,U0192,Zoom,Watch,Shopping,Commerce,Distractive,55.8,2,Library,2025-12-22,Morning
1302,U0466,Zoom,Search,Match highlights,Sports,Distractive,25.6,3,Home,2025-11-06,Night
1303,U0141,Zoom,Feed,Investment tips,Business,Productive,25,2,Home,2025-08-01,Afternoon
1304,U0314,LinkedIn,DM/Chat,Funny compilation,Entertainment,Distractive,21,5,Commute,2025-04-24,Morning
1305,U0164,Amazon,Notification,Funny compilation,Entertainment,Distractive,35.6,5,Home,2025-06-25,Evening
1306,U0131,Gmail,Course Page,DM chat casual,Social Media,Distractive,19.7,4,Office,2025-12-11,Night
1307,U0190,Udemy,Notification,Shopping,Commerce,Distractive,88.7,2,College,2025-04-17,Late Night
1308,U0290,Gmail,Course Page,Dance videos,Entertainment,Distractive,3.6,5,Office,2025-11-16,Evening
1309,U0068,Google Classroom,Notification,Fashion trends,Commerce,Distractive,67.2,2,Library,2025-07-12,Late Night
1310,U0092,LinkedIn,Explore,Flash deals,Commerce,Distractive,20.4,2,College,2025-10-20,Evening
1311,U0164,Telegram,Story,LinkedIn post,Business,Productive,45.3,2,Hostel,2025-11-03,Evening
1312,U0388,Slack,Notification,Influencer content,Social Media,Distractive,48.4,5,Library,2025-07-26,Night
1313,U0391,Snapchat,Search,Sports news,Sports,Distractive,36.6,3,Home,2025-09-30,Evening
1314,U0097,LinkedIn,Explore,Match highlights,Sports,Distractive,52.6,4,Hostel,2025-08-03,Night
1315,U0313,Facebook,Notification,Excel tutorial,Education,Productive,59.9,1,Hostel,2025-01-12,Evening
1316,U0283,Udemy,Reels/Shorts,Breaking news,News,Productive,57.2,3,Home,2025-11-04,Night
1317,U0480,Gmail,Story,World news,News,Productive,43.7,1,Library,2025-03-31,Night
1318,U0236,Google Classroom,Reels/Shorts,Political news,News,Productive,53.8,1,Library,2025-10-23,Night
1319,U0412,Gmail,DM/Chat,Local news,News,Productive,48,3,Outdoors,2025-09-14,Morning
1320,U0444,Gmail,Reels/Shorts,Story updates,Social Media,Distractive,1.6,4,Home,2025-12-16,Night
1321,U0366,Telegram,Watch,Cricket update,Sports,Distractive,79.6,2,College,2025-11-07,Late Night
1322,U0367,YouTube,Watch,AI fundamentals,Education,Productive,48.9,2,Home,2025-07-06,Night
1323,U0212,LinkedIn,Search,Cricket update,Sports,Distractive,76.4,2,College,2025-03-28,Evening
1324,U0235,Udemy,DM/Chat,Story updates,Social Media,Distractive,24.5,4,Commute,2025-11-25,Morning
1325,U0291,Amazon,Watch,Match highlights,Sports,Distractive,62.3,3,Commute,2025-08-19,Evening
1326,U0186,Facebook,Notification,Celebrity,Entertainment,Distractive,26.7,4,Library,2025-07-09,Late Night
1327,U0076,Google Classroom,Course Page,Dance videos,Entertainment,Distractive,64.5,4,Cafe,2025-03-21,Afternoon
1328,U0007,Coursera,Feed,Web series clip,Entertainment,Distractive,76.7,5,Cafe,2025-03-17,Late Night
1329,U0161,Udemy,Search,Gossip,Entertainment,Distractive,87.5,5,Office,2025-10-28,Late Night
1330,U0343,Snapchat,Notification,Like notifications,Social Media,Distractive,43.9,5,Outdoors,2025-07-14,Morning
1331,U0333,Google Classroom,DM/Chat,Voice message,Communication,Productive,14.2,1,Cafe,2025-11-08,Morning
1332,U0341,Gmail,Feed,Political news,News,Productive,50.6,2,Library,2025-04-14,Evening
1333,U0291,Amazon,Notification,SQL tutorial,Education,Productive,5,1,College,2025-01-29,Night
1334,U0312,Snapchat,DM/Chat,Breaking news,News,Productive,14.5,2,Outdoors,2025-04-01,Morning
1335,U0032,Twitter/X,Reels/Shorts,Music video,Entertainment,Distractive,81.6,4,Office,2025-09-25,Evening
1336,U0101,Udemy,Course Page,Breaking news,News,Productive,6.8,1,Home,2025-06-13,Morning
1337,U0154,WhatsApp,Course Page,Live score,Sports,Distractive,18.6,3,Library,2025-11-03,Night
1338,U0387,LinkedIn,Course Page,Interview preparation,Education,Productive,46.9,2,Library,2025-10-29,Late Night
1339,U0248,Telegram,Watch,Live score,Sports,Distractive,44.8,3,Office,2025-06-18,Late Night
1340,U0058,Coursera,Story,Dance videos,Entertainment,Distractive,25.5,5,Cafe,2025-11-17,Night
1341,U0390,Amazon,Notification,Client proposal,Business,Productive,28.8,1,Office,2025-04-02,Morning
1342,U0391,LinkedIn,Course Page,Wishlist browsing,Commerce,Distractive,31.5,3,Office,2025-04-10,Morning
1343,U0475,Slack,Watch,Breaking news,News,Productive,19.9,2,Outdoors,2025-02-22,Evening
1344,U0313,Facebook,Story,Weather update,News,Productive,10.2,3,Hostel,2025-03-29,Afternoon
1345,U0190,Telegram,Watch,Freelance work,Business,Productive,14.5,2,Cafe,2025-08-30,Evening
1346,U0391,Flipkart,Story,Resume building,Business,Productive,27.5,2,Hostel,2025-10-16,Night
1347,U0010,YouTube,Explore,Shopping,Commerce,Distractive,32.5,3,Office,2025-08-22,Evening
1348,U0405,Zoom,Watch,Breaking news,News,Productive,50.1,3,Home,2025-06-14,Night
1349,U0125,Twitter/X,Notification,Product review,Commerce,Distractive,40.2,2,Cafe,2025-02-24,Morning
1350,U0128,Udemy,Feed,Freelance work,Business,Productive,47.1,2,Hostel,2025-12-19,Night
1351,U0225,LinkedIn,Feed,Web series clip,Entertainment,Distractive,57.9,4,Cafe,2025-10-03,Evening
1352,U0302,Facebook,Reels/Shorts,Shorts,Entertainment,Distractive,29.9,5,Hostel,2025-03-19,Afternoon
1353,U0419,Gmail,DM/Chat,Comedy videos,Entertainment,Distractive,30.2,4,Cafe,2025-10-13,Late Night
1354,U0095,WhatsApp,Story,Gaming,Entertainment,Distractive,86.2,4,Commute,2025-08-17,Afternoon
1355,U0383,Gmail,Story,DM chat casual,Social Media,Distractive,30.6,4,Cafe,2025-05-11,Late Night
1356,U0031,Telegram,Explore,Coding practice,Education,Productive,24.4,1,Outdoors,2025-01-25,Late Night
1357,U0145,YouTube,Notification,Endless scrolling,Social Media,Distractive,78.7,5,Commute,2025-10-03,Night
1358,U0294,WhatsApp,Notification,Influencer content,Social Media,Distractive,70.5,4,Office,2025-09-20,Morning
1359,U0232,Twitter/X,Reels/Shorts,Football clip,Sports,Distractive,69.3,4,Hostel,2025-05-22,Night
1360,U0400,WhatsApp,Search,Investment tips,Business,Productive,39.2,2,Commute,2025-08-21,Late Night
1361,U0116,Google Classroom,Feed,Shopping,Commerce,Distractive,56.5,3,Hostel,2025-01-10,Morning
1362,U0335,Zoom,DM/Chat,Like notifications,Social Media,Distractive,53,4,Commute,2025-09-30,Night
1363,U0093,Flipkart,Search,World news,News,Productive,12.1,3,Office,2025-04-16,Evening
1364,U0476,Facebook,Notification,Video call,Communication,Productive,21.6,1,College,2025-06-17,Evening
1365,U0396,Twitter/X,Watch,Local news,News,Productive,10.6,1,Cafe,2025-04-30,Afternoon
1366,U0445,Gmail,Reels/Shorts,Endless scrolling,Social Media,Distractive,75.2,4,Hostel,2025-01-14,Night
1367,U0418,Gmail,Course Page,Technology news,News,Productive,24.6,1,Library,2025-07-14,Late Night
1368,U0380,Slack,Notification,Group chat,Communication,Productive,8.2,1,Library,2025-03-03,Night
1369,U0261,Twitter/X,DM/Chat,Follower count check,Social Media,Distractive,88.7,5,Commute,2025-09-02,Evening
1370,U0185,Instagram,Explore,Project update,Communication,Productive,48.4,1,Hostel,2025-02-21,Evening
1371,U0449,Google Classroom,DM/Chat,Reels,Entertainment,Distractive,90,5,College,2025-11-30,Night
1372,U0005,Amazon,Feed,Live score,Sports,Distractive,13.5,3,Library,2025-04-01,Late Night
1373,U0444,Facebook,Course Page,Market analysis,Business,Productive,46,1,Home,2025-11-02,Afternoon
1374,U0187,Snapchat,Explore,Gossip,Entertainment,Distractive,16.3,5,Office,2025-12-09,Afternoon
1375,U0165,Udemy,DM/Chat,Email,Communication,Productive,19.1,1,Commute,2025-05-16,Late Night
1376,U0277,Instagram,Course Page,Python tutorial,Education,Productive,3,2,Office,2025-07-28,Morning
1377,U0034,Snapchat,Reels/Shorts,Discount coupons,Commerce,Distractive,2.3,2,Library,2025-02-17,Night
1378,U0241,Telegram,Notification,Project update,Communication,Productive,27,2,Home,2025-06-09,Night
1379,U0264,Flipkart,Reels/Shorts,Memes,Entertainment,Distractive,43.5,5,Library,2025-03-06,Afternoon
1380,U0128,WhatsApp,Reels/Shorts,Networking,Business,Productive,43.3,1,Cafe,2025-11-11,Morning
1381,U0267,Google Classroom,Story,Political news,News,Productive,42.9,1,Outdoors,2025-12-09,Late Night
1382,U0407,Telegram,Story,Memes,Entertainment,Distractive,59.8,5,Home,2025-07-17,Morning
1383,U0166,Facebook,Feed,Breaking news,News,Productive,50.3,1,Library,2025-03-24,Night
1384,U0233,Udemy,Story,Interview preparation,Education,Productive,12.1,2,Hostel,2025-08-20,Afternoon
1385,U0175,Zoom,Notification,Funny compilation,Entertainment,Distractive,83.2,4,Commute,2025-04-06,Evening
1386,U0219,LinkedIn,Story,Football clip,Sports,Distractive,68.9,3,Cafe,2025-02-02,Evening
1387,U0365,LinkedIn,DM/Chat,Competitive exam tips,Education,Productive,58.5,1,College,2025-03-03,Late Night
1388,U0204,Google Classroom,Course Page,Memes,Entertainment,Distractive,39.8,5,College,2025-09-16,Afternoon
1389,U0400,Coursera,Feed,Breaking news,News,Productive,12.7,3,Commute,2025-09-27,Late Night
1390,U0052,Flipkart,Notification,Startup news,Business,Productive,14.6,1,Office,2025-07-11,Afternoon
1391,U0026,Facebook,Notification,Investment tips,Business,Productive,56.6,1,Hostel,2025-04-14,Evening
1392,U0370,Slack,Explore,Product review,Commerce,Distractive,80.5,3,Outdoors,2025-06-14,Afternoon
1393,U0492,Zoom,Notification,Gaming,Entertainment,Distractive,60.5,4,Library,2025-11-10,Late Night
1394,U0403,Facebook,Search,Video call,Communication,Productive,29.4,2,Office,2025-05-05,Night
1395,U0494,TikTok,DM/Chat,Investment tips,Business,Productive,15.7,2,Commute,2025-02-06,Afternoon
1396,U0390,LinkedIn,Search,Memes,Entertainment,Distractive,19.3,5,Office,2025-12-11,Evening
1397,U0153,Slack,Watch,Endless scrolling,Social Media,Distractive,47.7,4,Outdoors,2025-04-29,Night
1398,U0196,Facebook,Reels/Shorts,Conference call,Communication,Productive,52.9,2,Commute,2025-05-20,Morning
1399,U0268,Telegram,Search,Shorts,Entertainment,Distractive,79,5,Outdoors,2025-05-30,Afternoon
1400,U0327,Coursera,Course Page,Group chat,Communication,Productive,50.4,2,Hostel,2025-08-04,Morning
1401,U0007,Zoom,Notification,Client call,Communication,Productive,20.4,2,Cafe,2025-07-02,Morning
1402,U0288,Udemy,DM/Chat,Project update,Communication,Productive,35.9,1,Cafe,2025-02-23,Night
1403,U0061,YouTube,Reels/Shorts,Flash deals,Commerce,Distractive,53.5,3,College,2025-10-22,Morning
1404,U0437,Telegram,Explore,Political news,News,Productive,43.4,3,Home,2025-06-27,Night
1405,U0111,YouTube,Explore,Football clip,Sports,Distractive,73.4,4,Hostel,2025-12-09,Morning
1406,U0184,LinkedIn,Watch,Stock market,Business,Productive,55.3,2,Home,2025-08-22,Evening
1407,U0394,Zoom,Course Page,Follower count check,Social Media,Distractive,70.8,4,Commute,2025-08-23,Evening
1408,U0171,TikTok,Story,Job search,Business,Productive,47.1,2,Office,2025-09-13,Morning
1409,U0161,Google Classroom,Reels/Shorts,Trending hashtags,Social Media,Distractive,82.4,5,College,2025-11-24,Night
1410,U0413,Twitter/X,Watch,Match highlights,Sports,Distractive,77.2,3,Outdoors,2025-06-29,Evening
1411,U0466,Snapchat,Story,Sports news,Sports,Distractive,2.4,2,Library,2025-10-25,Evening
1412,U0367,WhatsApp,DM/Chat,Movie clips,Entertainment,Distractive,9.3,5,Hostel,2025-05-15,Afternoon
1413,U0498,Facebook,Explore,Follower count check,Social Media,Distractive,10.2,5,Cafe,2025-11-11,Late Night
1414,U0014,Gmail,Feed,Voice message,Communication,Productive,15.5,1,Office,2025-12-08,Evening
1415,U0075,Coursera,DM/Chat,Match highlights,Sports,Distractive,78.9,4,Outdoors,2025-11-28,Afternoon
1416,U0291,Instagram,Course Page,History lecture,Education,Productive,50.4,1,Hostel,2025-10-12,Late Night
1417,U0412,Slack,Explore,Technology news,News,Productive,38,1,Hostel,2025-05-14,Evening
1418,U0165,Flipkart,DM/Chat,Viral video,Entertainment,Distractive,29.5,5,Commute,2025-02-09,Afternoon
1419,U0054,Facebook,Reels/Shorts,World news,News,Productive,58.9,3,Outdoors,2025-10-02,Evening
1420,U0225,Coursera,Course Page,Local news,News,Productive,16.9,2,Home,2025-08-24,Late Night
1421,U0459,WhatsApp,Search,Football clip,Sports,Distractive,3,3,Outdoors,2025-10-14,Morning
1422,U0486,WhatsApp,Story,DM chat casual,Social Media,Distractive,6.8,4,Cafe,2025-10-19,Evening
1423,U0159,Telegram,Search,Excel tutorial,Education,Productive,59.2,2,Library,2025-12-05,Night
1424,U0028,Slack,Explore,Trending challenge,Entertainment,Distractive,13.8,4,Commute,2025-01-04,Late Night
1425,U0308,WhatsApp,Notification,Influencer content,Social Media,Distractive,37.8,4,Office,2025-04-10,Afternoon
1426,U0359,Udemy,Reels/Shorts,Networking,Business,Productive,20.6,1,College,2025-07-26,Late Night
1427,U0160,TikTok,Course Page,Discount coupons,Commerce,Distractive,13.3,3,Commute,2025-04-04,Morning
1428,U0117,Zoom,Course Page,Story updates,Social Media,Distractive,9.1,5,Cafe,2025-07-25,Afternoon
1429,U0286,Gmail,Reels/Shorts,Influencer content,Social Media,Distractive,47.6,5,Home,2025-11-07,Morning
1430,U0197,Snapchat,Feed,Skill development,Education,Productive,57.9,1,Home,2025-01-03,Evening
1431,U0112,WhatsApp,Search,Gaming,Entertainment,Distractive,17.8,5,Outdoors,2025-04-04,Late Night
1432,U0417,Flipkart,Search,Influencer content,Social Media,Distractive,80.3,4,Office,2025-09-17,Afternoon
1433,U0056,YouTube,Notification,Live score,Sports,Distractive,80.1,4,College,2025-06-09,Evening
1434,U0481,LinkedIn,Course Page,Story updates,Social Media,Distractive,18.2,4,Office,2025-11-10,Evening
1435,U0188,Gmail,Reels/Shorts,Football clip,Sports,Distractive,60.5,3,College,2025-06-23,Afternoon
1436,U0051,Twitter/X,Explore,Job search,Business,Productive,3.5,2,Home,2025-09-03,Late Night
1437,U0070,Slack,Notification,Colleague message,Communication,Productive,31.8,2,Library,2025-05-25,Evening
1438,U0252,Telegram,Explore,Match highlights,Sports,Distractive,39.7,3,College,2025-09-09,Morning
1439,U0271,TikTok,Watch,Voice message,Communication,Productive,30.4,2,Cafe,2025-12-17,Morning
1440,U0015,Google Classroom,Notification,Research paper,Education,Productive,11.2,1,Commute,2025-01-25,Late Night
1441,U0379,Twitter/X,Story,History lecture,Education,Productive,57.9,2,Home,2025-12-17,Night
1442,U0038,YouTube,DM/Chat,Market analysis,Business,Productive,6.8,2,Office,2025-04-24,Evening
1443,U0474,Instagram,Feed,Technology news,News,Productive,55.4,1,Library,2025-12-19,Morning
1444,U0023,Amazon,Search,Gaming,Entertainment,Distractive,88.9,4,Library,2025-07-10,Night
1445,U0210,Zoom,Explore,Networking,Business,Productive,41.1,1,Cafe,2025-04-15,Evening
1446,U0308,TikTok,Watch,Web development course,Education,Productive,50.7,2,Library,2025-09-07,Evening
1447,U0060,Gmail,Search,SQL tutorial,Education,Productive,40.1,1,Library,2025-02-06,Morning
1448,U0146,Snapchat,Notification,Client proposal,Business,Productive,20.3,1,Cafe,2025-12-15,Night
1449,U0434,LinkedIn,Reels/Shorts,Dance videos,Entertainment,Distractive,36.1,5,Library,2025-02-14,Late Night
1450,U0020,Slack,Feed,Match highlights,Sports,Distractive,42.7,2,College,2025-02-27,Afternoon
1451,U0227,WhatsApp,DM/Chat,Online sale,Commerce,Distractive,39.8,2,Commute,2025-08-13,Afternoon
1452,U0441,Twitter/X,Story,Chemistry notes,Education,Productive,3.6,1,Home,2025-03-20,Evening
1453,U0079,Gmail,DM/Chat,Movie clips,Entertainment,Distractive,81.2,5,Home,2025-07-20,Night
1454,U0036,Snapchat,DM/Chat,Reels,Entertainment,Distractive,30.9,4,Outdoors,2025-01-13,Night
1455,U0351,Google Classroom,Notification,Weather update,News,Productive,10.5,3,Commute,2025-01-30,Morning
1456,U0004,Snapchat,Story,Work discussion,Communication,Productive,22.9,1,Office,2025-02-23,Afternoon
1457,U0038,TikTok,Reels/Shorts,Shopping,Commerce,Distractive,77.3,2,Home,2025-10-16,Late Night
1458,U0314,Google Classroom,Explore,Physics lecture,Education,Productive,27.5,2,Library,2025-12-16,Night
1459,U0147,Udemy,Search,Gossip,Entertainment,Distractive,41.4,5,Commute,2025-04-25,Afternoon
1460,U0022,Snapchat,Story,Project management,Business,Productive,44.7,2,Hostel,2025-06-03,Afternoon
1461,U0216,Coursera,Explore,Cricket update,Sports,Distractive,12.1,4,Commute,2025-04-17,Night
1462,U0069,Gmail,Explore,Fashion trends,Commerce,Distractive,42.3,3,Commute,2025-06-16,Night
1463,U0442,Twitter/X,DM/Chat,Breaking news,News,Productive,56.9,1,Commute,2025-08-26,Late Night
1464,U0154,Twitter/X,Explore,Product review,Commerce,Distractive,13.6,3,College,2025-10-05,Night
1465,U0480,Twitter/X,Story,Shopping,Commerce,Distractive,50.1,2,Office,2025-12-04,Night
1466,U0394,Instagram,DM/Chat,Online sale,Commerce,Distractive,35.4,3,Office,2025-05-20,Late Night
1467,U0391,Twitter/X,Search,Investment tips,Business,Productive,25.3,2,Outdoors,2025-05-06,Afternoon
1468,U0005,Slack,Feed,Sports news,Sports,Distractive,61.2,4,College,2025-02-13,Morning
1469,U0431,Amazon,Story,Science experiment,Education,Productive,13,1,Office,2025-04-20,Evening
1470,U0052,Gmail,Course Page,Voice message,Communication,Productive,21,2,Office,2025-05-29,Evening
1471,U0283,Telegram,Reels/Shorts,Networking,Business,Productive,32.4,1,Hostel,2025-03-23,Late Night
1472,U0387,Coursera,Reels/Shorts,Sports news,Sports,Distractive,60.1,4,Office,2025-08-16,Morning
1473,U0477,Udemy,Explore,Coding practice,Education,Productive,29.1,2,Home,2025-10-28,Evening
1474,U0177,Snapchat,Course Page,Football clip,Sports,Distractive,80.6,4,Outdoors,2025-12-10,Late Night
1475,U0470,WhatsApp,Search,Influencer content,Social Media,Distractive,13,5,Cafe,2025-12-13,Night
1476,U0410,Amazon,Watch,Business news,Business,Productive,43,1,College,2025-07-01,Late Night
1477,U0144,Telegram,Search,Live score,Sports,Distractive,33.5,4,Cafe,2025-04-09,Late Night
1478,U0222,Snapchat,Feed,Physics lecture,Education,Productive,39.3,2,Cafe,2025-05-15,Night
1479,U0006,Gmail,Reels/Shorts,Endless scrolling,Social Media,Distractive,30.6,5,Home,2025-03-08,Late Night
1480,U0357,Twitter/X,Course Page,History lecture,Education,Productive,23.4,2,Home,2025-12-22,Evening
1481,U0369,Slack,Explore,Product review,Commerce,Distractive,37.2,3,Commute,2025-03-09,Evening
1482,U0413,Google Classroom,Watch,Comedy videos,Entertainment,Distractive,8.4,5,Outdoors,2025-12-10,Morning
1483,U0079,Facebook,Reels/Shorts,Influencer content,Social Media,Distractive,22.6,4,Office,2025-07-11,Morning
1484,U0080,WhatsApp,Feed,World news,News,Productive,43.7,1,Commute,2025-11-13,Morning
1485,U0096,LinkedIn,Reels/Shorts,Sports news,Sports,Distractive,6,4,Office,2025-04-13,Morning
1486,U0321,Telegram,DM/Chat,Group chat,Communication,Productive,13.4,1,College,2025-07-18,Evening
1487,U0260,Udemy,Search,Technology news,News,Productive,28.7,1,Home,2025-08-15,Afternoon
1488,U0360,Twitter/X,Watch,Exam preparation,Education,Productive,9.5,1,Library,2025-12-25,Morning
1489,U0260,Amazon,DM/Chat,Team meeting,Communication,Productive,10.6,1,Cafe,2025-11-04,Night
1490,U0145,Zoom,Story,Comedy videos,Entertainment,Distractive,66.5,5,Home,2025-12-02,Evening
1491,U0041,WhatsApp,Course Page,Business news,Business,Productive,21.3,1,Home,2025-11-14,Night
1492,U0348,WhatsApp,Story,Live score,Sports,Distractive,53.3,4,Commute,2025-12-24,Late Night
1493,U0154,Amazon,Course Page,Family chat,Communication,Productive,22.1,2,Outdoors,2025-07-09,Night
1494,U0210,Twitter/X,DM/Chat,Sports news,Sports,Distractive,53.3,4,Home,2025-12-20,Evening
1495,U0073,TikTok,Course Page,Cricket update,Sports,Distractive,78.3,3,Outdoors,2025-08-20,Afternoon
1496,U0008,Facebook,Story,Fashion trends,Commerce,Distractive,34.9,2,Office,2025-07-24,Evening
1497,U0077,Facebook,Search,Discount coupons,Commerce,Distractive,20.3,2,Home,2025-07-20,Night
1498,U0117,Instagram,Course Page,Trending challenge,Entertainment,Distractive,35.9,4,Cafe,2025-10-09,Evening
1499,U0181,Udemy,Explore,Technology news,News,Productive,26.7,3,Office,2025-09-07,Morning
1500,U0252,Udemy,Watch,Group chat,Communication,Productive,9.3,2,Outdoors,2025-04-21,Night
1501,U0307,Amazon,Watch,History lecture,Education,Productive,41.4,1,Hostel,2025-11-10,Morning
1502,U0497,Amazon,Story,Market analysis,Business,Productive,48.6,2,Office,2025-07-09,Late Night
1503,U0466,Gmail,Story,Live score,Sports,Distractive,38.1,2,Library,2025-06-17,Afternoon
1504,U0498,Amazon,Story,DM chat casual,Social Media,Distractive,63.2,5,Office,2025-06-14,Late Night
1505,U0262,Coursera,DM/Chat,Local news,News,Productive,29.8,3,Outdoors,2025-01-10,Evening
1506,U0035,Amazon,Reels/Shorts,Work discussion,Communication,Productive,32.2,1,Outdoors,2025-11-05,Evening
1507,U0115,Zoom,Search,Cricket update,Sports,Distractive,33.4,2,Home,2025-08-31,Afternoon
1508,U0161,Udemy,Notification,Science experiment,Education,Productive,9.6,2,Cafe,2025-06-13,Night
1509,U0410,Twitter/X,Reels/Shorts,World news,News,Productive,18.4,3,Home,2025-04-10,Late Night
1510,U0013,Telegram,Feed,Prank videos,Entertainment,Distractive,27.5,5,Library,2025-03-15,Evening
1511,U0285,Flipkart,Course Page,Web development course,Education,Productive,46.8,1,Office,2025-08-17,Night
1512,U0362,Amazon,Reels/Shorts,Startup news,Business,Productive,56.3,2,Outdoors,2025-05-22,Afternoon
1513,U0283,Facebook,Story,Sports news,Sports,Distractive,86.1,2,College,2025-01-27,Evening
1514,U0203,Amazon,Explore,Sports news,Sports,Distractive,50,2,Hostel,2025-11-27,Evening
1515,U0371,Google Classroom,Story,Freelance work,Business,Productive,34.4,1,Home,2025-09-19,Morning
1516,U0387,WhatsApp,Search,Client proposal,Business,Productive,9.9,1,Office,2025-05-01,Morning
1517,U0280,WhatsApp,Explore,Follower count check,Social Media,Distractive,31.6,5,College,2025-09-10,Night
1518,U0082,TikTok,Search,Chemistry notes,Education,Productive,33.3,2,College,2025-04-17,Night
1519,U0246,Coursera,Feed,Client call,Communication,Productive,39,1,Home,2025-01-27,Afternoon
1520,U0166,Coursera,Search,Machine Learning,Education,Productive,57.3,1,Office,2025-09-14,Evening
1521,U0282,Instagram,Notification,Discount coupons,Commerce,Distractive,69.1,3,Outdoors,2025-01-13,Night
1522,U0360,YouTube,DM/Chat,Video call,Communication,Productive,14.5,1,Outdoors,2025-01-04,Evening
1523,U0469,Slack,Search,Family chat,Communication,Productive,24.4,2,Office,2025-10-02,Morning
1524,U0172,Slack,Explore,Music video,Entertainment,Distractive,15.2,5,Library,2025-11-08,Evening
1525,U0309,TikTok,Reels/Shorts,Political news,News,Productive,39.4,2,Outdoors,2025-01-15,Night
1526,U0389,LinkedIn,Feed,Online sale,Commerce,Distractive,35.5,2,College,2025-04-16,Afternoon
1527,U0112,Flipkart,Course Page,Comedy videos,Entertainment,Distractive,5.8,5,Library,2025-10-18,Evening
1528,U0369,Twitter/X,Search,History lecture,Education,Productive,51.8,1,Library,2025-09-13,Night
1529,U0040,Snapchat,Course Page,DM chat casual,Social Media,Distractive,43.7,5,Cafe,2025-12-08,Afternoon
1530,U0196,YouTube,Feed,Video call,Communication,Productive,56.9,1,Home,2025-06-05,Night
1531,U0144,Flipkart,DM/Chat,Business news,Business,Productive,39.1,1,Hostel,2025-07-10,Morning
1532,U0234,Google Classroom,Feed,Wishlist browsing,Commerce,Distractive,81,2,Cafe,2025-03-14,Evening
1533,U0234,Instagram,Course Page,Current affairs,News,Productive,11.3,3,College,2025-02-14,Afternoon
1534,U0204,Udemy,Reels/Shorts,Music video,Entertainment,Distractive,66.1,4,Office,2025-04-21,Morning
1535,U0296,Udemy,Explore,Shopping,Commerce,Distractive,74.9,2,Hostel,2025-03-31,Morning
1536,U0494,Google Classroom,Course Page,Exam preparation,Education,Productive,13,2,Cafe,2025-01-13,Evening
1537,U0287,Gmail,Feed,Breaking news,News,Productive,59.8,3,Home,2025-10-16,Night
1538,U0279,YouTube,Watch,Match highlights,Sports,Distractive,33.4,4,Commute,2025-08-22,Night
1539,U0298,Facebook,Story,Freelance work,Business,Productive,44.4,2,Commute,2025-07-28,Afternoon
1540,U0209,Flipkart,Watch,Product review,Commerce,Distractive,14.1,3,Outdoors,2025-12-12,Late Night
1541,U0231,Zoom,Search,Like notifications,Social Media,Distractive,30.6,4,Commute,2025-11-27,Night
1542,U0418,Slack,Search,Stock market,Business,Productive,36.3,2,Office,2025-10-21,Afternoon
1543,U0022,TikTok,Reels/Shorts,World news,News,Productive,49.6,3,College,2025-09-14,Late Night
1544,U0251,Zoom,Notification,Family chat,Communication,Productive,40.2,1,Office,2025-04-27,Evening
1545,U0180,TikTok,Notification,Voice message,Communication,Productive,39.8,2,Hostel,2025-04-23,Late Night
1546,U0410,Coursera,Course Page,Wishlist browsing,Commerce,Distractive,14.9,2,Library,2025-01-01,Late Night
1547,U0278,WhatsApp,Watch,Project update,Communication,Productive,15.3,1,Hostel,2025-06-05,Afternoon
1548,U0035,Instagram,Feed,Team meeting,Communication,Productive,18.5,1,Library,2025-04-06,Morning
1549,U0154,Telegram,Story,Funny compilation,Entertainment,Distractive,59.9,4,Home,2025-12-24,Late Night
1550,U0304,Twitter/X,Watch,Like notifications,Social Media,Distractive,39.1,5,Outdoors,2025-11-22,Late Night
1551,U0441,Udemy,Story,Physics lecture,Education,Productive,21.7,1,Cafe,2025-12-25,Night
1552,U0020,Telegram,Story,Discount coupons,Commerce,Distractive,85.5,2,Outdoors,2025-01-14,Night
1553,U0233,Zoom,Notification,Live score,Sports,Distractive,9.2,3,Library,2025-11-20,Morning
1554,U0111,Coursera,Course Page,Wishlist browsing,Commerce,Distractive,4.1,3,Cafe,2025-10-10,Night
1555,U0093,Facebook,Feed,Shopping,Commerce,Distractive,84.3,2,Outdoors,2025-02-05,Late Night
1556,U0061,TikTok,Notification,Sports news,Sports,Distractive,59.2,4,Home,2025-05-10,Late Night
1557,U0352,Google Classroom,Search,Match highlights,Sports,Distractive,4.5,3,Commute,2025-08-07,Morning
1558,U0396,Udemy,Course Page,Business news,Business,Productive,15.7,1,Hostel,2025-12-01,Afternoon
1559,U0414,Snapchat,DM/Chat,Shopping,Commerce,Distractive,31.3,3,Outdoors,2025-04-28,Night
1560,U0188,Facebook,Search,Group chat,Communication,Productive,44.7,1,Home,2025-08-13,Night
1561,U0360,LinkedIn,Explore,Shopping,Commerce,Distractive,43.2,3,Cafe,2025-08-12,Late Night
1562,U0260,WhatsApp,Watch,Shopping,Commerce,Distractive,79.1,2,Commute,2025-09-01,Night
1563,U0229,Instagram,Search,Breaking news,News,Productive,6.1,1,Office,2025-12-07,Afternoon
1564,U0119,WhatsApp,Search,Random scrolling,Social Media,Distractive,52.8,5,College,2025-10-14,Morning
1565,U0058,Facebook,Explore,Breaking news,News,Productive,1.7,2,Home,2025-09-19,Morning
1566,U0340,Facebook,Story,Gaming,Entertainment,Distractive,82.9,5,Outdoors,2025-04-20,Afternoon
1567,U0440,Twitter/X,Reels/Shorts,Cricket update,Sports,Distractive,16.3,3,College,2025-03-16,Afternoon
1568,U0430,Slack,Reels/Shorts,Business news,Business,Productive,34.4,2,Library,2025-11-17,Night
1569,U0015,Telegram,Feed,Trending hashtags,Social Media,Distractive,68,5,Home,2025-06-14,Night
1570,U0315,Flipkart,Explore,Local news,News,Productive,27.5,3,Library,2025-03-07,Night
1571,U0016,Coursera,Notification,Wishlist browsing,Commerce,Distractive,26.6,2,College,2025-08-10,Late Night
1572,U0333,Facebook,Feed,Shopping,Commerce,Distractive,33.9,2,Hostel,2025-05-24,Night
1573,U0356,Google Classroom,Course Page,Random scrolling,Social Media,Distractive,46.5,5,Hostel,2025-12-19,Late Night
1574,U0479,WhatsApp,Course Page,Client proposal,Business,Productive,58.5,2,College,2025-05-09,Evening
1575,U0099,Amazon,Story,Dance videos,Entertainment,Distractive,81.7,4,Library,2025-06-28,Evening
1576,U0411,Zoom,Explore,Like notifications,Social Media,Distractive,60.6,5,Library,2025-11-10,Afternoon
1577,U0327,Amazon,DM/Chat,Comedy videos,Entertainment,Distractive,72,5,Office,2025-03-02,Evening
1578,U0201,Amazon,Search,Breaking news,News,Productive,53.3,3,Outdoors,2025-07-11,Afternoon
1579,U0130,Gmail,Notification,Sports news,Sports,Distractive,31.4,4,Cafe,2025-11-07,Morning
1580,U0479,Instagram,Reels/Shorts,Work discussion,Communication,Productive,12.1,2,Cafe,2025-09-11,Night
1581,U0244,Zoom,Feed,Viral video,Entertainment,Distractive,88.4,4,Outdoors,2025-11-01,Morning
1582,U0434,LinkedIn,Search,Fashion trends,Commerce,Distractive,17.1,3,Commute,2025-01-28,Morning
1583,U0457,Zoom,Search,Client call,Communication,Productive,47.2,1,Hostel,2025-04-15,Morning
1584,U0317,Amazon,Watch,Python tutorial,Education,Productive,17.8,1,Library,2025-04-29,Afternoon
1585,U0413,Facebook,Feed,Gossip,Entertainment,Distractive,50.3,4,Commute,2025-04-23,Afternoon
1586,U0049,Snapchat,Reels/Shorts,Online sale,Commerce,Distractive,51.8,2,Cafe,2025-09-06,Morning
1587,U0144,Coursera,DM/Chat,World news,News,Productive,28.1,2,Office,2025-03-30,Afternoon
1588,U0119,Google Classroom,Explore,Video call,Communication,Productive,35.2,1,Hostel,2025-08-17,Afternoon
1589,U0012,Gmail,Course Page,Group chat,Communication,Productive,9.9,2,Hostel,2025-11-11,Night
1590,U0316,Telegram,Notification,Comedy videos,Entertainment,Distractive,31.5,5,Home,2025-09-13,Late Night
1591,U0087,Twitter/X,Story,Discount coupons,Commerce,Distractive,13.9,3,College,2025-11-04,Night
1592,U0195,Amazon,Story,Online sale,Commerce,Distractive,37.1,2,Library,2025-05-29,Afternoon
1593,U0177,Coursera,Reels/Shorts,Live score,Sports,Distractive,41.2,4,Home,2025-07-19,Late Night
1594,U0131,Udemy,Explore,Like notifications,Social Media,Distractive,65.5,4,Hostel,2025-02-15,Night
1595,U0331,Flipkart,Watch,Trending hashtags,Social Media,Distractive,43.6,5,Office,2025-04-23,Late Night
1596,U0048,TikTok,Story,World news,News,Productive,3.8,1,Library,2025-02-16,Afternoon
1597,U0143,Slack,Watch,Math tutorial,Education,Productive,27.7,1,Cafe,2025-03-14,Night
1598,U0027,Google Classroom,Search,Job search,Business,Productive,31.7,2,Library,2025-02-17,Late Night
1599,U0035,Telegram,Search,Resume building,Business,Productive,14.9,2,Library,2025-11-05,Morning
1600,U0274,LinkedIn,Course Page,Client call,Communication,Productive,33.7,1,Commute,2025-04-02,Afternoon
1601,U0459,Amazon,Search,Job search,Business,Productive,46.2,1,Home,2025-09-14,Late Night
1602,U0428,Snapchat,Feed,SQL tutorial,Education,Productive,28.7,1,Office,2025-05-04,Late Night
1603,U0328,Coursera,Course Page,Random scrolling,Social Media,Distractive,16.6,5,College,2025-05-08,Afternoon
1604,U0282,Facebook,Feed,Exam preparation,Education,Productive,17.9,2,Outdoors,2025-12-13,Night
1605,U0480,Slack,Story,Flash deals,Commerce,Distractive,71,3,Hostel,2025-05-09,Late Night
1606,U0310,Facebook,Feed,Online sale,Commerce,Distractive,19.4,3,Commute,2025-06-02,Morning
1607,U0111,Google Classroom,Story,Fashion trends,Commerce,Distractive,3.1,3,Outdoors,2025-04-12,Morning
1608,U0073,Gmail,Search,Discount coupons,Commerce,Distractive,58.8,2,Cafe,2025-07-22,Afternoon
1609,U0238,Zoom,Course Page,Language learning,Education,Productive,24.6,2,Outdoors,2025-07-10,Afternoon
1610,U0028,Coursera,Search,Project management,Business,Productive,53.9,1,College,2025-06-01,Evening
1611,U0245,Telegram,Reels/Shorts,DM chat casual,Social Media,Distractive,54.2,5,Commute,2025-09-20,Late Night
1612,U0075,Flipkart,Story,Physics lecture,Education,Productive,12.4,1,Office,2025-01-06,Morning
1613,U0207,Slack,DM/Chat,Celebrity,Entertainment,Distractive,57.1,4,Commute,2025-01-13,Night
1614,U0222,Amazon,Watch,DM chat casual,Social Media,Distractive,33.7,5,College,2025-08-13,Night
1615,U0074,Facebook,Explore,Competitive exam tips,Education,Productive,20.5,1,Outdoors,2025-11-22,Evening
1616,U0007,TikTok,Watch,Job search,Business,Productive,24.3,1,Home,2025-01-23,Evening
1617,U0291,Twitter/X,Explore,Job search,Business,Productive,48.2,2,Office,2025-08-07,Late Night
1618,U0113,WhatsApp,Search,Comedy videos,Entertainment,Distractive,77.4,4,Cafe,2025-09-05,Morning
1619,U0373,Udemy,Reels/Shorts,Match highlights,Sports,Distractive,8.1,4,Outdoors,2025-06-25,Late Night
1620,U0116,Amazon,Story,DM chat casual,Social Media,Distractive,47.9,5,Cafe,2025-11-01,Afternoon
1621,U0027,Zoom,Story,Web development course,Education,Productive,56.5,2,Cafe,2025-09-13,Night
1622,U0464,Facebook,Notification,Music video,Entertainment,Distractive,20.9,4,Library,2025-05-08,Night
1623,U0125,Telegram,Explore,Business news,Business,Productive,25.7,2,Commute,2025-06-03,Morning
1624,U0418,WhatsApp,Story,Startup news,Business,Productive,55.6,2,Home,2025-08-12,Night
1625,U0121,Udemy,Feed,Online sale,Commerce,Distractive,30.7,3,Commute,2025-03-02,Evening
1626,U0313,Twitter/X,Explore,Cricket update,Sports,Distractive,39.3,3,Library,2025-05-27,Afternoon
1627,U0408,Amazon,Explore,Freelance work,Business,Productive,51.3,1,College,2025-02-12,Morning
1628,U0242,Udemy,Reels/Shorts,Coding practice,Education,Productive,56.1,2,Office,2025-01-27,Morning
1629,U0045,Google Classroom,Story,Stock market,Business,Productive,41,1,Commute,2025-12-08,Late Night
1630,U0001,Amazon,Reels/Shorts,Online certification,Education,Productive,3.3,2,College,2025-01-21,Late Night
1631,U0037,TikTok,Course Page,World news,News,Productive,7.3,1,Cafe,2025-11-12,Late Night
1632,U0115,Gmail,Watch,Memes,Entertainment,Distractive,15,4,College,2025-09-12,Late Night
1633,U0157,Amazon,Search,Celebrity,Entertainment,Distractive,62.8,5,Outdoors,2025-07-03,Late Night
1634,U0077,Coursera,Watch,Web series clip,Entertainment,Distractive,60.3,5,Library,2025-05-04,Night
1635,U0371,YouTube,Reels/Shorts,Stock market,Business,Productive,9.7,1,Outdoors,2025-03-06,Afternoon
1636,U0477,Amazon,DM/Chat,Client call,Communication,Productive,43.4,2,Hostel,2025-07-29,Morning
1637,U0026,YouTube,Story,Comedy videos,Entertainment,Distractive,14.9,5,Library,2025-06-26,Morning
1638,U0231,Snapchat,Course Page,Math tutorial,Education,Productive,28.3,2,Hostel,2025-12-30,Evening
1639,U0048,Amazon,Search,Freelance work,Business,Productive,1.4,2,Office,2025-05-09,Night
1640,U0370,YouTube,Search,Sports news,Sports,Distractive,22.4,2,Outdoors,2025-05-23,Afternoon
1641,U0054,Instagram,Story,Project management,Business,Productive,43,1,Commute,2025-06-22,Morning
1642,U0456,Twitter/X,Search,Football clip,Sports,Distractive,30.6,2,Cafe,2025-09-29,Night
1643,U0023,YouTube,Course Page,Technology news,News,Productive,57.9,3,Cafe,2025-10-03,Night
1644,U0293,Telegram,Reels/Shorts,Trending challenge,Entertainment,Distractive,43.2,4,Hostel,2025-08-26,Late Night
1645,U0131,Coursera,Course Page,Political news,News,Productive,16.6,3,Home,2025-04-28,Late Night
1646,U0002,Slack,DM/Chat,Product review,Commerce,Distractive,4.6,2,Outdoors,2025-05-03,Night
1647,U0445,Zoom,Notification,Shopping,Commerce,Distractive,73.5,2,Hostel,2025-01-09,Late Night
1648,U0474,Twitter/X,Notification,Celebrity,Entertainment,Distractive,59.9,5,Cafe,2025-03-01,Afternoon
1649,U0041,Snapchat,Notification,Flash deals,Commerce,Distractive,59.4,3,Home,2025-12-17,Night
1650,U0344,Instagram,Reels/Shorts,Trending hashtags,Social Media,Distractive,12.6,5,Cafe,2025-03-28,Evening
1651,U0159,Telegram,DM/Chat,Viral video,Entertainment,Distractive,65.9,4,Commute,2025-02-19,Evening
1652,U0059,LinkedIn,Feed,Group chat,Communication,Productive,57.3,1,College,2025-05-19,Afternoon
1653,U0143,Slack,Notification,Sports news,Sports,Distractive,42.4,2,College,2025-09-04,Late Night
1654,U0372,Flipkart,Search,Voice message,Communication,Productive,23.9,1,Library,2025-10-07,Evening
1655,U0100,WhatsApp,Search,Excel tutorial,Education,Productive,9.6,1,Office,2025-09-25,Late Night
1656,U0398,Amazon,Explore,Sports news,Sports,Distractive,71.5,2,Hostel,2025-02-23,Late Night
1657,U0286,Twitter/X,Course Page,Online sale,Commerce,Distractive,69.8,2,College,2025-04-27,Night
1658,U0002,Flipkart,DM/Chat,Cricket update,Sports,Distractive,81.1,3,Home,2025-08-20,Afternoon
1659,U0044,Amazon,Explore,Endless scrolling,Social Media,Distractive,67.7,5,Home,2025-06-11,Night
1660,U0416,Facebook,Course Page,Business news,Business,Productive,30.2,1,Commute,2025-03-03,Late Night
1661,U0029,Google Classroom,Notification,Science experiment,Education,Productive,49.5,1,Cafe,2025-01-20,Morning
1662,U0187,TikTok,Search,Memes,Entertainment,Distractive,26,5,Hostel,2025-02-08,Late Night
1663,U0365,Google Classroom,Explore,Project update,Communication,Productive,2.3,2,Cafe,2025-06-17,Afternoon
1664,U0455,Flipkart,Reels/Shorts,Email,Communication,Productive,6.6,1,Cafe,2025-06-20,Evening
1665,U0468,WhatsApp,DM/Chat,Email,Communication,Productive,3.9,1,Cafe,2025-10-09,Late Night
1666,U0048,Google Classroom,Reels/Shorts,Conference call,Communication,Productive,53.8,2,Home,2025-06-09,Night
1667,U0022,Facebook,Reels/Shorts,Random scrolling,Social Media,Distractive,9.4,4,Home,2025-02-24,Night
1668,U0087,LinkedIn,Watch,Sports news,Sports,Distractive,15.1,3,Library,2025-02-11,Evening
1669,U0123,Instagram,Course Page,Investment tips,Business,Productive,13.9,1,Office,2025-03-28,Late Night
1670,U0314,Twitter/X,Course Page,Shopping,Commerce,Distractive,49.7,3,Home,2025-08-09,Afternoon
1671,U0138,Flipkart,Search,Online sale,Commerce,Distractive,37,3,Hostel,2025-10-24,Evening
1672,U0208,Telegram,Watch,Weather update,News,Productive,39.3,1,Outdoors,2025-01-01,Morning
1673,U0068,Facebook,Search,Local news,News,Productive,49.1,2,College,2025-12-10,Afternoon
1674,U0492,YouTube,Reels/Shorts,Language learning,Education,Productive,41.4,1,Office,2025-04-22,Evening
1675,U0175,Twitter/X,Reels/Shorts,Family chat,Communication,Productive,50,1,Home,2025-07-31,Morning
1676,U0338,Facebook,Reels/Shorts,Technology news,News,Productive,52.3,1,Commute,2025-07-30,Night
1677,U0251,Facebook,DM/Chat,Funny compilation,Entertainment,Distractive,35.6,4,Library,2025-12-07,Afternoon
1678,U0401,YouTube,Watch,Sports news,Sports,Distractive,1.3,3,Outdoors,2025-03-23,Morning
1679,U0144,Twitter/X,Explore,AI fundamentals,Education,Productive,7.5,2,Cafe,2025-03-14,Evening
1680,U0330,Udemy,Notification,Project management,Business,Productive,4.9,1,Outdoors,2025-06-28,Evening
1681,U0113,Zoom,Course Page,Technology news,News,Productive,57.8,1,Cafe,2025-03-24,Night
1682,U0370,Coursera,Course Page,Match highlights,Sports,Distractive,35.2,2,Office,2025-02-26,Evening
1683,U0291,Zoom,Notification,Random scrolling,Social Media,Distractive,72.2,4,Hostel,2025-01-11,Morning
1684,U0271,Zoom,DM/Chat,Team meeting,Communication,Productive,45.7,2,Office,2025-11-18,Night
1685,U0100,Amazon,Notification,Coding practice,Education,Productive,25.8,1,Commute,2025-01-01,Night
1686,U0322,Telegram,Watch,Business news,Business,Productive,42.1,2,Cafe,2025-10-28,Afternoon
1687,U0024,LinkedIn,Explore,Wishlist browsing,Commerce,Distractive,43,3,Library,2025-05-06,Evening
1688,U0009,Coursera,Notification,Follower count check,Social Media,Distractive,30.7,5,Library,2025-08-09,Late Night
1689,U0274,Coursera,Explore,Group chat,Communication,Productive,52.1,1,Library,2025-08-28,Night
1690,U0019,Facebook,DM/Chat,Group chat,Communication,Productive,44.5,2,Library,2025-07-09,Morning
1691,U0175,LinkedIn,Watch,Gaming,Entertainment,Distractive,58.2,5,Outdoors,2025-04-18,Morning
1692,U0353,WhatsApp,Watch,Weather update,News,Productive,47.7,1,Library,2025-01-23,Night
1693,U0258,Udemy,DM/Chat,Movie clips,Entertainment,Distractive,71.8,4,Commute,2025-02-21,Morning
1694,U0357,Instagram,Explore,Weather update,News,Productive,42.1,2,Commute,2025-08-20,Late Night
1695,U0376,Instagram,Watch,Stock market,Business,Productive,12.4,1,Office,2025-04-30,Morning
1696,U0116,Twitter/X,Search,Job search,Business,Productive,18.4,1,Home,2025-12-05,Night
1697,U0079,Twitter/X,Story,Stock market,Business,Productive,38,1,Cafe,2025-12-18,Night
1698,U0351,TikTok,Feed,Email,Communication,Productive,11.1,2,Home,2025-09-30,Afternoon
1699,U0118,Snapchat,DM/Chat,Shopping,Commerce,Distractive,7.5,2,Hostel,2025-02-25,Night
1700,U0089,Gmail,Search,Resume building,Business,Productive,49.9,2,Library,2025-08-18,Night
1701,U0152,Zoom,DM/Chat,Sports news,Sports,Distractive,83.4,3,Home,2025-04-11,Night
1702,U0378,WhatsApp,Reels/Shorts,Discount coupons,Commerce,Distractive,71.9,3,Office,2025-01-28,Afternoon
1703,U0410,TikTok,Search,Conference call,Communication,Productive,4.1,2,Office,2025-10-03,Afternoon
1704,U0043,Slack,Notification,Job search,Business,Productive,53.2,1,Library,2025-10-03,Late Night
1705,U0252,Zoom,Story,Influencer content,Social Media,Distractive,49.9,5,Office,2025-01-23,Night
1706,U0370,WhatsApp,Notification,Breaking news,News,Productive,9.7,1,Outdoors,2025-02-06,Night
1707,U0392,Snapchat,Watch,Voice message,Communication,Productive,59.6,2,Commute,2025-01-16,Morning
1708,U0247,Instagram,Reels/Shorts,Python tutorial,Education,Productive,20,1,College,2025-02-12,Afternoon
1709,U0345,YouTube,Feed,Project update,Communication,Productive,43.4,2,Commute,2025-06-10,Night
1710,U0277,Google Classroom,Watch,Conference call,Communication,Productive,10.4,2,Office,2025-11-04,Late Night
1711,U0404,Slack,Reels/Shorts,Sports news,Sports,Distractive,14.4,3,Cafe,2025-09-14,Late Night
1712,U0307,Udemy,Feed,Science experiment,Education,Productive,30.9,2,Outdoors,2025-01-14,Morning
1713,U0371,Coursera,Explore,Python tutorial,Education,Productive,21.4,2,Commute,2025-02-15,Evening
1714,U0117,TikTok,Reels/Shorts,Memes,Entertainment,Distractive,22,5,Office,2025-05-18,Late Night
1715,U0366,Flipkart,Watch,Follower count check,Social Media,Distractive,74.1,4,Hostel,2025-01-22,Late Night
1716,U0403,Telegram,DM/Chat,Physics lecture,Education,Productive,15.2,1,Outdoors,2025-11-13,Evening
1717,U0130,Facebook,Reels/Shorts,Excel tutorial,Education,Productive,4.6,1,Home,2025-03-04,Night
1718,U0256,Zoom,Watch,Conference call,Communication,Productive,57.8,1,Office,2025-10-08,Night
1719,U0125,TikTok,DM/Chat,Weather update,News,Productive,32.2,1,College,2025-07-24,Evening
1720,U0293,Facebook,Explore,Investment tips,Business,Productive,37.5,1,Cafe,2025-03-29,Late Night
1721,U0370,Snapchat,Feed,Viral video,Entertainment,Distractive,22.6,5,Hostel,2025-03-08,Evening
1722,U0485,Google Classroom,Watch,Online sale,Commerce,Distractive,8.3,2,Home,2025-07-19,Evening
1723,U0404,Flipkart,Watch,Online sale,Commerce,Distractive,78.1,3,Home,2025-04-06,Night
1724,U0492,Flipkart,Story,Local news,News,Productive,33.1,3,Office,2025-05-31,Afternoon
1725,U0295,TikTok,Watch,Exam preparation,Education,Productive,25.3,2,Cafe,2025-05-29,Late Night
1726,U0372,Flipkart,DM/Chat,Language learning,Education,Productive,33.8,1,Office,2025-05-22,Evening
1727,U0105,Amazon,Feed,Client proposal,Business,Productive,18.1,1,Home,2025-05-30,Afternoon
1728,U0203,Twitter/X,Notification,Breaking news,News,Productive,16.2,2,Commute,2025-12-29,Morning
1729,U0370,LinkedIn,Reels/Shorts,World news,News,Productive,6.6,1,Outdoors,2025-09-27,Night
1730,U0069,Twitter/X,DM/Chat,Conference call,Communication,Productive,36,1,Library,2025-09-10,Afternoon
1731,U0471,Coursera,Feed,Wishlist browsing,Commerce,Distractive,79.5,3,Home,2025-02-09,Morning
1732,U0457,LinkedIn,Course Page,Sports news,Sports,Distractive,86.5,3,Hostel,2025-10-10,Late Night
1733,U0172,Twitter/X,Feed,Python tutorial,Education,Productive,59.8,1,Home,2025-10-28,Morning
1734,U0327,Slack,Feed,Shopping,Commerce,Distractive,22.8,2,Hostel,2025-06-20,Night
1735,U0349,Google Classroom,Reels/Shorts,Sports news,Sports,Distractive,86.5,4,Hostel,2025-01-02,Late Night
1736,U0037,Flipkart,Search,Technology news,News,Productive,53.3,2,College,2025-06-09,Late Night
1737,U0245,LinkedIn,Notification,Conference call,Communication,Productive,18.2,2,Library,2025-07-23,Late Night
1738,U0309,Telegram,DM/Chat,Endless scrolling,Social Media,Distractive,16.2,4,Office,2025-04-21,Late Night
1739,U0131,Gmail,Watch,Business news,Business,Productive,20.8,1,Hostel,2025-02-09,Morning
1740,U0399,Slack,Notification,History lecture,Education,Productive,25,1,Home,2025-07-07,Morning
1741,U0060,TikTok,Explore,Trending hashtags,Social Media,Distractive,39.7,5,Home,2025-09-23,Morning
1742,U0185,YouTube,DM/Chat,Project management,Business,Productive,52.6,1,Home,2025-09-24,Afternoon
1743,U0482,Instagram,Explore,Fashion trends,Commerce,Distractive,14.7,2,Outdoors,2025-02-07,Evening
1744,U0261,Twitter/X,Watch,Current affairs,News,Productive,54,1,Commute,2025-01-27,Night
1745,U0269,Udemy,Course Page,Project management,Business,Productive,26,1,Office,2025-11-15,Afternoon
1746,U0400,LinkedIn,DM/Chat,Dance videos,Entertainment,Distractive,28.1,4,Home,2025-09-28,Night
1747,U0109,Coursera,Course Page,Political news,News,Productive,51.9,2,Office,2025-07-28,Morning
1748,U0311,LinkedIn,Feed,Local news,News,Productive,7,2,Commute,2025-08-20,Morning
1749,U0131,WhatsApp,Watch,Chemistry notes,Education,Productive,17.9,2,Office,2025-01-09,Night
1750,U0152,TikTok,Watch,Project management,Business,Productive,50,2,Outdoors,2025-02-15,Late Night
1751,U0396,TikTok,DM/Chat,Market analysis,Business,Productive,9.7,2,College,2025-05-31,Morning
1752,U0398,Twitter/X,Reels/Shorts,Comedy videos,Entertainment,Distractive,17.5,4,Library,2025-05-31,Afternoon
1753,U0328,Telegram,Feed,Fashion trends,Commerce,Distractive,89.1,2,Outdoors,2025-03-21,Night
1754,U0483,Instagram,Course Page,Project update,Communication,Productive,11.3,2,Library,2025-06-08,Late Night
1755,U0461,Coursera,Story,Weather update,News,Productive,40.5,3,Commute,2025-11-29,Afternoon
1756,U0073,Google Classroom,Feed,Investment tips,Business,Productive,53.9,1,Hostel,2025-12-06,Morning
1757,U0223,Facebook,Explore,Product review,Commerce,Distractive,53.6,2,Commute,2025-10-06,Afternoon
1758,U0288,TikTok,Story,Reels,Entertainment,Distractive,37.2,5,College,2025-04-21,Morning
1759,U0473,Facebook,DM/Chat,Cricket update,Sports,Distractive,72.8,2,Commute,2025-10-20,Evening
1760,U0436,Zoom,Explore,Client call,Communication,Productive,32.9,1,Library,2025-10-28,Evening
1761,U0223,Snapchat,Course Page,Celebrity,Entertainment,Distractive,68,4,Home,2025-01-04,Late Night
1762,U0039,YouTube,Reels/Shorts,Fashion trends,Commerce,Distractive,75.2,2,Hostel,2025-09-15,Afternoon
1763,U0029,Amazon,Feed,Colleague message,Communication,Productive,3.8,1,College,2025-07-12,Late Night
1764,U0101,WhatsApp,Story,Reels,Entertainment,Distractive,5.8,5,Hostel,2025-04-01,Late Night
1765,U0139,Facebook,Feed,Cricket update,Sports,Distractive,66,4,Library,2025-11-23,Evening
1766,U0372,Gmail,Watch,Physics lecture,Education,Productive,24.1,2,Home,2025-08-18,Afternoon
1767,U0473,Facebook,Search,Discount coupons,Commerce,Distractive,31.7,3,College,2025-09-09,Night
1768,U0102,WhatsApp,Watch,Shopping,Commerce,Distractive,3,2,Cafe,2025-02-04,Afternoon
1769,U0104,WhatsApp,Search,Technology news,News,Productive,57.3,1,Commute,2025-07-03,Afternoon
1770,U0435,Gmail,Notification,Like notifications,Social Media,Distractive,83.5,4,Outdoors,2025-01-06,Afternoon
1771,U0122,WhatsApp,Search,Investment tips,Business,Productive,1,1,College,2025-04-23,Night
1772,U0098,Udemy,Notification,Story updates,Social Media,Distractive,52,5,Commute,2025-07-12,Morning
1773,U0166,Google Classroom,Watch,Technology news,News,Productive,16.6,1,Home,2025-03-28,Late Night
1774,U0146,Google Classroom,Notification,Coding practice,Education,Productive,3.5,2,College,2025-08-09,Evening
1775,U0056,Twitter/X,Watch,Language learning,Education,Productive,50.1,2,Hostel,2025-08-29,Late Night
1776,U0328,Slack,Search,Client proposal,Business,Productive,55,2,College,2025-01-08,Afternoon
1777,U0280,LinkedIn,DM/Chat,Project update,Communication,Productive,16.4,1,Hostel,2025-03-29,Late Night
1778,U0449,Coursera,Explore,DM chat casual,Social Media,Distractive,78.1,5,Library,2025-10-04,Afternoon
1779,U0492,Amazon,Explore,Conference call,Communication,Productive,2.7,1,Library,2025-10-21,Night
1780,U0121,TikTok,Reels/Shorts,Physics lecture,Education,Productive,27.8,2,Home,2025-07-26,Night
1781,U0044,Instagram,Story,Flash deals,Commerce,Distractive,69,2,Hostel,2025-10-04,Afternoon
1782,U0008,Flipkart,Story,Networking,Business,Productive,40.8,1,College,2025-07-21,Evening
1783,U0038,Zoom,Explore,DM chat casual,Social Media,Distractive,51.7,4,College,2025-09-25,Afternoon
1784,U0320,Gmail,Feed,Freelance work,Business,Productive,33.9,2,Cafe,2025-05-01,Night
1785,U0340,Facebook,Feed,Gaming,Entertainment,Distractive,76.7,4,Home,2025-11-06,Afternoon
1786,U0434,Slack,Watch,Wishlist browsing,Commerce,Distractive,58.7,3,Cafe,2025-11-07,Evening
1787,U0047,Google Classroom,Story,Colleague message,Communication,Productive,27.7,1,Outdoors,2025-01-19,Night
1788,U0014,TikTok,Course Page,Story updates,Social Media,Distractive,35.8,4,Library,2025-10-04,Afternoon
1789,U0273,WhatsApp,Reels/Shorts,Sports news,Sports,Distractive,65,3,Outdoors,2025-09-11,Late Night
1790,U0265,Facebook,Explore,Cricket update,Sports,Distractive,46,4,Office,2025-03-08,Evening
1791,U0350,YouTube,Notification,Technology news,News,Productive,19.8,3,Home,2025-07-24,Afternoon
1792,U0373,Zoom,Feed,Political news,News,Productive,40.2,1,Commute,2025-07-19,Night
1793,U0138,Instagram,Reels/Shorts,DM chat casual,Social Media,Distractive,15.9,4,Office,2025-06-25,Evening
1794,U0096,Gmail,Explore,Movie clips,Entertainment,Distractive,18.5,5,Commute,2025-11-10,Evening
1795,U0492,Zoom,Explore,Local news,News,Productive,50,1,Library,2025-04-10,Late Night
1796,U0390,Snapchat,Watch,Voice message,Communication,Productive,5.7,2,Commute,2025-04-06,Late Night
1797,U0114,Amazon,Explore,DM chat casual,Social Media,Distractive,15.9,4,Office,2025-07-26,Late Night
1798,U0190,Flipkart,Reels/Shorts,Political news,News,Productive,14.2,3,College,2025-10-14,Night
1799,U0165,Slack,Watch,Endless scrolling,Social Media,Distractive,86.1,5,Commute,2025-01-09,Late Night
1800,U0423,Coursera,Feed,Sports news,Sports,Distractive,18.3,3,College,2025-12-12,Late Night
1801,U0138,Udemy,Search,Group chat,Communication,Productive,3.8,2,Commute,2025-10-25,Afternoon
1802,U0056,Twitter/X,Explore,Exam preparation,Education,Productive,19.1,2,Commute,2025-05-31,Night
1803,U0419,LinkedIn,DM/Chat,Follower count check,Social Media,Distractive,65.9,4,Commute,2025-11-14,Afternoon
1804,U0492,Coursera,Explore,Fashion trends,Commerce,Distractive,40.8,2,Commute,2025-01-24,Morning
1805,U0197,Google Classroom,Reels/Shorts,Memes,Entertainment,Distractive,4.1,4,Commute,2025-04-01,Night
1806,U0067,YouTube,Search,Family chat,Communication,Productive,45.7,2,Home,2025-05-20,Evening
1807,U0456,Slack,Notification,World news,News,Productive,51.5,3,Commute,2025-07-25,Afternoon
1808,U0227,Telegram,Feed,Freelance work,Business,Productive,57.4,2,Hostel,2025-08-19,Late Night
1809,U0278,Facebook,Course Page,Dance videos,Entertainment,Distractive,63.8,4,Commute,2025-12-09,Evening
1810,U0467,Amazon,Watch,Like notifications,Social Media,Distractive,16.8,5,Office,2025-06-05,Late Night
1811,U0080,Amazon,Feed,Group chat,Communication,Productive,9,2,Home,2025-01-21,Morning
1812,U0410,Coursera,Reels/Shorts,Gossip,Entertainment,Distractive,86.3,4,Office,2025-11-26,Morning
1813,U0105,Twitter/X,Feed,Follower count check,Social Media,Distractive,29.8,4,Outdoors,2025-01-18,Late Night
1814,U0318,LinkedIn,Watch,Flash deals,Commerce,Distractive,28,2,Hostel,2025-07-17,Late Night
1815,U0077,Coursera,Explore,Match highlights,Sports,Distractive,41,3,Outdoors,2025-05-30,Night
1816,U0270,Slack,Search,Coding practice,Education,Productive,55.2,2,Cafe,2025-04-18,Morning
1817,U0311,LinkedIn,Search,World news,News,Productive,12.2,1,College,2025-03-06,Afternoon
1818,U0126,Google Classroom,Reels/Shorts,Investment tips,Business,Productive,4.5,1,Home,2025-02-16,Late Night
1819,U0273,Snapchat,DM/Chat,Product review,Commerce,Distractive,64.9,3,Outdoors,2025-06-26,Morning
1820,U0246,Slack,Reels/Shorts,Client proposal,Business,Productive,40.2,2,Office,2025-04-03,Evening
1821,U0080,Flipkart,Notification,Sports news,Sports,Distractive,56.9,3,Outdoors,2025-03-11,Night
1822,U0124,WhatsApp,Notification,Science experiment,Education,Productive,49.2,1,Outdoors,2025-07-15,Late Night
1823,U0235,Snapchat,Course Page,Work discussion,Communication,Productive,57.7,1,Outdoors,2025-03-31,Morning
1824,U0089,Twitter/X,Search,Breaking news,News,Productive,57.4,2,Home,2025-06-16,Afternoon
1825,U0039,Telegram,Search,Startup news,Business,Productive,57.4,1,Hostel,2025-06-17,Late Night
1826,U0405,Coursera,Search,Prank videos,Entertainment,Distractive,29.9,4,Commute,2025-12-26,Afternoon
1827,U0378,Google Classroom,Watch,Political news,News,Productive,25.7,3,Outdoors,2025-11-27,Night
1828,U0134,TikTok,Watch,Match highlights,Sports,Distractive,23,2,Home,2025-10-20,Evening
1829,U0293,Snapchat,Course Page,TV show clip,Entertainment,Distractive,54.7,4,Outdoors,2025-01-02,Afternoon
1830,U0369,Snapchat,Feed,Client proposal,Business,Productive,20.5,1,Outdoors,2025-09-27,Night
1831,U0015,Amazon,Search,Team meeting,Communication,Productive,35.2,2,Library,2025-03-08,Afternoon
1832,U0136,TikTok,Feed,Email,Communication,Productive,33.3,2,Office,2025-01-20,Morning
1833,U0355,Gmail,Notification,Football clip,Sports,Distractive,45.8,4,Outdoors,2025-06-28,Afternoon
1834,U0009,Coursera,Notification,Follower count check,Social Media,Distractive,36.1,4,Home,2025-01-21,Afternoon
1835,U0035,TikTok,Reels/Shorts,Dance videos,Entertainment,Distractive,73.5,4,Commute,2025-02-26,Night
1836,U0340,WhatsApp,Feed,Story updates,Social Media,Distractive,70.3,4,Office,2025-10-28,Evening
1837,U0422,Twitter/X,Course Page,Exam preparation,Education,Productive,17.4,2,Library,2025-01-30,Late Night
1838,U0496,Telegram,Course Page,Current affairs,News,Productive,5.9,3,Outdoors,2025-02-17,Late Night
1839,U0061,YouTube,Search,Email,Communication,Productive,44.2,2,College,2025-04-17,Afternoon
1840,U0196,Facebook,Feed,Cricket update,Sports,Distractive,11.2,3,College,2025-03-01,Morning
1841,U0371,Snapchat,Feed,Shopping,Commerce,Distractive,11.8,2,Home,2025-08-17,Afternoon
1842,U0173,Twitter/X,DM/Chat,DM chat casual,Social Media,Distractive,4.3,4,Library,2025-08-09,Night
1843,U0077,Snapchat,Course Page,Weather update,News,Productive,39.4,1,Cafe,2025-09-24,Morning
1844,U0072,WhatsApp,Watch,Movie clips,Entertainment,Distractive,3,4,Hostel,2025-11-17,Late Night
1845,U0431,Facebook,Search,Endless scrolling,Social Media,Distractive,54.1,5,Hostel,2025-03-07,Morning
1846,U0413,Flipkart,Explore,Local news,News,Productive,50.5,2,College,2025-12-02,Morning
1847,U0118,Flipkart,Search,Local news,News,Productive,47,3,Outdoors,2025-01-09,Morning
1848,U0277,Zoom,DM/Chat,Live score,Sports,Distractive,38.7,2,Commute,2025-10-09,Evening
1849,U0014,Facebook,DM/Chat,Like notifications,Social Media,Distractive,76.3,5,Cafe,2025-02-08,Afternoon
1850,U0286,Telegram,Reels/Shorts,Client proposal,Business,Productive,22.3,1,Office,2025-09-03,Afternoon
1851,U0442,Snapchat,Feed,Sports news,Sports,Distractive,40.4,2,College,2025-08-09,Night
1852,U0134,Facebook,Search,Web development course,Education,Productive,51.7,1,College,2025-06-25,Evening
1853,U0316,Coursera,Watch,Investment tips,Business,Productive,2.9,1,Home,2025-03-05,Morning
1854,U0190,Gmail,Story,Like notifications,Social Media,Distractive,38.7,5,Cafe,2025-11-15,Morning
1855,U0246,Flipkart,Story,Football clip,Sports,Distractive,26.4,4,Office,2025-05-07,Evening
1856,U0394,Gmail,Explore,Email,Communication,Productive,1.2,2,Home,2025-10-12,Morning
1857,U0052,YouTube,DM/Chat,Conference call,Communication,Productive,2.6,1,Hostel,2025-10-11,Afternoon
1858,U0265,WhatsApp,Course Page,Cricket update,Sports,Distractive,15.4,3,Home,2025-10-06,Morning
1859,U0361,Gmail,Reels/Shorts,Colleague message,Communication,Productive,9.7,2,Home,2025-02-25,Evening
1860,U0028,Twitter/X,Notification,AI fundamentals,Education,Productive,3.5,1,Outdoors,2025-02-22,Afternoon
1861,U0489,WhatsApp,Feed,Match highlights,Sports,Distractive,73.4,3,Cafe,2025-07-04,Late Night
1862,U0290,Twitter/X,Explore,TV show clip,Entertainment,Distractive,16.6,5,Library,2025-01-13,Morning
1863,U0255,Slack,Story,Online sale,Commerce,Distractive,40.8,3,Hostel,2025-11-02,Evening
1864,U0081,Instagram,Story,Research paper,Education,Productive,12.7,1,Library,2025-11-07,Night
1865,U0033,TikTok,Explore,Sports news,Sports,Distractive,74.3,3,College,2025-06-30,Late Night
1866,U0218,Udemy,Feed,World news,News,Productive,2.9,1,Cafe,2025-07-26,Night
1867,U0249,Instagram,Reels/Shorts,Client call,Communication,Productive,47.9,2,Home,2025-08-17,Late Night
1868,U0279,YouTube,Feed,Live score,Sports,Distractive,67.7,3,Cafe,2025-10-27,Afternoon
1869,U0022,Instagram,Story,Family chat,Communication,Productive,15.7,2,College,2025-06-12,Afternoon
1870,U0332,Udemy,Explore,Celebrity,Entertainment,Distractive,70.7,5,Outdoors,2025-11-24,Afternoon
1871,U0384,Gmail,Reels/Shorts,Team meeting,Communication,Productive,49,2,Hostel,2025-11-05,Late Night
1872,U0249,TikTok,Reels/Shorts,Shorts,Entertainment,Distractive,14.2,5,Outdoors,2025-05-27,Morning
1873,U0108,Coursera,DM/Chat,Football clip,Sports,Distractive,75,3,Commute,2025-08-12,Afternoon
1874,U0435,Instagram,Reels/Shorts,Shorts,Entertainment,Distractive,64.3,5,Cafe,2025-03-26,Night
1875,U0211,Gmail,Feed,Stock market,Business,Productive,31.4,1,Office,2025-02-24,Morning
1876,U0351,Zoom,Reels/Shorts,Online certification,Education,Productive,51.1,1,College,2025-05-01,Evening
1877,U0016,WhatsApp,Course Page,Match highlights,Sports,Distractive,86.7,2,Cafe,2025-12-05,Late Night
1878,U0485,Zoom,Watch,Conference call,Communication,Productive,32.6,2,Office,2025-03-03,Night
1879,U0032,Slack,Story,Trending hashtags,Social Media,Distractive,40,5,Home,2025-10-04,Afternoon
1880,U0195,Telegram,Course Page,Math tutorial,Education,Productive,19.9,1,College,2025-04-03,Afternoon
1881,U0139,WhatsApp,Reels/Shorts,Client call,Communication,Productive,56.1,2,Outdoors,2025-12-12,Late Night
1882,U0341,Slack,Search,Startup news,Business,Productive,28.3,2,Hostel,2025-10-24,Night
1883,U0217,Flipkart,DM/Chat,Math tutorial,Education,Productive,43.1,1,Cafe,2025-02-15,Late Night
1884,U0146,YouTube,Course Page,Voice message,Communication,Productive,54.1,2,Library,2025-04-01,Night
1885,U0094,TikTok,Story,Political news,News,Productive,7.3,3,Outdoors,2025-10-25,Night
1886,U0220,Google Classroom,Explore,Celebrity,Entertainment,Distractive,35.2,5,Library,2025-05-16,Late Night
1887,U0288,Slack,Watch,Math tutorial,Education,Productive,9.9,2,Outdoors,2025-01-06,Afternoon
1888,U0423,Facebook,Search,Influencer content,Social Media,Distractive,88.3,5,Commute,2025-10-24,Afternoon
1889,U0205,Instagram,Notification,Product review,Commerce,Distractive,87.1,2,Library,2025-05-17,Late Night
1890,U0386,Telegram,Search,Weather update,News,Productive,59.1,1,Hostel,2025-09-03,Afternoon
1891,U0038,WhatsApp,Explore,Football clip,Sports,Distractive,3,4,College,2025-02-15,Evening
1892,U0056,Coursera,Story,World news,News,Productive,40,1,Office,2025-04-15,Night
1893,U0165,Telegram,Feed,Breaking news,News,Productive,21.2,2,Library,2025-01-23,Evening
1894,U0075,Instagram,Search,Work discussion,Communication,Productive,22.3,2,Cafe,2025-06-04,Night
1895,U0141,Telegram,Story,Shorts,Entertainment,Distractive,58.9,4,Library,2025-12-23,Evening
1896,U0065,TikTok,Reels/Shorts,Interview preparation,Education,Productive,28.7,2,Outdoors,2025-02-03,Late Night
1897,U0041,TikTok,Course Page,Celebrity,Entertainment,Distractive,75.2,4,Office,2025-02-19,Evening
1898,U0471,Slack,Reels/Shorts,Sports news,Sports,Distractive,71.1,3,Commute,2025-11-15,Afternoon
1899,U0203,Zoom,Notification,Wishlist browsing,Commerce,Distractive,38.6,3,Library,2025-12-24,Late Night
1900,U0302,TikTok,Watch,Sports news,Sports,Distractive,62.3,4,College,2025-06-17,Evening
1901,U0185,LinkedIn,Reels/Shorts,Trending challenge,Entertainment,Distractive,55.6,4,Office,2025-01-30,Night
1902,U0350,YouTube,Story,Local news,News,Productive,7.7,2,Outdoors,2025-02-10,Night
1903,U0052,Twitter/X,Explore,Language learning,Education,Productive,19.5,2,Hostel,2025-12-30,Afternoon
1904,U0336,YouTube,Explore,Trending challenge,Entertainment,Distractive,44.2,5,Home,2025-01-13,Late Night
1905,U0350,Slack,Watch,Memes,Entertainment,Distractive,16.9,5,Cafe,2025-07-12,Night
1906,U0008,Udemy,Explore,Viral video,Entertainment,Distractive,5.5,5,Hostel,2025-05-15,Afternoon
1907,U0293,Flipkart,Course Page,Trending challenge,Entertainment,Distractive,68.3,5,Commute,2025-10-03,Morning
1908,U0125,Coursera,DM/Chat,Sports news,Sports,Distractive,70.5,3,Home,2025-08-06,Afternoon
1909,U0359,TikTok,Search,Random scrolling,Social Media,Distractive,77,5,Office,2025-08-03,Evening
1910,U0005,TikTok,Story,Celebrity,Entertainment,Distractive,54.7,4,Commute,2025-04-28,Morning
1911,U0494,LinkedIn,Search,Online sale,Commerce,Distractive,14.5,2,Office,2025-08-20,Night
1912,U0054,TikTok,Search,Cricket update,Sports,Distractive,69,3,College,2025-07-19,Morning
1913,U0328,LinkedIn,Reels/Shorts,Email,Communication,Productive,23,2,Cafe,2025-10-01,Late Night
1914,U0287,Instagram,Reels/Shorts,Shopping,Commerce,Distractive,43.2,2,Hostel,2025-09-04,Night
1915,U0070,Snapchat,Story,Job search,Business,Productive,27.2,1,Home,2025-05-20,Night
1916,U0105,Snapchat,Explore,Discount coupons,Commerce,Distractive,7.8,3,College,2025-03-26,Morning
1917,U0237,Amazon,DM/Chat,Prank videos,Entertainment,Distractive,39.3,5,Hostel,2025-09-30,Morning
1918,U0356,Zoom,Notification,Story updates,Social Media,Distractive,16.6,5,Office,2025-03-05,Late Night
1919,U0347,Zoom,Story,Weather update,News,Productive,48,2,Cafe,2025-01-25,Morning
1920,U0433,Flipkart,Watch,Product review,Commerce,Distractive,59,3,Commute,2025-03-16,Afternoon
1921,U0315,Twitter/X,Search,Group chat,Communication,Productive,56.1,1,Outdoors,2025-05-27,Late Night
1922,U0341,WhatsApp,Course Page,Football clip,Sports,Distractive,40,4,Hostel,2025-04-16,Afternoon
1923,U0420,Snapchat,Feed,Movie clips,Entertainment,Distractive,18.1,5,Hostel,2025-12-17,Afternoon
1924,U0493,Instagram,Notification,Project update,Communication,Productive,4.6,2,College,2025-11-07,Night
1925,U0312,Zoom,Story,World news,News,Productive,43.2,1,Library,2025-01-17,Night
1926,U0452,Slack,Search,Political news,News,Productive,16.7,3,Library,2025-06-19,Afternoon
1927,U0259,LinkedIn,Notification,Gaming,Entertainment,Distractive,7.2,4,Hostel,2025-08-14,Night
1928,U0134,Flipkart,Search,Reels,Entertainment,Distractive,25.8,5,Cafe,2025-12-10,Evening
1929,U0318,Twitter/X,Notification,Viral video,Entertainment,Distractive,79.2,4,College,2025-09-01,Late Night
1930,U0064,LinkedIn,Feed,Technology news,News,Productive,38.9,3,Commute,2025-05-04,Late Night
1931,U0297,Slack,Notification,Market analysis,Business,Productive,40,2,Hostel,2025-11-15,Late Night
1932,U0360,YouTube,Watch,Flash deals,Commerce,Distractive,89.4,2,Commute,2025-09-04,Late Night
1933,U0019,Zoom,Course Page,Client proposal,Business,Productive,41.2,1,Cafe,2025-07-12,Afternoon
1934,U0304,Zoom,Search,Family chat,Communication,Productive,16.8,2,Library,2025-10-13,Afternoon
1935,U0331,Coursera,DM/Chat,Match highlights,Sports,Distractive,51.6,4,College,2025-03-19,Morning
1936,U0286,Snapchat,DM/Chat,Live score,Sports,Distractive,88.5,3,Home,2025-12-31,Late Night
1937,U0090,LinkedIn,Feed,Breaking news,News,Productive,49.2,1,Home,2025-04-05,Afternoon
1938,U0466,Slack,Explore,Python tutorial,Education,Productive,28.2,1,Hostel,2025-02-28,Morning
1939,U0191,TikTok,Reels/Shorts,Chemistry notes,Education,Productive,1.7,2,College,2025-06-01,Afternoon
1940,U0476,Google Classroom,Feed,Discount coupons,Commerce,Distractive,82.6,2,Library,2025-10-11,Evening
1941,U0329,Slack,Feed,Trending hashtags,Social Media,Distractive,71,4,Cafe,2025-08-04,Late Night
1942,U0018,Google Classroom,Explore,Job search,Business,Productive,52.1,2,Commute,2025-12-13,Morning
1943,U0484,Gmail,Explore,Research paper,Education,Productive,55,1,Home,2025-07-09,Evening
1944,U0498,WhatsApp,Story,Like notifications,Social Media,Distractive,2.7,5,Home,2025-08-12,Night
1945,U0445,WhatsApp,Reels/Shorts,Fashion trends,Commerce,Distractive,2.2,3,Hostel,2025-07-09,Evening
1946,U0315,Google Classroom,Feed,Group chat,Communication,Productive,48.7,1,Commute,2025-02-21,Night
1947,U0281,Slack,Feed,TV show clip,Entertainment,Distractive,33.7,4,Library,2025-08-09,Night
1948,U0311,Facebook,Explore,Political news,News,Productive,32.5,3,Hostel,2025-03-23,Night
1949,U0350,Coursera,Notification,Live score,Sports,Distractive,39.6,4,College,2025-08-30,Late Night
1950,U0233,Flipkart,Feed,Football clip,Sports,Distractive,34,2,Hostel,2025-04-03,Evening
1951,U0483,TikTok,Feed,Family chat,Communication,Productive,41.9,2,Library,2025-03-06,Morning
1952,U0155,Flipkart,Course Page,Email,Communication,Productive,51.1,2,Office,2025-07-14,Morning
1953,U0262,Flipkart,Search,Conference call,Communication,Productive,56.5,1,Outdoors,2025-07-04,Evening
1954,U0250,Udemy,Course Page,Influencer content,Social Media,Distractive,26.9,5,College,2025-12-10,Afternoon
1955,U0312,WhatsApp,Reels/Shorts,Web series clip,Entertainment,Distractive,49.2,4,Office,2025-05-24,Morning
1956,U0301,Zoom,Search,Online sale,Commerce,Distractive,15.5,3,Outdoors,2025-06-21,Late Night
1957,U0178,Zoom,Story,Project update,Communication,Productive,16.7,1,Office,2025-02-23,Late Night
1958,U0073,YouTube,Story,Gossip,Entertainment,Distractive,39.7,5,Office,2025-01-02,Late Night
1959,U0113,Instagram,Feed,Freelance work,Business,Productive,56.3,2,Home,2025-02-02,Night
1960,U0091,YouTube,Course Page,Like notifications,Social Media,Distractive,16.3,5,Office,2025-05-23,Night
1961,U0094,Zoom,Feed,Market analysis,Business,Productive,4.4,2,Outdoors,2025-09-24,Late Night
1962,U0483,Gmail,DM/Chat,LinkedIn post,Business,Productive,6.3,2,Hostel,2025-02-07,Night
1963,U0295,WhatsApp,Feed,Endless scrolling,Social Media,Distractive,71,5,Home,2025-02-16,Morning
1964,U0219,Gmail,Reels/Shorts,Endless scrolling,Social Media,Distractive,88.3,4,College,2025-06-11,Afternoon
1965,U0017,Coursera,Course Page,Video call,Communication,Productive,4.1,2,Office,2025-04-13,Morning
1966,U0450,Amazon,Feed,Live score,Sports,Distractive,1.4,3,Outdoors,2025-05-12,Morning
1967,U0285,Coursera,Search,Trending challenge,Entertainment,Distractive,72,5,Outdoors,2025-07-31,Late Night
1968,U0212,Flipkart,Search,World news,News,Productive,36.1,2,Cafe,2025-08-30,Morning
1969,U0019,Udemy,DM/Chat,Family chat,Communication,Productive,48.5,1,College,2025-04-20,Morning
1970,U0036,Facebook,Story,Trending challenge,Entertainment,Distractive,69.9,4,Hostel,2025-04-24,Afternoon
1971,U0216,Flipkart,Course Page,Sports news,Sports,Distractive,23.8,2,Library,2025-06-22,Afternoon
1972,U0281,Telegram,Feed,SQL tutorial,Education,Productive,45,2,Outdoors,2025-04-10,Late Night
1973,U0410,Google Classroom,Notification,Local news,News,Productive,30.7,2,Cafe,2025-04-01,Evening
1974,U0028,Google Classroom,Explore,Technology news,News,Productive,55,3,Home,2025-06-19,Evening
1975,U0187,YouTube,Explore,Cricket update,Sports,Distractive,33,3,Commute,2025-06-30,Morning
1976,U0022,Snapchat,Feed,Online sale,Commerce,Distractive,53.9,2,Commute,2025-06-16,Morning
1977,U0237,Instagram,Reels/Shorts,Sports news,Sports,Distractive,80.2,4,College,2025-02-12,Morning
1978,U0028,Facebook,Story,Shopping,Commerce,Distractive,72.7,2,Outdoors,2025-12-16,Night
1979,U0350,TikTok,Story,Networking,Business,Productive,55.2,1,Commute,2025-05-18,Morning
1980,U0447,Facebook,Search,Stock market,Business,Productive,26.8,1,Commute,2025-10-17,Evening
1981,U0442,Telegram,Feed,Python tutorial,Education,Productive,5.7,1,College,2025-06-22,Afternoon
1982,U0052,Gmail,Story,Freelance work,Business,Productive,2.9,2,Cafe,2025-01-23,Night
1983,U0346,Gmail,Notification,Match highlights,Sports,Distractive,5.4,2,Commute,2025-12-29,Late Night
1984,U0111,WhatsApp,Feed,Endless scrolling,Social Media,Distractive,1.9,4,Hostel,2025-05-28,Late Night
1985,U0220,LinkedIn,Feed,Gaming,Entertainment,Distractive,25.7,4,Office,2025-01-17,Afternoon
1986,U0451,WhatsApp,Reels/Shorts,Chemistry notes,Education,Productive,33,2,College,2025-04-24,Evening
1987,U0186,Flipkart,DM/Chat,Market analysis,Business,Productive,54.6,2,Commute,2025-03-17,Morning
1988,U0204,YouTube,Explore,Shopping,Commerce,Distractive,86.8,2,Home,2025-11-26,Morning
1989,U0023,WhatsApp,Notification,Discount coupons,Commerce,Distractive,35.4,2,Outdoors,2025-09-02,Evening
1990,U0292,Zoom,Search,Technology news,News,Productive,43.3,3,Library,2025-12-06,Afternoon
1991,U0389,Coursera,Feed,Dance videos,Entertainment,Distractive,1.2,5,Outdoors,2025-08-23,Night
1992,U0253,Instagram,DM/Chat,Freelance work,Business,Productive,10.5,2,Commute,2025-01-06,Morning
1993,U0236,Zoom,Search,Technology news,News,Productive,54,2,Office,2025-05-27,Morning
1994,U0439,Snapchat,Search,Movie clips,Entertainment,Distractive,20.5,4,Library,2025-06-07,Evening
1995,U0183,YouTube,Feed,Group chat,Communication,Productive,38.9,1,Hostel,2025-12-13,Morning
1996,U0046,Telegram,Notification,Current affairs,News,Productive,15.9,3,Home,2025-03-19,Morning
1997,U0491,Coursera,Search,Fashion trends,Commerce,Distractive,55.8,3,Home,2025-05-25,Evening
1998,U0304,Gmail,Story,Sports news,Sports,Distractive,77.3,4,Office,2025-02-14,Afternoon
1999,U0409,TikTok,Feed,Product review,Commerce,Distractive,21.6,2,Library,2025-08-03,Afternoon
2000,U0238,Flipkart,Story,Coding practice,Education,Productive,31.7,2,College,2025-05-11,Night
2001,U0366,Instagram,Course Page,Excel tutorial,Education,Productive,7.8,1,Commute,2025-03-24,Afternoon
2002,U0465,Telegram,Search,Online certification,Education,Productive,6.8,1,Office,2025-02-04,Evening
2003,U0258,Instagram,Story,Conference call,Communication,Productive,34.4,2,Hostel,2025-02-24,Morning
2004,U0354,Amazon,Notification,Online sale,Commerce,Distractive,50,3,Commute,2025-10-19,Night
2005,U0385,LinkedIn,Explore,Match highlights,Sports,Distractive,50.5,4,Home,2025-12-29,Morning
2006,U0261,Twitter/X,Reels/Shorts,Trending hashtags,Social Media,Distractive,49.7,5,Hostel,2025-11-08,Afternoon
2007,U0264,Zoom,Story,Match highlights,Sports,Distractive,86.6,4,Cafe,2025-01-28,Morning
2008,U0275,Snapchat,Feed,Networking,Business,Productive,4.2,2,Library,2025-11-11,Evening
2009,U0250,Facebook,Search,Investment tips,Business,Productive,4.5,1,College,2025-05-23,Evening
2010,U0364,Slack,Reels/Shorts,Comedy videos,Entertainment,Distractive,6.9,4,Commute,2025-10-23,Late Night
2011,U0480,Facebook,Feed,Local news,News,Productive,8.5,1,Library,2025-01-26,Evening
2012,U0125,Facebook,Course Page,Job search,Business,Productive,30.4,1,Office,2025-12-23,Morning
2013,U0130,Facebook,Notification,Trending hashtags,Social Media,Distractive,9.3,4,Commute,2025-01-25,Night
2014,U0236,YouTube,Story,Online sale,Commerce,Distractive,64.7,2,Library,2025-08-14,Night
2015,U0307,Coursera,Search,Like notifications,Social Media,Distractive,69.3,4,Home,2025-11-30,Afternoon
2016,U0384,Udemy,Watch,Work discussion,Communication,Productive,23.3,1,Home,2025-03-23,Late Night
2017,U0199,Zoom,DM/Chat,Current affairs,News,Productive,50.7,1,Cafe,2025-02-04,Late Night
2018,U0257,WhatsApp,DM/Chat,Online sale,Commerce,Distractive,84.6,2,Hostel,2025-09-07,Morning
2019,U0197,Flipkart,Explore,Skill development,Education,Productive,50.6,2,Hostel,2025-08-24,Morning
2020,U0031,Facebook,Reels/Shorts,Local news,News,Productive,34.6,2,Hostel,2025-07-05,Evening
2021,U0351,Google Classroom,Feed,Dance videos,Entertainment,Distractive,40.2,5,Hostel,2025-07-20,Afternoon
2022,U0098,Telegram,Story,Comedy videos,Entertainment,Distractive,1.8,4,Hostel,2025-03-27,Night
2023,U0496,Facebook,Explore,Networking,Business,Productive,53,2,College,2025-02-15,Evening
2024,U0357,Telegram,Search,Resume building,Business,Productive,55.3,1,Commute,2025-12-02,Late Night
2025,U0486,LinkedIn,Notification,Random scrolling,Social Media,Distractive,76.7,4,Home,2025-10-01,Night
2026,U0293,Facebook,DM/Chat,Family chat,Communication,Productive,43.7,2,College,2025-12-03,Late Night
2027,U0485,Twitter/X,Notification,Product review,Commerce,Distractive,31.2,2,Library,2025-03-10,Evening
2028,U0487,YouTube,Story,Match highlights,Sports,Distractive,48.3,3,Library,2025-05-06,Evening
2029,U0256,Coursera,Reels/Shorts,World news,News,Productive,5.6,1,Commute,2025-12-09,Late Night
2030,U0346,Zoom,Story,Shopping,Commerce,Distractive,77.9,3,Hostel,2025-12-20,Late Night
2031,U0485,Gmail,Explore,TV show clip,Entertainment,Distractive,53.2,5,Cafe,2025-11-22,Evening
2032,U0477,Telegram,Story,Political news,News,Productive,34.3,1,Cafe,2025-07-21,Night
2033,U0176,Telegram,DM/Chat,Discount coupons,Commerce,Distractive,81.6,2,Office,2025-02-10,Afternoon
2034,U0418,Instagram,Story,Gossip,Entertainment,Distractive,83.4,4,Cafe,2025-09-18,Morning
2035,U0204,Facebook,Story,Story updates,Social Media,Distractive,71,5,Commute,2025-10-22,Night
2036,U0189,LinkedIn,DM/Chat,Funny compilation,Entertainment,Distractive,2.2,4,Cafe,2025-03-11,Afternoon
2037,U0334,TikTok,Reels/Shorts,Client call,Communication,Productive,56.1,1,Cafe,2025-01-27,Evening
2038,U0368,Telegram,Reels/Shorts,Breaking news,News,Productive,18.8,1,Commute,2025-06-08,Afternoon
2039,U0331,Coursera,Course Page,AI fundamentals,Education,Productive,14.3,2,Home,2025-01-16,Late Night
2040,U0229,Snapchat,Search,Project update,Communication,Productive,56,2,College,2025-07-08,Late Night
2041,U0456,Amazon,Search,Conference call,Communication,Productive,13.3,2,Cafe,2025-04-01,Night
2042,U0446,Udemy,Feed,Sports news,Sports,Distractive,11,3,Library,2025-11-26,Afternoon
2043,U0068,Amazon,Search,Chemistry notes,Education,Productive,14.1,2,Outdoors,2025-08-25,Night
2044,U0467,Telegram,DM/Chat,Fashion trends,Commerce,Distractive,18.4,3,Home,2025-02-27,Evening
2045,U0167,Facebook,Course Page,Machine Learning,Education,Productive,56,2,College,2025-01-13,Evening
2046,U0159,Facebook,Course Page,Machine Learning,Education,Productive,51.5,1,Office,2025-03-07,Morning
2047,U0355,Twitter/X,Reels/Shorts,Freelance work,Business,Productive,26.1,2,Cafe,2025-04-27,Late Night
2048,U0063,Slack,Reels/Shorts,Team meeting,Communication,Productive,30.2,2,Office,2025-01-18,Afternoon
2049,U0308,Flipkart,Story,Technology news,News,Productive,42.8,3,Hostel,2025-04-01,Morning
2050,U0424,Coursera,Story,Startup news,Business,Productive,8.5,2,Commute,2025-11-12,Evening
2051,U0098,Snapchat,Search,Breaking news,News,Productive,38.8,1,Outdoors,2025-04-27,Late Night
2052,U0067,Flipkart,Course Page,Stock market,Business,Productive,41.8,2,Library,2025-07-01,Afternoon
2053,U0047,WhatsApp,Notification,Technology news,News,Productive,21.7,2,Home,2025-08-29,Night
2054,U0414,YouTube,Notification,Competitive exam tips,Education,Productive,12.1,2,Outdoors,2025-03-03,Late Night
2055,U0052,YouTube,Reels/Shorts,Job search,Business,Productive,1.8,2,College,2025-03-21,Night
2056,U0274,WhatsApp,Course Page,Trending hashtags,Social Media,Distractive,60.3,4,Hostel,2025-12-29,Evening
2057,U0108,Twitter/X,Story,Web series clip,Entertainment,Distractive,40.4,5,Cafe,2025-03-09,Afternoon
2058,U0387,Facebook,Search,Local news,News,Productive,55.3,1,Home,2025-11-21,Morning
2059,U0092,Flipkart,Notification,Music video,Entertainment,Distractive,89.1,4,Office,2025-12-07,Afternoon
2060,U0336,TikTok,Search,Like notifications,Social Media,Distractive,74.1,4,Commute,2025-04-19,Evening
2061,U0140,Udemy,DM/Chat,SQL tutorial,Education,Productive,4.9,1,College,2025-09-30,Morning
2062,U0118,Zoom,Reels/Shorts,Wishlist browsing,Commerce,Distractive,74.7,3,Home,2025-09-06,Evening
2063,U0090,Facebook,Feed,Shorts,Entertainment,Distractive,80.1,5,College,2025-04-23,Night
2064,U0337,Slack,Watch,Wishlist browsing,Commerce,Distractive,60.1,2,Library,2025-10-20,Night
2065,U0129,Amazon,Watch,Like notifications,Social Media,Distractive,71.4,4,Home,2025-07-05,Evening
2066,U0290,Flipkart,Reels/Shorts,Email,Communication,Productive,26.3,1,Cafe,2025-02-06,Morning
2067,U0304,Zoom,Feed,Follower count check,Social Media,Distractive,51.7,5,College,2025-10-23,Night
2068,U0412,Gmail,Notification,Weather update,News,Productive,30.3,2,Office,2025-01-31,Night
2069,U0037,Zoom,Search,Coding practice,Education,Productive,26.6,1,Office,2025-12-08,Morning
2070,U0385,WhatsApp,Search,Live score,Sports,Distractive,28.4,2,Library,2025-10-20,Afternoon
2071,U0290,Gmail,Notification,Flash deals,Commerce,Distractive,51.4,3,Outdoors,2025-07-27,Morning
2072,U0409,Snapchat,Explore,Match highlights,Sports,Distractive,44.7,2,Outdoors,2025-04-29,Morning
2073,U0494,TikTok,Feed,Networking,Business,Productive,28.2,2,Commute,2025-12-23,Late Night
2074,U0461,Flipkart,DM/Chat,Football clip,Sports,Distractive,75.8,3,Library,2025-11-20,Late Night
2075,U0345,WhatsApp,Explore,Comedy videos,Entertainment,Distractive,30.3,4,Library,2025-01-16,Late Night
2076,U0181,LinkedIn,Search,Story updates,Social Media,Distractive,5.1,4,College,2025-10-28,Morning
2077,U0004,TikTok,Watch,Skill development,Education,Productive,59.6,2,Outdoors,2025-05-26,Night
2078,U0341,Telegram,Notification,Python tutorial,Education,Productive,28.4,1,Cafe,2025-06-08,Late Night
2079,U0418,Google Classroom,Course Page,Fashion trends,Commerce,Distractive,53.8,3,Cafe,2025-02-15,Night
2080,U0209,Telegram,Feed,Technology news,News,Productive,16.2,2,Commute,2025-01-17,Morning
2081,U0219,Coursera,Course Page,Political news,News,Productive,12.8,2,Hostel,2025-05-20,Late Night
2082,U0357,WhatsApp,Reels/Shorts,Client proposal,Business,Productive,53.1,2,Commute,2025-03-12,Late Night
2083,U0189,Twitter/X,Feed,Online sale,Commerce,Distractive,62.8,3,Outdoors,2025-01-05,Afternoon
2084,U0121,Slack,Search,Influencer content,Social Media,Distractive,42.2,4,Library,2025-08-07,Evening
2085,U0179,Slack,Notification,Voice message,Communication,Productive,50.6,2,Commute,2025-11-10,Night
2086,U0158,Coursera,Watch,Viral video,Entertainment,Distractive,87.5,5,Cafe,2025-05-30,Afternoon
2087,U0427,LinkedIn,Explore,Reels,Entertainment,Distractive,51.7,5,Library,2025-11-08,Afternoon
2088,U0009,Google Classroom,DM/Chat,Music video,Entertainment,Distractive,52.2,5,Cafe,2025-07-29,Evening
2089,U0371,YouTube,Story,Networking,Business,Productive,30.5,1,Office,2025-11-06,Night
2090,U0458,Slack,Watch,Weather update,News,Productive,6.9,3,Office,2025-02-23,Morning
2091,U0155,Snapchat,Reels/Shorts,Match highlights,Sports,Distractive,77.6,2,Home,2025-09-03,Evening
2092,U0126,Telegram,Story,Trending hashtags,Social Media,Distractive,31,5,Office,2025-03-06,Morning
2093,U0371,Zoom,Explore,Machine Learning,Education,Productive,51,2,Hostel,2025-02-02,Afternoon
2094,U0399,Instagram,Search,Weather update,News,Productive,53.9,1,Commute,2025-02-24,Afternoon
2095,U0299,Amazon,Explore,Team meeting,Communication,Productive,52,2,Hostel,2025-04-08,Evening
2096,U0362,Telegram,Reels/Shorts,DM chat casual,Social Media,Distractive,83.1,4,Library,2025-02-05,Evening
2097,U0115,Zoom,Story,Random scrolling,Social Media,Distractive,36.3,4,Library,2025-02-13,Morning
2098,U0018,Google Classroom,Search,Endless scrolling,Social Media,Distractive,18,4,Hostel,2025-03-22,Afternoon
2099,U0010,Gmail,Watch,Breaking news,News,Productive,11.8,2,Hostel,2025-04-17,Morning
2100,U0017,Telegram,Notification,Prank videos,Entertainment,Distractive,67,5,Hostel,2025-10-04,Morning
2101,U0225,TikTok,Feed,Story updates,Social Media,Distractive,14.6,5,College,2025-11-28,Night
2102,U0030,Zoom,DM/Chat,Reels,Entertainment,Distractive,89.4,5,Cafe,2025-04-17,Evening
2103,U0174,YouTube,Search,Job search,Business,Productive,10.6,2,Cafe,2025-08-05,Night
2104,U0005,Snapchat,DM/Chat,Client proposal,Business,Productive,12.9,2,Office,2025-11-16,Afternoon
2105,U0450,Amazon,Explore,Stock market,Business,Productive,34.8,1,College,2025-04-21,Afternoon
2106,U0376,Coursera,DM/Chat,Language learning,Education,Productive,16,1,Outdoors,2025-08-14,Morning
2107,U0073,Gmail,Story,Colleague message,Communication,Productive,56,2,Home,2025-08-13,Night
2108,U0329,Flipkart,Story,Football clip,Sports,Distractive,23.2,4,Home,2025-03-30,Evening
2109,U0121,WhatsApp,Search,Trending hashtags,Social Media,Distractive,82,4,Cafe,2025-09-07,Afternoon
2110,U0485,Facebook,Feed,Research paper,Education,Productive,8.5,2,Cafe,2025-08-23,Morning
2111,U0452,Snapchat,Search,Exam preparation,Education,Productive,40.1,2,Office,2025-05-30,Morning
2112,U0329,Telegram,Watch,Endless scrolling,Social Media,Distractive,59.8,5,Outdoors,2025-02-22,Night
2113,U0198,Telegram,Reels/Shorts,Sports news,Sports,Distractive,56.4,3,Office,2025-05-16,Morning
2114,U0093,Facebook,Course Page,Trending hashtags,Social Media,Distractive,57,5,Commute,2025-09-16,Morning
2115,U0469,Amazon,Explore,Freelance work,Business,Productive,24.3,1,Cafe,2025-12-31,Evening
2116,U0067,Coursera,DM/Chat,Job search,Business,Productive,27.6,2,College,2025-04-06,Morning
2117,U0353,LinkedIn,Notification,Group chat,Communication,Productive,28,1,Home,2025-05-01,Evening
2118,U0409,WhatsApp,Course Page,Discount coupons,Commerce,Distractive,77.1,2,Outdoors,2025-05-30,Morning
2119,U0092,Flipkart,Reels/Shorts,Weather update,News,Productive,35.7,1,Cafe,2025-12-22,Evening
2120,U0128,LinkedIn,Search,Influencer content,Social Media,Distractive,16.6,5,Outdoors,2025-07-18,Evening
2121,U0058,Snapchat,Search,Weather update,News,Productive,2.3,2,Cafe,2025-03-18,Afternoon
2122,U0379,Amazon,Watch,Online sale,Commerce,Distractive,53.6,3,Hostel,2025-04-09,Afternoon
2123,U0258,Twitter/X,Watch,Competitive exam tips,Education,Productive,18.4,1,Outdoors,2025-01-10,Evening
2124,U0441,Amazon,Feed,Football clip,Sports,Distractive,25.1,4,Home,2025-03-27,Morning
2125,U0320,WhatsApp,Story,Like notifications,Social Media,Distractive,17.9,5,Outdoors,2025-09-12,Evening
2126,U0138,Twitter/X,Search,Project management,Business,Productive,56.9,2,Commute,2025-08-01,Afternoon
2127,U0079,Udemy,Story,Client proposal,Business,Productive,47.9,2,Office,2025-07-03,Late Night
2128,U0015,TikTok,Story,Web development course,Education,Productive,33,1,Office,2025-11-06,Afternoon
2129,U0078,Google Classroom,Reels/Shorts,Story updates,Social Media,Distractive,7.3,4,Hostel,2025-04-22,Morning
2130,U0089,Coursera,Explore,Follower count check,Social Media,Distractive,22.7,5,Office,2025-11-27,Night
2131,U0014,Telegram,Explore,Movie clips,Entertainment,Distractive,7.8,4,Cafe,2025-11-16,Late Night
2132,U0294,Twitter/X,Reels/Shorts,Influencer content,Social Media,Distractive,20.9,4,Home,2025-01-23,Evening
2133,U0401,WhatsApp,Reels/Shorts,Local news,News,Productive,11.4,1,Office,2025-02-18,Afternoon
2134,U0214,Slack,Reels/Shorts,Voice message,Communication,Productive,43,2,Office,2025-08-11,Late Night
2135,U0135,Instagram,Reels/Shorts,Cricket update,Sports,Distractive,69,3,College,2025-09-29,Evening
2136,U0091,Google Classroom,Search,SQL tutorial,Education,Productive,50.4,2,Home,2025-01-22,Night
2137,U0398,Slack,Course Page,Cricket update,Sports,Distractive,22.8,4,Commute,2025-09-24,Evening
2138,U0371,Google Classroom,Explore,Wishlist browsing,Commerce,Distractive,67.7,3,College,2025-11-02,Night
2139,U0039,Snapchat,Reels/Shorts,Job search,Business,Productive,37,2,Hostel,2025-03-16,Afternoon
2140,U0273,Google Classroom,Reels/Shorts,Breaking news,News,Productive,3.7,1,Office,2025-11-10,Evening
2141,U0442,Google Classroom,Course Page,World news,News,Productive,56.3,1,College,2025-02-16,Night
2142,U0057,Zoom,Notification,Match highlights,Sports,Distractive,9.6,3,Office,2025-09-21,Afternoon
2143,U0032,Telegram,Explore,Machine Learning,Education,Productive,25.2,1,Office,2025-12-28,Morning
2144,U0002,Snapchat,Notification,Skill development,Education,Productive,20.9,1,Hostel,2025-04-07,Morning
2145,U0479,Snapchat,Watch,Endless scrolling,Social Media,Distractive,22.7,5,Library,2025-10-09,Morning
2146,U0084,Snapchat,Feed,Story updates,Social Media,Distractive,6.3,5,Hostel,2025-10-01,Night
2147,U0458,Coursera,Search,Cricket update,Sports,Distractive,76.1,2,Library,2025-09-14,Late Night
2148,U0326,Twitter/X,Course Page,Wishlist browsing,Commerce,Distractive,37.3,2,College,2025-09-16,Evening
2149,U0157,Snapchat,Explore,Colleague message,Communication,Productive,27.8,2,Library,2025-08-11,Late Night
2150,U0368,Twitter/X,Search,Video call,Communication,Productive,40.2,1,Office,2025-04-13,Afternoon
2151,U0167,Flipkart,Search,Business news,Business,Productive,28.2,1,College,2025-09-28,Night
2152,U0423,Udemy,Explore,SQL tutorial,Education,Productive,6.6,2,Home,2025-08-05,Evening
2153,U0228,Zoom,DM/Chat,Stock market,Business,Productive,46.4,1,Office,2025-08-28,Late Night
2154,U0330,Slack,Reels/Shorts,Shopping,Commerce,Distractive,32.4,3,Hostel,2025-10-24,Late Night
2155,U0367,Google Classroom,Story,Weather update,News,Productive,40,3,Office,2025-12-12,Morning
2156,U0392,TikTok,Story,LinkedIn post,Business,Productive,42.1,2,Hostel,2025-10-01,Night
2157,U0260,LinkedIn,Search,Startup news,Business,Productive,20.1,2,Library,2025-06-07,Late Night
2158,U0454,Coursera,Watch,Freelance work,Business,Productive,40.6,2,Home,2025-08-16,Evening
2159,U0217,Gmail,Watch,Startup news,Business,Productive,38,1,Office,2025-11-13,Night
2160,U0235,TikTok,Course Page,Reels,Entertainment,Distractive,2.9,5,Home,2025-10-11,Late Night
2161,U0411,Flipkart,Watch,TV show clip,Entertainment,Distractive,37.1,5,College,2025-09-18,Afternoon
2162,U0106,Gmail,DM/Chat,Shorts,Entertainment,Distractive,26.7,5,Outdoors,2025-09-23,Evening
2163,U0162,TikTok,Watch,Wishlist browsing,Commerce,Distractive,70.1,2,Home,2025-05-16,Evening
2164,U0428,Slack,Explore,Excel tutorial,Education,Productive,52.7,1,Commute,2025-03-29,Morning
2165,U0309,Facebook,Course Page,Online certification,Education,Productive,3.3,2,Hostel,2025-05-29,Late Night
2166,U0395,Zoom,Notification,Python tutorial,Education,Productive,50.2,1,Commute,2025-09-24,Morning
2167,U0283,Twitter/X,Feed,Current affairs,News,Productive,20.5,3,Cafe,2025-12-08,Late Night
2168,U0213,Udemy,Watch,Weather update,News,Productive,50.2,3,College,2025-10-11,Evening
2169,U0024,Gmail,Story,Current affairs,News,Productive,55,1,Home,2025-01-01,Afternoon
2170,U0150,LinkedIn,Story,Like notifications,Social Media,Distractive,58.4,5,Home,2025-07-03,Night
2171,U0292,Twitter/X,Course Page,Conference call,Communication,Productive,58.7,2,Cafe,2025-08-10,Night
2172,U0016,Instagram,Reels/Shorts,Chemistry notes,Education,Productive,32.3,2,Office,2025-08-01,Morning
2173,U0139,Telegram,Story,Colleague message,Communication,Productive,53.4,1,College,2025-01-25,Afternoon
2174,U0489,Facebook,Feed,Dance videos,Entertainment,Distractive,36,5,Cafe,2025-12-07,Evening
2175,U0404,Flipkart,Search,Flash deals,Commerce,Distractive,27.8,3,Home,2025-07-13,Afternoon
2176,U0394,Flipkart,Explore,Business news,Business,Productive,52.5,2,Office,2025-06-11,Night
2177,U0226,LinkedIn,Feed,Networking,Business,Productive,20.6,1,Library,2025-11-22,Evening
2178,U0351,Google Classroom,Course Page,Math tutorial,Education,Productive,54.1,2,Cafe,2025-10-05,Evening
2179,U0161,Telegram,Story,Follower count check,Social Media,Distractive,16.2,4,Library,2025-10-01,Afternoon
2180,U0086,Facebook,Watch,Physics lecture,Education,Productive,20.6,1,Commute,2025-04-22,Morning
2181,U0122,TikTok,Search,Python tutorial,Education,Productive,39.8,1,College,2025-02-04,Night
2182,U0375,Udemy,Search,Investment tips,Business,Productive,26.1,2,Cafe,2025-10-02,Late Night
2183,U0343,Amazon,Story,Weather update,News,Productive,33.7,2,Office,2025-04-03,Late Night
2184,U0251,Facebook,Story,Movie clips,Entertainment,Distractive,10,5,College,2025-09-15,Evening
2185,U0186,WhatsApp,Feed,Influencer content,Social Media,Distractive,30.9,5,Home,2025-09-28,Morning
2186,U0327,Gmail,Course Page,Reels,Entertainment,Distractive,28.3,5,Outdoors,2025-04-28,Evening
2187,U0061,Google Classroom,Course Page,Political news,News,Productive,52.6,1,Cafe,2025-02-27,Night
2188,U0119,Twitter/X,Watch,Random scrolling,Social Media,Distractive,26.8,5,Library,2025-01-19,Evening
2189,U0448,Instagram,DM/Chat,Football clip,Sports,Distractive,18.4,4,Library,2025-08-04,Morning
2190,U0260,Slack,Search,Team meeting,Communication,Productive,26.2,1,Home,2025-09-20,Night
2191,U0147,Flipkart,Search,Market analysis,Business,Productive,29.3,1,Outdoors,2025-04-11,Morning
2192,U0210,WhatsApp,Story,Online sale,Commerce,Distractive,17.2,3,Outdoors,2025-12-21,Evening
2193,U0290,Coursera,Course Page,Trending hashtags,Social Media,Distractive,73.3,5,Home,2025-02-21,Late Night
2194,U0377,Udemy,DM/Chat,Voice message,Communication,Productive,18.3,2,Hostel,2025-09-12,Morning
2195,U0159,TikTok,Search,Cricket update,Sports,Distractive,53.7,4,Hostel,2025-10-29,Morning
2196,U0027,Facebook,Watch,Breaking news,News,Productive,53.4,2,Hostel,2025-05-15,Evening
2197,U0296,YouTube,Notification,Machine Learning,Education,Productive,36.1,1,Commute,2025-09-03,Afternoon
2198,U0210,Amazon,Search,Competitive exam tips,Education,Productive,6.6,1,College,2025-10-04,Late Night
2199,U0371,Google Classroom,Explore,Dance videos,Entertainment,Distractive,25.6,4,Cafe,2025-11-14,Late Night
2200,U0326,Gmail,Search,Football clip,Sports,Distractive,50.9,3,Commute,2025-09-09,Evening
2201,U0375,YouTube,Search,Story updates,Social Media,Distractive,13.8,4,Outdoors,2025-10-26,Night
2202,U0008,Slack,Notification,Email,Communication,Productive,12.1,2,Outdoors,2025-02-11,Night
2203,U0390,Amazon,Reels/Shorts,Random scrolling,Social Media,Distractive,71.3,5,Library,2025-08-06,Night
2204,U0108,Slack,Reels/Shorts,Market analysis,Business,Productive,5.9,2,Library,2025-11-23,Morning
2205,U0141,WhatsApp,DM/Chat,Like notifications,Social Media,Distractive,55.3,4,Outdoors,2025-10-03,Morning
2206,U0076,Snapchat,Reels/Shorts,Endless scrolling,Social Media,Distractive,40.6,4,Home,2025-07-09,Evening
2207,U0385,Coursera,Story,Fashion trends,Commerce,Distractive,9,2,Commute,2025-09-16,Late Night
2208,U0063,Amazon,DM/Chat,AI fundamentals,Education,Productive,8.5,1,Hostel,2025-01-11,Morning
2209,U0158,WhatsApp,Feed,World news,News,Productive,15.7,3,Office,2025-10-21,Night
2210,U0031,Flipkart,Reels/Shorts,Investment tips,Business,Productive,15.4,2,Hostel,2025-01-22,Late Night
2211,U0366,YouTube,Watch,Influencer content,Social Media,Distractive,30.2,4,Office,2025-06-03,Afternoon
2212,U0388,WhatsApp,Story,Match highlights,Sports,Distractive,84,3,Outdoors,2025-04-16,Night
2213,U0108,WhatsApp,DM/Chat,Online sale,Commerce,Distractive,62.4,3,Hostel,2025-10-18,Afternoon
2214,U0325,Instagram,Story,Trending hashtags,Social Media,Distractive,49.5,4,Hostel,2025-02-16,Evening
2215,U0250,WhatsApp,Story,Funny compilation,Entertainment,Distractive,77.6,4,Hostel,2025-05-03,Late Night
2216,U0022,LinkedIn,Reels/Shorts,Freelance work,Business,Productive,23.4,2,Library,2025-07-21,Late Night
2217,U0305,Udemy,Course Page,Market analysis,Business,Productive,11.7,1,Home,2025-03-23,Late Night
2218,U0267,Telegram,Feed,Discount coupons,Commerce,Distractive,31.5,3,Library,2025-06-01,Afternoon
2219,U0458,Zoom,Reels/Shorts,Work discussion,Communication,Productive,49.2,2,Hostel,2025-02-09,Morning
2220,U0022,Amazon,DM/Chat,Family chat,Communication,Productive,20.8,2,Cafe,2025-07-29,Evening
2221,U0005,Twitter/X,Notification,Influencer content,Social Media,Distractive,49.7,4,Office,2025-09-09,Afternoon
2222,U0347,Telegram,DM/Chat,Memes,Entertainment,Distractive,38.6,5,College,2025-05-15,Evening
2223,U0211,Slack,DM/Chat,Funny compilation,Entertainment,Distractive,53.7,4,Library,2025-01-12,Late Night
2224,U0089,TikTok,Watch,Web development course,Education,Productive,42,2,Home,2025-10-19,Afternoon
2225,U0384,Amazon,Story,Funny compilation,Entertainment,Distractive,11,5,Library,2025-06-18,Late Night
2226,U0413,LinkedIn,Course Page,Match highlights,Sports,Distractive,24.7,3,Library,2025-01-11,Night
2227,U0390,Zoom,Feed,Group chat,Communication,Productive,13,2,Library,2025-10-30,Late Night
2228,U0375,Twitter/X,Notification,Conference call,Communication,Productive,28.7,2,Commute,2025-09-20,Afternoon
2229,U0368,Google Classroom,Course Page,Breaking news,News,Productive,27.5,2,Cafe,2025-02-18,Afternoon
2230,U0280,LinkedIn,Story,Excel tutorial,Education,Productive,12.4,1,Hostel,2025-01-12,Afternoon
2231,U0336,Flipkart,Watch,Project management,Business,Productive,47.5,1,Home,2025-05-15,Morning
2232,U0389,YouTube,Story,Job search,Business,Productive,27.6,1,Office,2025-01-04,Evening
2233,U0111,YouTube,Course Page,Reels,Entertainment,Distractive,62.4,4,Cafe,2025-02-21,Late Night
2234,U0366,Coursera,Notification,Resume building,Business,Productive,39,2,Home,2025-11-15,Night
2235,U0374,Facebook,Watch,Shorts,Entertainment,Distractive,49.4,4,Outdoors,2025-01-15,Late Night
2236,U0091,TikTok,Watch,Match highlights,Sports,Distractive,78,4,Hostel,2025-04-15,Afternoon
2237,U0089,Google Classroom,Search,Influencer content,Social Media,Distractive,17.5,5,Home,2025-05-16,Afternoon
2238,U0051,YouTube,Feed,Shopping,Commerce,Distractive,18.1,2,Hostel,2025-09-27,Night
2239,U0029,Udemy,Feed,Online sale,Commerce,Distractive,14.3,2,Hostel,2025-08-18,Afternoon
2240,U0293,Amazon,DM/Chat,Stock market,Business,Productive,24.1,1,Hostel,2025-03-11,Morning
2241,U0016,Instagram,Feed,Trending hashtags,Social Media,Distractive,31.2,5,Outdoors,2025-11-06,Evening
2242,U0111,Coursera,Search,Data Science course,Education,Productive,20.7,2,Home,2025-01-14,Night
2243,U0277,YouTube,Course Page,Live score,Sports,Distractive,16.3,2,College,2025-02-25,Afternoon
2244,U0096,Slack,Course Page,Flash deals,Commerce,Distractive,79.7,2,Hostel,2025-09-11,Afternoon
2245,U0292,Amazon,Watch,Video call,Communication,Productive,44.9,2,College,2025-09-11,Morning
2246,U0028,Udemy,Feed,Market analysis,Business,Productive,27.8,1,Cafe,2025-05-06,Night
2247,U0008,Google Classroom,Search,Job search,Business,Productive,11.8,2,Office,2025-02-17,Night
2248,U0299,Twitter/X,Watch,Freelance work,Business,Productive,45.6,1,Office,2025-12-07,Morning
2249,U0216,Udemy,Search,Dance videos,Entertainment,Distractive,34.4,5,Home,2025-04-17,Afternoon
2250,U0309,Coursera,Search,Follower count check,Social Media,Distractive,42.9,4,College,2025-11-30,Night
2251,U0180,Zoom,Story,Gaming,Entertainment,Distractive,74.6,4,Commute,2025-10-27,Late Night
2252,U0298,Facebook,Reels/Shorts,Work discussion,Communication,Productive,7.3,1,College,2025-06-13,Late Night
2253,U0285,TikTok,Watch,Email,Communication,Productive,44.2,2,Hostel,2025-05-11,Night
2254,U0270,Facebook,DM/Chat,Discount coupons,Commerce,Distractive,42.3,3,Home,2025-01-05,Late Night
2255,U0500,Zoom,Feed,Dance videos,Entertainment,Distractive,46.5,5,Library,2025-08-13,Late Night
2256,U0154,YouTube,Course Page,Family chat,Communication,Productive,18.2,1,Office,2025-02-13,Night
2257,U0118,Slack,DM/Chat,Machine Learning,Education,Productive,24.2,2,Office,2025-04-12,Evening
2258,U0061,Zoom,Course Page,Music video,Entertainment,Distractive,85.1,5,Home,2025-09-16,Afternoon
2259,U0087,Telegram,Story,Weather update,News,Productive,17.2,3,Office,2025-03-17,Morning
2260,U0450,Udemy,Search,Email,Communication,Productive,52.1,1,Commute,2025-06-18,Morning
2261,U0381,Instagram,Feed,World news,News,Productive,2.2,1,Hostel,2025-05-08,Evening
2262,U0061,LinkedIn,Feed,Fashion trends,Commerce,Distractive,1.3,2,College,2025-03-04,Evening
2263,U0351,Instagram,Reels/Shorts,Discount coupons,Commerce,Distractive,35.2,2,Office,2025-05-01,Afternoon
2264,U0432,Gmail,Feed,Match highlights,Sports,Distractive,35.6,3,Commute,2025-06-03,Late Night
2265,U0472,Udemy,Watch,Conference call,Communication,Productive,23.9,2,Home,2025-01-26,Morning
2266,U0476,Telegram,Reels/Shorts,Prank videos,Entertainment,Distractive,80.2,4,Library,2025-08-17,Morning
2267,U0169,Amazon,Reels/Shorts,Conference call,Communication,Productive,40.1,1,Commute,2025-12-22,Evening
2268,U0036,Facebook,Feed,Startup news,Business,Productive,12.2,2,Cafe,2025-12-07,Morning
2269,U0193,Coursera,Watch,Trending hashtags,Social Media,Distractive,37.7,5,Home,2025-08-17,Evening
2270,U0282,TikTok,Explore,Dance videos,Entertainment,Distractive,40.3,5,Home,2025-02-18,Morning
2271,U0263,Facebook,Notification,Resume building,Business,Productive,54.7,1,Office,2025-03-12,Afternoon
2272,U0272,Instagram,Search,Football clip,Sports,Distractive,86.5,3,Hostel,2025-03-14,Morning
2273,U0327,Zoom,Story,Influencer content,Social Media,Distractive,81.5,5,Outdoors,2025-04-27,Evening
2274,U0151,Snapchat,DM/Chat,Technology news,News,Productive,21.3,2,Outdoors,2025-01-09,Morning
2275,U0352,Facebook,Notification,Email,Communication,Productive,42.4,1,College,2025-10-09,Morning
2276,U0059,Amazon,Story,Shopping,Commerce,Distractive,51.2,2,Cafe,2025-12-07,Night
2277,U0028,Snapchat,DM/Chat,Machine Learning,Education,Productive,4.3,2,Hostel,2025-07-29,Morning
2278,U0103,Slack,Search,Email,Communication,Productive,28,1,Home,2025-02-15,Afternoon
2279,U0485,WhatsApp,Story,Startup news,Business,Productive,6.3,2,Home,2025-12-02,Evening
2280,U0196,Telegram,Explore,Endless scrolling,Social Media,Distractive,67.9,5,Library,2025-05-13,Evening
2281,U0197,Facebook,Course Page,History lecture,Education,Productive,25.7,1,Library,2025-11-21,Evening
2282,U0494,Amazon,DM/Chat,Data Science course,Education,Productive,1.4,1,Outdoors,2025-11-17,Afternoon
2283,U0210,Zoom,DM/Chat,TV show clip,Entertainment,Distractive,32.1,4,Hostel,2025-02-12,Night
2284,U0002,LinkedIn,Search,Networking,Business,Productive,49.7,2,Office,2025-07-21,Night
2285,U0142,TikTok,Story,Discount coupons,Commerce,Distractive,83.9,3,Hostel,2025-03-20,Afternoon
2286,U0243,Telegram,Notification,Family chat,Communication,Productive,27.1,2,Cafe,2025-11-16,Evening
2287,U0212,Snapchat,Feed,Live score,Sports,Distractive,57.9,4,Commute,2025-01-08,Morning
2288,U0161,Slack,Course Page,Conference call,Communication,Productive,59.6,2,Office,2025-03-06,Afternoon
2289,U0486,YouTube,Watch,Comedy videos,Entertainment,Distractive,65.6,5,Hostel,2025-10-08,Afternoon
2290,U0132,Amazon,Explore,Email,Communication,Productive,50.8,1,Commute,2025-03-25,Evening
2291,U0344,Zoom,Watch,Stock market,Business,Productive,38.9,2,College,2025-03-05,Morning
2292,U0120,WhatsApp,Notification,Match highlights,Sports,Distractive,14.1,4,Library,2025-01-02,Night
2293,U0265,Google Classroom,Notification,Prank videos,Entertainment,Distractive,78.8,5,Office,2025-02-03,Late Night
2294,U0419,TikTok,Explore,Viral video,Entertainment,Distractive,24.1,4,Home,2025-06-27,Morning
2295,U0337,WhatsApp,Search,Video call,Communication,Productive,49.1,1,Commute,2025-06-09,Afternoon
2296,U0313,Coursera,Feed,Reels,Entertainment,Distractive,11.5,4,Hostel,2025-01-27,Evening
2297,U0104,Udemy,Search,Shopping,Commerce,Distractive,9.9,2,Hostel,2025-01-28,Morning
2298,U0414,LinkedIn,Course Page,Stock market,Business,Productive,33.5,1,Home,2025-02-11,Morning
2299,U0055,Twitter/X,Watch,Celebrity,Entertainment,Distractive,82.8,4,Outdoors,2025-03-01,Afternoon
2300,U0453,Gmail,Notification,Live score,Sports,Distractive,37.9,4,College,2025-11-19,Night
2301,U0421,Slack,Watch,Freelance work,Business,Productive,6.8,1,Cafe,2025-11-22,Night
2302,U0173,LinkedIn,Reels/Shorts,Follower count check,Social Media,Distractive,19.3,4,Outdoors,2025-06-24,Afternoon
2303,U0242,Instagram,Course Page,LinkedIn post,Business,Productive,55.4,1,Outdoors,2025-09-25,Morning
2304,U0015,Coursera,Course Page,Client proposal,Business,Productive,7.6,1,Hostel,2025-02-24,Night
2305,U0252,Facebook,Search,Family chat,Communication,Productive,53.7,2,Hostel,2025-05-09,Night
2306,U0287,Udemy,Story,Conference call,Communication,Productive,50.4,1,Home,2025-08-18,Night
2307,U0444,Google Classroom,Notification,Video call,Communication,Productive,1.9,1,Commute,2025-06-30,Night
2308,U0494,Zoom,Watch,Python tutorial,Education,Productive,12.5,1,Office,2025-04-20,Night
2309,U0283,TikTok,Feed,Networking,Business,Productive,47.6,1,Hostel,2025-11-05,Night
2310,U0034,TikTok,Course Page,DM chat casual,Social Media,Distractive,2.8,5,Outdoors,2025-12-16,Evening
2311,U0029,Coursera,Story,Flash deals,Commerce,Distractive,63,2,Office,2025-02-15,Evening
2312,U0102,Facebook,Explore,Work discussion,Communication,Productive,5.3,2,Outdoors,2025-01-05,Afternoon
2313,U0444,Snapchat,Watch,Endless scrolling,Social Media,Distractive,76.5,5,College,2025-11-14,Late Night
2314,U0006,Google Classroom,Notification,Weather update,News,Productive,51.5,1,College,2025-04-23,Morning
2315,U0052,WhatsApp,Feed,Shorts,Entertainment,Distractive,29.2,5,Library,2025-01-24,Afternoon
2316,U0207,Udemy,Story,Influencer content,Social Media,Distractive,69,5,Hostel,2025-12-24,Evening
2317,U0167,Amazon,DM/Chat,Breaking news,News,Productive,19.3,3,College,2025-02-17,Morning
2318,U0420,Udemy,Explore,Data Science course,Education,Productive,16.3,2,Office,2025-09-09,Late Night
2319,U0071,Amazon,Course Page,Discount coupons,Commerce,Distractive,23,2,Commute,2025-06-14,Morning
2320,U0260,Amazon,Reels/Shorts,Project update,Communication,Productive,8.9,2,Commute,2025-10-16,Night
2321,U0237,Zoom,Search,Voice message,Communication,Productive,23.2,2,Home,2025-12-10,Late Night
2322,U0396,Instagram,Search,Job search,Business,Productive,18.4,2,Cafe,2025-08-11,Evening
2323,U0014,Gmail,Search,Viral video,Entertainment,Distractive,4.3,5,College,2025-08-15,Morning
2324,U0273,Slack,Course Page,Match highlights,Sports,Distractive,11.9,2,Hostel,2025-05-15,Night
2325,U0272,YouTube,DM/Chat,Technology news,News,Productive,6.8,3,Commute,2025-06-07,Afternoon
2326,U0344,Google Classroom,Reels/Shorts,Online certification,Education,Productive,50.6,2,Commute,2025-12-28,Night
2327,U0207,Snapchat,Search,Project management,Business,Productive,20.6,1,Hostel,2025-12-17,Late Night
2328,U0129,Slack,Watch,Client proposal,Business,Productive,59.8,1,Outdoors,2025-08-02,Night
2329,U0483,TikTok,DM/Chat,Stock market,Business,Productive,9.5,2,College,2025-12-28,Afternoon
2330,U0112,Udemy,Explore,Trending hashtags,Social Media,Distractive,62.6,5,Commute,2025-11-06,Afternoon
2331,U0471,YouTube,Explore,Wishlist browsing,Commerce,Distractive,80.7,3,Home,2025-05-15,Late Night
2332,U0004,Snapchat,Feed,Flash deals,Commerce,Distractive,62.8,2,Commute,2025-05-01,Evening
2333,U0438,Udemy,DM/Chat,Endless scrolling,Social Media,Distractive,52.4,4,College,2025-06-17,Late Night
2334,U0030,Instagram,Story,Cricket update,Sports,Distractive,18.1,3,Commute,2025-07-30,Night
2335,U0224,Gmail,Course Page,Football clip,Sports,Distractive,64.3,4,Commute,2025-05-11,Afternoon
2336,U0441,Coursera,Notification,Family chat,Communication,Productive,16.3,1,Office,2025-09-02,Afternoon
2337,U0247,Gmail,DM/Chat,Wishlist browsing,Commerce,Distractive,17,2,Office,2025-03-31,Afternoon
2338,U0062,Gmail,Story,Group chat,Communication,Productive,39.4,1,Outdoors,2025-08-07,Late Night
2339,U0191,Snapchat,Feed,Live score,Sports,Distractive,70.4,3,Office,2025-11-12,Late Night
2340,U0428,TikTok,Notification,Client call,Communication,Productive,14.7,2,Commute,2025-03-31,Morning
2341,U0407,Twitter/X,Search,Flash deals,Commerce,Distractive,17.7,2,Office,2025-07-31,Late Night
2342,U0280,Snapchat,Explore,Data Science course,Education,Productive,16.8,2,College,2025-02-01,Night
2343,U0229,Gmail,Feed,Exam preparation,Education,Productive,55.4,2,College,2025-07-24,Afternoon
2344,U0428,YouTube,Watch,Science experiment,Education,Productive,35.4,1,Library,2025-04-05,Night
2345,U0289,Zoom,Explore,Match highlights,Sports,Distractive,52.4,3,College,2025-08-14,Afternoon
2346,U0380,Coursera,Notification,Funny compilation,Entertainment,Distractive,1.5,5,Library,2025-10-16,Morning
2347,U0419,Zoom,Feed,Discount coupons,Commerce,Distractive,14.9,3,Commute,2025-11-12,Late Night
2348,U0277,Coursera,Search,Influencer content,Social Media,Distractive,42.1,4,Office,2025-09-10,Afternoon
2349,U0419,TikTok,DM/Chat,Email,Communication,Productive,21.5,1,Home,2025-06-02,Late Night
2350,U0442,Telegram,Explore,Shopping,Commerce,Distractive,41.3,2,Commute,2025-03-29,Night
2351,U0192,Flipkart,DM/Chat,Market analysis,Business,Productive,35.7,2,Cafe,2025-11-16,Late Night
2352,U0187,Slack,Notification,AI fundamentals,Education,Productive,26.7,1,Home,2025-08-03,Night
2353,U0305,Snapchat,Feed,Discount coupons,Commerce,Distractive,49.6,2,College,2025-10-17,Afternoon
2354,U0017,WhatsApp,Story,Online certification,Education,Productive,46.8,1,Cafe,2025-05-02,Late Night
2355,U0106,Coursera,Search,Music video,Entertainment,Distractive,81,4,Commute,2025-04-09,Afternoon
2356,U0177,Coursera,Story,Stock market,Business,Productive,5,1,Office,2025-07-11,Evening
2357,U0298,Amazon,Watch,Data Science course,Education,Productive,20.4,1,Home,2025-04-26,Night
2358,U0471,Coursera,DM/Chat,Comedy videos,Entertainment,Distractive,78.9,4,Cafe,2025-05-07,Night
2359,U0383,Facebook,Feed,Startup news,Business,Productive,48.9,2,Home,2025-06-27,Late Night
2360,U0385,Zoom,Watch,Current affairs,News,Productive,6.3,1,Home,2025-08-16,Evening
2361,U0039,YouTube,Reels/Shorts,Product review,Commerce,Distractive,13.7,2,Outdoors,2025-07-25,Afternoon
2362,U0305,Flipkart,Watch,Cricket update,Sports,Distractive,15.2,3,Home,2025-07-16,Afternoon
2363,U0093,Gmail,Story,Reels,Entertainment,Distractive,56.4,4,College,2025-10-28,Afternoon
2364,U0484,Coursera,Reels/Shorts,Fashion trends,Commerce,Distractive,43.9,2,Library,2025-07-25,Afternoon
2365,U0053,Udemy,Story,Discount coupons,Commerce,Distractive,14.5,3,Hostel,2025-05-09,Night
2366,U0293,Telegram,Reels/Shorts,LinkedIn post,Business,Productive,27.5,1,Library,2025-01-14,Morning
2367,U0033,Amazon,Search,Investment tips,Business,Productive,17,2,Library,2025-03-27,Morning
2368,U0052,Flipkart,Feed,Trending hashtags,Social Media,Distractive,29.3,5,Cafe,2025-04-18,Afternoon
2369,U0327,YouTube,Notification,Client call,Communication,Productive,51.2,1,Outdoors,2025-10-30,Night
2370,U0498,Facebook,Story,Resume building,Business,Productive,41.9,2,Cafe,2025-03-09,Afternoon
2371,U0377,Zoom,Story,Conference call,Communication,Productive,42.3,1,College,2025-10-30,Afternoon
2372,U0493,Udemy,Feed,History lecture,Education,Productive,26.5,2,Hostel,2025-10-22,Afternoon
2373,U0240,Telegram,Story,Breaking news,News,Productive,6.6,1,Home,2025-03-26,Evening
2374,U0099,YouTube,Notification,Viral video,Entertainment,Distractive,30.7,5,Commute,2025-09-27,Late Night
2375,U0137,Udemy,Search,Freelance work,Business,Productive,24.9,2,Office,2025-01-10,Late Night
2376,U0378,Snapchat,Story,Fashion trends,Commerce,Distractive,28.2,2,Library,2025-11-23,Evening
2377,U0387,Snapchat,Notification,Influencer content,Social Media,Distractive,15.2,5,Office,2025-06-29,Morning
2378,U0283,Flipkart,Explore,Conference call,Communication,Productive,10.9,1,Cafe,2025-08-17,Afternoon
2379,U0473,Snapchat,Feed,Online sale,Commerce,Distractive,9.1,3,Office,2025-03-25,Afternoon
2380,U0426,Snapchat,Feed,Reels,Entertainment,Distractive,71.1,5,Hostel,2025-07-21,Afternoon
2381,U0185,Telegram,Explore,Live score,Sports,Distractive,1,2,Commute,2025-01-27,Late Night
2382,U0315,WhatsApp,Course Page,Online sale,Commerce,Distractive,75.4,2,Home,2025-01-10,Afternoon
2383,U0091,Coursera,DM/Chat,Video call,Communication,Productive,22.9,1,Library,2025-10-03,Late Night
2384,U0356,Gmail,Reels/Shorts,Networking,Business,Productive,6.1,2,Library,2025-07-15,Morning
2385,U0144,Slack,Search,Web development course,Education,Productive,28.2,1,Home,2025-06-14,Night
2386,U0112,YouTube,Course Page,Shopping,Commerce,Distractive,87.8,3,Office,2025-07-20,Evening
2387,U0047,Amazon,DM/Chat,Endless scrolling,Social Media,Distractive,42.2,4,Library,2025-05-19,Night
2388,U0059,Facebook,DM/Chat,Cricket update,Sports,Distractive,60.9,4,Library,2025-04-12,Night
2389,U0367,Google Classroom,Reels/Shorts,Excel tutorial,Education,Productive,57.9,2,Cafe,2025-03-12,Afternoon
2390,U0238,Zoom,Watch,Work discussion,Communication,Productive,7.9,2,Library,2025-08-24,Afternoon
2391,U0405,Flipkart,Course Page,Cricket update,Sports,Distractive,85.6,4,Home,2025-08-05,Afternoon
2392,U0440,YouTube,Watch,Dance videos,Entertainment,Distractive,79.3,4,College,2025-08-31,Evening
2393,U0290,Instagram,Reels/Shorts,Influencer content,Social Media,Distractive,75.4,5,Outdoors,2025-11-14,Late Night
2394,U0228,Snapchat,Feed,Breaking news,News,Productive,53.1,2,Cafe,2025-10-14,Afternoon
2395,U0400,WhatsApp,Course Page,Music video,Entertainment,Distractive,16,5,Cafe,2025-06-26,Night
2396,U0448,Zoom,Course Page,Trending hashtags,Social Media,Distractive,51.8,5,Home,2025-03-26,Evening
2397,U0089,TikTok,Search,Gossip,Entertainment,Distractive,38.2,4,Home,2025-05-24,Night
2398,U0117,Zoom,Reels/Shorts,Weather update,News,Productive,39.5,2,Home,2025-11-01,Evening
2399,U0400,Zoom,Search,Follower count check,Social Media,Distractive,9.1,5,Cafe,2025-05-01,Evening
2400,U0251,Udemy,Notification,Machine Learning,Education,Productive,5.6,1,Hostel,2025-01-26,Evening
2401,U0235,Google Classroom,DM/Chat,Wishlist browsing,Commerce,Distractive,41.5,2,Cafe,2025-05-22,Afternoon
2402,U0459,WhatsApp,Notification,SQL tutorial,Education,Productive,45.4,2,Commute,2025-08-01,Evening
2403,U0189,Facebook,Explore,Discount coupons,Commerce,Distractive,68.2,3,Hostel,2025-10-11,Morning
2404,U0474,Slack,Feed,Reels,Entertainment,Distractive,84.5,5,Office,2025-08-20,Night
2405,U0333,Instagram,Notification,Startup news,Business,Productive,19.2,1,Home,2025-12-24,Night
2406,U0461,Coursera,Story,Shopping,Commerce,Distractive,37.7,3,Hostel,2025-01-18,Evening
2407,U0203,Gmail,Watch,Language learning,Education,Productive,55,1,Library,2025-04-19,Morning
2408,U0281,Twitter/X,Feed,Cricket update,Sports,Distractive,73.8,4,Outdoors,2025-12-25,Morning
2409,U0398,Telegram,Explore,Networking,Business,Productive,53.4,1,Outdoors,2025-10-22,Evening
2410,U0258,Slack,Course Page,Family chat,Communication,Productive,31,1,Hostel,2025-06-18,Afternoon
2411,U0357,Udemy,DM/Chat,Endless scrolling,Social Media,Distractive,52,5,Library,2025-06-05,Afternoon
2412,U0072,Amazon,Story,Cricket update,Sports,Distractive,76.5,2,Cafe,2025-10-20,Afternoon
2413,U0350,Zoom,Notification,Project update,Communication,Productive,25.9,1,College,2025-10-07,Night
2414,U0391,TikTok,DM/Chat,Live score,Sports,Distractive,17.6,3,Home,2025-02-05,Night
2415,U0042,Udemy,DM/Chat,Startup news,Business,Productive,56.7,1,Office,2025-09-18,Late Night
2416,U0047,Facebook,Explore,Client proposal,Business,Productive,42.4,1,Library,2025-04-30,Night
2417,U0150,Telegram,Watch,Live score,Sports,Distractive,55.4,4,Office,2025-07-27,Late Night
2418,U0352,Coursera,Reels/Shorts,Stock market,Business,Productive,40.8,1,Library,2025-06-17,Evening
2419,U0033,Flipkart,Explore,Data Science course,Education,Productive,27.5,2,Hostel,2025-11-03,Afternoon
2420,U0288,Instagram,Story,DM chat casual,Social Media,Distractive,24,4,Office,2025-05-20,Afternoon
2421,U0258,Facebook,Reels/Shorts,Prank videos,Entertainment,Distractive,42.5,4,College,2025-08-01,Night
2422,U0297,Zoom,DM/Chat,SQL tutorial,Education,Productive,41,2,Commute,2025-11-27,Late Night
2423,U0103,Zoom,Search,Data Science course,Education,Productive,54.2,2,College,2025-06-18,Morning
2424,U0022,Udemy,Feed,Live score,Sports,Distractive,84.4,2,Office,2025-07-31,Evening
2425,U0233,Instagram,Notification,Live score,Sports,Distractive,57,2,Home,2025-09-23,Morning
2426,U0334,Slack,Search,Project management,Business,Productive,36.4,1,Hostel,2025-10-09,Afternoon
2427,U0329,Instagram,Feed,Dance videos,Entertainment,Distractive,41.7,5,Commute,2025-10-17,Afternoon
2428,U0369,WhatsApp,Explore,Sports news,Sports,Distractive,49,2,Hostel,2025-10-31,Morning
2429,U0017,Snapchat,Course Page,Discount coupons,Commerce,Distractive,37.1,2,Office,2025-01-08,Late Night
2430,U0345,LinkedIn,Course Page,Stock market,Business,Productive,4.4,1,Office,2025-08-04,Afternoon
2431,U0329,Twitter/X,Story,Music video,Entertainment,Distractive,72.5,5,Hostel,2025-11-19,Afternoon
2432,U0153,Instagram,Reels/Shorts,Trending challenge,Entertainment,Distractive,16.9,5,Cafe,2025-12-05,Afternoon
2433,U0235,Twitter/X,Explore,Investment tips,Business,Productive,36.2,2,College,2025-03-21,Afternoon
2434,U0128,Snapchat,Notification,Trending hashtags,Social Media,Distractive,81.9,4,Outdoors,2025-07-27,Morning
2435,U0163,Instagram,Search,Wishlist browsing,Commerce,Distractive,82.7,3,Cafe,2025-05-05,Night
2436,U0386,YouTube,Story,LinkedIn post,Business,Productive,21.9,2,Hostel,2025-05-11,Late Night
2437,U0431,Flipkart,Watch,Conference call,Communication,Productive,41.1,2,Library,2025-07-24,Evening
2438,U0211,Gmail,Course Page,Business news,Business,Productive,15.7,2,Commute,2025-05-22,Night
2439,U0398,Coursera,Explore,Job search,Business,Productive,3.3,1,Hostel,2025-08-26,Late Night
2440,U0070,Facebook,Story,Product review,Commerce,Distractive,52.8,2,Outdoors,2025-12-08,Afternoon
2441,U0066,Slack,Explore,Math tutorial,Education,Productive,11.9,1,Hostel,2025-10-16,Late Night
2442,U0457,TikTok,Reels/Shorts,SQL tutorial,Education,Productive,58,2,Hostel,2025-04-01,Afternoon
2443,U0264,Coursera,DM/Chat,Like notifications,Social Media,Distractive,29.5,4,Outdoors,2025-07-24,Late Night
2444,U0063,Snapchat,Story,Cricket update,Sports,Distractive,82.6,3,Hostel,2025-01-07,Evening
2445,U0049,Snapchat,Feed,Political news,News,Productive,31.9,3,Cafe,2025-11-08,Afternoon
2446,U0003,WhatsApp,Search,Trending hashtags,Social Media,Distractive,89.2,4,Hostel,2025-01-06,Morning
2447,U0490,YouTube,Course Page,Client call,Communication,Productive,55.9,2,Office,2025-11-12,Morning
2448,U0265,Google Classroom,Reels/Shorts,Prank videos,Entertainment,Distractive,20.4,4,College,2025-01-09,Afternoon
2449,U0427,Udemy,Search,Sports news,Sports,Distractive,4,2,Hostel,2025-11-26,Evening
2450,U0029,Facebook,Watch,Product review,Commerce,Distractive,81.9,2,Commute,2025-11-14,Afternoon
2451,U0312,Coursera,Feed,Job search,Business,Productive,34.6,2,Outdoors,2025-08-07,Night
2452,U0206,TikTok,Search,Family chat,Communication,Productive,55,2,Home,2025-11-29,Evening
2453,U0210,Udemy,Story,Stock market,Business,Productive,15.5,1,Home,2025-08-18,Late Night
2454,U0127,Amazon,Course Page,Shopping,Commerce,Distractive,14.6,3,Cafe,2025-01-04,Evening
2455,U0247,LinkedIn,Search,TV show clip,Entertainment,Distractive,29.3,5,College,2025-12-03,Afternoon
2456,U0038,Instagram,Feed,Like notifications,Social Media,Distractive,45.2,4,Outdoors,2025-04-11,Afternoon
2457,U0356,Coursera,Explore,Sports news,Sports,Distractive,8.7,2,Office,2025-01-24,Afternoon
2458,U0153,Slack,Course Page,Influencer content,Social Media,Distractive,18.2,4,Outdoors,2025-01-21,Afternoon
2459,U0221,Zoom,Course Page,Resume building,Business,Productive,17.9,2,Home,2025-05-19,Night
2460,U0212,Facebook,DM/Chat,AI fundamentals,Education,Productive,19.6,2,College,2025-01-03,Night
2461,U0356,Udemy,Feed,Influencer content,Social Media,Distractive,88,4,Commute,2025-02-15,Night
2462,U0019,Flipkart,Reels/Shorts,Local news,News,Productive,16.8,1,Hostel,2025-04-09,Evening
2463,U0459,Slack,Feed,Conference call,Communication,Productive,21.3,2,College,2025-02-18,Evening
2464,U0332,TikTok,Story,Sports news,Sports,Distractive,23.1,3,College,2025-07-23,Morning
2465,U0164,YouTube,Watch,Cricket update,Sports,Distractive,2,2,Library,2025-01-07,Evening
2466,U0412,Instagram,DM/Chat,Shorts,Entertainment,Distractive,54.8,5,Office,2025-04-02,Morning
2467,U0191,TikTok,Search,Research paper,Education,Productive,46.3,2,Home,2025-05-03,Late Night
2468,U0165,Instagram,Course Page,Wishlist browsing,Commerce,Distractive,48.5,3,Home,2025-03-19,Night
2469,U0106,WhatsApp,Explore,Startup news,Business,Productive,17.7,2,Hostel,2025-12-30,Late Night
2470,U0240,Amazon,Explore,Local news,News,Productive,8.8,1,Home,2025-04-08,Late Night
2471,U0259,Slack,Notification,Music video,Entertainment,Distractive,81.1,4,Hostel,2025-09-07,Morning
2472,U0048,Snapchat,Feed,Live score,Sports,Distractive,88.1,4,College,2025-11-03,Late Night
2473,U0052,WhatsApp,DM/Chat,Prank videos,Entertainment,Distractive,61.6,4,Office,2025-07-19,Night
2474,U0096,Amazon,Notification,Voice message,Communication,Productive,3.8,2,Office,2025-07-24,Afternoon
2475,U0161,YouTube,Watch,Group chat,Communication,Productive,59.7,2,Office,2025-03-17,Morning
2476,U0152,Instagram,Course Page,Weather update,News,Productive,29.2,2,Cafe,2025-07-06,Evening
2477,U0382,Facebook,DM/Chat,Live score,Sports,Distractive,8.1,4,College,2025-05-29,Night
2478,U0068,Coursera,Watch,Family chat,Communication,Productive,25.9,2,Outdoors,2025-07-18,Night
2479,U0071,Amazon,Explore,Online sale,Commerce,Distractive,83.1,2,Commute,2025-04-29,Morning
2480,U0465,Instagram,Search,Shopping,Commerce,Distractive,34.3,3,Outdoors,2025-01-04,Afternoon
2481,U0022,YouTube,Story,Flash deals,Commerce,Distractive,83.6,3,Home,2025-07-21,Afternoon
2482,U0332,Telegram,Feed,Fashion trends,Commerce,Distractive,34,2,Office,2025-09-29,Morning
2483,U0085,LinkedIn,Feed,Product review,Commerce,Distractive,77.5,2,Home,2025-10-31,Morning
2484,U0353,Facebook,Story,Language learning,Education,Productive,9,1,Cafe,2025-06-23,Afternoon
2485,U0295,Flipkart,Course Page,World news,News,Productive,42.1,2,Commute,2025-04-29,Morning
2486,U0470,YouTube,Notification,Project management,Business,Productive,26.4,1,Office,2025-08-26,Evening
2487,U0147,Amazon,Watch,Sports news,Sports,Distractive,73.2,4,Office,2025-01-23,Evening
2488,U0062,Coursera,Notification,Dance videos,Entertainment,Distractive,9.1,5,Home,2025-11-19,Late Night
2489,U0208,Slack,DM/Chat,Product review,Commerce,Distractive,26.2,3,Cafe,2025-06-19,Night
2490,U0359,Facebook,Reels/Shorts,Networking,Business,Productive,30.1,2,Outdoors,2025-01-27,Evening
2491,U0278,Coursera,Explore,Fashion trends,Commerce,Distractive,10.1,2,Hostel,2025-03-13,Evening
2492,U0009,Instagram,Watch,Shopping,Commerce,Distractive,41,3,Office,2025-08-04,Night
2493,U0489,WhatsApp,Story,Job search,Business,Productive,30.7,2,Home,2025-02-06,Evening
2494,U0415,WhatsApp,Course Page,Local news,News,Productive,14.6,1,College,2025-08-05,Night
2495,U0092,YouTube,Story,Voice message,Communication,Productive,32.1,2,Home,2025-07-11,Afternoon
2496,U0136,Twitter/X,DM/Chat,Dance videos,Entertainment,Distractive,53.6,4,Cafe,2025-08-15,Late Night
2497,U0299,Flipkart,DM/Chat,SQL tutorial,Education,Productive,6.7,2,Commute,2025-12-22,Night
2498,U0434,LinkedIn,Reels/Shorts,Science experiment,Education,Productive,45.7,2,Hostel,2025-08-11,Evening
2499,U0100,Telegram,Story,Flash deals,Commerce,Distractive,35.6,2,College,2025-10-11,Afternoon
2500,U0026,Gmail,Explore,DM chat casual,Social Media,Distractive,49.7,5,Home,2025-07-11,Night
2501,U0289,Udemy,Reels/Shorts,Job search,Business,Productive,33,2,Library,2025-01-04,Morning
2502,U0354,Flipkart,Explore,Networking,Business,Productive,29.8,1,Library,2025-04-08,Afternoon
2503,U0021,Facebook,DM/Chat,Match highlights,Sports,Distractive,51.3,4,Hostel,2025-05-29,Evening
2504,U0317,Amazon,DM/Chat,Market analysis,Business,Productive,46,1,Hostel,2025-08-24,Night
2505,U0445,Gmail,Course Page,Resume building,Business,Productive,55.2,1,Office,2025-04-25,Late Night
2506,U0129,Facebook,DM/Chat,Story updates,Social Media,Distractive,62.1,4,Home,2025-10-22,Morning
2507,U0151,Twitter/X,DM/Chat,Exam preparation,Education,Productive,45.9,2,Office,2025-09-22,Evening
2508,U0410,Udemy,Reels/Shorts,Job search,Business,Productive,36.7,2,Office,2025-11-08,Morning
2509,U0030,WhatsApp,Story,Sports news,Sports,Distractive,76,3,Commute,2025-03-06,Night
2510,U0002,WhatsApp,DM/Chat,Sports news,Sports,Distractive,50,3,Library,2025-03-05,Morning
2511,U0468,Coursera,DM/Chat,Discount coupons,Commerce,Distractive,60.9,3,Office,2025-08-10,Afternoon
2512,U0359,Gmail,Course Page,Client proposal,Business,Productive,13.9,2,College,2025-08-01,Late Night
2513,U0286,Google Classroom,Course Page,SQL tutorial,Education,Productive,2.7,2,Outdoors,2025-01-02,Afternoon
2514,U0258,TikTok,Feed,Endless scrolling,Social Media,Distractive,30.8,4,Commute,2025-03-28,Late Night
2515,U0460,WhatsApp,Feed,Memes,Entertainment,Distractive,58,5,Cafe,2025-01-28,Afternoon
2516,U0220,Telegram,Course Page,Sports news,Sports,Distractive,70.6,2,Commute,2025-09-17,Afternoon
2517,U0432,Flipkart,Feed,Cricket update,Sports,Distractive,75.9,2,Hostel,2025-03-23,Morning
2518,U0453,Twitter/X,Notification,Language learning,Education,Productive,40.1,2,Commute,2025-11-21,Night
2519,U0107,Google Classroom,Course Page,Viral video,Entertainment,Distractive,24.8,4,Outdoors,2025-11-27,Late Night
2520,U0468,Udemy,Notification,Conference call,Communication,Productive,42.8,1,College,2025-05-12,Late Night
2521,U0397,Amazon,Feed,Shopping,Commerce,Distractive,78.1,3,Library,2025-03-15,Night
2522,U0067,Facebook,Search,Product review,Commerce,Distractive,67.3,2,Cafe,2025-07-15,Morning
2523,U0009,LinkedIn,Story,Email,Communication,Productive,37.3,1,Commute,2025-04-27,Evening
2524,U0419,Gmail,Explore,Exam preparation,Education,Productive,44.7,1,Office,2025-03-12,Afternoon
2525,U0033,Snapchat,Search,TV show clip,Entertainment,Distractive,31.3,5,Outdoors,2025-09-16,Night
2526,U0337,Gmail,Notification,Networking,Business,Productive,38.9,1,Outdoors,2025-01-30,Evening
2527,U0295,Slack,Feed,Reels,Entertainment,Distractive,35.2,5,College,2025-04-13,Evening
2528,U0386,Gmail,Notification,Like notifications,Social Media,Distractive,87.5,5,Cafe,2025-07-20,Morning
2529,U0440,Zoom,Explore,Like notifications,Social Media,Distractive,18.2,5,Library,2025-01-02,Late Night
2530,U0214,TikTok,Reels/Shorts,Match highlights,Sports,Distractive,5.5,2,Home,2025-10-21,Afternoon
2531,U0376,Facebook,Feed,Work discussion,Communication,Productive,6.8,2,Commute,2025-07-02,Evening
2532,U0385,Zoom,Story,Football clip,Sports,Distractive,45.4,3,Hostel,2025-06-15,Evening
2533,U0004,LinkedIn,Search,DM chat casual,Social Media,Distractive,23.7,5,Hostel,2025-05-21,Morning
2534,U0150,Amazon,Notification,SQL tutorial,Education,Productive,47.4,2,Hostel,2025-09-29,Afternoon
2535,U0090,Telegram,Explore,Skill development,Education,Productive,21.8,1,Commute,2025-02-24,Afternoon
2536,U0074,WhatsApp,Notification,Dance videos,Entertainment,Distractive,53.4,5,Outdoors,2025-06-01,Morning
2537,U0429,Telegram,Notification,Breaking news,News,Productive,59.9,3,Home,2025-09-20,Afternoon
2538,U0024,WhatsApp,Course Page,DM chat casual,Social Media,Distractive,2.8,4,Library,2025-07-29,Afternoon
2539,U0409,Twitter/X,Notification,Music video,Entertainment,Distractive,58.2,4,Home,2025-03-30,Morning
2540,U0007,Instagram,Watch,Endless scrolling,Social Media,Distractive,67.5,4,Library,2025-05-18,Late Night
2541,U0173,Udemy,Course Page,Wishlist browsing,Commerce,Distractive,78.3,2,Outdoors,2025-03-11,Evening
2542,U0153,LinkedIn,DM/Chat,Market analysis,Business,Productive,22.4,2,Cafe,2025-09-27,Morning
2543,U0154,Twitter/X,Story,Endless scrolling,Social Media,Distractive,68.1,5,Hostel,2025-12-20,Night
2544,U0425,Udemy,DM/Chat,Interview preparation,Education,Productive,34.8,2,Home,2025-06-22,Late Night
2545,U0334,Instagram,Search,Coding practice,Education,Productive,43.3,2,Cafe,2025-05-19,Afternoon
2546,U0144,Flipkart,Notification,Language learning,Education,Productive,36.4,1,Office,2025-06-20,Late Night
2547,U0341,Google Classroom,Search,AI fundamentals,Education,Productive,3.4,1,College,2025-10-16,Night
2548,U0035,Telegram,Course Page,Cricket update,Sports,Distractive,33.3,3,Commute,2025-02-28,Evening
2549,U0403,Slack,Search,Wishlist browsing,Commerce,Distractive,18.9,3,Office,2025-11-07,Evening
2550,U0016,LinkedIn,Explore,Wishlist browsing,Commerce,Distractive,15.2,3,Library,2025-03-28,Night
2551,U0108,Snapchat,Course Page,Like notifications,Social Media,Distractive,38.4,5,Outdoors,2025-05-30,Late Night
2552,U0191,Instagram,Explore,Project update,Communication,Productive,24.8,1,Library,2025-12-03,Morning
2553,U0422,Gmail,Notification,Conference call,Communication,Productive,30.5,1,Cafe,2025-03-17,Night
2554,U0121,Telegram,Notification,Follower count check,Social Media,Distractive,53.8,5,Home,2025-08-04,Afternoon
2555,U0117,Coursera,Course Page,Client proposal,Business,Productive,8,1,Home,2025-03-19,Afternoon
2556,U0029,YouTube,Explore,Football clip,Sports,Distractive,29.2,2,Cafe,2025-10-05,Night
2557,U0161,Amazon,Watch,Funny compilation,Entertainment,Distractive,7.3,5,Outdoors,2025-08-04,Night
2558,U0181,YouTube,Course Page,Trending hashtags,Social Media,Distractive,67.7,4,Outdoors,2025-09-21,Morning
2559,U0391,YouTube,Notification,Voice message,Communication,Productive,35.3,2,Commute,2025-09-19,Late Night
2560,U0269,Twitter/X,Notification,Online sale,Commerce,Distractive,24.5,3,Outdoors,2025-07-30,Afternoon
2561,U0349,Udemy,Explore,Coding practice,Education,Productive,5.7,1,Library,2025-10-31,Night
2562,U0332,Instagram,Story,Email,Communication,Productive,44.6,1,College,2025-03-21,Late Night
2563,U0004,Slack,Search,Discount coupons,Commerce,Distractive,73.6,2,Home,2025-11-29,Night
2564,U0400,LinkedIn,Feed,Fashion trends,Commerce,Distractive,41.5,2,Office,2025-04-23,Night
2565,U0464,TikTok,Notification,Startup news,Business,Productive,36.8,1,Library,2025-04-25,Evening
2566,U0252,Gmail,Feed,Wishlist browsing,Commerce,Distractive,22.6,3,Commute,2025-01-23,Night
2567,U0354,Slack,DM/Chat,DM chat casual,Social Media,Distractive,89.7,5,Library,2025-06-23,Evening
2568,U0052,Gmail,DM/Chat,Live score,Sports,Distractive,66.8,3,Office,2025-12-03,Afternoon
2569,U0330,YouTube,Story,Follower count check,Social Media,Distractive,40.2,5,Home,2025-07-03,Afternoon
2570,U0160,Coursera,Notification,Conference call,Communication,Productive,17.2,2,Cafe,2025-05-15,Morning
2571,U0386,WhatsApp,Watch,Trending hashtags,Social Media,Distractive,6.7,4,Outdoors,2025-01-27,Morning
2572,U0322,YouTube,DM/Chat,Job search,Business,Productive,24.6,2,Outdoors,2025-02-28,Evening
2573,U0276,YouTube,Course Page,Discount coupons,Commerce,Distractive,79.2,2,Outdoors,2025-11-13,Night
2574,U0500,Google Classroom,Watch,Coding practice,Education,Productive,22.1,1,Cafe,2025-05-15,Night
2575,U0417,Instagram,DM/Chat,Football clip,Sports,Distractive,73.9,3,Hostel,2025-08-07,Evening
2576,U0260,Twitter/X,Search,Exam preparation,Education,Productive,37.2,2,Outdoors,2025-04-22,Night
2577,U0340,Flipkart,Course Page,World news,News,Productive,22.6,1,Office,2025-11-04,Afternoon
2578,U0070,Slack,Explore,Match highlights,Sports,Distractive,86.6,2,Library,2025-12-30,Morning
2579,U0154,Google Classroom,Search,Voice message,Communication,Productive,59.8,2,Library,2025-04-27,Afternoon
2580,U0299,WhatsApp,Notification,Work discussion,Communication,Productive,21.5,2,Cafe,2025-10-03,Afternoon
2581,U0434,Instagram,Course Page,Discount coupons,Commerce,Distractive,82,3,Cafe,2025-05-30,Night
2582,U0333,Snapchat,Reels/Shorts,Sports news,Sports,Distractive,31.7,3,Commute,2025-10-06,Evening
2583,U0007,Zoom,Reels/Shorts,Colleague message,Communication,Productive,26.1,2,Outdoors,2025-01-02,Evening
2584,U0457,Slack,Reels/Shorts,Networking,Business,Productive,24.9,1,College,2025-11-27,Evening
2585,U0131,Zoom,Course Page,Team meeting,Communication,Productive,23.8,2,Home,2025-12-28,Late Night
2586,U0275,Gmail,Watch,Local news,News,Productive,2.5,2,Office,2025-10-30,Afternoon
2587,U0497,Twitter/X,Feed,Product review,Commerce,Distractive,73.3,2,Hostel,2025-11-21,Evening
2588,U0232,Snapchat,Reels/Shorts,Interview preparation,Education,Productive,33.9,2,Library,2025-08-01,Night
2589,U0161,TikTok,Explore,Live score,Sports,Distractive,37.8,4,College,2025-01-01,Afternoon
2590,U0138,Snapchat,Feed,Online sale,Commerce,Distractive,13,3,Office,2025-03-10,Afternoon
2591,U0317,Gmail,Explore,Exam preparation,Education,Productive,33.7,1,Hostel,2025-09-07,Evening
2592,U0062,Gmail,Reels/Shorts,Data Science course,Education,Productive,20.3,2,Cafe,2025-05-22,Night
2593,U0156,Snapchat,DM/Chat,Dance videos,Entertainment,Distractive,22.8,4,Commute,2025-02-02,Night
2594,U0282,Google Classroom,Search,Product review,Commerce,Distractive,78.3,3,Hostel,2025-01-27,Morning
2595,U0458,Facebook,Explore,Online sale,Commerce,Distractive,20.4,3,Commute,2025-11-26,Night
2596,U0153,Snapchat,Course Page,Follower count check,Social Media,Distractive,62,4,Hostel,2025-05-15,Morning
2597,U0374,Amazon,Feed,Python tutorial,Education,Productive,58.4,1,Commute,2025-06-25,Morning
2598,U0093,Google Classroom,Watch,World news,News,Productive,52.6,2,Hostel,2025-09-04,Afternoon
2599,U0474,Google Classroom,Course Page,Weather update,News,Productive,45.5,1,Library,2025-02-03,Evening
2600,U0077,WhatsApp,Story,Random scrolling,Social Media,Distractive,62.1,5,Cafe,2025-10-25,Afternoon
2601,U0110,Zoom,Course Page,Influencer content,Social Media,Distractive,47.8,4,Outdoors,2025-10-29,Evening
2602,U0254,Google Classroom,Feed,Email,Communication,Productive,35.4,1,Cafe,2025-05-05,Night
2603,U0031,Slack,DM/Chat,Fashion trends,Commerce,Distractive,5.6,2,Commute,2025-09-15,Morning
2604,U0481,Coursera,Reels/Shorts,Conference call,Communication,Productive,19.4,2,College,2025-06-16,Morning
2605,U0484,Telegram,Course Page,Client call,Communication,Productive,32.6,1,Office,2025-11-20,Morning
2606,U0164,Gmail,Reels/Shorts,Physics lecture,Education,Productive,3.7,1,Hostel,2025-11-20,Late Night
2607,U0334,Amazon,Course Page,Product review,Commerce,Distractive,75.7,2,Hostel,2025-11-25,Late Night
2608,U0092,Twitter/X,DM/Chat,Coding practice,Education,Productive,55.5,2,College,2025-07-10,Evening
2609,U0222,YouTube,Feed,Current affairs,News,Productive,11.9,2,Home,2025-04-05,Late Night
2610,U0404,Amazon,Search,Follower count check,Social Media,Distractive,16,4,College,2025-02-19,Evening
2611,U0164,Telegram,Course Page,Stock market,Business,Productive,3.2,2,Commute,2025-02-08,Evening
2612,U0066,TikTok,Explore,Stock market,Business,Productive,53.7,1,Library,2025-09-23,Afternoon
2613,U0095,YouTube,Feed,Networking,Business,Productive,59.5,2,Library,2025-10-28,Afternoon
2614,U0388,TikTok,Search,Stock market,Business,Productive,39.6,2,College,2025-12-06,Late Night
2615,U0052,Twitter/X,Watch,Exam preparation,Education,Productive,32.5,1,Library,2025-04-25,Late Night
2616,U0082,Snapchat,Story,Breaking news,News,Productive,11.7,3,Hostel,2025-03-01,Afternoon
2617,U0171,Zoom,Story,Local news,News,Productive,50.1,3,Hostel,2025-12-14,Evening
2618,U0220,Snapchat,Notification,Job search,Business,Productive,24.6,2,Cafe,2025-11-09,Night
2619,U0374,Slack,Explore,Online certification,Education,Productive,26.3,2,Cafe,2025-03-31,Morning
2620,U0282,Gmail,Course Page,Trending hashtags,Social Media,Distractive,56.6,5,Library,2025-05-22,Late Night
2621,U0197,Coursera,Story,Story updates,Social Media,Distractive,37,5,College,2025-06-21,Afternoon
2622,U0404,WhatsApp,Watch,Product review,Commerce,Distractive,44.4,3,Hostel,2025-03-22,Evening
2623,U0054,Slack,Feed,World news,News,Productive,37.6,3,Hostel,2025-08-02,Evening
2624,U0450,Coursera,DM/Chat,TV show clip,Entertainment,Distractive,37,5,Commute,2025-03-23,Evening
2625,U0298,Telegram,Story,Sports news,Sports,Distractive,60.4,3,Commute,2025-04-17,Late Night
2626,U0078,Coursera,Search,Online sale,Commerce,Distractive,26.8,3,Hostel,2025-09-10,Late Night
2627,U0487,Udemy,Reels/Shorts,Shorts,Entertainment,Distractive,14.9,5,Outdoors,2025-11-27,Night
2628,U0169,Coursera,Story,Local news,News,Productive,17,3,Cafe,2025-07-30,Late Night
2629,U0241,Telegram,Reels/Shorts,Online sale,Commerce,Distractive,36,2,Office,2025-06-01,Late Night
2630,U0043,WhatsApp,Explore,Weather update,News,Productive,6.7,3,Library,2025-12-11,Late Night
2631,U0243,Gmail,Reels/Shorts,Work discussion,Communication,Productive,2.7,1,Home,2025-09-12,Afternoon
2632,U0275,Udemy,Search,Project management,Business,Productive,46.7,1,Home,2025-02-18,Evening
2633,U0107,Instagram,Notification,Discount coupons,Commerce,Distractive,80.8,3,Hostel,2025-05-21,Late Night
2634,U0095,Google Classroom,Explore,Email,Communication,Productive,47.2,1,Cafe,2025-08-15,Night
2635,U0106,Snapchat,Explore,Random scrolling,Social Media,Distractive,76,4,Cafe,2025-06-26,Night
2636,U0203,Gmail,Search,Weather update,News,Productive,45.1,1,Cafe,2025-01-06,Afternoon
2637,U0236,Snapchat,Explore,Reels,Entertainment,Distractive,63.5,4,Hostel,2025-05-30,Late Night
2638,U0113,Gmail,Feed,Family chat,Communication,Productive,25.3,2,Library,2025-04-22,Evening
2639,U0398,TikTok,Reels/Shorts,Video call,Communication,Productive,11,1,Home,2025-02-28,Night
2640,U0119,Zoom,Feed,Weather update,News,Productive,45.9,3,College,2025-04-10,Afternoon
2641,U0274,Udemy,Explore,Music video,Entertainment,Distractive,75.2,4,Library,2025-12-18,Evening
2642,U0308,Zoom,Reels/Shorts,Client call,Communication,Productive,44,1,College,2025-08-11,Night
2643,U0297,Zoom,Notification,Current affairs,News,Productive,6.4,1,Hostel,2025-01-06,Evening
2644,U0288,Google Classroom,Search,Video call,Communication,Productive,53.7,1,Home,2025-03-19,Late Night
2645,U0309,LinkedIn,Explore,Discount coupons,Commerce,Distractive,82.5,3,Home,2025-02-07,Late Night
2646,U0459,Facebook,Reels/Shorts,Language learning,Education,Productive,57.3,2,Library,2025-05-13,Late Night
2647,U0032,Facebook,Feed,Random scrolling,Social Media,Distractive,19.6,5,Library,2025-02-08,Night
2648,U0196,LinkedIn,Course Page,Football clip,Sports,Distractive,75.5,4,College,2025-04-16,Late Night
2649,U0105,Udemy,Reels/Shorts,Exam preparation,Education,Productive,51.5,2,College,2025-09-11,Morning
2650,U0083,Google Classroom,Feed,LinkedIn post,Business,Productive,59.8,1,Cafe,2025-08-26,Morning
2651,U0163,LinkedIn,Search,Client call,Communication,Productive,50.6,1,Outdoors,2025-11-20,Evening
2652,U0151,Twitter/X,Explore,Client proposal,Business,Productive,29.1,1,Commute,2025-09-09,Night
2653,U0155,Coursera,Notification,Online sale,Commerce,Distractive,71.2,2,College,2025-01-20,Night
2654,U0146,LinkedIn,Watch,Colleague message,Communication,Productive,11,2,Office,2025-03-02,Evening
2655,U0340,WhatsApp,Story,Exam preparation,Education,Productive,13.8,1,Home,2025-07-30,Late Night
2656,U0086,TikTok,Reels/Shorts,Wishlist browsing,Commerce,Distractive,37.2,2,Cafe,2025-06-26,Evening
2657,U0369,Google Classroom,Reels/Shorts,Story updates,Social Media,Distractive,1.2,5,Commute,2025-05-25,Night
2658,U0310,Slack,Notification,Project update,Communication,Productive,55,2,Commute,2025-08-07,Night
2659,U0179,Instagram,Story,Prank videos,Entertainment,Distractive,10.4,4,Commute,2025-08-10,Night
2660,U0327,Flipkart,Notification,Online sale,Commerce,Distractive,27.4,3,Office,2025-04-05,Night
2661,U0014,TikTok,Explore,Project update,Communication,Productive,8.9,1,Commute,2025-07-27,Evening
2662,U0057,Udemy,Feed,Web series clip,Entertainment,Distractive,60,4,College,2025-05-31,Evening
2663,U0228,Slack,Explore,Current affairs,News,Productive,51.8,2,Cafe,2025-01-21,Late Night
2664,U0498,Telegram,Explore,Video call,Communication,Productive,32.9,1,Home,2025-12-11,Evening
2665,U0369,Facebook,Feed,Project update,Communication,Productive,28.8,1,Office,2025-04-09,Late Night
2666,U0285,Snapchat,Search,Group chat,Communication,Productive,14.5,2,Office,2025-04-03,Afternoon
2667,U0184,Zoom,Course Page,Resume building,Business,Productive,20.3,1,Office,2025-09-27,Afternoon
2668,U0411,Zoom,Reels/Shorts,Celebrity,Entertainment,Distractive,4.5,4,Cafe,2025-08-20,Late Night
2669,U0423,LinkedIn,Reels/Shorts,Team meeting,Communication,Productive,56.2,2,Commute,2025-12-08,Morning
2670,U0149,Gmail,Search,Trending hashtags,Social Media,Distractive,15.7,5,Office,2025-01-04,Night
2671,U0015,Udemy,Notification,Colleague message,Communication,Productive,58.9,2,Outdoors,2025-09-26,Afternoon
2672,U0466,WhatsApp,Feed,Market analysis,Business,Productive,53.8,1,College,2025-11-15,Evening
2673,U0477,WhatsApp,Story,Trending hashtags,Social Media,Distractive,78.6,5,Office,2025-09-19,Morning
2674,U0090,Telegram,Course Page,Dance videos,Entertainment,Distractive,26.6,5,Office,2025-10-09,Morning
2675,U0329,Instagram,Explore,Colleague message,Communication,Productive,14.1,1,Commute,2025-09-12,Late Night
2676,U0421,LinkedIn,Search,Language learning,Education,Productive,6.7,2,Outdoors,2025-05-09,Afternoon
2677,U0304,Amazon,Story,Flash deals,Commerce,Distractive,50.2,2,Commute,2025-09-10,Evening
2678,U0354,Snapchat,Feed,Gaming,Entertainment,Distractive,75.2,5,Hostel,2025-10-18,Morning
2679,U0199,Slack,Notification,Gossip,Entertainment,Distractive,39.2,4,Hostel,2025-02-04,Morning
2680,U0458,Coursera,DM/Chat,Like notifications,Social Media,Distractive,41.3,5,Cafe,2025-07-10,Night
2681,U0340,Amazon,Search,Exam preparation,Education,Productive,27.2,2,College,2025-04-25,Night
2682,U0100,Facebook,Story,Client call,Communication,Productive,14,1,Home,2025-09-20,Evening
2683,U0441,Snapchat,Explore,Cricket update,Sports,Distractive,27.3,4,Cafe,2025-08-24,Night
2684,U0109,Google Classroom,Search,Freelance work,Business,Productive,15.2,1,Office,2025-05-09,Afternoon
2685,U0369,Zoom,Reels/Shorts,Gaming,Entertainment,Distractive,41.4,4,Office,2025-06-07,Morning
2686,U0145,TikTok,Reels/Shorts,Follower count check,Social Media,Distractive,30.2,4,Commute,2025-06-11,Night
2687,U0232,Udemy,Explore,SQL tutorial,Education,Productive,1.9,1,Cafe,2025-03-26,Evening
2688,U0150,Coursera,Search,Language learning,Education,Productive,37.6,1,Commute,2025-12-12,Late Night
2689,U0116,WhatsApp,Story,Story updates,Social Media,Distractive,58,4,Office,2025-09-26,Night
2690,U0051,Facebook,Explore,Math tutorial,Education,Productive,24.1,1,College,2025-08-15,Afternoon
2691,U0278,Facebook,Search,Sports news,Sports,Distractive,3.4,2,College,2025-07-28,Night
2692,U0244,Coursera,Search,Business news,Business,Productive,54.1,2,Hostel,2025-11-06,Afternoon
2693,U0301,Facebook,Story,SQL tutorial,Education,Productive,45.3,1,Library,2025-03-04,Afternoon
2694,U0078,Google Classroom,Notification,Market analysis,Business,Productive,47,1,Commute,2025-01-04,Afternoon
2695,U0317,YouTube,Reels/Shorts,Web development course,Education,Productive,35,1,Library,2025-04-19,Evening
2696,U0095,Udemy,Reels/Shorts,Technology news,News,Productive,36.6,3,Home,2025-01-30,Morning
2697,U0359,TikTok,Search,Like notifications,Social Media,Distractive,17.4,4,Commute,2025-07-12,Evening
2698,U0297,Flipkart,Story,Live score,Sports,Distractive,87.3,4,Cafe,2025-01-02,Night
2699,U0043,Google Classroom,Story,Job search,Business,Productive,43.9,1,Library,2025-03-11,Afternoon
2700,U0149,Gmail,Notification,Wishlist browsing,Commerce,Distractive,69.4,3,Cafe,2025-06-19,Night
2701,U0484,Gmail,Feed,Sports news,Sports,Distractive,70.6,2,College,2025-11-11,Evening
2702,U0175,WhatsApp,Course Page,Trending hashtags,Social Media,Distractive,87.7,4,Hostel,2025-08-04,Night
2703,U0284,Udemy,Explore,Skill development,Education,Productive,4.9,1,Home,2025-10-22,Afternoon
2704,U0080,Udemy,Notification,Colleague message,Communication,Productive,4.2,2,College,2025-11-16,Morning
2705,U0323,LinkedIn,Explore,Job search,Business,Productive,29.2,1,Outdoors,2025-01-13,Night
2706,U0064,Amazon,DM/Chat,Cricket update,Sports,Distractive,13.1,2,Library,2025-12-17,Night
2707,U0189,Facebook,Explore,Story updates,Social Media,Distractive,73.9,4,Cafe,2025-11-28,Late Night
2708,U0099,WhatsApp,Reels/Shorts,Online sale,Commerce,Distractive,26.5,3,Office,2025-11-07,Evening
2709,U0290,Coursera,Course Page,Machine Learning,Education,Productive,50,1,Library,2025-10-19,Late Night
2710,U0436,Twitter/X,Search,Job search,Business,Productive,16.3,1,Commute,2025-11-03,Late Night
2711,U0338,Facebook,Course Page,Fashion trends,Commerce,Distractive,68.2,2,Cafe,2025-02-22,Night
2712,U0471,Udemy,Explore,World news,News,Productive,21.2,3,College,2025-06-24,Afternoon
2713,U0084,LinkedIn,Watch,Stock market,Business,Productive,40.4,1,Home,2025-07-18,Evening
2714,U0413,Snapchat,Explore,Fashion trends,Commerce,Distractive,40.6,3,Library,2025-07-08,Morning
2715,U0487,Zoom,Story,Client proposal,Business,Productive,56.6,1,Library,2025-05-08,Night
2716,U0262,TikTok,Course Page,Like notifications,Social Media,Distractive,88,5,Cafe,2025-09-28,Night
2717,U0426,Snapchat,Watch,Viral video,Entertainment,Distractive,73.5,4,Cafe,2025-12-29,Evening
2718,U0497,Telegram,Search,Video call,Communication,Productive,19.6,2,Hostel,2025-10-24,Afternoon
2719,U0385,Amazon,Reels/Shorts,Product review,Commerce,Distractive,13.7,3,Home,2025-08-04,Afternoon
2720,U0315,Udemy,Search,Cricket update,Sports,Distractive,54.2,4,Library,2025-06-13,Morning
2721,U0057,Zoom,Watch,Football clip,Sports,Distractive,78.1,2,College,2025-03-09,Late Night
2722,U0237,Instagram,Search,Viral video,Entertainment,Distractive,14.1,5,Library,2025-05-30,Night
2723,U0443,Udemy,Course Page,History lecture,Education,Productive,51.6,2,Office,2025-07-11,Morning
2724,U0232,Instagram,DM/Chat,Celebrity,Entertainment,Distractive,21.5,5,Office,2025-02-17,Evening
2725,U0368,Gmail,Search,Job search,Business,Productive,41.9,1,Cafe,2025-06-12,Morning
2726,U0344,Gmail,Feed,Fashion trends,Commerce,Distractive,36.2,3,Hostel,2025-11-19,Afternoon
2727,U0421,Twitter/X,Feed,Market analysis,Business,Productive,7.7,2,Office,2025-03-19,Morning
2728,U0105,Slack,Watch,Chemistry notes,Education,Productive,8.5,2,Cafe,2025-10-06,Afternoon
2729,U0310,TikTok,Feed,Technology news,News,Productive,56.9,2,Office,2025-12-20,Late Night
2730,U0311,Twitter/X,Explore,Fashion trends,Commerce,Distractive,1.8,2,Commute,2025-11-24,Evening
2731,U0367,Instagram,Notification,Viral video,Entertainment,Distractive,88.7,4,Hostel,2025-05-24,Late Night
2732,U0192,Facebook,Watch,Data Science course,Education,Productive,37.7,1,College,2025-10-16,Afternoon
2733,U0403,LinkedIn,Story,Python tutorial,Education,Productive,18.2,1,College,2025-09-01,Evening
2734,U0327,Twitter/X,Notification,Competitive exam tips,Education,Productive,44.3,1,Home,2025-05-27,Evening
2735,U0458,YouTube,Watch,Video call,Communication,Productive,15.3,2,Commute,2025-07-27,Night
2736,U0331,Amazon,DM/Chat,Influencer content,Social Media,Distractive,47.5,4,College,2025-05-21,Late Night
2737,U0320,Gmail,Story,Technology news,News,Productive,21.8,2,Home,2025-04-11,Morning
2738,U0431,Slack,Story,Data Science course,Education,Productive,23.5,2,Outdoors,2025-02-26,Night
2739,U0405,YouTube,Reels/Shorts,Football clip,Sports,Distractive,86.6,3,Home,2025-03-21,Night
2740,U0476,Udemy,Reels/Shorts,Work discussion,Communication,Productive,26.7,1,College,2025-07-07,Late Night
2741,U0183,LinkedIn,Reels/Shorts,Fashion trends,Commerce,Distractive,51.6,3,Outdoors,2025-07-17,Night
2742,U0171,Snapchat,Explore,Local news,News,Productive,4.9,1,Home,2025-06-14,Morning
2743,U0217,Zoom,Story,Political news,News,Productive,39,1,College,2025-10-29,Evening
2744,U0336,Flipkart,DM/Chat,DM chat casual,Social Media,Distractive,33.5,4,Library,2025-05-07,Late Night
2745,U0172,TikTok,Explore,Resume building,Business,Productive,39.9,1,College,2025-08-28,Night
2746,U0003,Zoom,Explore,Exam preparation,Education,Productive,26.2,2,Outdoors,2025-11-06,Afternoon
2747,U0387,Slack,Story,Current affairs,News,Productive,13.1,1,Outdoors,2025-04-02,Night
2748,U0085,Zoom,Story,Fashion trends,Commerce,Distractive,7.2,2,Commute,2025-12-30,Morning
2749,U0240,Google Classroom,Explore,Story updates,Social Media,Distractive,10.5,5,Library,2025-01-03,Late Night
2750,U0392,Udemy,Search,Current affairs,News,Productive,53.3,3,Home,2025-11-24,Night
2751,U0062,Snapchat,Course Page,Weather update,News,Productive,47.8,3,Outdoors,2025-08-22,Morning
2752,U0400,Facebook,Course Page,Memes,Entertainment,Distractive,59.1,5,Hostel,2025-04-12,Morning
2753,U0100,WhatsApp,Search,Python tutorial,Education,Productive,5.3,2,Office,2025-05-23,Afternoon
2754,U0241,Twitter/X,Feed,Dance videos,Entertainment,Distractive,32,5,Outdoors,2025-12-21,Night
2755,U0223,LinkedIn,Course Page,Family chat,Communication,Productive,7.4,2,Commute,2025-12-30,Late Night
2756,U0100,Gmail,Explore,Like notifications,Social Media,Distractive,27.3,5,Hostel,2025-09-26,Afternoon
2757,U0350,Instagram,Story,Music video,Entertainment,Distractive,14.6,4,Cafe,2025-03-12,Night
2758,U0390,Twitter/X,Search,Trending hashtags,Social Media,Distractive,12.3,5,College,2025-10-24,Morning
2759,U0216,Gmail,Feed,Prank videos,Entertainment,Distractive,33.2,4,Cafe,2025-09-02,Afternoon
2760,U0023,Udemy,Reels/Shorts,Data Science course,Education,Productive,5.9,2,Commute,2025-01-20,Morning
2761,U0179,Telegram,Feed,Work discussion,Communication,Productive,2.8,1,Home,2025-03-10,Night
2762,U0148,Gmail,Story,Local news,News,Productive,36.3,2,Library,2025-04-23,Evening
2763,U0047,WhatsApp,Search,Political news,News,Productive,7.4,2,Hostel,2025-08-30,Late Night
2764,U0416,Slack,Explore,Web series clip,Entertainment,Distractive,88.7,4,Hostel,2025-05-26,Afternoon
2765,U0075,WhatsApp,Course Page,Stock market,Business,Productive,41.9,1,Hostel,2025-08-05,Evening
2766,U0149,Amazon,Watch,Resume building,Business,Productive,51.6,2,Office,2025-09-13,Afternoon
2767,U0342,Facebook,Feed,Machine Learning,Education,Productive,33.2,1,Home,2025-02-14,Evening
2768,U0422,Amazon,Reels/Shorts,Discount coupons,Commerce,Distractive,53.4,2,Commute,2025-05-24,Afternoon
2769,U0461,TikTok,DM/Chat,Client proposal,Business,Productive,44,1,Library,2025-05-01,Evening
2770,U0370,TikTok,DM/Chat,Discount coupons,Commerce,Distractive,73.3,2,College,2025-01-30,Morning
2771,U0373,Slack,DM/Chat,Interview preparation,Education,Productive,4.9,1,Outdoors,2025-09-24,Morning
2772,U0034,Snapchat,Notification,History lecture,Education,Productive,39,1,Library,2025-06-21,Evening
2773,U0214,Coursera,Feed,Story updates,Social Media,Distractive,83.2,4,Library,2025-11-21,Night
2774,U0072,Telegram,Explore,Shopping,Commerce,Distractive,16.2,2,Home,2025-09-20,Morning
2775,U0394,Slack,Reels/Shorts,Investment tips,Business,Productive,21.6,2,Cafe,2025-08-23,Evening
2776,U0349,Coursera,Reels/Shorts,Live score,Sports,Distractive,89.4,3,College,2025-01-19,Evening
2777,U0310,Coursera,Feed,Local news,News,Productive,51.9,3,Hostel,2025-09-12,Afternoon
2778,U0342,Google Classroom,Search,Football clip,Sports,Distractive,9.4,4,College,2025-06-07,Afternoon
2779,U0388,Udemy,Explore,Flash deals,Commerce,Distractive,66.3,2,Commute,2025-11-28,Morning
2780,U0246,Telegram,Course Page,Work discussion,Communication,Productive,41.7,2,College,2025-09-18,Night
2781,U0222,Slack,Notification,Discount coupons,Commerce,Distractive,73.1,2,Library,2025-07-29,Afternoon
2782,U0082,TikTok,Search,Endless scrolling,Social Media,Distractive,41.9,4,Hostel,2025-03-30,Late Night
2783,U0230,Telegram,Course Page,Project management,Business,Productive,31.4,2,Home,2025-10-19,Afternoon
2784,U0298,Amazon,Search,Shopping,Commerce,Distractive,17.7,3,Home,2025-08-26,Evening
2785,U0078,LinkedIn,Search,World news,News,Productive,20.1,2,Outdoors,2025-09-03,Night
2786,U0492,TikTok,Watch,Product review,Commerce,Distractive,3.2,3,Library,2025-10-13,Evening
2787,U0169,WhatsApp,Watch,Science experiment,Education,Productive,8.4,1,Outdoors,2025-02-25,Night
2788,U0445,Twitter/X,Reels/Shorts,Football clip,Sports,Distractive,85.9,4,Office,2025-10-30,Evening
2789,U0021,Gmail,Reels/Shorts,Product review,Commerce,Distractive,58.7,2,Cafe,2025-09-27,Night
2790,U0288,Instagram,Search,Skill development,Education,Productive,16.5,1,Office,2025-09-25,Night
2791,U0101,Gmail,Feed,Sports news,Sports,Distractive,56.8,4,Home,2025-03-14,Late Night
2792,U0201,Facebook,Story,Data Science course,Education,Productive,38.4,1,College,2025-11-26,Late Night
2793,U0083,Snapchat,Feed,Physics lecture,Education,Productive,24.7,2,Commute,2025-03-18,Afternoon
2794,U0454,Telegram,DM/Chat,World news,News,Productive,49.4,1,Home,2025-07-16,Afternoon
2795,U0334,Twitter/X,Feed,Python tutorial,Education,Productive,56.5,2,Cafe,2025-03-30,Night
2796,U0254,Gmail,Story,Online sale,Commerce,Distractive,22.3,3,Cafe,2025-01-13,Evening
2797,U0131,Google Classroom,Explore,Colleague message,Communication,Productive,56.8,2,Commute,2025-07-28,Night
2798,U0131,Twitter/X,Story,SQL tutorial,Education,Productive,39.1,2,Cafe,2025-07-10,Afternoon
2799,U0102,TikTok,Explore,Influencer content,Social Media,Distractive,80.8,5,Hostel,2025-07-01,Late Night
2800,U0438,Coursera,Story,Comedy videos,Entertainment,Distractive,59.3,5,Hostel,2025-11-19,Afternoon
2801,U0124,Twitter/X,Explore,Discount coupons,Commerce,Distractive,88.1,3,Cafe,2025-09-23,Evening
2802,U0149,Udemy,Story,Stock market,Business,Productive,31.9,2,Home,2025-09-18,Late Night
2803,U0447,Telegram,Notification,Breaking news,News,Productive,13.9,3,Cafe,2025-06-03,Afternoon
2804,U0185,YouTube,Story,Flash deals,Commerce,Distractive,3.1,3,Cafe,2025-06-13,Morning
2805,U0101,Zoom,Explore,Excel tutorial,Education,Productive,28.3,1,Home,2025-01-27,Night
2806,U0162,YouTube,Course Page,Movie clips,Entertainment,Distractive,40.8,4,Outdoors,2025-03-14,Late Night
2807,U0172,Coursera,Notification,Gossip,Entertainment,Distractive,83.4,4,College,2025-08-04,Afternoon
2808,U0012,YouTube,Search,Influencer content,Social Media,Distractive,62.3,5,Home,2025-06-03,Evening
2809,U0306,Google Classroom,DM/Chat,Market analysis,Business,Productive,21.3,1,College,2025-03-13,Night
2810,U0123,Udemy,Story,Prank videos,Entertainment,Distractive,17.7,4,College,2025-02-27,Afternoon
2811,U0283,Snapchat,Explore,Endless scrolling,Social Media,Distractive,32.9,5,Outdoors,2025-05-16,Afternoon
2812,U0254,Snapchat,Story,Discount coupons,Commerce,Distractive,10.9,3,Home,2025-09-26,Evening
2813,U0021,Flipkart,Story,Weather update,News,Productive,18.3,1,College,2025-05-13,Night
2814,U0161,Amazon,Reels/Shorts,Family chat,Communication,Productive,5.6,1,Cafe,2025-06-26,Evening
2815,U0213,YouTube,Explore,Local news,News,Productive,9,2,Office,2025-10-06,Morning
2816,U0426,Gmail,Watch,Match highlights,Sports,Distractive,35.3,2,Office,2025-02-14,Evening
2817,U0015,Snapchat,Explore,Sports news,Sports,Distractive,23.9,3,College,2025-03-30,Night
2818,U0120,TikTok,Search,Shorts,Entertainment,Distractive,2.3,5,Home,2025-08-06,Late Night
2819,U0173,Coursera,Feed,Family chat,Communication,Productive,47.6,2,Library,2025-11-13,Late Night
2820,U0277,YouTube,Watch,Work discussion,Communication,Productive,20.8,2,Commute,2025-11-12,Late Night
2821,U0144,Gmail,DM/Chat,Networking,Business,Productive,40.9,2,College,2025-03-30,Afternoon
2822,U0333,Slack,Feed,World news,News,Productive,19.2,3,Commute,2025-02-16,Evening
2823,U0284,Flipkart,DM/Chat,Stock market,Business,Productive,24.6,1,Commute,2025-01-24,Afternoon
2824,U0227,LinkedIn,DM/Chat,LinkedIn post,Business,Productive,16.1,1,Outdoors,2025-07-05,Evening
2825,U0384,WhatsApp,Reels/Shorts,Fashion trends,Commerce,Distractive,64.9,2,Cafe,2025-10-30,Morning
2826,U0128,WhatsApp,Notification,Music video,Entertainment,Distractive,76.7,4,Library,2025-11-28,Evening
2827,U0248,Coursera,Reels/Shorts,Flash deals,Commerce,Distractive,79.9,3,Office,2025-12-07,Late Night
2828,U0059,LinkedIn,Story,Live score,Sports,Distractive,2.4,4,Office,2025-12-16,Late Night
2829,U0261,TikTok,Story,Football clip,Sports,Distractive,73,2,Outdoors,2025-04-20,Afternoon
2830,U0080,WhatsApp,Feed,Work discussion,Communication,Productive,44.1,1,Outdoors,2025-04-28,Late Night
2831,U0223,TikTok,Reels/Shorts,Business news,Business,Productive,47.4,1,Outdoors,2025-04-22,Night
2832,U0227,Flipkart,Search,Live score,Sports,Distractive,51.3,2,Outdoors,2025-09-07,Morning
2833,U0006,Flipkart,DM/Chat,Gossip,Entertainment,Distractive,6,4,Cafe,2025-06-12,Morning
2834,U0018,TikTok,Notification,Stock market,Business,Productive,15.4,1,Outdoors,2025-10-12,Late Night
2835,U0232,Flipkart,Feed,Local news,News,Productive,11,2,Commute,2025-09-15,Night
2836,U0351,YouTube,Watch,Shopping,Commerce,Distractive,1.8,2,Library,2025-05-20,Night
2837,U0278,WhatsApp,Notification,Sports news,Sports,Distractive,64.3,3,Office,2025-05-03,Night
2838,U0025,Coursera,Notification,Video call,Communication,Productive,40.2,1,Outdoors,2025-03-30,Morning
2839,U0082,Coursera,Watch,Influencer content,Social Media,Distractive,34.4,4,College,2025-10-07,Evening
2840,U0089,Coursera,Notification,Stock market,Business,Productive,39.8,1,Office,2025-07-05,Afternoon
2841,U0431,WhatsApp,Explore,Competitive exam tips,Education,Productive,31.9,1,Hostel,2025-04-24,Night
2842,U0304,Udemy,DM/Chat,Language learning,Education,Productive,44.6,1,Home,2025-08-27,Late Night
2843,U0042,Udemy,Search,TV show clip,Entertainment,Distractive,5.1,5,Home,2025-07-01,Afternoon
2844,U0288,Udemy,Feed,Shorts,Entertainment,Distractive,41.7,4,Hostel,2025-05-04,Evening
2845,U0042,LinkedIn,Search,Endless scrolling,Social Media,Distractive,20.3,5,Home,2025-09-28,Evening
2846,U0242,Zoom,Watch,Family chat,Communication,Productive,22.3,1,Commute,2025-08-04,Late Night
2847,U0233,Flipkart,Story,Startup news,Business,Productive,24,2,College,2025-11-04,Afternoon
2848,U0257,Coursera,Course Page,Fashion trends,Commerce,Distractive,40.7,2,College,2025-12-19,Late Night
2849,U0380,Telegram,DM/Chat,Discount coupons,Commerce,Distractive,53,2,Hostel,2025-02-24,Afternoon
2850,U0254,Gmail,Notification,Discount coupons,Commerce,Distractive,20.5,3,Home,2025-07-10,Evening
2851,U0085,Twitter/X,Notification,Technology news,News,Productive,50.9,1,Outdoors,2025-05-27,Morning
2852,U0254,TikTok,Reels/Shorts,Job search,Business,Productive,18.8,2,Hostel,2025-07-15,Afternoon
2853,U0214,Instagram,Watch,Online sale,Commerce,Distractive,85.7,2,College,2025-02-06,Night
2854,U0058,Snapchat,Reels/Shorts,Colleague message,Communication,Productive,23.1,2,Cafe,2025-09-19,Afternoon
2855,U0161,Twitter/X,Explore,Flash deals,Commerce,Distractive,24.3,3,Home,2025-05-09,Night
2856,U0287,Slack,Course Page,Flash deals,Commerce,Distractive,83.5,3,Library,2025-07-13,Late Night
2857,U0354,Zoom,Notification,Current affairs,News,Productive,14,1,Library,2025-07-25,Afternoon
2858,U0197,Facebook,Reels/Shorts,Voice message,Communication,Productive,40,1,Office,2025-09-05,Morning
2859,U0297,WhatsApp,Feed,Trending hashtags,Social Media,Distractive,81.8,5,Home,2025-07-13,Afternoon
2860,U0266,Snapchat,Search,Group chat,Communication,Productive,31.3,2,Cafe,2025-09-03,Morning
2861,U0435,LinkedIn,Course Page,Current affairs,News,Productive,42.1,1,Hostel,2025-11-30,Morning
2862,U0458,Gmail,Notification,Sports news,Sports,Distractive,55.5,4,Cafe,2025-10-23,Night
2863,U0064,Amazon,Search,Funny compilation,Entertainment,Distractive,83.8,4,Office,2025-02-24,Night
2864,U0274,Amazon,Explore,Client call,Communication,Productive,22,2,College,2025-10-11,Late Night
2865,U0049,WhatsApp,Course Page,Video call,Communication,Productive,13.5,2,Commute,2025-07-28,Afternoon
2866,U0419,Snapchat,Course Page,Online sale,Commerce,Distractive,88.3,2,Commute,2025-06-30,Night
2867,U0468,LinkedIn,Explore,LinkedIn post,Business,Productive,36.2,2,Hostel,2025-04-22,Night
2868,U0059,Slack,Feed,Group chat,Communication,Productive,24.1,1,Office,2025-12-24,Morning
2869,U0408,Udemy,Reels/Shorts,Local news,News,Productive,26.1,1,Outdoors,2025-06-28,Afternoon
2870,U0241,Coursera,DM/Chat,Business news,Business,Productive,25.9,2,College,2025-05-04,Morning
2871,U0345,YouTube,Watch,Random scrolling,Social Media,Distractive,62.3,4,Home,2025-05-05,Night
2872,U0175,Google Classroom,Story,Startup news,Business,Productive,31.4,2,Commute,2025-09-15,Afternoon
2873,U0324,LinkedIn,Search,Discount coupons,Commerce,Distractive,43.9,2,Cafe,2025-04-22,Late Night
2874,U0359,Amazon,Reels/Shorts,Networking,Business,Productive,26.8,2,Cafe,2025-02-05,Late Night
2875,U0362,Zoom,Course Page,Freelance work,Business,Productive,52.2,1,Office,2025-02-24,Afternoon
2876,U0051,LinkedIn,Notification,Technology news,News,Productive,24.3,1,Cafe,2025-07-03,Evening
2877,U0398,Zoom,Story,Local news,News,Productive,14.8,3,Commute,2025-07-19,Afternoon
2878,U0334,Instagram,Course Page,Excel tutorial,Education,Productive,36.3,1,Commute,2025-11-15,Morning
2879,U0384,Flipkart,Notification,Wishlist browsing,Commerce,Distractive,42.4,3,Cafe,2025-01-17,Late Night
2880,U0215,Gmail,Course Page,LinkedIn post,Business,Productive,38.5,1,Library,2025-06-18,Morning
2881,U0232,WhatsApp,DM/Chat,Flash deals,Commerce,Distractive,20.2,2,Outdoors,2025-04-09,Night
2882,U0157,LinkedIn,Course Page,Physics lecture,Education,Productive,39.8,1,Cafe,2025-01-06,Afternoon
2883,U0345,Snapchat,Watch,Investment tips,Business,Productive,6.5,1,Library,2025-02-01,Night
2884,U0052,Coursera,Explore,Breaking news,News,Productive,19.4,3,Home,2025-02-18,Late Night
2885,U0081,Snapchat,Watch,Dance videos,Entertainment,Distractive,68.7,5,Cafe,2025-03-21,Morning
2886,U0061,Instagram,Watch,Prank videos,Entertainment,Distractive,40.1,5,Commute,2025-12-26,Morning
2887,U0146,Amazon,Explore,Wishlist browsing,Commerce,Distractive,89.1,2,Home,2025-11-10,Late Night
2888,U0020,Flipkart,DM/Chat,Client call,Communication,Productive,37.6,2,College,2025-04-09,Night
2889,U0198,Google Classroom,Story,Random scrolling,Social Media,Distractive,89.1,4,Home,2025-09-18,Afternoon
2890,U0093,Instagram,DM/Chat,Colleague message,Communication,Productive,19.8,1,Commute,2025-11-12,Evening
2891,U0340,Coursera,Course Page,Stock market,Business,Productive,23.6,1,Hostel,2025-08-10,Late Night
2892,U0129,Snapchat,Story,Flash deals,Commerce,Distractive,21.8,2,Hostel,2025-02-17,Late Night
2893,U0335,Instagram,DM/Chat,Group chat,Communication,Productive,47.2,1,Cafe,2025-03-06,Evening
2894,U0098,TikTok,Explore,Resume building,Business,Productive,40.7,1,Library,2025-05-19,Night
2895,U0242,Slack,Notification,World news,News,Productive,36.7,2,Library,2025-05-12,Afternoon
2896,U0090,Telegram,Watch,Influencer content,Social Media,Distractive,66.1,5,Hostel,2025-07-05,Evening
2897,U0138,TikTok,Search,Prank videos,Entertainment,Distractive,50.3,4,Commute,2025-01-11,Night
2898,U0451,Flipkart,Search,Political news,News,Productive,58.5,1,Commute,2025-11-08,Evening
2899,U0050,Telegram,Explore,Live score,Sports,Distractive,26.2,2,Library,2025-06-15,Late Night
2900,U0391,YouTube,Watch,Cricket update,Sports,Distractive,41.8,3,Library,2025-01-03,Morning
2901,U0331,Slack,Course Page,Random scrolling,Social Media,Distractive,19.9,4,Cafe,2025-05-26,Late Night
2902,U0210,Slack,Explore,Wishlist browsing,Commerce,Distractive,39.2,3,Cafe,2025-08-22,Morning
2903,U0465,Telegram,Feed,Project update,Communication,Productive,6,1,Cafe,2025-11-15,Night
2904,U0201,Twitter/X,Notification,Group chat,Communication,Productive,16.4,1,Outdoors,2025-02-22,Evening
2905,U0373,Telegram,Story,Sports news,Sports,Distractive,1,3,Commute,2025-02-09,Late Night
2906,U0105,TikTok,Course Page,Shopping,Commerce,Distractive,59.9,2,Cafe,2025-10-16,Afternoon
2907,U0331,Telegram,Notification,Comedy videos,Entertainment,Distractive,30.2,5,Cafe,2025-06-15,Morning
2908,U0462,Coursera,Course Page,Like notifications,Social Media,Distractive,31.5,5,Home,2025-03-11,Evening
2909,U0064,WhatsApp,Course Page,Market analysis,Business,Productive,50.1,2,Office,2025-06-19,Night
2910,U0447,Amazon,Feed,Celebrity,Entertainment,Distractive,88.3,4,Library,2025-10-03,Evening
2911,U0323,Snapchat,Explore,Cricket update,Sports,Distractive,78.8,4,Cafe,2025-09-21,Morning
2912,U0344,Slack,Watch,Discount coupons,Commerce,Distractive,52,2,Hostel,2025-10-14,Morning
2913,U0436,Slack,Story,Online sale,Commerce,Distractive,20.6,3,College,2025-01-12,Morning
2914,U0330,Amazon,Reels/Shorts,Client proposal,Business,Productive,58,2,Library,2025-01-01,Evening
2915,U0199,Gmail,Story,Story updates,Social Media,Distractive,47.7,5,Outdoors,2025-01-25,Afternoon
2916,U0349,YouTube,DM/Chat,Like notifications,Social Media,Distractive,67.5,4,Library,2025-05-10,Evening
2917,U0054,TikTok,Notification,Comedy videos,Entertainment,Distractive,70.5,5,Hostel,2025-05-06,Afternoon
2918,U0366,Twitter/X,DM/Chat,Colleague message,Communication,Productive,22.9,1,Hostel,2025-02-15,Night
2919,U0454,LinkedIn,Course Page,AI fundamentals,Education,Productive,18.8,1,Commute,2025-08-25,Night
2920,U0161,Facebook,Explore,Online sale,Commerce,Distractive,22.8,3,Hostel,2025-08-16,Late Night
2921,U0351,Udemy,Watch,Chemistry notes,Education,Productive,47.2,2,Commute,2025-11-10,Evening
2922,U0384,Slack,Story,Prank videos,Entertainment,Distractive,13.3,5,Commute,2025-04-08,Night
2923,U0145,Coursera,Course Page,Sports news,Sports,Distractive,35.6,2,Hostel,2025-10-13,Night
2924,U0306,Instagram,Course Page,Math tutorial,Education,Productive,25.9,1,Commute,2025-02-11,Evening
2925,U0031,Google Classroom,Reels/Shorts,Sports news,Sports,Distractive,7.8,2,Outdoors,2025-04-17,Afternoon
2926,U0372,Zoom,Feed,Machine Learning,Education,Productive,48,1,Commute,2025-07-23,Evening
2927,U0188,Zoom,Story,Job search,Business,Productive,15.4,2,Commute,2025-12-02,Night
2928,U0442,Twitter/X,Search,Political news,News,Productive,56.5,1,Hostel,2025-01-17,Morning
2929,U0386,Instagram,Reels/Shorts,Math tutorial,Education,Productive,5.1,2,Library,2025-06-07,Late Night
2930,U0045,WhatsApp,Notification,Like notifications,Social Media,Distractive,51.5,4,Hostel,2025-06-10,Morning
2931,U0219,Slack,DM/Chat,Colleague message,Communication,Productive,45.2,2,Outdoors,2025-05-22,Night
2932,U0262,Udemy,Course Page,Client call,Communication,Productive,26.1,2,College,2025-09-19,Night
2933,U0363,Gmail,Explore,Live score,Sports,Distractive,36.6,3,Hostel,2025-10-08,Afternoon
2934,U0329,Flipkart,Explore,Skill development,Education,Productive,21.2,1,Commute,2025-01-09,Late Night
2935,U0255,Coursera,DM/Chat,Client call,Communication,Productive,1.2,1,Office,2025-10-22,Afternoon
2936,U0217,Amazon,Watch,Product review,Commerce,Distractive,75.6,2,Library,2025-11-16,Late Night
2937,U0199,Zoom,Feed,Networking,Business,Productive,21.9,1,Library,2025-02-15,Late Night
2938,U0303,Udemy,Watch,Shopping,Commerce,Distractive,41.1,3,Library,2025-04-20,Late Night
2939,U0424,Slack,Story,Client call,Communication,Productive,10.9,2,Outdoors,2025-06-03,Evening
2940,U0470,Amazon,Watch,Stock market,Business,Productive,17.6,1,Home,2025-12-11,Afternoon
2941,U0212,Udemy,DM/Chat,World news,News,Productive,50.5,3,College,2025-10-03,Night
2942,U0259,Google Classroom,Reels/Shorts,TV show clip,Entertainment,Distractive,19.1,5,Library,2025-07-07,Morning
2943,U0274,Flipkart,Notification,Current affairs,News,Productive,23.1,1,Cafe,2025-08-03,Evening
2944,U0251,Slack,Notification,Voice message,Communication,Productive,22.5,1,Office,2025-12-22,Morning
2945,U0193,Slack,Watch,Follower count check,Social Media,Distractive,63.8,4,College,2025-03-29,Late Night
2946,U0106,TikTok,Course Page,Follower count check,Social Media,Distractive,31.7,4,Office,2025-04-21,Late Night
2947,U0375,Google Classroom,Notification,Family chat,Communication,Productive,46,1,College,2025-10-08,Morning
2948,U0419,Zoom,Explore,Research paper,Education,Productive,12.2,1,Office,2025-12-27,Late Night
2949,U0377,LinkedIn,Story,Resume building,Business,Productive,34.9,1,Library,2025-01-27,Late Night
2950,U0045,Slack,Story,Email,Communication,Productive,10.1,1,Library,2025-06-01,Morning
2951,U0435,Twitter/X,DM/Chat,Web series clip,Entertainment,Distractive,8.5,4,Commute,2025-07-05,Afternoon
2952,U0231,Coursera,Feed,Exam preparation,Education,Productive,12.2,2,Cafe,2025-06-01,Morning
2953,U0282,LinkedIn,Feed,Football clip,Sports,Distractive,55.9,2,Hostel,2025-07-04,Late Night
2954,U0167,Gmail,Explore,Trending challenge,Entertainment,Distractive,67,5,Hostel,2025-05-02,Evening
2955,U0029,LinkedIn,Search,Shorts,Entertainment,Distractive,37.2,4,Cafe,2025-06-24,Afternoon
2956,U0329,LinkedIn,Feed,Product review,Commerce,Distractive,38.3,2,College,2025-12-22,Night
2957,U0069,Instagram,Feed,Wishlist browsing,Commerce,Distractive,80.7,2,Office,2025-03-23,Evening
2958,U0325,Telegram,Notification,Work discussion,Communication,Productive,55.6,1,Office,2025-12-18,Morning
2959,U0399,TikTok,Search,Sports news,Sports,Distractive,58.9,4,Hostel,2025-11-13,Late Night
2960,U0382,Slack,DM/Chat,Online sale,Commerce,Distractive,57.2,2,Outdoors,2025-10-21,Morning
2961,U0390,Coursera,Search,Python tutorial,Education,Productive,40.1,2,Commute,2025-09-10,Afternoon
2962,U0468,YouTube,DM/Chat,Market analysis,Business,Productive,10.3,2,Home,2025-01-24,Night
2963,U0313,Facebook,Watch,Trending challenge,Entertainment,Distractive,72.7,5,Outdoors,2025-03-04,Afternoon
2964,U0453,Amazon,Search,Influencer content,Social Media,Distractive,81.2,5,Home,2025-06-19,Late Night
2965,U0135,Instagram,Explore,Coding practice,Education,Productive,3.6,2,Home,2025-03-30,Afternoon
2966,U0495,Google Classroom,Course Page,Web development course,Education,Productive,16.5,2,Hostel,2025-12-21,Late Night
2967,U0494,Zoom,Reels/Shorts,Endless scrolling,Social Media,Distractive,57.5,4,Commute,2025-08-12,Night
2968,U0113,LinkedIn,Explore,Comedy videos,Entertainment,Distractive,30.3,4,Commute,2025-08-09,Afternoon
2969,U0357,Slack,Course Page,Football clip,Sports,Distractive,65.8,4,Hostel,2025-06-27,Night
2970,U0012,TikTok,Feed,Current affairs,News,Productive,25.6,1,Office,2025-03-12,Late Night
2971,U0341,TikTok,Feed,Group chat,Communication,Productive,55.4,1,Outdoors,2025-10-29,Evening
2972,U0390,Instagram,DM/Chat,Live score,Sports,Distractive,46.3,4,Library,2025-06-18,Morning
2973,U0415,Snapchat,Watch,Trending challenge,Entertainment,Distractive,28.4,4,College,2025-05-13,Night
2974,U0452,Google Classroom,Course Page,Skill development,Education,Productive,8.6,1,Library,2025-10-29,Evening
2975,U0337,Twitter/X,Feed,Work discussion,Communication,Productive,49.4,2,Commute,2025-04-24,Afternoon
2976,U0384,Zoom,Notification,Fashion trends,Commerce,Distractive,68.6,2,Hostel,2025-11-17,Late Night
2977,U0340,TikTok,Search,Discount coupons,Commerce,Distractive,53.8,3,Office,2025-07-08,Late Night
2978,U0108,Instagram,Reels/Shorts,Networking,Business,Productive,32.1,1,Office,2025-05-06,Evening
2979,U0328,Telegram,Notification,Web development course,Education,Productive,43.9,2,Hostel,2025-09-06,Night
2980,U0376,TikTok,Watch,Football clip,Sports,Distractive,29.8,2,Library,2025-09-03,Evening
2981,U0042,Amazon,Search,Trending challenge,Entertainment,Distractive,8.1,5,Commute,2025-11-22,Afternoon
2982,U0363,Amazon,Search,Sports news,Sports,Distractive,83.2,3,Outdoors,2025-05-21,Late Night
2983,U0220,WhatsApp,Watch,Sports news,Sports,Distractive,87.4,2,Hostel,2025-12-17,Afternoon
2984,U0314,LinkedIn,Course Page,Sports news,Sports,Distractive,38.8,2,Commute,2025-04-25,Evening
2985,U0314,WhatsApp,Story,Product review,Commerce,Distractive,70.3,3,Hostel,2025-06-09,Morning
2986,U0180,Coursera,Feed,Fashion trends,Commerce,Distractive,82.3,3,Home,2025-10-17,Afternoon
2987,U0244,TikTok,DM/Chat,Stock market,Business,Productive,50.4,1,College,2025-06-17,Late Night
2988,U0086,Facebook,Search,Networking,Business,Productive,31.9,2,Library,2025-06-06,Late Night
2989,U0489,YouTube,Notification,Cricket update,Sports,Distractive,69.2,3,Hostel,2025-12-02,Morning
2990,U0003,Zoom,Feed,Colleague message,Communication,Productive,47.8,1,Library,2025-06-03,Late Night
2991,U0054,Gmail,DM/Chat,Voice message,Communication,Productive,23.1,1,Hostel,2025-07-24,Night
2992,U0079,Zoom,Explore,Follower count check,Social Media,Distractive,79.4,5,Commute,2025-05-06,Late Night
2993,U0254,Udemy,Watch,Shopping,Commerce,Distractive,83.9,3,Hostel,2025-11-21,Afternoon
2994,U0033,Twitter/X,Explore,Stock market,Business,Productive,55.6,2,Cafe,2025-11-16,Late Night
2995,U0378,Slack,Story,Family chat,Communication,Productive,25.1,1,Office,2025-09-14,Evening
2996,U0441,Flipkart,Story,Online certification,Education,Productive,43.6,1,Library,2025-10-13,Afternoon
2997,U0094,Amazon,Story,Physics lecture,Education,Productive,33.4,2,College,2025-03-23,Night
2998,U0002,Flipkart,Explore,Product review,Commerce,Distractive,43.5,2,Cafe,2025-05-28,Night
2999,U0357,Instagram,Course Page,Football clip,Sports,Distractive,74.9,4,College,2025-12-08,Late Night
3000,U0347,Gmail,Course Page,Family chat,Communication,Productive,23.1,1,College,2025-03-20,Late Night
3001,U0318,Google Classroom,Search,Dance videos,Entertainment,Distractive,31.2,4,College,2025-08-08,Evening
3002,U0228,Slack,Story,Market analysis,Business,Productive,40.1,1,Outdoors,2025-05-20,Night
3003,U0372,Amazon,Feed,Product review,Commerce,Distractive,43.8,3,Commute,2025-06-16,Evening
3004,U0441,Coursera,Explore,Comedy videos,Entertainment,Distractive,48.8,5,Outdoors,2025-02-22,Evening
3005,U0250,Facebook,Feed,Discount coupons,Commerce,Distractive,74.9,2,Cafe,2025-11-10,Morning
3006,U0239,Google Classroom,Reels/Shorts,Wishlist browsing,Commerce,Distractive,31.8,2,Commute,2025-10-31,Night
3007,U0440,LinkedIn,Reels/Shorts,Video call,Communication,Productive,57,1,Cafe,2025-08-25,Night
3008,U0248,Zoom,DM/Chat,World news,News,Productive,40.1,2,Cafe,2025-12-22,Late Night
3009,U0054,Flipkart,Course Page,Networking,Business,Productive,57.8,2,Commute,2025-07-25,Evening
3010,U0240,Udemy,Watch,Political news,News,Productive,6.6,2,Commute,2025-11-29,Evening
3011,U0495,Amazon,Search,Weather update,News,Productive,15,3,Office,2025-10-02,Evening
3012,U0476,Flipkart,Course Page,Follower count check,Social Media,Distractive,67.5,4,Cafe,2025-09-07,Evening
3013,U0398,TikTok,Feed,Colleague message,Communication,Productive,10.2,2,Cafe,2025-11-18,Morning
3014,U0154,Coursera,DM/Chat,Technology news,News,Productive,44.8,1,Cafe,2025-08-16,Morning
3015,U0131,Zoom,Explore,AI fundamentals,Education,Productive,48.6,1,Outdoors,2025-11-21,Morning
3016,U0175,Coursera,Watch,Football clip,Sports,Distractive,12.1,3,Commute,2025-06-13,Late Night
3017,U0237,Udemy,Watch,Chemistry notes,Education,Productive,23,1,Hostel,2025-01-19,Morning
3018,U0338,LinkedIn,Feed,Research paper,Education,Productive,5.6,2,Commute,2025-11-12,Morning
3019,U0251,YouTube,Explore,Data Science course,Education,Productive,28.1,2,Cafe,2025-10-22,Morning
3020,U0057,Slack,Story,Wishlist browsing,Commerce,Distractive,28.9,2,College,2025-07-23,Afternoon
3021,U0250,Gmail,Explore,Trending hashtags,Social Media,Distractive,61.2,5,Commute,2025-04-12,Night
3022,U0233,Flipkart,Notification,Political news,News,Productive,36.1,3,Home,2025-09-08,Morning
3023,U0386,Zoom,Reels/Shorts,Networking,Business,Productive,58.1,1,Library,2025-06-26,Morning
3024,U0253,WhatsApp,Watch,Weather update,News,Productive,12.2,1,Outdoors,2025-06-08,Afternoon
3025,U0487,TikTok,DM/Chat,Prank videos,Entertainment,Distractive,28.9,5,Hostel,2025-08-15,Morning
3026,U0432,Instagram,Feed,Gaming,Entertainment,Distractive,82.4,4,Library,2025-07-06,Night
3027,U0122,Instagram,Notification,Story updates,Social Media,Distractive,16.5,5,Commute,2025-04-03,Night
3028,U0054,WhatsApp,Search,Football clip,Sports,Distractive,79.9,3,Hostel,2025-08-08,Late Night
3029,U0413,Twitter/X,Search,Email,Communication,Productive,5.5,1,Office,2025-06-15,Afternoon
3030,U0443,Udemy,Notification,Shopping,Commerce,Distractive,51.5,2,Office,2025-06-20,Late Night
3031,U0359,Gmail,Watch,Web series clip,Entertainment,Distractive,57,5,Cafe,2025-07-13,Evening
3032,U0050,Amazon,Watch,Breaking news,News,Productive,17.9,2,College,2025-02-26,Late Night
3033,U0074,TikTok,Course Page,Influencer content,Social Media,Distractive,17.7,4,Home,2025-12-18,Evening
3034,U0400,Twitter/X,Course Page,Research paper,Education,Productive,50.4,1,Hostel,2025-09-20,Evening
3035,U0485,Udemy,Reels/Shorts,Conference call,Communication,Productive,16.4,2,Office,2025-03-26,Morning
3036,U0095,Twitter/X,DM/Chat,Client call,Communication,Productive,20.1,1,Home,2025-02-19,Morning
3037,U0450,Twitter/X,Explore,Match highlights,Sports,Distractive,2,4,Home,2025-09-18,Night
3038,U0223,Udemy,Feed,Product review,Commerce,Distractive,66.2,3,Home,2025-08-04,Night
3039,U0216,Gmail,Explore,Conference call,Communication,Productive,9.5,1,Commute,2025-01-02,Night
3040,U0145,Telegram,Search,Live score,Sports,Distractive,86.3,4,Outdoors,2025-03-17,Morning
3041,U0454,Google Classroom,Reels/Shorts,Flash deals,Commerce,Distractive,45.6,2,Library,2025-01-23,Afternoon
3042,U0056,Amazon,Explore,Project management,Business,Productive,16.1,2,Hostel,2025-08-28,Evening
3043,U0408,Amazon,DM/Chat,Work discussion,Communication,Productive,36.9,1,Home,2025-07-18,Evening
3044,U0362,Instagram,DM/Chat,Interview preparation,Education,Productive,18.6,2,Commute,2025-12-05,Morning
3045,U0279,WhatsApp,Story,Live score,Sports,Distractive,50.7,2,College,2025-04-07,Night
3046,U0473,Gmail,Feed,Startup news,Business,Productive,28.3,2,Office,2025-03-02,Evening
3047,U0408,Coursera,Explore,Current affairs,News,Productive,44,3,Commute,2025-03-29,Night
3048,U0234,LinkedIn,Explore,Coding practice,Education,Productive,34.7,1,Home,2025-10-09,Late Night
3049,U0388,Facebook,DM/Chat,Random scrolling,Social Media,Distractive,18.7,4,Commute,2025-10-07,Afternoon
3050,U0246,Instagram,Explore,Comedy videos,Entertainment,Distractive,33.2,4,Library,2025-06-17,Morning
3051,U0449,TikTok,DM/Chat,Trending challenge,Entertainment,Distractive,69.7,5,Commute,2025-03-04,Morning
3052,U0126,Google Classroom,Feed,LinkedIn post,Business,Productive,54.5,1,College,2025-03-19,Late Night
3053,U0007,Amazon,Story,Current affairs,News,Productive,31.3,3,Outdoors,2025-10-17,Late Night
3054,U0359,Gmail,Reels/Shorts,Political news,News,Productive,30.1,3,Outdoors,2025-02-11,Night
3055,U0038,Flipkart,Explore,Research paper,Education,Productive,30.5,1,Home,2025-10-21,Evening
3056,U0415,Instagram,Story,Resume building,Business,Productive,6.5,2,Hostel,2025-05-10,Late Night
3057,U0060,Amazon,DM/Chat,World news,News,Productive,15.1,3,Hostel,2025-10-14,Evening
3058,U0115,Gmail,Explore,Cricket update,Sports,Distractive,77.3,3,Home,2025-07-18,Evening
3059,U0117,Coursera,Reels/Shorts,Trending challenge,Entertainment,Distractive,57.9,5,Outdoors,2025-05-02,Morning
3060,U0060,Telegram,Course Page,Breaking news,News,Productive,20.7,2,Outdoors,2025-05-16,Evening
3061,U0278,YouTube,Watch,History lecture,Education,Productive,42.4,2,Outdoors,2025-04-22,Morning
3062,U0233,Instagram,Story,Voice message,Communication,Productive,50.9,2,Office,2025-09-05,Morning
3063,U0243,Telegram,Reels/Shorts,Random scrolling,Social Media,Distractive,10.4,5,Home,2025-09-05,Late Night
3064,U0237,Flipkart,Watch,Product review,Commerce,Distractive,61,3,Commute,2025-08-03,Evening
3065,U0173,Facebook,Search,Market analysis,Business,Productive,23.9,2,Library,2025-06-01,Late Night
3066,U0380,Instagram,Notification,Gaming,Entertainment,Distractive,23.9,4,Hostel,2025-09-28,Evening
3067,U0266,TikTok,Search,Shopping,Commerce,Distractive,83.1,3,Hostel,2025-02-04,Afternoon
3068,U0192,YouTube,Course Page,Project management,Business,Productive,53.1,2,Outdoors,2025-08-13,Late Night
3069,U0302,Twitter/X,Explore,Live score,Sports,Distractive,13.8,4,Library,2025-09-12,Night
3070,U0064,WhatsApp,Reels/Shorts,LinkedIn post,Business,Productive,4.3,2,Outdoors,2025-05-03,Evening
3071,U0496,Snapchat,Search,Market analysis,Business,Productive,40,2,Home,2025-07-28,Late Night
3072,U0111,Snapchat,DM/Chat,Resume building,Business,Productive,12.4,1,Library,2025-01-27,Afternoon
3073,U0499,TikTok,Feed,Political news,News,Productive,47.5,2,Home,2025-07-13,Late Night
3074,U0276,TikTok,Story,Prank videos,Entertainment,Distractive,59.2,4,Library,2025-06-24,Night
3075,U0367,Google Classroom,Reels/Shorts,Product review,Commerce,Distractive,13.2,2,Commute,2025-05-05,Night
3076,U0246,Zoom,Watch,Machine Learning,Education,Productive,32.3,2,Commute,2025-05-28,Late Night
3077,U0180,LinkedIn,Notification,Trending hashtags,Social Media,Distractive,70.7,4,Cafe,2025-03-27,Evening
3078,U0187,Amazon,DM/Chat,Memes,Entertainment,Distractive,87.7,4,Hostel,2025-06-04,Afternoon
3079,U0015,Telegram,Notification,Endless scrolling,Social Media,Distractive,48.2,5,Outdoors,2025-10-06,Night
3080,U0462,Facebook,Search,Stock market,Business,Productive,8.2,1,College,2025-09-04,Morning
3081,U0290,TikTok,Explore,Family chat,Communication,Productive,55.4,2,Office,2025-10-04,Night
3082,U0413,Udemy,DM/Chat,Match highlights,Sports,Distractive,74.5,4,College,2025-05-09,Afternoon
3083,U0059,Snapchat,Reels/Shorts,Gossip,Entertainment,Distractive,43.2,5,Hostel,2025-06-08,Evening
3084,U0010,Twitter/X,Search,Shopping,Commerce,Distractive,49.2,2,Home,2025-08-30,Morning
3085,U0077,Snapchat,Notification,Influencer content,Social Media,Distractive,44.4,4,Commute,2025-12-17,Morning
3086,U0188,Instagram,Reels/Shorts,Coding practice,Education,Productive,43.7,1,Outdoors,2025-07-04,Evening
3087,U0029,Zoom,Notification,Reels,Entertainment,Distractive,45.3,5,Office,2025-12-04,Morning
3088,U0088,Facebook,Course Page,Web series clip,Entertainment,Distractive,29.4,5,Home,2025-02-20,Evening
3089,U0029,Zoom,Watch,Wishlist browsing,Commerce,Distractive,16.2,3,Home,2025-04-28,Night
3090,U0294,Google Classroom,Notification,Football clip,Sports,Distractive,83.9,3,Library,2025-04-14,Morning
3091,U0408,Coursera,Notification,DM chat casual,Social Media,Distractive,20.2,4,Home,2025-08-07,Morning
3092,U0138,Gmail,Search,Client call,Communication,Productive,14.5,2,Hostel,2025-09-06,Morning
3093,U0255,Instagram,Reels/Shorts,Influencer content,Social Media,Distractive,33.5,5,College,2025-10-17,Night
3094,U0435,Facebook,Story,Match highlights,Sports,Distractive,7.6,2,Office,2025-01-24,Morning
3095,U0431,Facebook,DM/Chat,Market analysis,Business,Productive,14.4,2,Office,2025-10-17,Night
3096,U0494,Udemy,Story,Math tutorial,Education,Productive,30.8,1,College,2025-06-25,Late Night
3097,U0308,WhatsApp,Explore,Follower count check,Social Media,Distractive,76,4,Outdoors,2025-02-12,Evening
3098,U0154,Amazon,Course Page,Stock market,Business,Productive,18.9,2,College,2025-06-08,Afternoon
3099,U0265,Telegram,Search,Match highlights,Sports,Distractive,35.3,4,Commute,2025-11-04,Morning
3100,U0389,Snapchat,Watch,Local news,News,Productive,39.5,1,Outdoors,2025-08-19,Afternoon
3101,U0326,Udemy,Search,Wishlist browsing,Commerce,Distractive,79.5,3,Cafe,2025-06-02,Afternoon
3102,U0186,Google Classroom,Course Page,Comedy videos,Entertainment,Distractive,47.2,5,Office,2025-11-06,Night
3103,U0469,TikTok,Watch,Live score,Sports,Distractive,20.8,3,Home,2025-03-22,Late Night
3104,U0493,Instagram,Watch,Language learning,Education,Productive,8.4,2,Outdoors,2025-10-25,Night
3105,U0248,Google Classroom,Feed,Python tutorial,Education,Productive,36.5,1,Hostel,2025-12-24,Evening
3106,U0065,Facebook,Watch,Technology news,News,Productive,52.9,2,Hostel,2025-07-15,Afternoon
3107,U0390,YouTube,DM/Chat,Random scrolling,Social Media,Distractive,37.7,4,Library,2025-01-28,Late Night
3108,U0386,LinkedIn,Story,Client call,Communication,Productive,9.8,1,Library,2025-02-25,Morning
3109,U0216,TikTok,Watch,Match highlights,Sports,Distractive,82.1,2,Cafe,2025-09-09,Evening
3110,U0313,Slack,Watch,Python tutorial,Education,Productive,8.4,1,Library,2025-04-22,Evening
3111,U0316,Snapchat,Search,Funny compilation,Entertainment,Distractive,52.2,5,Library,2025-11-28,Evening
3112,U0442,Udemy,Course Page,Wishlist browsing,Commerce,Distractive,72,3,College,2025-06-30,Afternoon
3113,U0167,Telegram,Search,Online certification,Education,Productive,44.8,1,Outdoors,2025-05-01,Night
3114,U0432,Facebook,Feed,Machine Learning,Education,Productive,34.9,1,Home,2025-08-10,Evening
3115,U0163,Google Classroom,Watch,Cricket update,Sports,Distractive,14,2,Outdoors,2025-05-08,Evening
3116,U0371,Snapchat,DM/Chat,Celebrity,Entertainment,Distractive,12.1,5,Outdoors,2025-11-03,Afternoon
3117,U0157,Flipkart,Watch,Web development course,Education,Productive,56.8,2,Library,2025-11-15,Afternoon
3118,U0443,TikTok,Feed,Local news,News,Productive,17.4,3,Library,2025-12-10,Late Night
3119,U0102,Snapchat,Notification,LinkedIn post,Business,Productive,28.7,2,Library,2025-06-21,Night
3120,U0175,LinkedIn,DM/Chat,World news,News,Productive,15.5,3,Outdoors,2025-04-30,Evening
3121,U0052,Twitter/X,Feed,Local news,News,Productive,11.7,3,Library,2025-08-05,Evening
3122,U0081,Udemy,Watch,Networking,Business,Productive,2.3,2,Commute,2025-04-08,Night
3123,U0065,Flipkart,Feed,Language learning,Education,Productive,20.1,1,College,2025-07-24,Morning
3124,U0188,Amazon,Reels/Shorts,World news,News,Productive,49.3,1,Outdoors,2025-12-29,Morning
3125,U0078,YouTube,Watch,Follower count check,Social Media,Distractive,57.4,5,Home,2025-05-20,Afternoon
3126,U0439,Google Classroom,Reels/Shorts,Trending challenge,Entertainment,Distractive,8,5,Office,2025-07-10,Evening
3127,U0039,Coursera,Notification,Email,Communication,Productive,48.2,2,Home,2025-09-06,Late Night
3128,U0313,Instagram,Story,Team meeting,Communication,Productive,43.2,2,Library,2025-12-19,Evening
3129,U0487,LinkedIn,Story,Reels,Entertainment,Distractive,62.6,5,Commute,2025-07-03,Night
3130,U0126,Coursera,Search,Work discussion,Communication,Productive,57.6,2,Office,2025-05-23,Night
3131,U0337,Telegram,Search,Web development course,Education,Productive,50.9,1,College,2025-12-10,Late Night
3132,U0482,Amazon,Search,Like notifications,Social Media,Distractive,1.8,4,Home,2025-08-23,Night
3133,U0342,Google Classroom,Search,Voice message,Communication,Productive,4.2,1,Hostel,2025-09-14,Evening
3134,U0013,Gmail,Reels/Shorts,Flash deals,Commerce,Distractive,28.2,3,Library,2025-12-21,Night
3135,U0435,LinkedIn,Feed,Interview preparation,Education,Productive,5.6,1,Cafe,2025-08-02,Morning
3136,U0107,Udemy,Notification,Research paper,Education,Productive,31.9,1,College,2025-10-03,Late Night
3137,U0243,LinkedIn,Explore,Math tutorial,Education,Productive,56.4,2,College,2025-07-28,Late Night
3138,U0196,Telegram,Feed,Influencer content,Social Media,Distractive,89.4,5,Home,2025-12-05,Late Night
3139,U0487,TikTok,Course Page,Like notifications,Social Media,Distractive,16.7,4,Home,2025-01-07,Night
3140,U0230,Snapchat,Feed,LinkedIn post,Business,Productive,43.7,2,College,2025-12-11,Evening
3141,U0265,Gmail,DM/Chat,Investment tips,Business,Productive,21.8,1,Cafe,2025-01-10,Night
3142,U0488,Instagram,Notification,Local news,News,Productive,14.1,3,Hostel,2025-11-06,Night
3143,U0457,Flipkart,Watch,Influencer content,Social Media,Distractive,55.1,5,Library,2025-07-30,Night
3144,U0264,Udemy,Watch,Client call,Communication,Productive,34.3,2,Hostel,2025-07-14,Late Night
3145,U0218,WhatsApp,Notification,Fashion trends,Commerce,Distractive,31,3,Outdoors,2025-02-21,Morning
3146,U0156,YouTube,Story,Gossip,Entertainment,Distractive,60.5,5,Commute,2025-07-25,Afternoon
3147,U0478,Slack,Feed,World news,News,Productive,55.1,1,Outdoors,2025-04-18,Late Night
3148,U0389,Facebook,Story,Stock market,Business,Productive,32.2,1,Commute,2025-08-08,Evening
3149,U0051,Udemy,Course Page,Breaking news,News,Productive,47.9,2,Home,2025-12-13,Afternoon
3150,U0281,LinkedIn,Search,Fashion trends,Commerce,Distractive,75.7,3,College,2025-07-10,Evening
3151,U0490,LinkedIn,Search,Match highlights,Sports,Distractive,24.4,2,Home,2025-03-12,Evening
3152,U0260,Instagram,Feed,Trending challenge,Entertainment,Distractive,89.7,5,Cafe,2025-10-30,Morning
3153,U0245,Udemy,Explore,Interview preparation,Education,Productive,38.2,1,Library,2025-09-24,Late Night
3154,U0270,LinkedIn,Explore,Resume building,Business,Productive,13.7,2,Library,2025-05-25,Afternoon
3155,U0161,YouTube,Feed,World news,News,Productive,2.8,3,College,2025-05-30,Afternoon
3156,U0291,Coursera,Feed,Startup news,Business,Productive,30,2,Cafe,2025-02-24,Night
3157,U0184,Telegram,Explore,Product review,Commerce,Distractive,14.6,3,Outdoors,2025-12-21,Afternoon
3158,U0029,Snapchat,Search,Conference call,Communication,Productive,20.9,2,Outdoors,2025-06-17,Night
3159,U0196,Coursera,Feed,Online certification,Education,Productive,8.6,1,Cafe,2025-01-20,Evening
3160,U0378,Snapchat,Story,Cricket update,Sports,Distractive,8,2,Commute,2025-09-23,Late Night
3161,U0212,Slack,Search,Math tutorial,Education,Productive,46.6,1,Home,2025-06-22,Morning
3162,U0284,LinkedIn,Search,Fashion trends,Commerce,Distractive,20.4,2,Office,2025-09-07,Late Night
3163,U0168,YouTube,Notification,Music video,Entertainment,Distractive,35,5,Library,2025-08-02,Morning
3164,U0080,Amazon,Notification,Client proposal,Business,Productive,48.8,2,Cafe,2025-06-05,Evening
3165,U0126,Zoom,Notification,Coding practice,Education,Productive,9.8,1,Hostel,2025-04-08,Morning
3166,U0468,WhatsApp,Watch,Match highlights,Sports,Distractive,33.7,3,Library,2025-02-07,Morning
3167,U0343,TikTok,Reels/Shorts,Coding practice,Education,Productive,55.3,2,College,2025-11-06,Afternoon
3168,U0427,WhatsApp,Feed,Shopping,Commerce,Distractive,24.5,3,College,2025-09-14,Late Night
3169,U0210,Amazon,Explore,Group chat,Communication,Productive,57.4,1,Office,2025-06-05,Night
3170,U0387,YouTube,DM/Chat,Political news,News,Productive,16.4,1,Cafe,2025-02-17,Afternoon
3171,U0472,LinkedIn,Notification,Conference call,Communication,Productive,38.4,1,Cafe,2025-01-05,Evening
3172,U0231,Amazon,Reels/Shorts,Team meeting,Communication,Productive,27.3,1,Home,2025-06-08,Evening
3173,U0233,Telegram,Feed,Chemistry notes,Education,Productive,34.8,2,Cafe,2025-01-25,Night
3174,U0415,Slack,DM/Chat,Client call,Communication,Productive,5.1,2,Library,2025-02-23,Evening
3175,U0339,Amazon,Course Page,Like notifications,Social Media,Distractive,12.1,5,Office,2025-08-23,Evening
3176,U0440,YouTube,Course Page,Football clip,Sports,Distractive,65.6,3,Home,2025-04-24,Afternoon
3177,U0055,Slack,Course Page,Sports news,Sports,Distractive,1.3,3,Library,2025-05-07,Late Night
3178,U0003,Google Classroom,Reels/Shorts,Technology news,News,Productive,12,3,Hostel,2025-06-03,Morning
3179,U0482,Snapchat,Explore,Shopping,Commerce,Distractive,68.6,2,Outdoors,2025-06-29,Afternoon
3180,U0351,Flipkart,Course Page,Colleague message,Communication,Productive,55.6,1,Hostel,2025-05-04,Morning
3181,U0116,TikTok,Story,Exam preparation,Education,Productive,18.4,1,College,2025-03-26,Evening
3182,U0205,Google Classroom,Feed,Shopping,Commerce,Distractive,6.5,3,Outdoors,2025-05-29,Late Night
3183,U0240,TikTok,Notification,Football clip,Sports,Distractive,53.6,3,Cafe,2025-09-22,Morning
3184,U0386,LinkedIn,Feed,Language learning,Education,Productive,59.3,2,Outdoors,2025-08-28,Morning
3185,U0415,Coursera,Course Page,Project update,Communication,Productive,19.5,2,Cafe,2025-11-01,Afternoon
3186,U0294,Gmail,Notification,World news,News,Productive,7.1,1,College,2025-08-15,Morning
3187,U0147,YouTube,Watch,Discount coupons,Commerce,Distractive,55.8,2,Office,2025-02-17,Evening
3188,U0341,Amazon,Explore,Reels,Entertainment,Distractive,40.8,5,Library,2025-04-29,Afternoon
3189,U0420,Flipkart,Search,Viral video,Entertainment,Distractive,21.4,5,College,2025-09-03,Morning
3190,U0356,Flipkart,DM/Chat,Local news,News,Productive,54.5,1,Home,2025-06-09,Late Night
3191,U0332,Flipkart,DM/Chat,Project management,Business,Productive,43.4,2,College,2025-11-11,Night
3192,U0140,Gmail,DM/Chat,Match highlights,Sports,Distractive,86.6,2,Cafe,2025-08-07,Afternoon
3193,U0428,Flipkart,Notification,Match highlights,Sports,Distractive,34.5,2,Commute,2025-12-05,Afternoon
3194,U0296,Gmail,Reels/Shorts,Client proposal,Business,Productive,16.4,2,College,2025-05-04,Evening
3195,U0188,Udemy,Explore,World news,News,Productive,27,1,Home,2025-08-09,Morning
3196,U0199,Coursera,Story,Influencer content,Social Media,Distractive,42.2,5,Office,2025-03-02,Morning
3197,U0155,TikTok,Notification,Freelance work,Business,Productive,37.1,1,Commute,2025-05-15,Night
3198,U0003,Instagram,Reels/Shorts,Online sale,Commerce,Distractive,84.5,3,Commute,2025-07-04,Night
3199,U0371,Coursera,Watch,Weather update,News,Productive,40,3,Outdoors,2025-12-23,Morning
3200,U0319,Flipkart,Story,Fashion trends,Commerce,Distractive,12.2,2,Home,2025-06-18,Morning
3201,U0043,Instagram,Feed,Project management,Business,Productive,40.3,1,College,2025-12-08,Morning
3202,U0133,Telegram,Reels/Shorts,Like notifications,Social Media,Distractive,76.3,4,Outdoors,2025-04-09,Late Night
3203,U0272,WhatsApp,DM/Chat,Reels,Entertainment,Distractive,1.1,4,Office,2025-12-02,Afternoon
3204,U0136,TikTok,Course Page,Web series clip,Entertainment,Distractive,12.4,4,Library,2025-02-07,Morning
3205,U0372,Gmail,DM/Chat,Shorts,Entertainment,Distractive,56.9,5,Hostel,2025-07-05,Evening
3206,U0211,Facebook,Reels/Shorts,Shopping,Commerce,Distractive,69.7,2,Office,2025-03-13,Morning
3207,U0033,Slack,Explore,World news,News,Productive,49.5,1,College,2025-09-04,Night
3208,U0312,Facebook,DM/Chat,World news,News,Productive,25.4,1,College,2025-12-20,Night
3209,U0223,Twitter/X,Story,Technology news,News,Productive,54.9,3,College,2025-07-31,Night
3210,U0338,Facebook,DM/Chat,Gaming,Entertainment,Distractive,70.6,4,College,2025-10-20,Afternoon
3211,U0455,Facebook,Explore,Freelance work,Business,Productive,48.5,1,College,2025-03-31,Night
3212,U0095,Zoom,Story,Technology news,News,Productive,50.9,3,Office,2025-04-06,Evening
3213,U0393,Zoom,Watch,Discount coupons,Commerce,Distractive,61.9,3,Cafe,2025-05-08,Night
3214,U0219,LinkedIn,Reels/Shorts,Flash deals,Commerce,Distractive,28.5,2,Library,2025-04-24,Morning
3215,U0360,Amazon,Notification,Gaming,Entertainment,Distractive,45.5,4,College,2025-06-20,Evening
3216,U0296,Snapchat,Course Page,Endless scrolling,Social Media,Distractive,48.2,5,Home,2025-03-29,Evening
3217,U0212,Zoom,Explore,Email,Communication,Productive,57.3,1,Outdoors,2025-03-28,Morning
3218,U0153,TikTok,Feed,LinkedIn post,Business,Productive,13.8,2,Library,2025-06-15,Late Night
3219,U0370,Snapchat,Story,Conference call,Communication,Productive,21.3,1,Outdoors,2025-08-28,Afternoon
3220,U0289,Flipkart,Course Page,Football clip,Sports,Distractive,76.9,2,Commute,2025-06-27,Morning
3221,U0201,Zoom,Reels/Shorts,Resume building,Business,Productive,5.3,2,Outdoors,2025-12-12,Afternoon
3222,U0442,Slack,Explore,Live score,Sports,Distractive,14.2,2,Commute,2025-07-21,Night
3223,U0107,Snapchat,Story,Shopping,Commerce,Distractive,85.4,2,Cafe,2025-03-24,Afternoon
3224,U0296,Flipkart,Explore,Python tutorial,Education,Productive,57.4,1,Home,2025-09-18,Afternoon
3225,U0455,Facebook,Notification,Investment tips,Business,Productive,28.5,2,Office,2025-02-26,Morning
3226,U0181,Twitter/X,Reels/Shorts,Football clip,Sports,Distractive,16.3,4,Outdoors,2025-04-28,Night
3227,U0230,Snapchat,Feed,Gossip,Entertainment,Distractive,43,4,Home,2025-02-02,Late Night
3228,U0251,Facebook,Notification,Competitive exam tips,Education,Productive,28.7,2,College,2025-08-12,Afternoon
3229,U0047,TikTok,Story,Discount coupons,Commerce,Distractive,6.9,2,Commute,2025-06-30,Evening
3230,U0394,WhatsApp,Feed,Python tutorial,Education,Productive,31.3,2,Cafe,2025-12-19,Late Night
3231,U0215,Telegram,Search,Memes,Entertainment,Distractive,19.5,4,Home,2025-01-07,Afternoon
3232,U0119,Facebook,DM/Chat,AI fundamentals,Education,Productive,20,1,Office,2025-12-01,Late Night
3233,U0295,Facebook,Watch,Research paper,Education,Productive,12.7,2,Outdoors,2025-06-19,Afternoon
3234,U0217,Instagram,Reels/Shorts,Work discussion,Communication,Productive,52.4,1,Hostel,2025-04-24,Morning
3235,U0192,Udemy,Watch,Flash deals,Commerce,Distractive,1.8,3,Library,2025-01-01,Evening
3236,U0238,Instagram,Explore,Music video,Entertainment,Distractive,9.9,4,Hostel,2025-05-16,Late Night
3237,U0251,Google Classroom,Story,Python tutorial,Education,Productive,33.6,2,College,2025-06-18,Morning
3238,U0061,Telegram,Search,Product review,Commerce,Distractive,46.9,2,Office,2025-06-01,Morning
3239,U0063,Instagram,Explore,Endless scrolling,Social Media,Distractive,55.8,5,Hostel,2025-02-20,Afternoon
3240,U0479,Flipkart,Search,Story updates,Social Media,Distractive,63.1,5,Office,2025-03-10,Late Night
3241,U0379,Gmail,Course Page,Science experiment,Education,Productive,38.5,1,Library,2025-06-29,Evening
3242,U0024,TikTok,Search,History lecture,Education,Productive,56.4,2,Library,2025-11-02,Evening
3243,U0428,Amazon,Search,Group chat,Communication,Productive,49.2,1,Commute,2025-09-17,Night
3244,U0273,Snapchat,Explore,Client proposal,Business,Productive,3.4,2,College,2025-08-16,Evening
3245,U0242,Zoom,Story,Language learning,Education,Productive,48.3,1,Home,2025-12-28,Late Night
3246,U0458,WhatsApp,Watch,Conference call,Communication,Productive,49.8,2,Office,2025-04-02,Late Night
3247,U0024,Amazon,Watch,Political news,News,Productive,40,3,Commute,2025-11-02,Afternoon
3248,U0403,Gmail,Story,Follower count check,Social Media,Distractive,40.6,5,College,2025-02-24,Afternoon
3249,U0498,Coursera,Feed,Football clip,Sports,Distractive,64.1,4,Commute,2025-08-28,Night
3250,U0292,Amazon,Reels/Shorts,Client proposal,Business,Productive,6.2,2,Hostel,2025-01-01,Late Night
3251,U0398,LinkedIn,Story,DM chat casual,Social Media,Distractive,59.7,4,Office,2025-04-03,Morning
3252,U0222,Slack,Explore,Breaking news,News,Productive,4.6,2,Library,2025-05-20,Night
3253,U0375,Instagram,Course Page,Email,Communication,Productive,17.6,1,College,2025-03-01,Afternoon
3254,U0479,Facebook,Course Page,Football clip,Sports,Distractive,10.4,4,Commute,2025-12-23,Night
3255,U0188,Slack,Course Page,Language learning,Education,Productive,45.1,1,Commute,2025-03-16,Late Night
3256,U0027,Zoom,DM/Chat,Flash deals,Commerce,Distractive,87.3,2,Outdoors,2025-07-22,Afternoon
3257,U0237,Coursera,Course Page,Python tutorial,Education,Productive,35.7,2,Cafe,2025-05-22,Evening
3258,U0198,LinkedIn,Feed,Dance videos,Entertainment,Distractive,41.2,5,Office,2025-08-07,Afternoon
3259,U0016,Google Classroom,Course Page,Random scrolling,Social Media,Distractive,74.9,4,College,2025-12-19,Night
3260,U0380,Slack,DM/Chat,Prank videos,Entertainment,Distractive,83,5,Commute,2025-11-17,Late Night
3261,U0473,Flipkart,Notification,AI fundamentals,Education,Productive,51.4,2,Outdoors,2025-09-17,Afternoon
3262,U0347,WhatsApp,Explore,Sports news,Sports,Distractive,43.4,3,Cafe,2025-04-22,Evening
3263,U0239,YouTube,Course Page,Physics lecture,Education,Productive,39.5,1,College,2025-12-18,Night
3264,U0274,Amazon,Feed,Shopping,Commerce,Distractive,58.1,2,Home,2025-09-09,Late Night
3265,U0121,Snapchat,Search,Technology news,News,Productive,12.3,3,Commute,2025-05-25,Morning
3266,U0373,Amazon,Search,Technology news,News,Productive,57.3,3,Commute,2025-12-16,Morning
3267,U0161,Facebook,Explore,Job search,Business,Productive,19.6,1,Office,2025-08-23,Afternoon
3268,U0496,Gmail,Search,Influencer content,Social Media,Distractive,24.4,5,Home,2025-04-07,Afternoon
3269,U0454,Udemy,Course Page,Job search,Business,Productive,5.4,2,Hostel,2025-11-10,Evening
3270,U0019,Flipkart,Story,Interview preparation,Education,Productive,22.7,1,Outdoors,2025-01-22,Afternoon
3271,U0480,Udemy,Watch,Web development course,Education,Productive,5.3,1,Hostel,2025-06-08,Evening
3272,U0128,TikTok,Reels/Shorts,Random scrolling,Social Media,Distractive,69.2,5,College,2025-10-10,Late Night
3273,U0377,Udemy,Feed,Colleague message,Communication,Productive,50.7,1,Commute,2025-01-16,Night
3274,U0187,Snapchat,Search,Shopping,Commerce,Distractive,81.7,2,Library,2025-12-02,Morning
3275,U0480,Telegram,Notification,Product review,Commerce,Distractive,62.9,3,Library,2025-12-10,Morning
3276,U0109,Amazon,Story,Gossip,Entertainment,Distractive,52.7,5,Home,2025-03-06,Night
3277,U0331,Udemy,Course Page,Like notifications,Social Media,Distractive,44.4,4,Cafe,2025-04-21,Afternoon
3278,U0267,Twitter/X,Feed,Client proposal,Business,Productive,16.5,2,Hostel,2025-01-19,Morning
3279,U0009,TikTok,Explore,LinkedIn post,Business,Productive,43.5,1,Office,2025-08-06,Late Night
3280,U0206,Facebook,Feed,Investment tips,Business,Productive,34.3,1,Commute,2025-06-22,Morning
3281,U0089,Telegram,Course Page,Project update,Communication,Productive,2.4,1,College,2025-06-24,Morning
3282,U0307,Twitter/X,Watch,Machine Learning,Education,Productive,19.3,1,Home,2025-08-23,Night
3283,U0387,TikTok,Search,Match highlights,Sports,Distractive,65.8,2,Library,2025-12-18,Afternoon
3284,U0076,WhatsApp,Search,Weather update,News,Productive,35.1,3,Hostel,2025-11-29,Late Night
3285,U0022,Coursera,Feed,Video call,Communication,Productive,29.3,2,Office,2025-03-30,Night
3286,U0094,Facebook,Notification,Competitive exam tips,Education,Productive,14.8,1,Outdoors,2025-08-16,Evening
3287,U0478,Google Classroom,Notification,Live score,Sports,Distractive,29.8,3,Outdoors,2025-03-27,Late Night
3288,U0216,Twitter/X,Search,Stock market,Business,Productive,10.4,2,Home,2025-02-10,Afternoon
3289,U0252,Telegram,Explore,History lecture,Education,Productive,22.6,2,Commute,2025-03-12,Evening
3290,U0356,Instagram,Explore,Shopping,Commerce,Distractive,79.9,3,Cafe,2025-08-14,Afternoon
3291,U0241,Flipkart,Course Page,Trending challenge,Entertainment,Distractive,20.4,4,Outdoors,2025-12-22,Evening
3292,U0246,Zoom,Feed,Football clip,Sports,Distractive,40.3,4,Cafe,2025-08-02,Evening
3293,U0157,Telegram,Reels/Shorts,Cricket update,Sports,Distractive,13.7,2,Outdoors,2025-03-20,Late Night
3294,U0363,Facebook,Notification,Project management,Business,Productive,48,1,Office,2025-07-25,Morning
3295,U0331,Gmail,Feed,Product review,Commerce,Distractive,1.1,2,Library,2025-09-10,Morning
3296,U0354,TikTok,Explore,Shopping,Commerce,Distractive,49.3,3,Home,2025-04-14,Morning
3297,U0269,Udemy,Story,Fashion trends,Commerce,Distractive,57.6,3,Office,2025-08-27,Late Night
3298,U0345,Zoom,Search,Current affairs,News,Productive,33.8,1,Commute,2025-05-02,Evening
3299,U0349,Instagram,Reels/Shorts,Reels,Entertainment,Distractive,52.3,5,College,2025-11-12,Late Night
3300,U0188,Instagram,Reels/Shorts,Gaming,Entertainment,Distractive,42.9,5,Hostel,2025-09-06,Morning
3301,U0030,Gmail,Reels/Shorts,Stock market,Business,Productive,43.7,2,Home,2025-08-30,Evening
3302,U0232,Telegram,Notification,Prank videos,Entertainment,Distractive,52.5,4,Outdoors,2025-11-02,Night
3303,U0018,Telegram,Reels/Shorts,Investment tips,Business,Productive,40.5,2,Commute,2025-02-04,Morning
3304,U0007,YouTube,Reels/Shorts,Machine Learning,Education,Productive,30.3,2,Commute,2025-01-15,Afternoon
3305,U0361,Flipkart,Watch,Endless scrolling,Social Media,Distractive,51.3,4,Office,2025-12-18,Afternoon
3306,U0405,Instagram,Search,Stock market,Business,Productive,37.6,1,Outdoors,2025-07-06,Late Night
3307,U0444,Gmail,Story,Sports news,Sports,Distractive,58,4,Hostel,2025-06-14,Late Night
3308,U0029,Snapchat,Story,Sports news,Sports,Distractive,14.5,3,Cafe,2025-12-09,Afternoon
3309,U0021,Google Classroom,Reels/Shorts,Reels,Entertainment,Distractive,32.1,5,Library,2025-08-14,Evening
3310,U0408,Coursera,Course Page,Influencer content,Social Media,Distractive,84.4,4,Library,2025-08-16,Night
3311,U0164,TikTok,Notification,Wishlist browsing,Commerce,Distractive,11.3,3,Hostel,2025-01-03,Late Night
3312,U0153,Gmail,Watch,DM chat casual,Social Media,Distractive,54.3,4,Home,2025-07-05,Late Night
3313,U0109,Zoom,Watch,Flash deals,Commerce,Distractive,53.4,2,Home,2025-09-21,Morning
3314,U0170,Google Classroom,Feed,Like notifications,Social Media,Distractive,61,4,Outdoors,2025-05-11,Evening
3315,U0499,Twitter/X,Search,Interview preparation,Education,Productive,16.2,2,Library,2025-06-12,Afternoon
3316,U0191,LinkedIn,Reels/Shorts,Football clip,Sports,Distractive,9.1,2,Home,2025-12-25,Late Night
3317,U0420,Telegram,Explore,Conference call,Communication,Productive,53.9,2,Commute,2025-11-02,Afternoon
3318,U0371,Flipkart,Explore,Business news,Business,Productive,7.9,1,Library,2025-01-27,Night
3319,U0136,Instagram,Feed,Local news,News,Productive,53.2,2,Office,2025-12-03,Night
3320,U0424,Facebook,Feed,Freelance work,Business,Productive,20.8,2,Commute,2025-06-01,Late Night
3321,U0312,LinkedIn,Search,Startup news,Business,Productive,58.1,2,Cafe,2025-08-29,Evening
3322,U0247,TikTok,Feed,Funny compilation,Entertainment,Distractive,27.2,5,Library,2025-08-22,Morning
3323,U0173,WhatsApp,Watch,TV show clip,Entertainment,Distractive,39.3,4,Outdoors,2025-04-04,Night
3324,U0266,Facebook,Search,Math tutorial,Education,Productive,26,2,Hostel,2025-11-14,Late Night
3325,U0169,Slack,Course Page,Football clip,Sports,Distractive,84.7,4,Commute,2025-05-31,Evening
3326,U0370,WhatsApp,DM/Chat,Funny compilation,Entertainment,Distractive,25.7,5,College,2025-11-09,Afternoon
3327,U0358,Amazon,Explore,Technology news,News,Productive,11.7,1,Outdoors,2025-06-20,Morning
3328,U0431,Coursera,Notification,Political news,News,Productive,36.6,2,College,2025-03-20,Evening
3329,U0472,Coursera,Explore,Dance videos,Entertainment,Distractive,65,5,Commute,2025-07-28,Morning
3330,U0015,TikTok,Search,Voice message,Communication,Productive,42.6,2,Library,2025-02-01,Night
3331,U0018,Slack,Feed,Product review,Commerce,Distractive,78.1,3,Library,2025-02-22,Night
3332,U0492,Gmail,Watch,LinkedIn post,Business,Productive,15.2,1,Home,2025-04-20,Night
3333,U0234,WhatsApp,Notification,Investment tips,Business,Productive,25.4,2,Office,2025-05-26,Evening
3334,U0358,WhatsApp,Reels/Shorts,Like notifications,Social Media,Distractive,12.6,4,College,2025-04-18,Late Night
3335,U0040,Udemy,Notification,Physics lecture,Education,Productive,45.7,1,Home,2025-07-22,Night
3336,U0222,Slack,Story,Random scrolling,Social Media,Distractive,46.7,5,Hostel,2025-04-29,Evening
3337,U0039,Slack,Feed,Random scrolling,Social Media,Distractive,15.7,4,Office,2025-06-23,Afternoon
3338,U0200,Telegram,Feed,Investment tips,Business,Productive,54.8,2,Commute,2025-11-11,Evening
3339,U0125,Google Classroom,Course Page,Movie clips,Entertainment,Distractive,79.6,4,Commute,2025-03-20,Morning
3340,U0108,Snapchat,Notification,Colleague message,Communication,Productive,33.8,1,Outdoors,2025-02-16,Afternoon
3341,U0476,Telegram,Explore,Stock market,Business,Productive,31.9,1,Cafe,2025-03-06,Night
3342,U0074,Facebook,Explore,Football clip,Sports,Distractive,85.1,3,Commute,2025-04-06,Night
3343,U0116,Coursera,Search,Cricket update,Sports,Distractive,1.6,2,Outdoors,2025-08-18,Late Night
3344,U0327,Instagram,Explore,Funny compilation,Entertainment,Distractive,17.2,4,Library,2025-04-24,Evening
3345,U0440,Coursera,Story,Follower count check,Social Media,Distractive,80.3,5,Office,2025-04-09,Afternoon
3346,U0183,YouTube,Feed,Cricket update,Sports,Distractive,23.7,4,Library,2025-06-23,Late Night
3347,U0177,Facebook,Course Page,Match highlights,Sports,Distractive,20.6,2,Office,2025-03-29,Late Night
3348,U0173,Snapchat,Watch,Live score,Sports,Distractive,4.7,3,Office,2025-06-19,Evening
3349,U0213,Gmail,Course Page,Viral video,Entertainment,Distractive,58.8,4,Cafe,2025-02-23,Morning
3350,U0205,WhatsApp,Story,Football clip,Sports,Distractive,71.2,4,Hostel,2025-11-23,Evening
3351,U0264,TikTok,Story,Match highlights,Sports,Distractive,34.8,4,Home,2025-06-02,Evening
3352,U0494,Coursera,DM/Chat,Viral video,Entertainment,Distractive,17.7,5,Office,2025-11-16,Morning
3353,U0338,Flipkart,Notification,Resume building,Business,Productive,28.4,2,Outdoors,2025-01-15,Morning
3354,U0141,Zoom,Story,Online sale,Commerce,Distractive,52.9,2,Cafe,2025-03-23,Night
3355,U0066,Instagram,Notification,Physics lecture,Education,Productive,36.1,2,Library,2025-01-31,Morning
3356,U0047,Slack,Feed,Language learning,Education,Productive,41.9,1,Library,2025-09-16,Night
3357,U0397,Coursera,Story,Online sale,Commerce,Distractive,38.8,2,Home,2025-06-14,Late Night
3358,U0429,LinkedIn,Story,Video call,Communication,Productive,49.3,1,Library,2025-08-23,Evening
3359,U0262,Gmail,Feed,Political news,News,Productive,8.6,2,Outdoors,2025-09-09,Afternoon
3360,U0342,TikTok,Story,Live score,Sports,Distractive,55.1,3,Commute,2025-08-25,Late Night
3361,U0457,Amazon,Story,Gossip,Entertainment,Distractive,55.4,5,Commute,2025-07-08,Morning
3362,U0154,TikTok,Search,Follower count check,Social Media,Distractive,51.1,4,College,2025-08-15,Morning
3363,U0074,Coursera,Story,Random scrolling,Social Media,Distractive,84.8,4,Commute,2025-03-09,Evening
3364,U0323,WhatsApp,Explore,AI fundamentals,Education,Productive,39.4,1,College,2025-02-04,Late Night
3365,U0031,Flipkart,Course Page,Business news,Business,Productive,18.4,2,Cafe,2025-06-13,Afternoon
3366,U0014,Facebook,Course Page,Current affairs,News,Productive,38.2,3,Cafe,2025-08-26,Afternoon
3367,U0403,Twitter/X,Story,Resume building,Business,Productive,41.3,1,Library,2025-03-30,Morning
3368,U0396,Google Classroom,Feed,LinkedIn post,Business,Productive,44.5,2,Office,2025-10-26,Afternoon
3369,U0186,Instagram,Watch,Online sale,Commerce,Distractive,9,3,College,2025-10-10,Morning
3370,U0468,Amazon,Feed,Freelance work,Business,Productive,42.7,2,Cafe,2025-09-02,Late Night
3371,U0284,Coursera,Search,Reels,Entertainment,Distractive,29.9,4,Hostel,2025-01-05,Morning
3372,U0104,Google Classroom,DM/Chat,Group chat,Communication,Productive,16.5,1,Commute,2025-08-31,Morning
3373,U0045,Telegram,Search,Weather update,News,Productive,53.7,3,Hostel,2025-10-07,Night
3374,U0396,Google Classroom,Search,Client proposal,Business,Productive,7.8,1,College,2025-03-19,Morning
3375,U0149,Twitter/X,Notification,Startup news,Business,Productive,5.9,1,Library,2025-01-21,Morning
3376,U0347,Slack,Feed,Celebrity,Entertainment,Distractive,50.5,4,College,2025-10-24,Night
3377,U0445,Snapchat,DM/Chat,Product review,Commerce,Distractive,11.4,3,College,2025-12-13,Late Night
3378,U0049,WhatsApp,DM/Chat,Chemistry notes,Education,Productive,12.3,1,Hostel,2025-10-15,Afternoon
3379,U0467,Telegram,Explore,Match highlights,Sports,Distractive,44.5,2,Cafe,2025-12-31,Morning
3380,U0455,Twitter/X,Notification,Live score,Sports,Distractive,81.3,2,College,2025-11-13,Morning
3381,U0391,Amazon,Feed,Sports news,Sports,Distractive,11,2,Library,2025-03-23,Morning
3382,U0458,Flipkart,Explore,Political news,News,Productive,2.6,2,Outdoors,2025-02-09,Evening
3383,U0078,YouTube,Course Page,Cricket update,Sports,Distractive,41.4,3,Office,2025-07-03,Night
3384,U0492,Twitter/X,Reels/Shorts,Current affairs,News,Productive,24.3,2,Library,2025-12-06,Night
3385,U0314,Amazon,Course Page,Group chat,Communication,Productive,58.6,1,Home,2025-04-07,Late Night
3386,U0177,YouTube,Explore,Discount coupons,Commerce,Distractive,36.5,2,Outdoors,2025-01-12,Morning
3387,U0354,TikTok,DM/Chat,Web series clip,Entertainment,Distractive,77.7,5,Office,2025-05-07,Afternoon
3388,U0401,Udemy,Reels/Shorts,Live score,Sports,Distractive,67.1,2,Commute,2025-09-25,Morning
3389,U0094,WhatsApp,Watch,Interview preparation,Education,Productive,39.7,2,Hostel,2025-04-12,Afternoon
3390,U0452,Instagram,Explore,Political news,News,Productive,20.9,1,Outdoors,2025-05-31,Evening
3391,U0096,Snapchat,DM/Chat,Weather update,News,Productive,28.6,3,Home,2025-10-23,Night
3392,U0162,Facebook,Story,Market analysis,Business,Productive,33.5,2,Commute,2025-05-21,Evening
3393,U0399,Telegram,Feed,Team meeting,Communication,Productive,57.9,1,Cafe,2025-09-23,Afternoon
3394,U0431,Twitter/X,Notification,Technology news,News,Productive,42.9,2,Library,2025-07-22,Late Night
3395,U0225,Instagram,Feed,Breaking news,News,Productive,16.2,1,Library,2025-07-30,Evening
3396,U0051,Telegram,Watch,Random scrolling,Social Media,Distractive,47,5,Outdoors,2025-12-31,Evening
3397,U0171,WhatsApp,Search,Online sale,Commerce,Distractive,4.4,3,Library,2025-02-24,Night
3398,U0155,Udemy,Explore,Story updates,Social Media,Distractive,4.3,5,Cafe,2025-07-03,Late Night
3399,U0092,LinkedIn,Watch,Chemistry notes,Education,Productive,15.9,1,College,2025-07-09,Night
3400,U0158,TikTok,Reels/Shorts,Client call,Communication,Productive,5.3,1,Hostel,2025-03-02,Morning
3401,U0401,TikTok,Reels/Shorts,Shopping,Commerce,Distractive,9,2,Office,2025-07-24,Morning
3402,U0257,Zoom,Explore,Follower count check,Social Media,Distractive,87.4,5,Cafe,2025-03-31,Night
3403,U0102,Zoom,DM/Chat,Technology news,News,Productive,30.5,3,College,2025-05-17,Morning
3404,U0404,Zoom,Story,Music video,Entertainment,Distractive,76.4,5,Commute,2025-12-12,Night
3405,U0330,Coursera,Feed,Shopping,Commerce,Distractive,76.8,2,College,2025-11-04,Night
3406,U0465,Facebook,DM/Chat,Networking,Business,Productive,58.2,2,Hostel,2025-10-28,Night
3407,U0337,Gmail,DM/Chat,Memes,Entertainment,Distractive,35.8,4,Library,2025-10-01,Evening
3408,U0400,Gmail,Feed,Interview preparation,Education,Productive,58.8,2,Library,2025-05-13,Morning
3409,U0439,YouTube,Notification,Work discussion,Communication,Productive,7.7,2,Library,2025-07-30,Evening
3410,U0018,Slack,Watch,Language learning,Education,Productive,34.2,2,Library,2025-08-31,Night
3411,U0157,Udemy,Story,Web development course,Education,Productive,43,1,Commute,2025-12-30,Morning
3412,U0169,Zoom,Watch,Startup news,Business,Productive,37.2,2,Hostel,2025-08-08,Late Night
3413,U0087,Udemy,Story,Memes,Entertainment,Distractive,76.2,4,Office,2025-09-01,Evening
3414,U0157,Telegram,Reels/Shorts,Python tutorial,Education,Productive,39.3,1,Outdoors,2025-04-15,Evening
3415,U0418,Google Classroom,Story,Football clip,Sports,Distractive,53.1,4,Library,2025-06-10,Morning
3416,U0028,Coursera,Search,Wishlist browsing,Commerce,Distractive,38.6,2,Outdoors,2025-02-16,Morning
3417,U0146,Gmail,Notification,Project update,Communication,Productive,58,1,College,2025-03-06,Late Night
3418,U0287,WhatsApp,DM/Chat,DM chat casual,Social Media,Distractive,4.6,5,Cafe,2025-10-17,Evening
3419,U0104,Snapchat,DM/Chat,Reels,Entertainment,Distractive,28.9,5,Commute,2025-03-18,Late Night
3420,U0064,Udemy,Story,Technology news,News,Productive,51.7,1,Outdoors,2025-10-21,Late Night
3421,U0050,Telegram,Story,Current affairs,News,Productive,23.3,1,Outdoors,2025-12-31,Night
3422,U0405,WhatsApp,Notification,Voice message,Communication,Productive,52.1,1,Outdoors,2025-01-20,Late Night
3423,U0154,Udemy,Reels/Shorts,Reels,Entertainment,Distractive,11.3,4,Hostel,2025-03-03,Morning
3424,U0235,TikTok,Reels/Shorts,Product review,Commerce,Distractive,87.1,3,Library,2025-01-31,Late Night
3425,U0124,Google Classroom,Course Page,Random scrolling,Social Media,Distractive,19.9,4,Commute,2025-12-30,Afternoon
3426,U0455,Udemy,Course Page,Cricket update,Sports,Distractive,1.4,3,Outdoors,2025-10-14,Late Night
3427,U0385,Amazon,DM/Chat,Colleague message,Communication,Productive,11.2,1,College,2025-03-22,Morning
3428,U0341,Snapchat,Explore,Competitive exam tips,Education,Productive,29.5,1,Home,2025-11-11,Night
3429,U0425,Facebook,Notification,Fashion trends,Commerce,Distractive,39.3,2,Library,2025-10-09,Afternoon
3430,U0425,Telegram,Watch,DM chat casual,Social Media,Distractive,36.8,4,Office,2025-02-25,Morning
3431,U0398,Instagram,Feed,Research paper,Education,Productive,27.4,2,Library,2025-09-07,Late Night
3432,U0293,Telegram,DM/Chat,Chemistry notes,Education,Productive,10.7,2,Outdoors,2025-12-28,Morning
3433,U0277,Zoom,Search,Political news,News,Productive,40.7,3,Hostel,2025-09-09,Evening
3434,U0416,Snapchat,Explore,Cricket update,Sports,Distractive,31.9,4,Outdoors,2025-05-27,Evening
3435,U0046,Gmail,Search,Like notifications,Social Media,Distractive,39,5,Hostel,2025-07-04,Evening
3436,U0100,Gmail,Watch,Market analysis,Business,Productive,30.4,1,Commute,2025-01-02,Morning
3437,U0116,Facebook,Feed,Trending challenge,Entertainment,Distractive,17.5,4,Office,2025-07-23,Late Night
3438,U0124,TikTok,Watch,Research paper,Education,Productive,21.4,1,Commute,2025-08-15,Afternoon
3439,U0172,Gmail,Watch,Excel tutorial,Education,Productive,46.8,1,Home,2025-07-15,Afternoon
3440,U0063,Facebook,Search,Work discussion,Communication,Productive,17,2,Hostel,2025-09-03,Evening
3441,U0371,Udemy,Feed,Freelance work,Business,Productive,4.6,1,Commute,2025-04-18,Night
3442,U0067,Twitter/X,Search,Flash deals,Commerce,Distractive,44.8,2,Library,2025-04-22,Evening
3443,U0459,TikTok,Search,Market analysis,Business,Productive,46.6,2,Library,2025-08-27,Afternoon
3444,U0120,Snapchat,Search,Technology news,News,Productive,20.9,3,Library,2025-02-22,Morning
3445,U0129,YouTube,Feed,Local news,News,Productive,33,2,Cafe,2025-03-14,Afternoon
3446,U0324,Instagram,Watch,Research paper,Education,Productive,12.7,2,Library,2025-04-11,Morning
3447,U0331,Flipkart,Explore,Weather update,News,Productive,38.4,2,College,2025-03-07,Evening
3448,U0269,Instagram,Watch,Football clip,Sports,Distractive,42.4,4,Outdoors,2025-02-21,Late Night
3449,U0433,Telegram,Explore,Influencer content,Social Media,Distractive,49.1,5,Hostel,2025-06-01,Evening
3450,U0343,Facebook,Reels/Shorts,Random scrolling,Social Media,Distractive,33.7,5,Library,2025-08-26,Late Night
3451,U0102,Instagram,Story,Project management,Business,Productive,13.2,2,Office,2025-11-19,Night
3452,U0110,Twitter/X,Watch,Flash deals,Commerce,Distractive,65.6,3,Office,2025-09-27,Late Night
3453,U0012,Gmail,Notification,Language learning,Education,Productive,51.9,2,Library,2025-02-11,Evening
3454,U0400,Slack,Story,Breaking news,News,Productive,45.7,1,Hostel,2025-06-26,Evening
3455,U0208,Facebook,Story,Colleague message,Communication,Productive,1.7,1,Hostel,2025-08-11,Late Night
3456,U0425,Coursera,Watch,SQL tutorial,Education,Productive,30.2,2,Outdoors,2025-02-17,Evening
3457,U0172,Flipkart,Reels/Shorts,Online sale,Commerce,Distractive,80.3,2,Home,2025-04-29,Late Night
3458,U0290,Udemy,Explore,Resume building,Business,Productive,11,1,College,2025-06-16,Evening
3459,U0310,Google Classroom,DM/Chat,Online sale,Commerce,Distractive,52,3,Hostel,2025-04-27,Late Night
3460,U0213,Instagram,DM/Chat,Trending challenge,Entertainment,Distractive,50.5,5,Commute,2025-06-14,Evening
3461,U0028,Twitter/X,Reels/Shorts,Like notifications,Social Media,Distractive,42.8,5,Outdoors,2025-04-22,Morning
3462,U0344,Instagram,Search,LinkedIn post,Business,Productive,44.4,1,Outdoors,2025-04-15,Night
3463,U0088,Flipkart,Explore,Online sale,Commerce,Distractive,59.5,2,Outdoors,2025-04-15,Afternoon
3464,U0003,Gmail,Watch,Political news,News,Productive,34.3,3,College,2025-08-07,Night
3465,U0383,YouTube,Feed,Family chat,Communication,Productive,18.8,1,Hostel,2025-07-22,Morning
3466,U0322,Facebook,Explore,Match highlights,Sports,Distractive,28.5,4,Outdoors,2025-10-13,Late Night
3467,U0221,Slack,Story,Local news,News,Productive,37.2,2,Cafe,2025-02-16,Night
3468,U0327,Twitter/X,Course Page,Excel tutorial,Education,Productive,6.7,1,Hostel,2025-05-30,Evening
3469,U0493,Flipkart,Course Page,Video call,Communication,Productive,49.1,2,Cafe,2025-08-03,Night
3470,U0067,Twitter/X,DM/Chat,Music video,Entertainment,Distractive,49,5,Home,2025-12-31,Evening
3471,U0227,Telegram,Story,Science experiment,Education,Productive,55.2,2,College,2025-10-11,Afternoon
3472,U0126,WhatsApp,Notification,Funny compilation,Entertainment,Distractive,83.1,5,Library,2025-08-16,Evening
3473,U0203,TikTok,Notification,Gossip,Entertainment,Distractive,29.4,4,Library,2025-09-15,Morning
3474,U0411,YouTube,Search,LinkedIn post,Business,Productive,15.1,2,Hostel,2025-05-24,Night
3475,U0091,Google Classroom,DM/Chat,Resume building,Business,Productive,22.1,1,Hostel,2025-11-01,Evening
3476,U0033,Flipkart,Explore,Email,Communication,Productive,2.9,1,Library,2025-09-16,Night
3477,U0196,Twitter/X,Story,Chemistry notes,Education,Productive,52.2,1,Hostel,2025-11-15,Evening
3478,U0236,YouTube,DM/Chat,Shopping,Commerce,Distractive,43.4,3,Cafe,2025-08-14,Evening
3479,U0023,WhatsApp,Explore,Wishlist browsing,Commerce,Distractive,8.2,2,Office,2025-03-01,Evening
3480,U0365,TikTok,Story,Local news,News,Productive,58.8,3,Hostel,2025-12-30,Late Night
3481,U0191,YouTube,Watch,Colleague message,Communication,Productive,8.2,1,Library,2025-04-21,Afternoon
3482,U0162,TikTok,Feed,Market analysis,Business,Productive,6.9,2,Library,2025-09-21,Evening
3483,U0036,Amazon,Course Page,Python tutorial,Education,Productive,12.4,1,Home,2025-02-24,Morning
3484,U0029,Gmail,Reels/Shorts,Resume building,Business,Productive,57.8,2,College,2025-07-11,Late Night
3485,U0019,Google Classroom,Reels/Shorts,Wishlist browsing,Commerce,Distractive,17.9,2,Hostel,2025-11-17,Evening
3486,U0042,LinkedIn,DM/Chat,Follower count check,Social Media,Distractive,75.2,4,Hostel,2025-09-30,Night
3487,U0313,WhatsApp,Course Page,Discount coupons,Commerce,Distractive,1.7,3,Home,2025-11-25,Evening
3488,U0471,Snapchat,Notification,Startup news,Business,Productive,54.5,1,Commute,2025-01-09,Night
3489,U0039,WhatsApp,Search,Family chat,Communication,Productive,57.8,2,Library,2025-04-17,Afternoon
3490,U0022,Flipkart,Search,Political news,News,Productive,57.7,3,Home,2025-10-16,Evening
3491,U0367,WhatsApp,Course Page,Research paper,Education,Productive,30.3,2,Commute,2025-07-17,Afternoon
3492,U0464,Instagram,Explore,Sports news,Sports,Distractive,36.5,4,College,2025-12-20,Afternoon
3493,U0483,YouTube,DM/Chat,Discount coupons,Commerce,Distractive,82.6,2,Hostel,2025-10-31,Evening
3494,U0025,Udemy,Reels/Shorts,Work discussion,Communication,Productive,10.9,2,College,2025-10-11,Night
3495,U0433,LinkedIn,Search,Conference call,Communication,Productive,51.9,1,Library,2025-12-14,Late Night
3496,U0031,Snapchat,Story,Breaking news,News,Productive,22.1,1,Outdoors,2025-10-25,Afternoon
3497,U0285,Coursera,Reels/Shorts,Discount coupons,Commerce,Distractive,71.4,2,Commute,2025-11-04,Night
3498,U0016,LinkedIn,Explore,Video call,Communication,Productive,51.8,2,Home,2025-05-28,Evening
3499,U0266,WhatsApp,Search,Story updates,Social Media,Distractive,68.2,4,Library,2025-08-05,Morning
3500,U0430,LinkedIn,Notification,Work discussion,Communication,Productive,46.4,2,Cafe,2025-05-11,Night
3501,U0289,Udemy,Reels/Shorts,Competitive exam tips,Education,Productive,16.1,1,Library,2025-05-20,Night
3502,U0425,Flipkart,Feed,Random scrolling,Social Media,Distractive,74,5,Home,2025-10-30,Evening
3503,U0113,Gmail,Watch,Web development course,Education,Productive,21.1,1,Hostel,2025-11-01,Late Night
3504,U0074,Zoom,Search,Endless scrolling,Social Media,Distractive,55.1,5,Cafe,2025-02-10,Evening
3505,U0346,Gmail,Course Page,History lecture,Education,Productive,54.6,2,Office,2025-06-11,Afternoon
3506,U0050,TikTok,Reels/Shorts,Funny compilation,Entertainment,Distractive,79.2,5,Commute,2025-04-10,Morning
3507,U0151,Udemy,Search,Discount coupons,Commerce,Distractive,47.7,3,Hostel,2025-03-05,Night
3508,U0413,Instagram,Search,Flash deals,Commerce,Distractive,87,3,Hostel,2025-03-08,Late Night
3509,U0394,LinkedIn,Explore,Cricket update,Sports,Distractive,35.4,2,Hostel,2025-08-11,Morning
3510,U0470,Slack,Search,Political news,News,Productive,16.9,3,Hostel,2025-10-08,Late Night
3511,U0421,LinkedIn,Explore,Fashion trends,Commerce,Distractive,33.9,2,Office,2025-09-12,Night
3512,U0045,WhatsApp,Story,Celebrity,Entertainment,Distractive,74.1,4,Outdoors,2025-03-09,Afternoon
3513,U0424,Zoom,Search,Freelance work,Business,Productive,57.7,1,Commute,2025-03-19,Evening
3514,U0450,Instagram,Notification,Discount coupons,Commerce,Distractive,29.6,2,Cafe,2025-11-04,Night
3515,U0005,LinkedIn,Story,Project update,Communication,Productive,57.4,1,Home,2025-06-23,Afternoon
3516,U0191,Twitter/X,Reels/Shorts,Trending hashtags,Social Media,Distractive,17.8,5,College,2025-09-21,Evening
3517,U0372,Coursera,Watch,Shopping,Commerce,Distractive,60.1,3,Library,2025-03-18,Afternoon
3518,U0466,Facebook,Watch,Video call,Communication,Productive,55.1,1,Library,2025-02-25,Evening
3519,U0449,Udemy,Notification,Client call,Communication,Productive,14.1,1,Library,2025-12-15,Night
3520,U0219,Facebook,Watch,Football clip,Sports,Distractive,5,4,Office,2025-02-19,Morning
3521,U0335,Twitter/X,Course Page,Job search,Business,Productive,37.7,1,College,2025-09-15,Morning
3522,U0266,Facebook,Watch,Machine Learning,Education,Productive,10.6,2,Hostel,2025-06-26,Night
3523,U0444,Amazon,Story,Discount coupons,Commerce,Distractive,45.9,2,Outdoors,2025-05-25,Evening
3524,U0422,Google Classroom,Notification,Project management,Business,Productive,31.8,1,Office,2025-04-11,Night
3525,U0060,Google Classroom,Search,Freelance work,Business,Productive,8.6,2,Commute,2025-04-14,Evening
3526,U0188,Instagram,Story,Project update,Communication,Productive,3.7,1,Library,2025-05-09,Evening
3527,U0135,Slack,Search,Weather update,News,Productive,31.1,3,Outdoors,2025-03-23,Morning
3528,U0277,Telegram,Explore,Cricket update,Sports,Distractive,82.4,3,Home,2025-09-30,Afternoon
3529,U0161,Slack,Course Page,Sports news,Sports,Distractive,8,3,Office,2025-01-29,Night
3530,U0398,Twitter/X,Explore,Current affairs,News,Productive,33.8,3,Library,2025-02-22,Evening
3531,U0132,LinkedIn,Feed,Project management,Business,Productive,29.4,1,Cafe,2025-12-31,Morning
3532,U0183,LinkedIn,Feed,Prank videos,Entertainment,Distractive,72.7,4,College,2025-05-23,Evening
3533,U0110,Google Classroom,Story,Startup news,Business,Productive,42.8,2,Cafe,2025-05-19,Afternoon
3534,U0420,LinkedIn,Reels/Shorts,Family chat,Communication,Productive,41.3,2,Commute,2025-04-27,Afternoon
3535,U0013,Gmail,Search,Political news,News,Productive,37.7,3,Outdoors,2025-01-15,Morning
3536,U0359,Coursera,Watch,Research paper,Education,Productive,18.8,2,Outdoors,2025-07-06,Late Night
3537,U0028,Slack,Notification,Like notifications,Social Media,Distractive,46.1,4,Outdoors,2025-09-20,Night
3538,U0471,Facebook,Course Page,Business news,Business,Productive,36.8,2,Library,2025-08-22,Night
3539,U0061,Udemy,Watch,Weather update,News,Productive,35.4,1,Home,2025-04-18,Afternoon
3540,U0149,Coursera,Story,Networking,Business,Productive,16.6,1,Home,2025-08-13,Morning
3541,U0238,LinkedIn,Watch,Match highlights,Sports,Distractive,66.1,4,Library,2025-07-22,Late Night
3542,U0198,Udemy,Watch,Funny compilation,Entertainment,Distractive,1.6,5,Home,2025-04-24,Night
3543,U0083,TikTok,Feed,Discount coupons,Commerce,Distractive,1.3,3,Outdoors,2025-07-13,Afternoon
3544,U0443,Facebook,Reels/Shorts,Business news,Business,Productive,35.3,1,Library,2025-09-15,Night
3545,U0102,Gmail,Search,Client proposal,Business,Productive,26.2,2,Library,2025-11-03,Afternoon
3546,U0338,Telegram,Search,History lecture,Education,Productive,40.1,2,Home,2025-07-25,Night
3547,U0106,Flipkart,DM/Chat,Shopping,Commerce,Distractive,9.4,3,Library,2025-05-10,Evening
3548,U0079,LinkedIn,Notification,Random scrolling,Social Media,Distractive,59.5,4,Hostel,2025-06-29,Morning
3549,U0243,Instagram,Explore,Movie clips,Entertainment,Distractive,67.7,4,Outdoors,2025-10-13,Morning
3550,U0373,TikTok,Watch,History lecture,Education,Productive,37.9,1,College,2025-02-12,Night
3551,U0387,Flipkart,Watch,Follower count check,Social Media,Distractive,15.9,5,Library,2025-09-13,Late Night
3552,U0255,Telegram,DM/Chat,Current affairs,News,Productive,54.7,1,Hostel,2025-06-22,Late Night
3553,U0291,Gmail,Explore,Client proposal,Business,Productive,31.7,2,Outdoors,2025-09-07,Evening
3554,U0132,Telegram,Reels/Shorts,Political news,News,Productive,13.3,3,Cafe,2025-02-15,Night
3555,U0403,Coursera,Notification,Family chat,Communication,Productive,2.4,2,Cafe,2025-04-02,Night
3556,U0187,Twitter/X,Feed,Match highlights,Sports,Distractive,61.5,2,Outdoors,2025-07-27,Morning
3557,U0270,WhatsApp,Reels/Shorts,Machine Learning,Education,Productive,14.2,1,College,2025-06-21,Evening
3558,U0081,Snapchat,DM/Chat,History lecture,Education,Productive,25.3,2,Cafe,2025-09-13,Late Night
3559,U0398,WhatsApp,Feed,Client call,Communication,Productive,52,1,Hostel,2025-02-19,Night
3560,U0339,Google Classroom,Reels/Shorts,Funny compilation,Entertainment,Distractive,31.5,4,Outdoors,2025-04-25,Late Night
3561,U0019,TikTok,Course Page,SQL tutorial,Education,Productive,40.3,2,Hostel,2025-08-20,Afternoon
3562,U0346,Snapchat,DM/Chat,Shopping,Commerce,Distractive,41.8,2,Hostel,2025-06-06,Afternoon
3563,U0467,Slack,Explore,Stock market,Business,Productive,34.5,2,Outdoors,2025-03-23,Evening
3564,U0081,Flipkart,Story,DM chat casual,Social Media,Distractive,82.4,4,Outdoors,2025-11-13,Afternoon
3565,U0050,LinkedIn,Reels/Shorts,Cricket update,Sports,Distractive,61.6,2,Cafe,2025-12-14,Late Night
3566,U0209,Snapchat,Explore,Cricket update,Sports,Distractive,1.4,2,Hostel,2025-09-18,Evening
3567,U0257,YouTube,Notification,Discount coupons,Commerce,Distractive,31.5,2,Outdoors,2025-04-13,Evening
3568,U0453,Twitter/X,DM/Chat,Fashion trends,Commerce,Distractive,89.4,3,Hostel,2025-05-21,Evening
3569,U0454,TikTok,DM/Chat,Live score,Sports,Distractive,14.4,2,Hostel,2025-09-10,Night
3570,U0133,Amazon,Notification,Like notifications,Social Media,Distractive,40.6,5,Hostel,2025-07-17,Late Night
3571,U0465,Flipkart,Story,Funny compilation,Entertainment,Distractive,75.9,4,Library,2025-05-21,Night
3572,U0254,Facebook,Watch,Trending challenge,Entertainment,Distractive,3.1,4,Commute,2025-05-04,Night
3573,U0133,Zoom,Notification,Startup news,Business,Productive,37.1,1,Commute,2025-04-27,Late Night
3574,U0004,Gmail,Story,Endless scrolling,Social Media,Distractive,25.9,4,Home,2025-09-04,Late Night
3575,U0096,Twitter/X,Notification,Trending hashtags,Social Media,Distractive,34.1,4,Hostel,2025-10-25,Afternoon
3576,U0416,TikTok,Watch,Team meeting,Communication,Productive,58.6,2,Home,2025-12-23,Evening
3577,U0001,Gmail,DM/Chat,Physics lecture,Education,Productive,4.3,1,Cafe,2025-02-14,Evening
3578,U0185,Zoom,Feed,Online sale,Commerce,Distractive,29,2,Home,2025-03-14,Night
3579,U0144,Gmail,Explore,World news,News,Productive,13.2,3,Cafe,2025-07-22,Night
3580,U0421,Telegram,Feed,Product review,Commerce,Distractive,23,3,Office,2025-09-06,Afternoon
3581,U0450,Amazon,Search,Sports news,Sports,Distractive,70.6,2,Cafe,2025-02-05,Morning
3582,U0168,Udemy,Explore,Video call,Communication,Productive,3.7,1,College,2025-12-16,Late Night
3583,U0325,Slack,Watch,Work discussion,Communication,Productive,35.9,2,Outdoors,2025-09-01,Late Night
3584,U0135,Twitter/X,DM/Chat,Match highlights,Sports,Distractive,77.8,4,Home,2025-08-07,Morning
3585,U0108,Gmail,Story,Comedy videos,Entertainment,Distractive,25,5,Outdoors,2025-09-28,Late Night
3586,U0441,Snapchat,Explore,Endless scrolling,Social Media,Distractive,3.8,5,Outdoors,2025-01-15,Night
3587,U0094,Udemy,Feed,Sports news,Sports,Distractive,43.8,3,College,2025-03-23,Late Night
3588,U0237,LinkedIn,DM/Chat,Local news,News,Productive,34.6,2,Office,2025-04-07,Night
3589,U0479,LinkedIn,DM/Chat,Gossip,Entertainment,Distractive,81.9,5,Library,2025-09-13,Night
3590,U0433,Slack,Feed,Live score,Sports,Distractive,44.5,3,College,2025-01-23,Night
3591,U0105,Telegram,Watch,Influencer content,Social Media,Distractive,4.6,4,Home,2025-08-21,Late Night
3592,U0431,Slack,DM/Chat,Funny compilation,Entertainment,Distractive,72.7,5,Library,2025-05-11,Late Night
3593,U0318,Telegram,Story,DM chat casual,Social Media,Distractive,59.7,4,Home,2025-05-30,Evening
3594,U0284,Slack,Feed,Client proposal,Business,Productive,37.2,1,Library,2025-03-02,Night
3595,U0382,TikTok,Watch,World news,News,Productive,15.5,3,College,2025-08-08,Night
3596,U0013,Zoom,Feed,Random scrolling,Social Media,Distractive,50,5,Commute,2025-10-28,Afternoon
3597,U0433,YouTube,Course Page,Breaking news,News,Productive,38,3,Commute,2025-08-12,Morning
3598,U0461,YouTube,Reels/Shorts,Story updates,Social Media,Distractive,67.1,5,Office,2025-04-16,Morning
3599,U0436,TikTok,DM/Chat,Startup news,Business,Productive,13.9,2,Office,2025-05-06,Evening
3600,U0413,Instagram,DM/Chat,Product review,Commerce,Distractive,3.6,3,College,2025-06-30,Evening
3601,U0183,Twitter/X,Search,Online certification,Education,Productive,2.5,2,Office,2025-11-18,Late Night
3602,U0341,Amazon,Feed,Current affairs,News,Productive,2.3,3,Office,2025-04-13,Morning
3603,U0448,TikTok,Notification,LinkedIn post,Business,Productive,8.5,1,Home,2025-06-04,Late Night
3604,U0112,YouTube,Story,Video call,Communication,Productive,18.5,1,Cafe,2025-12-29,Night
3605,U0327,Gmail,DM/Chat,DM chat casual,Social Media,Distractive,53.2,5,Office,2025-05-19,Evening
3606,U0392,Flipkart,Reels/Shorts,Trending hashtags,Social Media,Distractive,48.7,4,Outdoors,2025-03-16,Afternoon
3607,U0095,Facebook,Story,Project management,Business,Productive,52.2,2,College,2025-09-16,Evening
3608,U0303,Telegram,Notification,Follower count check,Social Media,Distractive,70.7,5,College,2025-06-22,Evening
3609,U0380,Slack,Reels/Shorts,Language learning,Education,Productive,34.9,1,Commute,2025-06-05,Evening
3610,U0145,Amazon,Feed,Cricket update,Sports,Distractive,74.4,2,Cafe,2025-09-20,Late Night
3611,U0022,Slack,Search,Voice message,Communication,Productive,39.6,1,Cafe,2025-07-28,Evening
3612,U0308,Gmail,Explore,Political news,News,Productive,36.1,1,Commute,2025-06-27,Evening
3613,U0340,Slack,Notification,Political news,News,Productive,5.6,2,Home,2025-09-17,Afternoon
3614,U0479,Amazon,Watch,Client proposal,Business,Productive,27.4,2,Outdoors,2025-11-18,Night
3615,U0264,Snapchat,Story,Sports news,Sports,Distractive,26.3,3,College,2025-03-06,Afternoon
3616,U0032,Coursera,Course Page,Match highlights,Sports,Distractive,54.1,3,Home,2025-01-09,Night
3617,U0473,Google Classroom,Notification,Trending challenge,Entertainment,Distractive,75.1,5,Hostel,2025-08-25,Evening
3618,U0061,Facebook,DM/Chat,Work discussion,Communication,Productive,41,2,Commute,2025-08-04,Night
3619,U0229,Coursera,Story,Freelance work,Business,Productive,54.2,2,Office,2025-08-19,Night
3620,U0348,Google Classroom,Reels/Shorts,Gaming,Entertainment,Distractive,70.6,5,Office,2025-09-09,Afternoon
3621,U0142,Twitter/X,Reels/Shorts,Cricket update,Sports,Distractive,84.8,3,Commute,2025-02-27,Afternoon
3622,U0124,YouTube,Story,Project update,Communication,Productive,17.7,1,Commute,2025-06-22,Late Night
3623,U0286,Amazon,Story,Gossip,Entertainment,Distractive,83.2,5,Office,2025-03-04,Night
3624,U0183,Udemy,Explore,Breaking news,News,Productive,25.5,2,Home,2025-10-14,Late Night
3625,U0041,Instagram,Notification,History lecture,Education,Productive,25.6,1,Home,2025-05-31,Afternoon
3626,U0234,Amazon,Course Page,Live score,Sports,Distractive,50.8,3,Office,2025-02-17,Late Night
3627,U0019,TikTok,Feed,Breaking news,News,Productive,46.9,2,Library,2025-02-05,Night
3628,U0048,YouTube,Story,Endless scrolling,Social Media,Distractive,34.1,4,Library,2025-11-02,Morning
3629,U0313,Snapchat,Feed,Voice message,Communication,Productive,10.5,1,Cafe,2025-01-25,Morning
3630,U0301,Coursera,DM/Chat,Local news,News,Productive,56.5,3,Hostel,2025-05-05,Night
3631,U0484,Coursera,Notification,Online certification,Education,Productive,34.1,1,Outdoors,2025-09-23,Afternoon
3632,U0386,Slack,Watch,Conference call,Communication,Productive,17.7,1,Outdoors,2025-09-24,Morning
3633,U0279,Telegram,Explore,Discount coupons,Commerce,Distractive,23.1,3,Cafe,2025-03-11,Morning
3634,U0247,WhatsApp,Search,Political news,News,Productive,18.3,3,Hostel,2025-08-11,Evening
3635,U0100,Google Classroom,Watch,Memes,Entertainment,Distractive,76.5,5,Cafe,2025-08-26,Late Night
3636,U0350,Telegram,DM/Chat,Client proposal,Business,Productive,27.1,2,Commute,2025-09-23,Morning
3637,U0157,Zoom,Search,Cricket update,Sports,Distractive,28.7,3,Outdoors,2025-12-06,Morning
3638,U0207,Amazon,DM/Chat,Web series clip,Entertainment,Distractive,9.2,4,Commute,2025-06-19,Night
3639,U0434,Zoom,Feed,Memes,Entertainment,Distractive,84.8,4,Hostel,2025-10-26,Morning
3640,U0094,TikTok,Explore,Product review,Commerce,Distractive,60.4,3,College,2025-03-04,Late Night
3641,U0463,Coursera,Search,Startup news,Business,Productive,16.7,1,Outdoors,2025-03-12,Afternoon
3642,U0346,Twitter/X,DM/Chat,Language learning,Education,Productive,29.7,2,Cafe,2025-01-28,Night
3643,U0126,Udemy,Watch,Team meeting,Communication,Productive,42.7,2,Commute,2025-09-11,Late Night
3644,U0340,Amazon,Explore,Math tutorial,Education,Productive,41.5,2,Commute,2025-12-12,Night
3645,U0173,Gmail,Notification,Wishlist browsing,Commerce,Distractive,35.3,3,Home,2025-01-28,Evening
3646,U0110,Udemy,Explore,Email,Communication,Productive,16.4,2,Cafe,2025-11-05,Evening
3647,U0182,Gmail,Feed,Online sale,Commerce,Distractive,33.7,2,College,2025-05-11,Night
3648,U0221,Snapchat,Feed,Political news,News,Productive,4.6,2,Office,2025-02-14,Late Night
3649,U0324,LinkedIn,Story,Sports news,Sports,Distractive,13.2,3,Library,2025-06-16,Morning
3650,U0163,Instagram,Story,Family chat,Communication,Productive,25.1,2,College,2025-05-01,Afternoon
3651,U0257,Zoom,DM/Chat,Endless scrolling,Social Media,Distractive,82.2,4,Office,2025-12-30,Late Night
3652,U0107,Twitter/X,Search,Cricket update,Sports,Distractive,77,3,Home,2025-05-23,Afternoon
3653,U0020,Instagram,Explore,Weather update,News,Productive,3.4,1,College,2025-09-09,Morning
3654,U0298,WhatsApp,Notification,Story updates,Social Media,Distractive,24.8,4,Outdoors,2025-12-02,Evening
3655,U0318,Amazon,Search,Product review,Commerce,Distractive,43.1,2,Office,2025-06-29,Late Night
3656,U0483,Google Classroom,DM/Chat,Shopping,Commerce,Distractive,29.2,2,Library,2025-01-23,Evening
3657,U0305,Flipkart,Reels/Shorts,Physics lecture,Education,Productive,14,2,Hostel,2025-02-09,Morning
3658,U0422,TikTok,Notification,Networking,Business,Productive,35.7,1,Cafe,2025-06-23,Afternoon
3659,U0126,Gmail,DM/Chat,Live score,Sports,Distractive,87,3,Office,2025-01-23,Evening
3660,U0218,Gmail,Watch,Family chat,Communication,Productive,15.7,1,College,2025-04-02,Night
3661,U0496,YouTube,Search,Product review,Commerce,Distractive,20.7,3,Hostel,2025-02-14,Night
3662,U0077,Telegram,Search,Follower count check,Social Media,Distractive,23.3,4,Commute,2025-06-19,Evening
3663,U0233,YouTube,DM/Chat,Fashion trends,Commerce,Distractive,37.1,2,Outdoors,2025-01-30,Afternoon
3664,U0022,Instagram,Story,Influencer content,Social Media,Distractive,81.4,4,Hostel,2025-10-09,Night
3665,U0358,Amazon,Course Page,Flash deals,Commerce,Distractive,86.2,2,College,2025-04-02,Morning
3666,U0412,Twitter/X,Search,Work discussion,Communication,Productive,58.3,2,Commute,2025-04-07,Late Night
3667,U0145,Coursera,Feed,World news,News,Productive,38.1,3,Commute,2025-05-20,Late Night
3668,U0097,Amazon,Course Page,Influencer content,Social Media,Distractive,73.8,5,Outdoors,2025-10-25,Evening
3669,U0212,YouTube,Search,Business news,Business,Productive,17,1,Hostel,2025-12-16,Evening
3670,U0166,Instagram,Search,Follower count check,Social Media,Distractive,65.1,4,Cafe,2025-02-05,Morning
3671,U0397,LinkedIn,Feed,Celebrity,Entertainment,Distractive,55,5,Library,2025-05-26,Night
3672,U0363,Telegram,DM/Chat,Trending hashtags,Social Media,Distractive,69,4,Home,2025-06-11,Night
3673,U0395,Gmail,Feed,Random scrolling,Social Media,Distractive,1.3,4,Cafe,2025-03-03,Night
3674,U0006,Gmail,Feed,Prank videos,Entertainment,Distractive,57.9,5,Office,2025-02-19,Night
3675,U0442,LinkedIn,Search,Funny compilation,Entertainment,Distractive,31.3,4,Office,2025-10-10,Afternoon
3676,U0056,Udemy,Reels/Shorts,Local news,News,Productive,27.5,3,Commute,2025-07-14,Late Night
3677,U0496,Gmail,Story,Cricket update,Sports,Distractive,4.3,4,College,2025-09-10,Afternoon
3678,U0397,WhatsApp,Feed,Current affairs,News,Productive,41.5,3,Commute,2025-10-29,Morning
3679,U0330,Coursera,Reels/Shorts,Flash deals,Commerce,Distractive,44.4,2,Library,2025-07-12,Evening
3680,U0476,Zoom,Watch,Live score,Sports,Distractive,4.8,4,Commute,2025-12-27,Evening
3681,U0004,Twitter/X,Story,Story updates,Social Media,Distractive,42.6,5,Outdoors,2025-07-15,Evening
3682,U0335,Instagram,Course Page,Web series clip,Entertainment,Distractive,48.9,4,Commute,2025-08-06,Afternoon
3683,U0404,Snapchat,Explore,Client proposal,Business,Productive,2.5,1,Office,2025-11-20,Night
3684,U0224,Slack,Feed,Group chat,Communication,Productive,44.6,2,Home,2025-11-07,Afternoon
3685,U0026,Zoom,Feed,Interview preparation,Education,Productive,49.1,1,College,2025-12-01,Night
3686,U0237,Udemy,Explore,Research paper,Education,Productive,40.3,1,Home,2025-06-26,Late Night
3687,U0260,YouTube,Reels/Shorts,Cricket update,Sports,Distractive,25.7,3,Outdoors,2025-03-10,Night
3688,U0015,Amazon,Explore,Business news,Business,Productive,39.2,1,Hostel,2025-06-06,Night
3689,U0077,Amazon,Story,Cricket update,Sports,Distractive,35.7,2,College,2025-10-31,Afternoon
3690,U0401,Twitter/X,Story,Skill development,Education,Productive,24.7,1,Outdoors,2025-05-25,Late Night
3691,U0451,YouTube,Course Page,Freelance work,Business,Productive,22.1,1,Hostel,2025-08-28,Evening
3692,U0373,Twitter/X,Story,Wishlist browsing,Commerce,Distractive,49.2,3,Office,2025-02-27,Night
3693,U0476,Gmail,Watch,Sports news,Sports,Distractive,45.4,4,Library,2025-07-11,Late Night
3694,U0180,Coursera,Story,Random scrolling,Social Media,Distractive,35.4,4,Outdoors,2025-03-05,Afternoon
3695,U0064,Twitter/X,Feed,Stock market,Business,Productive,42.1,1,Cafe,2025-08-07,Late Night
3696,U0123,LinkedIn,Reels/Shorts,Project management,Business,Productive,34.5,2,Library,2025-04-18,Evening
3697,U0329,Coursera,Notification,Research paper,Education,Productive,29.2,1,Library,2025-01-21,Evening
3698,U0092,Slack,Course Page,Flash deals,Commerce,Distractive,34.3,2,Library,2025-06-18,Evening
3699,U0130,YouTube,Search,Wishlist browsing,Commerce,Distractive,54.2,2,Cafe,2025-10-09,Night
3700,U0101,LinkedIn,Search,Football clip,Sports,Distractive,50.7,2,Hostel,2025-10-30,Late Night
3701,U0297,Gmail,DM/Chat,Gossip,Entertainment,Distractive,51.8,4,Office,2025-03-07,Afternoon
3702,U0334,Gmail,Notification,Current affairs,News,Productive,26.5,2,Home,2025-05-06,Late Night
3703,U0372,YouTube,Story,Funny compilation,Entertainment,Distractive,30,5,Outdoors,2025-12-21,Night
3704,U0109,Gmail,Watch,Football clip,Sports,Distractive,19.1,2,Office,2025-12-09,Evening
3705,U0254,Flipkart,DM/Chat,Trending challenge,Entertainment,Distractive,45.8,4,College,2025-02-05,Evening
3706,U0376,Gmail,Search,Endless scrolling,Social Media,Distractive,5.5,4,Cafe,2025-09-21,Morning
3707,U0132,Flipkart,Course Page,Technology news,News,Productive,39,3,Hostel,2025-04-06,Late Night
3708,U0275,LinkedIn,Explore,Breaking news,News,Productive,32.6,3,Outdoors,2025-01-03,Late Night
3709,U0031,TikTok,Watch,Follower count check,Social Media,Distractive,21.3,4,Cafe,2025-05-17,Morning
3710,U0099,Facebook,Course Page,Video call,Communication,Productive,47,2,Outdoors,2025-05-14,Late Night
3711,U0450,LinkedIn,Feed,Random scrolling,Social Media,Distractive,10.5,4,College,2025-09-16,Late Night
3712,U0498,Twitter/X,Search,Flash deals,Commerce,Distractive,68.9,2,Library,2025-07-09,Night
3713,U0438,Slack,Reels/Shorts,Trending hashtags,Social Media,Distractive,10,5,Commute,2025-09-13,Morning
3714,U0431,Flipkart,Explore,Political news,News,Productive,4.1,2,College,2025-07-30,Evening
3715,U0002,Google Classroom,Story,Project management,Business,Productive,54.6,1,Cafe,2025-08-02,Afternoon
3716,U0292,Amazon,Watch,Business news,Business,Productive,47.8,1,Office,2025-03-15,Afternoon
3717,U0198,WhatsApp,Course Page,Gaming,Entertainment,Distractive,22.9,5,Cafe,2025-04-28,Evening
3718,U0408,Zoom,Course Page,Shopping,Commerce,Distractive,62,3,Home,2025-08-02,Morning
3719,U0098,WhatsApp,Feed,Weather update,News,Productive,27,3,Commute,2025-02-25,Night
3720,U0150,Zoom,Reels/Shorts,Story updates,Social Media,Distractive,66.9,4,Home,2025-03-29,Afternoon
3721,U0224,TikTok,Reels/Shorts,Project update,Communication,Productive,23.6,2,Home,2025-11-07,Evening
3722,U0185,Zoom,Reels/Shorts,Reels,Entertainment,Distractive,18.1,5,Library,2025-08-11,Night
3723,U0225,WhatsApp,Story,Coding practice,Education,Productive,54.4,2,Commute,2025-10-10,Morning
3724,U0091,Udemy,Notification,Colleague message,Communication,Productive,11.1,2,Home,2025-12-27,Evening
3725,U0082,WhatsApp,Reels/Shorts,Movie clips,Entertainment,Distractive,58.2,4,College,2025-11-30,Evening
3726,U0493,LinkedIn,Watch,Shorts,Entertainment,Distractive,1.6,5,College,2025-04-21,Late Night
3727,U0003,LinkedIn,Watch,Like notifications,Social Media,Distractive,77.1,4,Hostel,2025-06-14,Afternoon
3728,U0318,LinkedIn,Course Page,Email,Communication,Productive,18.8,1,Home,2025-03-19,Morning
3729,U0320,Slack,Notification,Dance videos,Entertainment,Distractive,86.5,5,Hostel,2025-07-26,Evening
3730,U0235,Gmail,Search,Reels,Entertainment,Distractive,84.6,4,College,2025-05-07,Night
3731,U0408,Google Classroom,Watch,Influencer content,Social Media,Distractive,62.8,5,College,2025-06-10,Afternoon
3732,U0452,Instagram,Reels/Shorts,LinkedIn post,Business,Productive,6.8,1,Home,2025-09-22,Evening
3733,U0094,Flipkart,Explore,Job search,Business,Productive,49.9,1,Office,2025-05-01,Evening
3734,U0323,Facebook,Watch,Gaming,Entertainment,Distractive,36.1,4,Hostel,2025-09-02,Morning
3735,U0275,Instagram,Search,World news,News,Productive,19.5,1,Cafe,2025-03-23,Afternoon
3736,U0471,Gmail,Course Page,Fashion trends,Commerce,Distractive,35.3,2,Cafe,2025-03-10,Late Night
3737,U0498,Udemy,Explore,Local news,News,Productive,42.8,3,Outdoors,2025-06-04,Morning
3738,U0432,WhatsApp,Feed,Cricket update,Sports,Distractive,40.9,2,Commute,2025-04-02,Evening
3739,U0353,Twitter/X,Feed,Python tutorial,Education,Productive,53.1,1,Commute,2025-02-07,Morning
3740,U0149,Gmail,Search,Match highlights,Sports,Distractive,31.7,3,Office,2025-08-10,Evening
3741,U0298,Snapchat,Course Page,Work discussion,Communication,Productive,59.9,1,Hostel,2025-12-30,Afternoon
3742,U0497,LinkedIn,Notification,Story updates,Social Media,Distractive,16.1,4,Library,2025-07-15,Afternoon
3743,U0334,Slack,Feed,Client proposal,Business,Productive,29.2,2,Home,2025-05-21,Afternoon
3744,U0037,Coursera,Reels/Shorts,Political news,News,Productive,31.7,2,Commute,2025-10-24,Afternoon
3745,U0369,WhatsApp,DM/Chat,Work discussion,Communication,Productive,19.8,1,Cafe,2025-12-29,Night
3746,U0283,Udemy,Feed,Skill development,Education,Productive,30.2,1,Commute,2025-01-04,Late Night
3747,U0065,Twitter/X,Story,Dance videos,Entertainment,Distractive,41.6,5,Hostel,2025-12-27,Night
3748,U0379,Amazon,Story,Team meeting,Communication,Productive,5.3,1,Cafe,2025-10-10,Evening
3749,U0419,Snapchat,Story,Random scrolling,Social Media,Distractive,52.9,4,Commute,2025-02-21,Afternoon
3750,U0107,Amazon,Reels/Shorts,Local news,News,Productive,21.7,1,College,2025-10-25,Night
3751,U0441,Instagram,Explore,Influencer content,Social Media,Distractive,45.3,4,Commute,2025-02-24,Afternoon
3752,U0034,Flipkart,Feed,Online sale,Commerce,Distractive,84.9,3,Commute,2025-01-16,Evening
3753,U0432,Facebook,Search,Match highlights,Sports,Distractive,22.1,3,Office,2025-08-03,Night
3754,U0042,Twitter/X,Search,Live score,Sports,Distractive,20.3,4,College,2025-03-13,Late Night
3755,U0380,Coursera,Story,Live score,Sports,Distractive,85.1,4,Cafe,2025-12-12,Night
3756,U0126,WhatsApp,Search,Story updates,Social Media,Distractive,40.3,4,Commute,2025-10-25,Night
3757,U0460,WhatsApp,Watch,Match highlights,Sports,Distractive,55,2,Library,2025-05-03,Morning
3758,U0455,Snapchat,DM/Chat,Competitive exam tips,Education,Productive,4.2,2,Hostel,2025-06-21,Late Night
3759,U0153,Coursera,Notification,Gaming,Entertainment,Distractive,9.5,4,Home,2025-05-05,Night
3760,U0362,YouTube,Search,Influencer content,Social Media,Distractive,7,4,Office,2025-06-05,Morning
3761,U0218,Gmail,Feed,Gaming,Entertainment,Distractive,13,4,Cafe,2025-08-05,Morning
3762,U0294,Twitter/X,Search,Football clip,Sports,Distractive,68.6,3,Cafe,2025-10-18,Late Night
3763,U0131,Facebook,Feed,Live score,Sports,Distractive,25.9,2,Cafe,2025-12-07,Night
3764,U0034,Google Classroom,Watch,Local news,News,Productive,8.7,1,Home,2025-07-30,Evening
3765,U0063,TikTok,Feed,Python tutorial,Education,Productive,4.9,2,Cafe,2025-02-26,Afternoon
3766,U0390,Amazon,Course Page,Political news,News,Productive,34.7,2,Office,2025-01-25,Night
3767,U0251,Coursera,Story,Investment tips,Business,Productive,26,1,Outdoors,2025-03-08,Morning
3768,U0252,Slack,Notification,Discount coupons,Commerce,Distractive,84.7,2,Outdoors,2025-10-11,Night
3769,U0066,Flipkart,Reels/Shorts,Fashion trends,Commerce,Distractive,20.4,3,Outdoors,2025-08-26,Morning
3770,U0330,WhatsApp,Notification,Weather update,News,Productive,58.3,3,Library,2025-11-11,Night
3771,U0301,Slack,Course Page,Stock market,Business,Productive,14.3,2,Cafe,2025-07-04,Morning
3772,U0425,Slack,Explore,Trending challenge,Entertainment,Distractive,83.7,5,College,2025-11-27,Night
3773,U0127,Instagram,Course Page,Political news,News,Productive,57.7,1,Hostel,2025-06-09,Morning
3774,U0393,Amazon,Notification,Voice message,Communication,Productive,20.6,2,Library,2025-10-19,Morning
3775,U0098,Facebook,Feed,Trending hashtags,Social Media,Distractive,33.2,5,Cafe,2025-06-06,Late Night
3776,U0483,Gmail,Reels/Shorts,Weather update,News,Productive,40.8,1,Commute,2025-05-09,Morning
3777,U0394,Telegram,Course Page,Online sale,Commerce,Distractive,1.8,3,Home,2025-08-28,Morning
3778,U0369,Zoom,Search,Trending hashtags,Social Media,Distractive,5.9,5,Commute,2025-07-03,Evening
3779,U0363,Zoom,Watch,Trending hashtags,Social Media,Distractive,84.4,5,Home,2025-08-19,Late Night
3780,U0500,Slack,Notification,Fashion trends,Commerce,Distractive,48.9,3,Office,2025-11-26,Afternoon
3781,U0394,Gmail,Search,Video call,Communication,Productive,41.1,1,Home,2025-05-22,Morning
3782,U0188,LinkedIn,Search,TV show clip,Entertainment,Distractive,27.3,4,College,2025-12-19,Night
3783,U0283,Instagram,Watch,Football clip,Sports,Distractive,9.4,4,Home,2025-12-22,Evening
3784,U0065,WhatsApp,Notification,Fashion trends,Commerce,Distractive,38.2,3,Cafe,2025-03-18,Night
3785,U0059,YouTube,Watch,Dance videos,Entertainment,Distractive,51.1,5,Hostel,2025-08-29,Morning
3786,U0398,Gmail,Feed,Data Science course,Education,Productive,14.6,2,Office,2025-06-17,Night
3787,U0338,Coursera,Feed,History lecture,Education,Productive,28.4,2,Office,2025-06-07,Night
3788,U0263,Zoom,Feed,Discount coupons,Commerce,Distractive,68.2,3,Home,2025-05-14,Afternoon
3789,U0012,Slack,Search,Project update,Communication,Productive,16.4,2,Office,2025-05-26,Night
3790,U0070,Twitter/X,Feed,Shorts,Entertainment,Distractive,9.3,4,Hostel,2025-05-28,Afternoon
3791,U0086,Flipkart,Explore,Current affairs,News,Productive,49.1,2,College,2025-09-19,Morning
3792,U0463,WhatsApp,Course Page,Sports news,Sports,Distractive,6.1,4,Library,2025-05-19,Afternoon
3793,U0498,Facebook,Story,Sports news,Sports,Distractive,80.1,2,Outdoors,2025-06-01,Morning
3794,U0038,Facebook,Story,Trending hashtags,Social Media,Distractive,9.1,5,Office,2025-04-16,Morning
3795,U0015,WhatsApp,Reels/Shorts,Random scrolling,Social Media,Distractive,53.7,4,Home,2025-11-24,Afternoon
3796,U0185,LinkedIn,DM/Chat,Shopping,Commerce,Distractive,66.6,3,Library,2025-01-28,Morning
3797,U0384,Google Classroom,Watch,Networking,Business,Productive,10.7,1,Hostel,2025-08-13,Afternoon
3798,U0056,Facebook,Story,Trending hashtags,Social Media,Distractive,70,5,College,2025-03-05,Night
3799,U0436,Facebook,Explore,Random scrolling,Social Media,Distractive,71.5,5,College,2025-10-01,Evening
3800,U0066,Gmail,Story,Follower count check,Social Media,Distractive,48.6,4,Office,2025-07-25,Late Night
3801,U0100,Zoom,Watch,Endless scrolling,Social Media,Distractive,87.1,4,Office,2025-04-09,Afternoon
3802,U0449,Flipkart,Notification,Follower count check,Social Media,Distractive,6,4,Library,2025-12-09,Evening
3803,U0447,Amazon,Feed,Market analysis,Business,Productive,55.6,1,Outdoors,2025-06-11,Morning
3804,U0093,Gmail,DM/Chat,Football clip,Sports,Distractive,33.1,2,Cafe,2025-03-09,Evening
3805,U0136,Udemy,Course Page,TV show clip,Entertainment,Distractive,23.5,5,Cafe,2025-10-17,Night
3806,U0198,Telegram,Watch,Current affairs,News,Productive,48.6,2,Home,2025-08-11,Morning
3807,U0411,Telegram,Search,Project management,Business,Productive,57.7,2,Outdoors,2025-07-06,Evening
3808,U0011,Coursera,Notification,Technology news,News,Productive,21.7,2,Cafe,2025-12-01,Night
3809,U0415,Instagram,Watch,Email,Communication,Productive,2.4,1,Office,2025-07-04,Evening
3810,U0438,YouTube,Reels/Shorts,Trending hashtags,Social Media,Distractive,68.3,5,Home,2025-10-21,Late Night
3811,U0185,Zoom,Course Page,Breaking news,News,Productive,2.8,3,Office,2025-07-23,Afternoon
3812,U0191,Twitter/X,Reels/Shorts,Project update,Communication,Productive,41.5,2,Home,2025-04-22,Afternoon
3813,U0236,Coursera,Notification,Language learning,Education,Productive,56.1,2,Cafe,2025-05-17,Afternoon
3814,U0292,Telegram,Reels/Shorts,Story updates,Social Media,Distractive,71,4,Outdoors,2025-10-30,Evening
3815,U0182,Amazon,Watch,Wishlist browsing,Commerce,Distractive,54.8,3,Commute,2025-12-31,Late Night
3816,U0349,Snapchat,Course Page,Football clip,Sports,Distractive,65.5,2,College,2025-09-10,Evening
3817,U0462,Slack,DM/Chat,Client proposal,Business,Productive,8.8,1,Office,2025-12-16,Evening
3818,U0053,Twitter/X,Explore,Online certification,Education,Productive,51.9,1,Office,2025-09-01,Night
3819,U0340,Instagram,Watch,Cricket update,Sports,Distractive,88.1,3,Cafe,2025-07-19,Evening
3820,U0180,Snapchat,Notification,Influencer content,Social Media,Distractive,34.6,4,College,2025-03-04,Morning
3821,U0301,Snapchat,Feed,Coding practice,Education,Productive,29.1,1,Cafe,2025-12-14,Evening
3822,U0320,Gmail,Explore,Story updates,Social Media,Distractive,44.6,4,Cafe,2025-04-04,Afternoon
3823,U0100,Zoom,DM/Chat,Political news,News,Productive,54.7,3,Library,2025-11-24,Night
3824,U0062,Slack,DM/Chat,LinkedIn post,Business,Productive,36.9,2,Office,2025-02-10,Evening
3825,U0100,TikTok,Feed,Python tutorial,Education,Productive,29.9,1,Office,2025-02-04,Evening
3826,U0244,Amazon,DM/Chat,Web series clip,Entertainment,Distractive,78.8,5,College,2025-07-04,Evening
3827,U0233,Flipkart,Search,Current affairs,News,Productive,1.3,1,Library,2025-02-03,Late Night
3828,U0231,Flipkart,Feed,Current affairs,News,Productive,29.1,3,Library,2025-04-30,Night
3829,U0265,Udemy,DM/Chat,Current affairs,News,Productive,53.5,1,Cafe,2025-02-13,Evening
3830,U0211,Gmail,Story,Endless scrolling,Social Media,Distractive,55,4,Home,2025-09-27,Afternoon
3831,U0484,Udemy,Search,Python tutorial,Education,Productive,11.2,1,Outdoors,2025-02-13,Afternoon
3832,U0396,Flipkart,Search,Conference call,Communication,Productive,15.5,2,Commute,2025-10-19,Night
3833,U0236,Twitter/X,Reels/Shorts,Coding practice,Education,Productive,49,1,Outdoors,2025-06-29,Morning
3834,U0454,Twitter/X,Search,DM chat casual,Social Media,Distractive,18.5,4,Home,2025-08-11,Morning
3835,U0478,Amazon,Feed,Reels,Entertainment,Distractive,16.1,5,Cafe,2025-03-04,Afternoon
3836,U0167,Slack,Notification,Machine Learning,Education,Productive,26,2,Commute,2025-09-22,Night
3837,U0425,Amazon,Reels/Shorts,Follower count check,Social Media,Distractive,28,4,Home,2025-06-01,Late Night
3838,U0092,TikTok,Explore,Match highlights,Sports,Distractive,56.4,2,Hostel,2025-03-07,Night
3839,U0407,LinkedIn,Watch,Product review,Commerce,Distractive,69.3,2,Office,2025-01-21,Evening
3840,U0055,Zoom,Story,Local news,News,Productive,54.9,3,Cafe,2025-07-25,Afternoon
3841,U0055,Twitter/X,Watch,Cricket update,Sports,Distractive,54.8,3,Library,2025-10-21,Evening
3842,U0345,Gmail,Watch,Discount coupons,Commerce,Distractive,87.2,3,Outdoors,2025-10-12,Late Night
3843,U0203,Amazon,Course Page,Flash deals,Commerce,Distractive,25.1,3,College,2025-02-14,Morning
3844,U0335,Telegram,Watch,Fashion trends,Commerce,Distractive,85.5,2,Outdoors,2025-11-16,Afternoon
3845,U0143,Amazon,DM/Chat,Football clip,Sports,Distractive,41.5,4,Home,2025-02-07,Afternoon
3846,U0480,Telegram,Watch,World news,News,Productive,22,1,Office,2025-05-13,Afternoon
3847,U0103,Zoom,Course Page,Football clip,Sports,Distractive,1.2,2,Home,2025-09-05,Late Night
3848,U0072,Slack,Course Page,Product review,Commerce,Distractive,34.2,2,Office,2025-08-10,Late Night
3849,U0187,Udemy,DM/Chat,Language learning,Education,Productive,57.9,1,Outdoors,2025-03-02,Afternoon
3850,U0400,WhatsApp,Search,Fashion trends,Commerce,Distractive,76.9,2,Home,2025-01-14,Late Night
3851,U0398,LinkedIn,Story,DM chat casual,Social Media,Distractive,21.8,5,Cafe,2025-04-03,Evening
3852,U0416,Instagram,Notification,Fashion trends,Commerce,Distractive,70.8,2,Home,2025-06-20,Night
3853,U0421,YouTube,DM/Chat,Technology news,News,Productive,2.8,3,Cafe,2025-02-07,Afternoon
3854,U0440,Facebook,Notification,Product review,Commerce,Distractive,29.8,2,Cafe,2025-11-12,Late Night
3855,U0481,Udemy,Feed,Cricket update,Sports,Distractive,38.9,2,Home,2025-09-13,Evening
3856,U0376,Coursera,DM/Chat,Shopping,Commerce,Distractive,78.6,3,Home,2025-01-27,Evening
3857,U0123,Google Classroom,Watch,Colleague message,Communication,Productive,12.6,2,Outdoors,2025-02-12,Night
3858,U0379,WhatsApp,Story,Cricket update,Sports,Distractive,80.4,2,Outdoors,2025-06-04,Morning
3859,U0371,Slack,Explore,Random scrolling,Social Media,Distractive,39.2,5,Office,2025-05-29,Late Night
3860,U0129,Zoom,Search,Sports news,Sports,Distractive,44.5,2,Commute,2025-04-30,Morning
3861,U0089,Snapchat,Explore,Family chat,Communication,Productive,13.2,2,Cafe,2025-12-18,Late Night
3862,U0289,Facebook,DM/Chat,Colleague message,Communication,Productive,43.1,1,Office,2025-03-04,Evening
3863,U0149,LinkedIn,DM/Chat,Python tutorial,Education,Productive,51.8,2,Office,2025-12-05,Morning
3864,U0425,Telegram,Course Page,Music video,Entertainment,Distractive,83.2,5,Outdoors,2025-02-06,Evening
3865,U0302,TikTok,Explore,Shorts,Entertainment,Distractive,1.6,5,Commute,2025-08-02,Late Night
3866,U0335,LinkedIn,Explore,Weather update,News,Productive,41.5,1,Cafe,2025-07-09,Night
3867,U0441,TikTok,Story,Fashion trends,Commerce,Distractive,73.7,3,Hostel,2025-07-17,Night
3868,U0436,YouTube,Notification,TV show clip,Entertainment,Distractive,32.4,5,Home,2025-09-14,Evening
3869,U0187,Google Classroom,Story,Startup news,Business,Productive,52.9,2,Office,2025-02-06,Night
3870,U0185,Slack,Search,History lecture,Education,Productive,36,2,Outdoors,2025-03-15,Night
3871,U0213,Snapchat,Feed,Music video,Entertainment,Distractive,39.4,4,Commute,2025-12-21,Morning
3872,U0195,Coursera,Notification,Startup news,Business,Productive,26.5,2,Cafe,2025-01-18,Morning
3873,U0410,Telegram,Explore,Match highlights,Sports,Distractive,19,3,Home,2025-05-06,Afternoon
3874,U0124,YouTube,DM/Chat,Client call,Communication,Productive,6.2,1,Library,2025-10-18,Afternoon
3875,U0129,LinkedIn,Notification,Exam preparation,Education,Productive,16.5,1,Home,2025-07-25,Evening
3876,U0292,Amazon,Story,Follower count check,Social Media,Distractive,12.9,5,Cafe,2025-07-02,Afternoon
3877,U0233,WhatsApp,Watch,Shopping,Commerce,Distractive,18.2,3,Outdoors,2025-05-10,Evening
3878,U0337,Gmail,Notification,Political news,News,Productive,12.8,1,Outdoors,2025-12-31,Morning
3879,U0414,TikTok,Explore,Political news,News,Productive,54.9,2,Hostel,2025-05-07,Afternoon
3880,U0463,WhatsApp,Course Page,Like notifications,Social Media,Distractive,59.1,5,Office,2025-06-17,Night
3881,U0325,Telegram,Search,Data Science course,Education,Productive,16.6,1,Hostel,2025-11-05,Evening
3882,U0269,Snapchat,DM/Chat,Cricket update,Sports,Distractive,36,4,Cafe,2025-03-12,Night
3883,U0068,Gmail,DM/Chat,Influencer content,Social Media,Distractive,39.6,5,Home,2025-02-16,Morning
3884,U0277,YouTube,Story,Live score,Sports,Distractive,77.2,4,Office,2025-01-05,Afternoon
3885,U0293,Facebook,Reels/Shorts,Match highlights,Sports,Distractive,70.1,2,Commute,2025-11-23,Morning
3886,U0078,TikTok,Search,Math tutorial,Education,Productive,49.7,2,Cafe,2025-08-02,Afternoon
3887,U0348,Amazon,Explore,Data Science course,Education,Productive,25.1,2,Library,2025-11-05,Afternoon
3888,U0124,Google Classroom,DM/Chat,Endless scrolling,Social Media,Distractive,66.1,4,Hostel,2025-03-07,Evening
3889,U0388,Coursera,Feed,Client call,Communication,Productive,38.9,1,Commute,2025-06-10,Late Night
3890,U0098,Snapchat,Feed,Reels,Entertainment,Distractive,13.6,5,Cafe,2025-09-28,Evening
3891,U0264,Zoom,Story,Endless scrolling,Social Media,Distractive,2.3,5,Library,2025-05-07,Afternoon
3892,U0045,Instagram,Search,Interview preparation,Education,Productive,16.6,2,Home,2025-06-04,Afternoon
3893,U0360,Gmail,Course Page,Excel tutorial,Education,Productive,6.7,1,Office,2025-05-01,Evening
3894,U0226,Udemy,DM/Chat,Breaking news,News,Productive,29.9,2,Commute,2025-06-25,Evening
3895,U0159,Facebook,Course Page,Shopping,Commerce,Distractive,32.8,3,Library,2025-06-22,Evening
3896,U0174,LinkedIn,Search,Client call,Communication,Productive,54.6,2,Hostel,2025-08-08,Morning
3897,U0178,Facebook,Watch,Weather update,News,Productive,11.6,1,Home,2025-03-13,Morning
3898,U0242,Zoom,DM/Chat,Data Science course,Education,Productive,38.6,1,Home,2025-08-12,Afternoon
3899,U0443,Gmail,Course Page,Story updates,Social Media,Distractive,17.8,5,College,2025-03-09,Late Night
3900,U0125,LinkedIn,Reels/Shorts,Language learning,Education,Productive,9.7,2,Outdoors,2025-06-27,Late Night
3901,U0482,WhatsApp,Watch,Follower count check,Social Media,Distractive,72.4,5,College,2025-02-15,Night
3902,U0428,TikTok,Story,Networking,Business,Productive,36.3,1,Home,2025-01-02,Evening
3903,U0422,Zoom,DM/Chat,Comedy videos,Entertainment,Distractive,35.9,5,Cafe,2025-05-09,Afternoon
3904,U0238,WhatsApp,Watch,LinkedIn post,Business,Productive,9.7,2,Home,2025-11-20,Morning
3905,U0025,TikTok,Notification,Networking,Business,Productive,15.1,2,Office,2025-08-25,Late Night
3906,U0385,Udemy,Reels/Shorts,Football clip,Sports,Distractive,6,3,Library,2025-04-07,Late Night
3907,U0109,Instagram,Feed,Trending hashtags,Social Media,Distractive,53.3,4,Home,2025-12-07,Night
3908,U0283,Udemy,Course Page,Freelance work,Business,Productive,53.2,2,Cafe,2025-07-26,Evening
3909,U0124,Snapchat,Notification,Shopping,Commerce,Distractive,59.6,3,Outdoors,2025-12-01,Morning
3910,U0333,Twitter/X,DM/Chat,Music video,Entertainment,Distractive,17.4,5,Cafe,2025-07-13,Evening
3911,U0062,WhatsApp,Story,Discount coupons,Commerce,Distractive,27.4,3,Hostel,2025-04-13,Evening
3912,U0056,Twitter/X,Story,Sports news,Sports,Distractive,87.6,3,College,2025-09-21,Evening
3913,U0168,TikTok,Story,Cricket update,Sports,Distractive,63.6,4,Commute,2025-10-24,Night
3914,U0292,Coursera,DM/Chat,Shopping,Commerce,Distractive,40.8,2,Commute,2025-03-20,Afternoon
3915,U0082,Slack,Watch,Wishlist browsing,Commerce,Distractive,57.7,3,College,2025-01-05,Late Night
3916,U0430,WhatsApp,Watch,Networking,Business,Productive,21,2,Outdoors,2025-10-28,Evening
3917,U0036,Facebook,DM/Chat,Technology news,News,Productive,29.6,3,Hostel,2025-01-24,Evening
3918,U0040,Google Classroom,DM/Chat,Memes,Entertainment,Distractive,6.1,5,Outdoors,2025-01-24,Late Night
3919,U0318,Facebook,Search,World news,News,Productive,35.8,2,Office,2025-03-04,Morning
3920,U0086,Facebook,Watch,Political news,News,Productive,53.7,3,Library,2025-11-07,Afternoon
3921,U0413,Google Classroom,Explore,Endless scrolling,Social Media,Distractive,80.9,4,Cafe,2025-01-14,Night
3922,U0338,Twitter/X,Feed,Wishlist browsing,Commerce,Distractive,83,3,Outdoors,2025-10-03,Afternoon
3923,U0160,Gmail,Feed,TV show clip,Entertainment,Distractive,5.5,5,Outdoors,2025-09-16,Afternoon
3924,U0349,TikTok,Explore,Web series clip,Entertainment,Distractive,55.1,5,Library,2025-08-09,Morning
3925,U0168,Slack,Search,Comedy videos,Entertainment,Distractive,79.2,5,Commute,2025-01-09,Late Night
3926,U0290,Telegram,Search,Story updates,Social Media,Distractive,51.8,5,Office,2025-07-13,Night
3927,U0324,Amazon,Course Page,Job search,Business,Productive,44.3,1,Office,2025-09-07,Afternoon
3928,U0099,Udemy,Feed,Viral video,Entertainment,Distractive,65.8,4,Cafe,2025-08-28,Afternoon
3929,U0052,Zoom,Explore,Political news,News,Productive,25.6,3,College,2025-01-24,Evening
3930,U0417,YouTube,Explore,Web series clip,Entertainment,Distractive,78.4,4,Hostel,2025-03-28,Late Night
3931,U0349,Snapchat,Watch,Discount coupons,Commerce,Distractive,87.5,3,Cafe,2025-01-10,Afternoon
3932,U0140,Amazon,Explore,Influencer content,Social Media,Distractive,72.2,5,Library,2025-12-08,Evening
3933,U0297,Coursera,Reels/Shorts,Competitive exam tips,Education,Productive,33.1,1,Home,2025-03-04,Night
3934,U0309,Telegram,Reels/Shorts,Political news,News,Productive,48.5,2,Library,2025-09-10,Night
3935,U0040,Instagram,Reels/Shorts,Local news,News,Productive,46.8,3,Office,2025-03-23,Morning
3936,U0124,Slack,Story,Online sale,Commerce,Distractive,17.1,2,Home,2025-11-18,Afternoon
3937,U0348,Twitter/X,Reels/Shorts,Voice message,Communication,Productive,55.8,1,Library,2025-07-22,Afternoon
3938,U0063,Snapchat,Reels/Shorts,Client call,Communication,Productive,10.9,1,Home,2025-04-04,Afternoon
3939,U0460,YouTube,Reels/Shorts,Fashion trends,Commerce,Distractive,17.3,2,Commute,2025-11-06,Morning
3940,U0004,Gmail,Course Page,Current affairs,News,Productive,38.5,3,Hostel,2025-10-22,Morning
3941,U0436,Gmail,Explore,Data Science course,Education,Productive,52.3,1,Library,2025-03-31,Evening
3942,U0468,Twitter/X,Notification,Prank videos,Entertainment,Distractive,82,5,Outdoors,2025-02-28,Evening
3943,U0500,Udemy,Watch,Voice message,Communication,Productive,26.7,2,College,2025-02-28,Night
3944,U0028,Instagram,Search,Competitive exam tips,Education,Productive,29.5,2,Office,2025-01-17,Evening
3945,U0329,Slack,Feed,Excel tutorial,Education,Productive,51.8,1,Library,2025-05-25,Late Night
3946,U0441,Snapchat,Reels/Shorts,Email,Communication,Productive,23.4,1,Home,2025-01-13,Evening
3947,U0197,WhatsApp,Notification,Breaking news,News,Productive,14.8,2,Commute,2025-04-06,Night
3948,U0240,YouTube,Search,Freelance work,Business,Productive,6.2,1,College,2025-02-20,Night
3949,U0052,Slack,DM/Chat,Random scrolling,Social Media,Distractive,15.9,4,Hostel,2025-09-10,Morning
3950,U0211,Slack,Reels/Shorts,Work discussion,Communication,Productive,7.7,2,Hostel,2025-08-28,Late Night
3951,U0448,Snapchat,Story,Startup news,Business,Productive,6.7,1,Library,2025-09-17,Night
3952,U0315,Gmail,DM/Chat,Movie clips,Entertainment,Distractive,70.4,5,Office,2025-03-29,Morning
3953,U0185,Amazon,DM/Chat,Reels,Entertainment,Distractive,58,5,Home,2025-05-25,Morning
3954,U0015,Slack,Watch,Current affairs,News,Productive,47,3,Home,2025-12-07,Evening
3955,U0150,Instagram,Notification,Sports news,Sports,Distractive,24.1,3,Commute,2025-03-25,Late Night
3956,U0313,YouTube,DM/Chat,Fashion trends,Commerce,Distractive,70.6,3,Cafe,2025-08-12,Night
3957,U0202,Instagram,Notification,Live score,Sports,Distractive,59.3,4,Library,2025-01-13,Night
3958,U0255,Amazon,Notification,Dance videos,Entertainment,Distractive,21.7,4,Commute,2025-01-04,Morning
3959,U0290,Gmail,Course Page,Client proposal,Business,Productive,15.3,1,Office,2025-10-08,Afternoon
3960,U0424,Facebook,Feed,Data Science course,Education,Productive,22.3,1,College,2025-03-22,Morning
3961,U0306,Telegram,DM/Chat,Political news,News,Productive,51.1,1,Home,2025-02-07,Late Night
3962,U0346,Snapchat,Watch,Skill development,Education,Productive,3.4,1,Commute,2025-02-02,Morning
3963,U0181,WhatsApp,Reels/Shorts,Sports news,Sports,Distractive,42,3,Hostel,2025-05-20,Late Night
3964,U0084,Slack,Notification,Football clip,Sports,Distractive,37.1,3,Library,2025-11-19,Morning
3965,U0337,Instagram,Watch,Celebrity,Entertainment,Distractive,57.5,5,College,2025-05-07,Late Night
3966,U0256,LinkedIn,Reels/Shorts,Family chat,Communication,Productive,59.8,1,Cafe,2025-06-21,Night
3967,U0290,Telegram,Reels/Shorts,Fashion trends,Commerce,Distractive,53,3,Commute,2025-03-08,Evening
3968,U0217,LinkedIn,Course Page,Wishlist browsing,Commerce,Distractive,4.5,2,Office,2025-02-18,Night
3969,U0341,Udemy,Course Page,Trending challenge,Entertainment,Distractive,68.5,4,Home,2025-03-08,Afternoon
3970,U0448,Zoom,Story,Weather update,News,Productive,57.5,1,Cafe,2025-08-20,Late Night
3971,U0470,Facebook,Story,Client proposal,Business,Productive,51.9,2,Office,2025-01-31,Late Night
3972,U0256,Slack,Notification,Story updates,Social Media,Distractive,43.2,5,Library,2025-07-04,Late Night
3973,U0457,Twitter/X,DM/Chat,Client proposal,Business,Productive,38.1,1,Commute,2025-12-25,Night
3974,U0101,Instagram,DM/Chat,Online certification,Education,Productive,34.9,2,Hostel,2025-12-07,Night
3975,U0286,Google Classroom,Watch,Web series clip,Entertainment,Distractive,13,5,Outdoors,2025-05-08,Late Night
3976,U0284,TikTok,Story,Political news,News,Productive,8.7,3,Library,2025-11-05,Morning
3977,U0171,TikTok,Search,Wishlist browsing,Commerce,Distractive,71.2,3,Office,2025-08-31,Afternoon
3978,U0211,Google Classroom,Feed,World news,News,Productive,56.4,1,Office,2025-01-29,Morning
3979,U0204,Zoom,Feed,Online sale,Commerce,Distractive,11.4,2,Office,2025-02-17,Evening
3980,U0088,Amazon,Search,Political news,News,Productive,58.4,3,Hostel,2025-04-19,Night
3981,U0187,Twitter/X,Story,Online sale,Commerce,Distractive,41.9,2,Cafe,2025-05-22,Evening
3982,U0054,Twitter/X,Watch,Influencer content,Social Media,Distractive,78.5,5,Office,2025-02-13,Morning
3983,U0086,Zoom,Watch,Sports news,Sports,Distractive,89.3,3,Commute,2025-09-02,Evening
3984,U0083,Snapchat,Watch,Colleague message,Communication,Productive,23.3,2,College,2025-07-07,Morning
3985,U0148,Zoom,Course Page,Group chat,Communication,Productive,38.9,2,Office,2025-05-09,Night
3986,U0334,Snapchat,Watch,Startup news,Business,Productive,27,2,Library,2025-06-15,Afternoon
3987,U0162,LinkedIn,Story,Sports news,Sports,Distractive,22.3,4,Home,2025-02-01,Night
3988,U0091,WhatsApp,Notification,Client call,Communication,Productive,14,2,Cafe,2025-09-03,Late Night
3989,U0014,Gmail,Notification,Current affairs,News,Productive,11.1,2,Commute,2025-04-11,Morning
3990,U0328,TikTok,Watch,Email,Communication,Productive,54.3,2,Library,2025-09-02,Late Night
3991,U0007,Twitter/X,Feed,Online sale,Commerce,Distractive,88.9,3,College,2025-05-18,Night
3992,U0468,LinkedIn,Feed,Fashion trends,Commerce,Distractive,34.6,3,Hostel,2025-05-05,Night
3993,U0005,WhatsApp,Notification,Shorts,Entertainment,Distractive,82.2,4,Home,2025-07-17,Evening
3994,U0462,Gmail,Reels/Shorts,Shopping,Commerce,Distractive,32.1,3,Home,2025-02-22,Morning
3995,U0390,Facebook,DM/Chat,Freelance work,Business,Productive,5.8,1,Home,2025-01-01,Evening
3996,U0328,Snapchat,Notification,Online certification,Education,Productive,55.8,2,Hostel,2025-09-19,Afternoon
3997,U0281,YouTube,Notification,Business news,Business,Productive,24.1,1,College,2025-05-16,Late Night
3998,U0417,YouTube,Course Page,Memes,Entertainment,Distractive,56,5,Hostel,2025-11-13,Late Night
3999,U0143,Snapchat,Feed,Football clip,Sports,Distractive,83.9,3,College,2025-05-27,Morning
4000,U0127,TikTok,Feed,Memes,Entertainment,Distractive,58.1,5,Library,2025-09-08,Afternoon
4001,U0140,Flipkart,Search,Shopping,Commerce,Distractive,47.2,3,Commute,2025-11-03,Late Night
4002,U0258,Udemy,Explore,Sports news,Sports,Distractive,20,4,Outdoors,2025-12-26,Late Night
4003,U0338,Instagram,Story,Startup news,Business,Productive,19.5,1,Outdoors,2025-10-22,Night
4004,U0301,Telegram,Feed,Technology news,News,Productive,28.7,2,College,2025-01-21,Evening
4005,U0029,LinkedIn,Story,Weather update,News,Productive,1.3,2,Cafe,2025-04-28,Late Night
4006,U0218,Instagram,Search,Political news,News,Productive,32.3,2,Hostel,2025-11-13,Night
4007,U0465,Twitter/X,Story,Excel tutorial,Education,Productive,19.1,2,Outdoors,2025-07-21,Morning
4008,U0085,Snapchat,Reels/Shorts,Sports news,Sports,Distractive,6.1,2,Cafe,2025-03-08,Night
4009,U0299,Google Classroom,Reels/Shorts,Project management,Business,Productive,32.1,2,Office,2025-05-23,Evening
4010,U0411,Coursera,Story,Celebrity,Entertainment,Distractive,37.1,5,Library,2025-06-22,Afternoon
4011,U0397,Gmail,Story,Prank videos,Entertainment,Distractive,4.4,5,Outdoors,2025-08-02,Evening
4012,U0039,Udemy,Watch,DM chat casual,Social Media,Distractive,50.9,4,Commute,2025-03-21,Evening
4013,U0413,Google Classroom,Explore,Networking,Business,Productive,28,2,Home,2025-02-12,Night
4014,U0108,Udemy,Search,Story updates,Social Media,Distractive,56.3,4,Hostel,2025-06-17,Afternoon
4015,U0174,YouTube,Search,Fashion trends,Commerce,Distractive,6.4,3,Library,2025-12-07,Late Night
4016,U0366,Instagram,Feed,Celebrity,Entertainment,Distractive,50.9,5,College,2025-06-25,Late Night
4017,U0114,Facebook,Explore,Email,Communication,Productive,34.3,2,Commute,2025-08-29,Evening
4018,U0146,Udemy,Explore,Influencer content,Social Media,Distractive,63.8,4,Commute,2025-03-24,Late Night
4019,U0262,Facebook,Explore,Shopping,Commerce,Distractive,67.6,3,Home,2025-05-19,Morning
4020,U0270,TikTok,DM/Chat,Story updates,Social Media,Distractive,19.2,4,Hostel,2025-02-09,Morning
4021,U0462,Twitter/X,Course Page,Football clip,Sports,Distractive,13.8,3,Office,2025-11-30,Night
4022,U0412,Slack,Feed,Trending hashtags,Social Media,Distractive,26.5,4,College,2025-09-04,Morning
4023,U0045,Twitter/X,DM/Chat,Shopping,Commerce,Distractive,6.4,2,Commute,2025-05-30,Evening
4024,U0471,Telegram,Feed,Prank videos,Entertainment,Distractive,60.2,5,Home,2025-11-19,Late Night
4025,U0017,Udemy,Notification,Current affairs,News,Productive,32.9,1,Office,2025-12-17,Morning
4026,U0437,Telegram,Course Page,Technology news,News,Productive,56.4,2,Outdoors,2025-08-21,Afternoon
4027,U0454,TikTok,Watch,Product review,Commerce,Distractive,32.8,3,Cafe,2025-06-19,Late Night
4028,U0396,Slack,Reels/Shorts,Research paper,Education,Productive,37.2,2,Cafe,2025-04-14,Evening
4029,U0121,Facebook,Explore,Group chat,Communication,Productive,37.8,1,Commute,2025-07-10,Afternoon
4030,U0348,Twitter/X,DM/Chat,Competitive exam tips,Education,Productive,12.1,1,College,2025-04-16,Evening
4031,U0009,Amazon,Feed,Client call,Communication,Productive,28.4,2,Office,2025-07-12,Evening
4032,U0383,Instagram,Explore,Online sale,Commerce,Distractive,40.2,3,College,2025-06-13,Morning
4033,U0126,Telegram,Search,Dance videos,Entertainment,Distractive,10.6,5,Hostel,2025-05-27,Late Night
4034,U0291,Gmail,DM/Chat,Memes,Entertainment,Distractive,5.9,5,Cafe,2025-01-28,Night
4035,U0260,Flipkart,Search,DM chat casual,Social Media,Distractive,60.3,4,Office,2025-04-28,Evening
4036,U0272,LinkedIn,Search,Technology news,News,Productive,23.1,2,Office,2025-10-02,Evening
4037,U0035,Flipkart,Reels/Shorts,Family chat,Communication,Productive,23.7,2,Commute,2025-11-16,Late Night
4038,U0423,Google Classroom,Watch,Trending challenge,Entertainment,Distractive,39.5,5,Commute,2025-03-15,Afternoon
4039,U0254,WhatsApp,Story,Python tutorial,Education,Productive,11,2,Office,2025-09-27,Night
4040,U0352,Udemy,Feed,Follower count check,Social Media,Distractive,71.1,5,Outdoors,2025-09-07,Late Night
4041,U0217,Google Classroom,Explore,Endless scrolling,Social Media,Distractive,41.2,4,Home,2025-11-12,Afternoon
4042,U0342,Amazon,Feed,Match highlights,Sports,Distractive,67.1,4,Home,2025-01-30,Evening
4043,U0055,YouTube,Course Page,Project update,Communication,Productive,15.2,2,Hostel,2025-01-22,Afternoon
4044,U0198,Google Classroom,Feed,Shopping,Commerce,Distractive,67.4,2,Office,2025-12-17,Morning
4045,U0368,Amazon,Search,Gossip,Entertainment,Distractive,44.4,5,Cafe,2025-11-28,Afternoon
4046,U0349,TikTok,Course Page,World news,News,Productive,41.5,1,Commute,2025-02-16,Evening
4047,U0355,Slack,Notification,Web development course,Education,Productive,5.1,2,Commute,2025-08-28,Morning
4048,U0457,Telegram,Reels/Shorts,Follower count check,Social Media,Distractive,77.5,5,Hostel,2025-10-14,Late Night
4049,U0175,Telegram,DM/Chat,Celebrity,Entertainment,Distractive,35.5,4,Hostel,2025-11-24,Morning
4050,U0301,Telegram,Reels/Shorts,Follower count check,Social Media,Distractive,77.9,4,College,2025-04-23,Afternoon
4051,U0077,Snapchat,Search,Like notifications,Social Media,Distractive,24.2,4,Commute,2025-02-08,Late Night
4052,U0463,WhatsApp,Search,Like notifications,Social Media,Distractive,8.3,5,Office,2025-11-25,Night
4053,U0322,TikTok,Course Page,Sports news,Sports,Distractive,50.3,4,Outdoors,2025-10-20,Late Night
4054,U0254,WhatsApp,Explore,Wishlist browsing,Commerce,Distractive,83.7,2,Home,2025-06-27,Afternoon
4055,U0217,TikTok,Search,Math tutorial,Education,Productive,11.6,1,Commute,2025-10-16,Morning
4056,U0470,Instagram,Reels/Shorts,Memes,Entertainment,Distractive,12.9,4,Cafe,2025-07-27,Late Night
4057,U0442,TikTok,DM/Chat,Data Science course,Education,Productive,58.4,2,College,2025-10-20,Late Night
4058,U0003,Instagram,Notification,Online sale,Commerce,Distractive,33.3,3,Commute,2025-04-26,Night
4059,U0241,Snapchat,DM/Chat,Discount coupons,Commerce,Distractive,2.1,2,Library,2025-06-28,Night
4060,U0086,Flipkart,Course Page,Local news,News,Productive,27.8,3,Hostel,2025-11-14,Evening
4061,U0241,Google Classroom,Feed,Reels,Entertainment,Distractive,75.6,4,Home,2025-04-22,Afternoon
4062,U0156,Facebook,Watch,Current affairs,News,Productive,46.3,1,Office,2025-12-30,Night
4063,U0286,Facebook,DM/Chat,Online sale,Commerce,Distractive,71,3,Hostel,2025-02-11,Morning
4064,U0495,Instagram,Explore,Stock market,Business,Productive,51.6,1,Commute,2025-09-16,Night
4065,U0049,Amazon,DM/Chat,Investment tips,Business,Productive,55.2,1,College,2025-12-30,Morning
4066,U0218,Gmail,Course Page,Market analysis,Business,Productive,47.9,1,Home,2025-04-18,Night
4067,U0082,TikTok,Watch,Fashion trends,Commerce,Distractive,43.7,2,College,2025-11-29,Afternoon
4068,U0313,Slack,Watch,Discount coupons,Commerce,Distractive,30.9,3,Library,2025-04-13,Night
4069,U0342,Instagram,DM/Chat,Online certification,Education,Productive,29.9,2,Library,2025-06-26,Afternoon
4070,U0488,Facebook,Watch,Colleague message,Communication,Productive,44.6,1,Office,2025-12-19,Night
4071,U0207,LinkedIn,Story,Like notifications,Social Media,Distractive,5.2,5,Library,2025-01-28,Evening
4072,U0146,Gmail,Reels/Shorts,Football clip,Sports,Distractive,12.2,2,Hostel,2025-06-18,Afternoon
4073,U0168,Snapchat,Notification,Reels,Entertainment,Distractive,22.2,5,Office,2025-01-03,Morning
4074,U0372,Gmail,Course Page,Client call,Communication,Productive,25.4,2,College,2025-05-06,Night
4075,U0491,Gmail,Explore,Work discussion,Communication,Productive,50.5,2,Office,2025-09-18,Afternoon
4076,U0157,LinkedIn,Story,LinkedIn post,Business,Productive,39.7,2,Home,2025-03-09,Late Night
4077,U0370,Zoom,Story,Dance videos,Entertainment,Distractive,41.8,4,Hostel,2025-07-22,Morning
4078,U0436,Telegram,Story,Weather update,News,Productive,37.9,3,Home,2025-01-18,Late Night
4079,U0357,TikTok,Course Page,Voice message,Communication,Productive,31.4,2,Office,2025-04-17,Late Night
4080,U0327,Instagram,Reels/Shorts,Trending hashtags,Social Media,Distractive,52.5,5,Cafe,2025-02-14,Afternoon
4081,U0210,TikTok,Reels/Shorts,Live score,Sports,Distractive,51,3,Commute,2025-12-10,Afternoon
4082,U0475,YouTube,Course Page,Chemistry notes,Education,Productive,9,2,Office,2025-01-15,Afternoon
4083,U0220,LinkedIn,Reels/Shorts,Weather update,News,Productive,10.3,3,Hostel,2025-07-22,Night
4084,U0258,Instagram,DM/Chat,Technology news,News,Productive,39.2,1,Library,2025-06-01,Evening
4085,U0178,Telegram,Course Page,Technology news,News,Productive,1.1,2,College,2025-10-24,Morning
4086,U0251,Udemy,Watch,Wishlist browsing,Commerce,Distractive,75.7,3,Library,2025-10-29,Night
4087,U0039,Zoom,Explore,Live score,Sports,Distractive,73.9,3,Library,2025-11-04,Afternoon
4088,U0387,Amazon,Watch,Product review,Commerce,Distractive,88.9,2,Outdoors,2025-05-04,Morning
4089,U0411,YouTube,Search,Like notifications,Social Media,Distractive,30.4,4,College,2025-03-11,Late Night
4090,U0352,Facebook,Story,Project management,Business,Productive,17.1,2,Outdoors,2025-09-18,Morning
4091,U0063,Slack,Feed,Interview preparation,Education,Productive,19,2,College,2025-05-31,Night
4092,U0108,YouTube,Feed,DM chat casual,Social Media,Distractive,7.3,4,Home,2025-01-18,Night
4093,U0433,Gmail,DM/Chat,Random scrolling,Social Media,Distractive,57.1,5,Outdoors,2025-05-25,Afternoon
4094,U0295,YouTube,Notification,Discount coupons,Commerce,Distractive,54.8,2,College,2025-04-18,Morning
4095,U0180,WhatsApp,Notification,Like notifications,Social Media,Distractive,20.5,5,College,2025-04-13,Morning
4096,U0336,Snapchat,Story,Memes,Entertainment,Distractive,57.1,5,College,2025-02-14,Late Night
4097,U0145,Google Classroom,Feed,Research paper,Education,Productive,35.1,2,Office,2025-12-05,Late Night
4098,U0286,Gmail,Feed,Email,Communication,Productive,44,2,Library,2025-03-13,Afternoon
4099,U0296,TikTok,Explore,Cricket update,Sports,Distractive,4.2,3,Hostel,2025-03-26,Late Night
4100,U0274,Google Classroom,Feed,Influencer content,Social Media,Distractive,58.6,4,Outdoors,2025-10-09,Afternoon
4101,U0083,Twitter/X,Feed,Sports news,Sports,Distractive,48,3,Library,2025-07-28,Afternoon
4102,U0086,Gmail,Feed,Local news,News,Productive,11.6,3,Hostel,2025-05-05,Late Night
4103,U0115,Flipkart,Watch,Physics lecture,Education,Productive,34,1,Commute,2025-03-02,Afternoon
4104,U0432,Slack,Explore,Group chat,Communication,Productive,4.3,2,Outdoors,2025-08-18,Night
4105,U0031,Facebook,Notification,Cricket update,Sports,Distractive,50.2,2,Office,2025-01-18,Afternoon
4106,U0386,Amazon,Course Page,Market analysis,Business,Productive,16.9,2,Commute,2025-09-15,Late Night
4107,U0247,Twitter/X,Explore,Job search,Business,Productive,1.8,1,Outdoors,2025-09-08,Late Night
4108,U0175,Zoom,Course Page,Family chat,Communication,Productive,40.1,1,Office,2025-07-13,Evening
4109,U0358,TikTok,Watch,Live score,Sports,Distractive,52.3,2,Hostel,2025-09-02,Evening
4110,U0369,Amazon,DM/Chat,Influencer content,Social Media,Distractive,41.3,5,Office,2025-07-01,Night
4111,U0418,Amazon,Search,Dance videos,Entertainment,Distractive,65.1,4,Home,2025-12-29,Morning
4112,U0279,LinkedIn,Story,Influencer content,Social Media,Distractive,66.5,4,Outdoors,2025-05-08,Afternoon
4113,U0333,Gmail,Explore,Influencer content,Social Media,Distractive,26.5,5,Hostel,2025-09-11,Morning
4114,U0115,Instagram,Notification,Endless scrolling,Social Media,Distractive,19,5,Library,2025-02-04,Late Night
4115,U0027,YouTube,Search,Viral video,Entertainment,Distractive,68.6,5,Commute,2025-09-18,Night
4116,U0296,Flipkart,Explore,Local news,News,Productive,13,2,Library,2025-04-16,Late Night
4117,U0174,Flipkart,Search,Job search,Business,Productive,17.5,2,Commute,2025-08-20,Morning
4118,U0275,Udemy,Notification,Voice message,Communication,Productive,56.4,2,Office,2025-07-26,Afternoon
4119,U0383,Zoom,Search,Research paper,Education,Productive,28.4,1,Hostel,2025-02-26,Late Night
4120,U0214,Slack,Explore,Discount coupons,Commerce,Distractive,52.6,2,Outdoors,2025-05-09,Night
4121,U0241,Instagram,DM/Chat,Job search,Business,Productive,41.4,2,Commute,2025-11-30,Evening
4122,U0080,Slack,Reels/Shorts,Match highlights,Sports,Distractive,51.8,3,Library,2025-03-04,Late Night
4123,U0386,WhatsApp,Search,LinkedIn post,Business,Productive,56.1,2,Library,2025-03-13,Late Night
4124,U0185,Flipkart,DM/Chat,SQL tutorial,Education,Productive,41.4,1,Cafe,2025-02-18,Late Night
4125,U0460,Zoom,Reels/Shorts,Trending challenge,Entertainment,Distractive,76.1,5,Office,2025-06-12,Late Night
4126,U0015,Instagram,Feed,Current affairs,News,Productive,53.5,2,Commute,2025-07-25,Afternoon
4127,U0446,Facebook,Explore,Breaking news,News,Productive,29,3,Commute,2025-12-08,Evening
4128,U0366,TikTok,Story,History lecture,Education,Productive,27.1,2,Hostel,2025-09-15,Late Night
4129,U0214,WhatsApp,DM/Chat,Wishlist browsing,Commerce,Distractive,14.2,2,Commute,2025-01-31,Late Night
4130,U0198,Amazon,Explore,Market analysis,Business,Productive,18.2,2,Library,2025-06-02,Night
4131,U0091,Twitter/X,Feed,Chemistry notes,Education,Productive,35,1,Commute,2025-10-06,Night
4132,U0009,Twitter/X,Explore,Web series clip,Entertainment,Distractive,19.6,5,Hostel,2025-04-14,Afternoon
4133,U0394,LinkedIn,Course Page,Web series clip,Entertainment,Distractive,15,4,Hostel,2025-03-19,Late Night
4134,U0145,TikTok,Watch,Language learning,Education,Productive,36.9,1,Cafe,2025-12-08,Night
4135,U0118,Telegram,DM/Chat,Colleague message,Communication,Productive,16,1,Library,2025-12-15,Morning
4136,U0385,TikTok,Explore,Video call,Communication,Productive,14.9,1,Hostel,2025-08-09,Afternoon
4137,U0326,Flipkart,Story,Market analysis,Business,Productive,19.1,2,Cafe,2025-01-02,Late Night
4138,U0325,Facebook,Search,DM chat casual,Social Media,Distractive,80.7,5,Commute,2025-02-08,Morning
4139,U0379,Slack,Explore,Chemistry notes,Education,Productive,5.7,2,Hostel,2025-08-01,Morning
4140,U0227,Instagram,Watch,Online certification,Education,Productive,25.7,2,Home,2025-11-23,Morning
4141,U0143,Slack,Reels/Shorts,Trending challenge,Entertainment,Distractive,81.9,4,Hostel,2025-03-10,Evening
4142,U0448,TikTok,Course Page,Video call,Communication,Productive,33.2,2,Cafe,2025-06-13,Night
4143,U0079,WhatsApp,Explore,World news,News,Productive,21.6,1,Office,2025-12-16,Evening
4144,U0040,Twitter/X,Story,World news,News,Productive,16.7,3,Cafe,2025-01-08,Night
4145,U0125,Gmail,Search,Colleague message,Communication,Productive,37.4,1,Commute,2025-01-13,Afternoon
4146,U0120,Telegram,Explore,Skill development,Education,Productive,27.2,1,Cafe,2025-10-04,Evening
4147,U0390,LinkedIn,Course Page,Local news,News,Productive,46.1,1,Cafe,2025-08-22,Late Night
4148,U0092,WhatsApp,Search,Follower count check,Social Media,Distractive,51.1,5,Office,2025-05-30,Late Night
4149,U0301,Slack,Notification,Stock market,Business,Productive,5.3,1,Office,2025-01-25,Late Night
4150,U0311,Gmail,Explore,Story updates,Social Media,Distractive,49.7,4,College,2025-03-22,Night
4151,U0143,YouTube,Story,Online sale,Commerce,Distractive,68.6,3,Outdoors,2025-04-27,Afternoon
4152,U0380,Coursera,Feed,Team meeting,Communication,Productive,15.6,2,Office,2025-07-07,Morning
4153,U0259,TikTok,Search,Client proposal,Business,Productive,47.5,2,Library,2025-10-15,Afternoon
4154,U0306,Coursera,Course Page,Dance videos,Entertainment,Distractive,58.2,4,Commute,2025-05-12,Afternoon
4155,U0328,Slack,Feed,Memes,Entertainment,Distractive,18,5,Home,2025-09-25,Night
4156,U0416,Telegram,DM/Chat,Shorts,Entertainment,Distractive,74.8,5,Home,2025-09-21,Evening
4157,U0015,Zoom,Notification,Science experiment,Education,Productive,51.4,1,College,2025-06-21,Late Night
4158,U0027,Twitter/X,Course Page,Influencer content,Social Media,Distractive,44.5,4,College,2025-01-31,Late Night
4159,U0355,Zoom,Course Page,Sports news,Sports,Distractive,51.9,3,Library,2025-10-18,Morning
4160,U0364,Udemy,Watch,Project update,Communication,Productive,51.4,1,Home,2025-01-16,Afternoon
4161,U0387,Slack,Notification,Gossip,Entertainment,Distractive,62.2,5,Hostel,2025-06-18,Night
4162,U0113,Zoom,Explore,Technology news,News,Productive,24.9,2,Home,2025-08-15,Afternoon
4163,U0055,Google Classroom,Course Page,Fashion trends,Commerce,Distractive,24.4,2,Office,2025-01-04,Late Night
4164,U0405,Slack,DM/Chat,Research paper,Education,Productive,30.6,2,Office,2025-07-02,Afternoon
4165,U0071,Twitter/X,DM/Chat,Gaming,Entertainment,Distractive,69.9,5,College,2025-07-25,Morning
4166,U0149,Udemy,Course Page,Flash deals,Commerce,Distractive,34.2,3,Hostel,2025-08-03,Late Night
4167,U0077,Telegram,DM/Chat,Research paper,Education,Productive,24.6,1,College,2025-08-24,Evening
4168,U0425,Amazon,DM/Chat,Reels,Entertainment,Distractive,44.4,4,Cafe,2025-03-22,Late Night
4169,U0188,Coursera,Feed,World news,News,Productive,13.3,3,Commute,2025-05-04,Late Night
4170,U0308,YouTube,Notification,LinkedIn post,Business,Productive,39.6,2,Commute,2025-04-07,Afternoon
4171,U0169,Instagram,Reels/Shorts,Match highlights,Sports,Distractive,8.5,3,Outdoors,2025-06-05,Night
4172,U0235,Gmail,Course Page,TV show clip,Entertainment,Distractive,4.3,4,Home,2025-10-22,Night
4173,U0485,Flipkart,Explore,Family chat,Communication,Productive,58.6,2,Commute,2025-10-22,Night
4174,U0396,TikTok,Reels/Shorts,Match highlights,Sports,Distractive,70.4,4,Home,2025-12-06,Afternoon
4175,U0050,Udemy,DM/Chat,Gaming,Entertainment,Distractive,81.9,5,Hostel,2025-10-05,Late Night
4176,U0320,Google Classroom,Reels/Shorts,Chemistry notes,Education,Productive,42.6,1,Outdoors,2025-06-10,Night
4177,U0411,Udemy,Search,Comedy videos,Entertainment,Distractive,72.7,4,Outdoors,2025-12-05,Night
4178,U0211,LinkedIn,Explore,Colleague message,Communication,Productive,19.9,2,Outdoors,2025-04-03,Afternoon
4179,U0470,LinkedIn,Feed,Political news,News,Productive,16.6,1,Commute,2025-08-14,Late Night
4180,U0282,Facebook,Explore,Fashion trends,Commerce,Distractive,30.2,2,Outdoors,2025-12-22,Afternoon
4181,U0133,LinkedIn,Search,Conference call,Communication,Productive,51.1,1,Commute,2025-11-29,Afternoon
4182,U0399,Instagram,Notification,Family chat,Communication,Productive,18.2,2,Commute,2025-12-13,Late Night
4183,U0461,Gmail,DM/Chat,Follower count check,Social Media,Distractive,6.5,4,Cafe,2025-04-20,Night
4184,U0253,Slack,Story,Online sale,Commerce,Distractive,33.8,2,Hostel,2025-09-10,Morning
4185,U0002,Zoom,Notification,Work discussion,Communication,Productive,42.9,2,College,2025-05-19,Evening
4186,U0397,YouTube,Course Page,Machine Learning,Education,Productive,22.8,2,Home,2025-03-18,Afternoon
4187,U0211,Google Classroom,Feed,Video call,Communication,Productive,27.2,2,Outdoors,2025-03-23,Late Night
4188,U0302,Google Classroom,Search,Networking,Business,Productive,27.8,2,Library,2025-05-17,Evening
4189,U0416,Facebook,Story,Football clip,Sports,Distractive,11.2,4,Outdoors,2025-12-20,Afternoon
4190,U0429,Zoom,Course Page,Fashion trends,Commerce,Distractive,66.2,3,Commute,2025-09-18,Night
4191,U0382,WhatsApp,Feed,Local news,News,Productive,50.5,2,Commute,2025-04-07,Late Night
4192,U0002,Telegram,Course Page,Freelance work,Business,Productive,28.1,1,Commute,2025-04-10,Night
4193,U0489,Coursera,Feed,Project update,Communication,Productive,16.2,2,Office,2025-06-29,Night
4194,U0434,LinkedIn,DM/Chat,Machine Learning,Education,Productive,54.1,2,Hostel,2025-12-16,Night
4195,U0080,Facebook,Course Page,Cricket update,Sports,Distractive,70.1,3,Home,2025-08-13,Morning
4196,U0211,Gmail,Reels/Shorts,Football clip,Sports,Distractive,40.1,4,Library,2025-06-16,Morning
4197,U0323,Snapchat,Feed,Movie clips,Entertainment,Distractive,62.2,5,Library,2025-09-20,Late Night
4198,U0074,Gmail,Explore,Project update,Communication,Productive,9,2,Office,2025-08-13,Morning
4199,U0164,WhatsApp,Explore,Random scrolling,Social Media,Distractive,58,4,Library,2025-10-22,Morning
4200,U0414,Udemy,Search,Viral video,Entertainment,Distractive,30.9,5,Home,2025-05-25,Night
4201,U0164,YouTube,DM/Chat,Football clip,Sports,Distractive,39.8,2,Home,2025-07-20,Morning
4202,U0446,TikTok,Reels/Shorts,Endless scrolling,Social Media,Distractive,22.1,4,Home,2025-12-26,Late Night
4203,U0197,Facebook,Search,Match highlights,Sports,Distractive,71.6,2,Home,2025-12-31,Night
4204,U0143,Amazon,Watch,Cricket update,Sports,Distractive,59.4,3,Commute,2025-04-30,Afternoon
4205,U0484,Telegram,Watch,Investment tips,Business,Productive,14.1,1,Library,2025-12-26,Afternoon
4206,U0017,Instagram,Story,Shopping,Commerce,Distractive,50.3,3,College,2025-05-03,Late Night
4207,U0198,Snapchat,Reels/Shorts,DM chat casual,Social Media,Distractive,20.9,4,Outdoors,2025-10-13,Late Night
4208,U0226,Flipkart,Search,Gossip,Entertainment,Distractive,37.4,5,Commute,2025-03-03,Morning
4209,U0019,Udemy,Feed,Skill development,Education,Productive,22.5,2,Office,2025-11-15,Evening
4210,U0299,Zoom,Watch,Flash deals,Commerce,Distractive,9.2,3,Library,2025-06-25,Late Night
4211,U0161,Amazon,Notification,Wishlist browsing,Commerce,Distractive,36.3,2,Office,2025-07-24,Afternoon
4212,U0045,TikTok,Search,Shopping,Commerce,Distractive,30.8,2,Commute,2025-02-02,Evening
4213,U0129,Flipkart,Reels/Shorts,Football clip,Sports,Distractive,78.1,3,Library,2025-09-01,Late Night
4214,U0272,Snapchat,Course Page,Trending hashtags,Social Media,Distractive,72.4,4,Cafe,2025-05-09,Evening
4215,U0204,Telegram,Search,Exam preparation,Education,Productive,7.6,2,Cafe,2025-08-02,Morning
4216,U0078,Amazon,Search,Web series clip,Entertainment,Distractive,84.5,4,Hostel,2025-06-21,Afternoon
4217,U0139,Gmail,Feed,Networking,Business,Productive,44.7,2,College,2025-01-02,Morning
4218,U0451,WhatsApp,Notification,Email,Communication,Productive,32.6,2,Home,2025-10-12,Late Night
4219,U0264,Google Classroom,Notification,Prank videos,Entertainment,Distractive,60.3,5,College,2025-03-11,Night
4220,U0278,Instagram,Feed,Project update,Communication,Productive,31.8,1,Home,2025-06-15,Late Night
4221,U0175,LinkedIn,Watch,Science experiment,Education,Productive,1.9,1,Library,2025-05-25,Morning
4222,U0369,YouTube,Story,Competitive exam tips,Education,Productive,23.2,1,Library,2025-06-24,Late Night
4223,U0360,Snapchat,Reels/Shorts,Discount coupons,Commerce,Distractive,70.2,2,College,2025-02-19,Night
4224,U0464,Telegram,Feed,Flash deals,Commerce,Distractive,80.2,3,College,2025-03-24,Evening
4225,U0290,Zoom,Search,Fashion trends,Commerce,Distractive,46,3,Office,2025-12-28,Evening
4226,U0422,YouTube,Course Page,Technology news,News,Productive,49.3,1,Cafe,2025-11-15,Late Night
4227,U0115,Snapchat,Explore,Trending challenge,Entertainment,Distractive,1.4,4,Office,2025-01-01,Afternoon
4228,U0389,Flipkart,Explore,Client call,Communication,Productive,58.1,2,Commute,2025-09-11,Morning
4229,U0295,Udemy,Notification,Fashion trends,Commerce,Distractive,57.2,3,Library,2025-01-12,Evening
4230,U0204,Coursera,Notification,Endless scrolling,Social Media,Distractive,51.7,5,Hostel,2025-05-29,Morning
4231,U0394,Slack,Explore,Gossip,Entertainment,Distractive,13.8,4,Commute,2025-04-08,Afternoon
4232,U0049,Udemy,Search,Job search,Business,Productive,59.6,1,Outdoors,2025-07-17,Evening
4233,U0165,Twitter/X,Story,Project management,Business,Productive,49.1,1,Commute,2025-09-08,Evening
4234,U0266,Amazon,Notification,Shopping,Commerce,Distractive,18.8,2,Library,2025-06-09,Morning
4235,U0181,Zoom,Search,Political news,News,Productive,40.8,2,Outdoors,2025-09-21,Late Night
4236,U0101,Instagram,Explore,Family chat,Communication,Productive,37.1,1,Commute,2025-07-15,Late Night
4237,U0213,Facebook,Course Page,Freelance work,Business,Productive,26.7,2,Office,2025-03-13,Afternoon
4238,U0106,Udemy,Story,Current affairs,News,Productive,14.6,1,Cafe,2025-03-04,Late Night
4239,U0046,YouTube,Search,Follower count check,Social Media,Distractive,81.6,5,Office,2025-09-21,Morning
4240,U0069,Instagram,Explore,Cricket update,Sports,Distractive,12.6,2,Cafe,2025-07-05,Morning
4241,U0143,Zoom,Course Page,Wishlist browsing,Commerce,Distractive,20.9,3,Commute,2025-12-08,Afternoon
4242,U0377,Coursera,Reels/Shorts,Colleague message,Communication,Productive,2.8,2,Library,2025-04-06,Afternoon
4243,U0328,Telegram,Course Page,Conference call,Communication,Productive,51.5,2,Home,2025-08-06,Night
4244,U0152,Udemy,Search,Sports news,Sports,Distractive,67.9,3,College,2025-02-10,Morning
4245,U0202,Slack,Watch,Competitive exam tips,Education,Productive,15.6,1,Outdoors,2025-10-13,Afternoon
4246,U0097,Udemy,Course Page,Exam preparation,Education,Productive,47.4,2,Commute,2025-11-26,Afternoon
4247,U0066,Amazon,DM/Chat,Memes,Entertainment,Distractive,53.6,4,Office,2025-03-10,Evening
4248,U0346,Gmail,Search,DM chat casual,Social Media,Distractive,41.6,5,Cafe,2025-07-05,Night
4249,U0052,LinkedIn,Notification,Endless scrolling,Social Media,Distractive,47.8,4,Commute,2025-04-06,Morning
4250,U0299,YouTube,DM/Chat,Dance videos,Entertainment,Distractive,64.3,5,Library,2025-09-29,Afternoon
4251,U0237,Slack,Watch,Wishlist browsing,Commerce,Distractive,16.7,3,Home,2025-12-08,Evening
4252,U0296,Slack,Watch,Trending hashtags,Social Media,Distractive,40.8,5,Outdoors,2025-01-29,Night
4253,U0077,Snapchat,Notification,Local news,News,Productive,21.1,3,Office,2025-11-27,Morning
4254,U0211,WhatsApp,Explore,Random scrolling,Social Media,Distractive,64.4,5,Outdoors,2025-10-31,Evening
4255,U0383,WhatsApp,Notification,Cricket update,Sports,Distractive,89.4,4,Hostel,2025-04-21,Night
4256,U0059,Google Classroom,Story,Team meeting,Communication,Productive,58.7,2,Office,2025-12-27,Morning
4257,U0144,Coursera,Story,DM chat casual,Social Media,Distractive,86.5,4,Home,2025-02-14,Late Night
4258,U0195,Udemy,Explore,Match highlights,Sports,Distractive,13.2,3,Library,2025-09-16,Late Night
4259,U0023,Gmail,Reels/Shorts,Random scrolling,Social Media,Distractive,64,5,Office,2025-03-11,Morning
4260,U0306,LinkedIn,Watch,Video call,Communication,Productive,11.5,1,Hostel,2025-12-08,Night
4261,U0056,Amazon,Reels/Shorts,SQL tutorial,Education,Productive,20,1,Commute,2025-10-28,Evening
4262,U0005,Gmail,Reels/Shorts,Celebrity,Entertainment,Distractive,57.3,5,Home,2025-12-06,Late Night
4263,U0248,Slack,Course Page,Math tutorial,Education,Productive,54.1,2,Cafe,2025-03-22,Afternoon
4264,U0059,Flipkart,Search,Web series clip,Entertainment,Distractive,56.1,5,Library,2025-01-23,Evening
4265,U0443,Gmail,Search,Live score,Sports,Distractive,67.1,4,College,2025-04-03,Afternoon
4266,U0349,Amazon,DM/Chat,Comedy videos,Entertainment,Distractive,85.1,4,Outdoors,2025-07-11,Night
4267,U0273,Twitter/X,Watch,Cricket update,Sports,Distractive,81.4,3,Office,2025-07-18,Evening
4268,U0132,Twitter/X,Reels/Shorts,Sports news,Sports,Distractive,1.8,2,Outdoors,2025-11-03,Morning
4269,U0482,WhatsApp,Search,Physics lecture,Education,Productive,52.2,2,Home,2025-07-31,Morning
4270,U0427,TikTok,Explore,Physics lecture,Education,Productive,53.4,2,Hostel,2025-11-06,Night
4271,U0189,WhatsApp,Course Page,TV show clip,Entertainment,Distractive,11.7,4,Office,2025-05-29,Afternoon
4272,U0191,YouTube,DM/Chat,Fashion trends,Commerce,Distractive,14.7,2,Library,2025-07-18,Late Night
4273,U0497,Gmail,Explore,Freelance work,Business,Productive,29.9,2,Commute,2025-01-06,Night
4274,U0138,Snapchat,Notification,Video call,Communication,Productive,41.6,2,Cafe,2025-08-25,Night
4275,U0344,Snapchat,Explore,Wishlist browsing,Commerce,Distractive,8.8,2,Library,2025-12-03,Night
4276,U0358,TikTok,Search,Current affairs,News,Productive,51.8,3,Outdoors,2025-06-20,Night
4277,U0112,YouTube,Story,Music video,Entertainment,Distractive,6.7,4,Commute,2025-07-21,Night
4278,U0348,Twitter/X,Explore,Machine Learning,Education,Productive,9.6,2,College,2025-01-28,Evening
4279,U0056,YouTube,Course Page,Work discussion,Communication,Productive,31.1,2,Home,2025-06-03,Late Night
4280,U0187,Twitter/X,Course Page,Team meeting,Communication,Productive,45.2,2,Library,2025-11-06,Night
4281,U0172,Amazon,Notification,Client proposal,Business,Productive,24.2,1,Outdoors,2025-08-29,Morning
4282,U0477,Udemy,Reels/Shorts,Random scrolling,Social Media,Distractive,88.7,4,Hostel,2025-11-08,Late Night
4283,U0112,Snapchat,Course Page,Voice message,Communication,Productive,1.6,2,Office,2025-10-21,Afternoon
4284,U0011,TikTok,Notification,Team meeting,Communication,Productive,34.7,1,Outdoors,2025-05-15,Night
4285,U0256,Telegram,Notification,Business news,Business,Productive,50.8,1,Cafe,2025-02-08,Evening
4286,U0033,Facebook,Reels/Shorts,Live score,Sports,Distractive,47.8,4,Office,2025-12-25,Evening
4287,U0308,Udemy,Explore,Like notifications,Social Media,Distractive,60.3,4,Commute,2025-06-22,Late Night
4288,U0343,Flipkart,Story,Networking,Business,Productive,53.1,1,Commute,2025-10-12,Night
4289,U0409,Instagram,Search,Web development course,Education,Productive,46.3,1,Office,2025-11-08,Afternoon
4290,U0180,Gmail,Notification,Political news,News,Productive,37.1,1,College,2025-07-11,Afternoon
4291,U0212,Snapchat,Explore,Product review,Commerce,Distractive,47.8,3,Cafe,2025-09-13,Evening
4292,U0473,YouTube,Course Page,Gossip,Entertainment,Distractive,61.9,5,Library,2025-02-22,Morning
4293,U0379,YouTube,Notification,Conference call,Communication,Productive,33.2,2,Outdoors,2025-06-11,Night
4294,U0006,Amazon,Notification,Gossip,Entertainment,Distractive,10.9,4,Home,2025-06-13,Late Night
4295,U0223,Udemy,Course Page,Video call,Communication,Productive,48.4,2,Cafe,2025-05-10,Night
4296,U0425,Gmail,Notification,Family chat,Communication,Productive,48.9,1,Hostel,2025-07-12,Afternoon
4297,U0419,TikTok,Story,Discount coupons,Commerce,Distractive,22.6,3,Library,2025-04-30,Evening
4298,U0080,Telegram,DM/Chat,Cricket update,Sports,Distractive,18.7,3,Outdoors,2025-10-23,Afternoon
4299,U0106,WhatsApp,Story,Online sale,Commerce,Distractive,1,2,Library,2025-09-06,Evening
4300,U0149,Amazon,Feed,Match highlights,Sports,Distractive,29.8,3,Office,2025-03-01,Late Night
4301,U0245,Zoom,Course Page,Science experiment,Education,Productive,8.7,1,Hostel,2025-01-14,Late Night
4302,U0500,Zoom,Story,Online sale,Commerce,Distractive,85.5,2,Outdoors,2025-08-19,Afternoon
4303,U0249,Amazon,Reels/Shorts,Fashion trends,Commerce,Distractive,55,2,College,2025-08-13,Evening
4304,U0413,Flipkart,DM/Chat,Technology news,News,Productive,37.2,2,Commute,2025-09-26,Night
4305,U0491,Gmail,Reels/Shorts,Gossip,Entertainment,Distractive,22.8,5,Cafe,2025-05-15,Evening
4306,U0245,Coursera,Story,Shopping,Commerce,Distractive,17.1,3,Outdoors,2025-05-09,Night
4307,U0264,Gmail,Search,Sports news,Sports,Distractive,8.1,2,Library,2025-09-17,Evening
4308,U0427,TikTok,Reels/Shorts,Cricket update,Sports,Distractive,70.9,3,College,2025-10-08,Late Night
4309,U0417,Udemy,Notification,Sports news,Sports,Distractive,76.5,3,Library,2025-03-06,Afternoon
4310,U0118,Amazon,Feed,Python tutorial,Education,Productive,19.9,1,Commute,2025-02-28,Night
4311,U0142,Google Classroom,Feed,Product review,Commerce,Distractive,29.7,3,College,2025-10-20,Afternoon
4312,U0097,Telegram,Search,Movie clips,Entertainment,Distractive,77.5,5,Outdoors,2025-02-22,Afternoon
4313,U0314,Telegram,Story,Breaking news,News,Productive,15,1,Commute,2025-04-10,Evening
4314,U0374,Instagram,Explore,Sports news,Sports,Distractive,89.8,4,Office,2025-09-15,Afternoon
4315,U0325,Instagram,Notification,Family chat,Communication,Productive,29.9,2,Outdoors,2025-11-19,Evening
4316,U0025,Facebook,Course Page,Football clip,Sports,Distractive,88.6,4,Outdoors,2025-08-06,Afternoon
4317,U0292,Slack,DM/Chat,Cricket update,Sports,Distractive,78.2,2,Hostel,2025-07-30,Morning
4318,U0143,Slack,Story,Football clip,Sports,Distractive,83.8,3,Home,2025-01-29,Evening
4319,U0009,Facebook,Explore,Endless scrolling,Social Media,Distractive,15,5,Home,2025-12-18,Morning
4320,U0082,Snapchat,Search,Football clip,Sports,Distractive,37,2,Office,2025-08-18,Late Night
4321,U0378,Coursera,Feed,Random scrolling,Social Media,Distractive,30.6,5,Cafe,2025-12-10,Morning
4322,U0283,LinkedIn,Reels/Shorts,Like notifications,Social Media,Distractive,41.8,5,Commute,2025-04-15,Late Night
4323,U0260,Amazon,Notification,Match highlights,Sports,Distractive,9.1,3,Outdoors,2025-12-10,Morning
4324,U0380,Amazon,Story,Gaming,Entertainment,Distractive,69.1,5,Home,2025-07-06,Afternoon
4325,U0380,Facebook,Explore,Product review,Commerce,Distractive,47.4,3,Commute,2025-01-18,Night
4326,U0034,Twitter/X,Feed,Skill development,Education,Productive,25.1,1,Hostel,2025-08-18,Afternoon
4327,U0248,Amazon,Explore,Market analysis,Business,Productive,33.3,1,Outdoors,2025-01-15,Afternoon
4328,U0115,Facebook,Reels/Shorts,Trending hashtags,Social Media,Distractive,26.7,5,Office,2025-06-08,Morning
4329,U0290,Coursera,Feed,Live score,Sports,Distractive,78.5,3,Hostel,2025-12-19,Afternoon
4330,U0105,Slack,DM/Chat,Chemistry notes,Education,Productive,3,2,Cafe,2025-12-16,Late Night
4331,U0342,Telegram,Course Page,Discount coupons,Commerce,Distractive,15.4,2,Hostel,2025-08-06,Evening
4332,U0230,Udemy,Course Page,Shopping,Commerce,Distractive,34.1,3,Commute,2025-10-16,Evening
4333,U0247,Google Classroom,Reels/Shorts,Local news,News,Productive,48.8,2,Commute,2025-11-24,Night
4334,U0467,Google Classroom,Feed,Freelance work,Business,Productive,11.6,1,College,2025-01-14,Late Night
4335,U0323,Facebook,DM/Chat,Follower count check,Social Media,Distractive,31.5,5,Cafe,2025-07-04,Night
4336,U0190,Facebook,Watch,Stock market,Business,Productive,56.5,1,Home,2025-05-27,Morning
4337,U0220,Coursera,Reels/Shorts,AI fundamentals,Education,Productive,25,2,Home,2025-09-25,Morning
4338,U0009,Flipkart,Explore,Group chat,Communication,Productive,58.2,2,College,2025-04-29,Evening
4339,U0155,YouTube,Feed,Funny compilation,Entertainment,Distractive,4.7,5,Cafe,2025-06-21,Late Night
4340,U0159,Facebook,Course Page,Competitive exam tips,Education,Productive,2.4,1,Home,2025-11-30,Night
4341,U0404,Telegram,Story,Prank videos,Entertainment,Distractive,66.8,5,Home,2025-12-14,Afternoon
4342,U0167,TikTok,Watch,Online sale,Commerce,Distractive,44.4,2,Office,2025-06-05,Evening
4343,U0134,Slack,DM/Chat,Project update,Communication,Productive,14.9,1,College,2025-06-01,Afternoon
4344,U0109,Coursera,Feed,Viral video,Entertainment,Distractive,69.6,5,Home,2025-05-14,Evening
4345,U0352,Udemy,Search,Math tutorial,Education,Productive,50.7,2,College,2025-06-04,Morning
4346,U0423,YouTube,Notification,Shopping,Commerce,Distractive,85.1,3,Library,2025-02-07,Night
4347,U0118,TikTok,Explore,Interview preparation,Education,Productive,57.6,1,College,2025-04-25,Morning
4348,U0130,Snapchat,Notification,Web series clip,Entertainment,Distractive,9.5,4,Home,2025-02-21,Night
4349,U0444,TikTok,Search,Random scrolling,Social Media,Distractive,33.9,5,Library,2025-02-27,Afternoon
4350,U0395,LinkedIn,Search,Trending hashtags,Social Media,Distractive,40.3,5,Outdoors,2025-07-22,Afternoon
4351,U0031,Udemy,Watch,Startup news,Business,Productive,29.8,2,Commute,2025-01-20,Late Night
4352,U0478,Coursera,DM/Chat,Live score,Sports,Distractive,9,3,Commute,2025-09-11,Morning
4353,U0230,Snapchat,Explore,Shopping,Commerce,Distractive,84.5,3,College,2025-05-16,Evening
4354,U0221,YouTube,Watch,Work discussion,Communication,Productive,16.5,2,College,2025-07-09,Afternoon
4355,U0373,Slack,Search,Dance videos,Entertainment,Distractive,54.4,5,Hostel,2025-11-02,Evening
4356,U0131,LinkedIn,DM/Chat,Random scrolling,Social Media,Distractive,84,4,Outdoors,2025-10-13,Morning
4357,U0305,Instagram,DM/Chat,Cricket update,Sports,Distractive,73.1,2,Library,2025-08-16,Afternoon
4358,U0145,Google Classroom,Search,Product review,Commerce,Distractive,73.7,2,Hostel,2025-01-02,Night
4359,U0098,Zoom,Watch,Client call,Communication,Productive,1.2,2,Office,2025-08-11,Morning
4360,U0102,Facebook,Story,Trending hashtags,Social Media,Distractive,32.4,5,Hostel,2025-02-14,Late Night
4361,U0177,WhatsApp,DM/Chat,Project management,Business,Productive,32.5,1,College,2025-12-19,Evening
4362,U0174,Zoom,Search,Video call,Communication,Productive,52.4,2,Commute,2025-03-14,Night
4363,U0473,Slack,Feed,Skill development,Education,Productive,31.1,2,Cafe,2025-11-28,Late Night
4364,U0106,Gmail,Search,LinkedIn post,Business,Productive,28.8,1,Office,2025-07-20,Afternoon
4365,U0209,Twitter/X,Course Page,Celebrity,Entertainment,Distractive,48.1,4,College,2025-05-08,Afternoon
4366,U0229,Coursera,DM/Chat,Match highlights,Sports,Distractive,14.8,3,Hostel,2025-03-06,Night
4367,U0391,Telegram,Story,Fashion trends,Commerce,Distractive,82.1,3,College,2025-10-25,Evening
4368,U0138,Gmail,Watch,Flash deals,Commerce,Distractive,52.9,3,Office,2025-10-22,Evening
4369,U0210,Twitter/X,Explore,World news,News,Productive,29.9,1,Outdoors,2025-03-22,Night
4370,U0108,Coursera,Explore,Gaming,Entertainment,Distractive,58.8,5,Outdoors,2025-11-27,Late Night
4371,U0231,WhatsApp,Explore,Stock market,Business,Productive,8.3,1,Library,2025-02-24,Night
4372,U0053,Google Classroom,Feed,Science experiment,Education,Productive,55,1,Library,2025-04-07,Afternoon
4373,U0217,LinkedIn,Explore,Influencer content,Social Media,Distractive,36.9,4,Home,2025-03-22,Afternoon
4374,U0057,LinkedIn,DM/Chat,Market analysis,Business,Productive,30.5,1,Commute,2025-04-10,Morning
4375,U0134,Udemy,Notification,Random scrolling,Social Media,Distractive,81.9,4,Commute,2025-09-06,Afternoon
4376,U0434,Instagram,Explore,Voice message,Communication,Productive,46.7,1,Home,2025-09-14,Night
4377,U0468,Flipkart,Feed,Job search,Business,Productive,18.1,2,Home,2025-03-14,Night
4378,U0054,Udemy,Notification,Networking,Business,Productive,38.7,2,Office,2025-03-16,Evening
4379,U0031,Coursera,Story,Project management,Business,Productive,3.5,1,Hostel,2025-03-06,Morning
4380,U0203,Amazon,Course Page,Celebrity,Entertainment,Distractive,76.1,4,Outdoors,2025-11-30,Morning
4381,U0203,YouTube,Course Page,LinkedIn post,Business,Productive,38.9,1,Office,2025-08-05,Late Night
4382,U0059,Twitter/X,Explore,Product review,Commerce,Distractive,50.2,2,Hostel,2025-10-13,Afternoon
4383,U0043,Coursera,Course Page,Celebrity,Entertainment,Distractive,88.7,5,Home,2025-09-27,Night
4384,U0175,Twitter/X,Feed,Comedy videos,Entertainment,Distractive,54.6,4,Office,2025-01-14,Morning
4385,U0253,YouTube,Course Page,Online sale,Commerce,Distractive,1.6,3,Office,2025-11-30,Evening
4386,U0087,Slack,Notification,Trending challenge,Entertainment,Distractive,76,5,Office,2025-02-02,Afternoon
4387,U0089,LinkedIn,Story,Match highlights,Sports,Distractive,84.6,4,Office,2025-11-02,Afternoon
4388,U0344,Snapchat,Story,Startup news,Business,Productive,16.1,2,College,2025-06-01,Late Night
4389,U0329,Google Classroom,Course Page,Weather update,News,Productive,46.5,3,Commute,2025-05-30,Afternoon
4390,U0030,Google Classroom,Story,Conference call,Communication,Productive,36.4,2,Outdoors,2025-10-07,Morning
4391,U0124,Zoom,Explore,Football clip,Sports,Distractive,20.3,2,Hostel,2025-11-03,Late Night
4392,U0277,Flipkart,Feed,Sports news,Sports,Distractive,25.9,3,Commute,2025-10-06,Afternoon
4393,U0028,Instagram,Course Page,Sports news,Sports,Distractive,67.5,2,Home,2025-11-12,Late Night
4394,U0301,Facebook,Reels/Shorts,Current affairs,News,Productive,38.2,2,College,2025-04-27,Evening
4395,U0298,Twitter/X,DM/Chat,History lecture,Education,Productive,7.5,1,Commute,2025-12-11,Night
4396,U0454,LinkedIn,Feed,Product review,Commerce,Distractive,8.4,2,Hostel,2025-01-16,Morning
4397,U0415,Snapchat,Feed,Breaking news,News,Productive,51.1,2,Hostel,2025-03-27,Afternoon
4398,U0429,WhatsApp,Explore,Shopping,Commerce,Distractive,67.1,2,Office,2025-07-17,Night
4399,U0004,TikTok,Reels/Shorts,Breaking news,News,Productive,18.3,1,Office,2025-04-08,Morning
4400,U0472,Gmail,Reels/Shorts,Project update,Communication,Productive,36.5,1,Cafe,2025-06-12,Night
4401,U0003,LinkedIn,Story,Celebrity,Entertainment,Distractive,3.6,5,College,2025-11-03,Morning
4402,U0307,Coursera,Story,Like notifications,Social Media,Distractive,15,5,Hostel,2025-04-26,Evening
4403,U0334,Telegram,DM/Chat,Influencer content,Social Media,Distractive,33.2,5,Cafe,2025-02-26,Afternoon
4404,U0213,Slack,Explore,Coding practice,Education,Productive,29.3,1,College,2025-01-28,Night
4405,U0226,Snapchat,Watch,Like notifications,Social Media,Distractive,52.7,4,Library,2025-07-07,Night
4406,U0099,Google Classroom,Feed,Sports news,Sports,Distractive,33.7,2,College,2025-09-13,Evening
4407,U0238,Udemy,Story,Networking,Business,Productive,10.6,2,College,2025-06-11,Late Night
4408,U0035,LinkedIn,Course Page,Work discussion,Communication,Productive,58.3,1,Commute,2025-02-28,Morning
4409,U0495,LinkedIn,Search,Movie clips,Entertainment,Distractive,27.1,5,Cafe,2025-07-06,Evening
4410,U0294,WhatsApp,DM/Chat,Fashion trends,Commerce,Distractive,40.5,2,Outdoors,2025-05-16,Morning
4411,U0278,Amazon,Watch,Web development course,Education,Productive,54.4,2,Commute,2025-12-02,Morning
4412,U0478,Twitter/X,Watch,DM chat casual,Social Media,Distractive,1.7,4,College,2025-11-29,Morning
4413,U0059,Gmail,Feed,Cricket update,Sports,Distractive,35.4,2,Library,2025-11-29,Morning
4414,U0324,Gmail,DM/Chat,Colleague message,Communication,Productive,32.4,1,College,2025-12-07,Late Night
4415,U0184,Instagram,DM/Chat,Project update,Communication,Productive,57.9,1,Outdoors,2025-10-28,Night
4416,U0400,Instagram,Reels/Shorts,Product review,Commerce,Distractive,51.7,2,Commute,2025-05-29,Afternoon
4417,U0063,Gmail,Notification,Wishlist browsing,Commerce,Distractive,74,2,Office,2025-05-29,Morning
4418,U0429,Twitter/X,Watch,Discount coupons,Commerce,Distractive,68.8,3,Office,2025-06-05,Morning
4419,U0466,Amazon,Watch,Client call,Communication,Productive,39.9,2,Hostel,2025-03-15,Evening
4420,U0408,YouTube,Explore,Networking,Business,Productive,53.8,1,Cafe,2025-03-06,Morning
4421,U0315,TikTok,Feed,Work discussion,Communication,Productive,14.2,2,Commute,2025-02-20,Evening
4422,U0218,Telegram,Explore,Job search,Business,Productive,19.8,2,College,2025-09-11,Evening
4423,U0005,Coursera,Reels/Shorts,Trending challenge,Entertainment,Distractive,85.2,4,Cafe,2025-10-25,Evening
4424,U0477,Google Classroom,Reels/Shorts,Shopping,Commerce,Distractive,9.6,3,Library,2025-09-01,Morning
4425,U0388,Google Classroom,Explore,Local news,News,Productive,44.8,3,Library,2025-11-20,Morning
4426,U0028,Udemy,Notification,Physics lecture,Education,Productive,26.3,1,Commute,2025-08-20,Night
4427,U0328,Instagram,Watch,Conference call,Communication,Productive,7.3,1,Commute,2025-11-21,Evening
4428,U0241,Udemy,DM/Chat,TV show clip,Entertainment,Distractive,22.2,5,Library,2025-07-10,Late Night
4429,U0080,Udemy,Feed,Technology news,News,Productive,6.5,3,Hostel,2025-09-15,Evening
4430,U0243,Udemy,Story,Trending hashtags,Social Media,Distractive,5.3,4,Home,2025-10-16,Afternoon
4431,U0378,Slack,Story,Exam preparation,Education,Productive,37.7,1,Outdoors,2025-05-18,Morning
4432,U0079,Amazon,Story,Story updates,Social Media,Distractive,3.9,4,Commute,2025-09-05,Late Night
4433,U0380,Gmail,Search,Conference call,Communication,Productive,24,2,Home,2025-07-23,Afternoon
4434,U0416,Telegram,Reels/Shorts,Resume building,Business,Productive,6.3,1,Commute,2025-05-18,Morning
4435,U0410,Slack,Feed,Online sale,Commerce,Distractive,46.4,3,Home,2025-07-21,Late Night
4436,U0450,Facebook,Reels/Shorts,Current affairs,News,Productive,28.2,1,Commute,2025-11-05,Afternoon
4437,U0071,Coursera,Reels/Shorts,Networking,Business,Productive,11.9,1,Hostel,2025-09-06,Night
4438,U0090,Slack,Story,Endless scrolling,Social Media,Distractive,84.9,4,Hostel,2025-03-05,Night
4439,U0097,WhatsApp,DM/Chat,Live score,Sports,Distractive,25.9,3,Office,2025-09-12,Night
4440,U0347,Udemy,DM/Chat,Job search,Business,Productive,42.3,2,Cafe,2025-04-03,Morning
4441,U0058,Zoom,Search,Memes,Entertainment,Distractive,4.1,4,Library,2025-09-04,Evening
4442,U0340,Google Classroom,Search,DM chat casual,Social Media,Distractive,31.5,4,Commute,2025-10-18,Afternoon
4443,U0410,Flipkart,Story,Trending hashtags,Social Media,Distractive,62.3,4,Outdoors,2025-09-11,Late Night
4444,U0114,Snapchat,Course Page,Technology news,News,Productive,13.4,2,Commute,2025-08-21,Afternoon
4445,U0338,Facebook,Search,Work discussion,Communication,Productive,6,1,Commute,2025-02-23,Morning
4446,U0485,YouTube,Reels/Shorts,Team meeting,Communication,Productive,2.7,1,Commute,2025-04-07,Evening
4447,U0088,TikTok,Watch,Online certification,Education,Productive,57.3,2,Cafe,2025-12-31,Morning
4448,U0248,Facebook,Search,Breaking news,News,Productive,14.5,3,Office,2025-01-18,Late Night
4449,U0426,Udemy,Feed,Weather update,News,Productive,56.5,2,Cafe,2025-04-17,Late Night
4450,U0246,Instagram,Notification,Team meeting,Communication,Productive,58.5,2,Outdoors,2025-09-23,Afternoon
4451,U0333,LinkedIn,Explore,Business news,Business,Productive,49.1,1,Office,2025-03-13,Night
4452,U0039,Twitter/X,Course Page,Chemistry notes,Education,Productive,5,1,College,2025-11-16,Afternoon
4453,U0102,Zoom,Notification,Football clip,Sports,Distractive,50.8,3,Library,2025-10-04,Morning
4454,U0229,Gmail,DM/Chat,Sports news,Sports,Distractive,49.4,4,College,2025-04-25,Afternoon
4455,U0016,TikTok,Search,Math tutorial,Education,Productive,19.1,2,Commute,2025-06-10,Evening
4456,U0266,Instagram,Story,Cricket update,Sports,Distractive,82.3,2,Commute,2025-06-14,Late Night
4457,U0416,LinkedIn,Reels/Shorts,Job search,Business,Productive,47,2,Home,2025-12-08,Late Night
4458,U0252,Slack,Story,Startup news,Business,Productive,4.4,1,Office,2025-10-01,Evening
4459,U0036,Snapchat,Story,Football clip,Sports,Distractive,46.9,4,Commute,2025-04-23,Night
4460,U0229,LinkedIn,Story,Like notifications,Social Media,Distractive,79.7,5,Library,2025-04-21,Morning
4461,U0047,Telegram,Course Page,SQL tutorial,Education,Productive,4.6,2,Hostel,2025-04-20,Afternoon
4462,U0014,Telegram,Reels/Shorts,Family chat,Communication,Productive,59.9,1,Commute,2025-06-22,Afternoon
4463,U0253,LinkedIn,DM/Chat,Technology news,News,Productive,16.1,1,Home,2025-04-28,Night
4464,U0050,Twitter/X,Course Page,Project update,Communication,Productive,34.8,1,Library,2025-01-15,Night
4465,U0413,Google Classroom,Story,Stock market,Business,Productive,31.5,1,Home,2025-09-02,Afternoon
4466,U0221,Zoom,Course Page,Work discussion,Communication,Productive,58.5,1,Cafe,2025-03-07,Evening
4467,U0484,Facebook,Story,TV show clip,Entertainment,Distractive,79.2,4,Commute,2025-02-01,Night
4468,U0067,Amazon,DM/Chat,Story updates,Social Media,Distractive,35.2,4,Outdoors,2025-11-16,Morning
4469,U0357,YouTube,Story,AI fundamentals,Education,Productive,29.1,1,Home,2025-04-30,Evening
4470,U0223,Telegram,Notification,Endless scrolling,Social Media,Distractive,77.5,4,Cafe,2025-05-23,Evening
4471,U0134,Gmail,Watch,DM chat casual,Social Media,Distractive,27.2,4,Office,2025-01-18,Evening
4472,U0403,Flipkart,Story,Skill development,Education,Productive,25.8,1,Cafe,2025-01-05,Late Night
4473,U0037,TikTok,Course Page,Stock market,Business,Productive,48.1,1,Library,2025-01-19,Morning
4474,U0027,WhatsApp,Watch,Political news,News,Productive,52.5,3,Commute,2025-11-19,Late Night
4475,U0159,Instagram,Reels/Shorts,Wishlist browsing,Commerce,Distractive,76,3,Cafe,2025-08-10,Evening
4476,U0366,Instagram,Feed,Gaming,Entertainment,Distractive,80.2,4,Home,2025-01-12,Evening
4477,U0415,Zoom,Course Page,Product review,Commerce,Distractive,35.3,3,Library,2025-06-01,Late Night
4478,U0218,Flipkart,Explore,Sports news,Sports,Distractive,2.7,2,Office,2025-05-25,Night
4479,U0357,Telegram,Feed,Freelance work,Business,Productive,5.9,2,Library,2025-09-29,Morning
4480,U0406,WhatsApp,Reels/Shorts,Football clip,Sports,Distractive,88.9,3,College,2025-03-29,Morning
4481,U0169,Flipkart,Feed,Product review,Commerce,Distractive,50.6,2,College,2025-07-08,Late Night
4482,U0132,LinkedIn,Story,History lecture,Education,Productive,56.5,1,Outdoors,2025-02-06,Night
4483,U0450,Zoom,Course Page,Colleague message,Communication,Productive,57,2,Outdoors,2025-12-05,Night
4484,U0063,YouTube,DM/Chat,World news,News,Productive,46.8,1,Office,2025-12-25,Afternoon
4485,U0262,YouTube,Search,Cricket update,Sports,Distractive,33.2,3,Hostel,2025-02-21,Night
4486,U0044,TikTok,Explore,Dance videos,Entertainment,Distractive,26.2,5,Office,2025-05-09,Evening
4487,U0140,WhatsApp,Reels/Shorts,Breaking news,News,Productive,51.5,3,Library,2025-08-16,Afternoon
4488,U0498,Gmail,Story,TV show clip,Entertainment,Distractive,88.1,4,College,2025-05-17,Evening
4489,U0452,Google Classroom,Explore,Gaming,Entertainment,Distractive,31.2,4,Cafe,2025-07-27,Afternoon
4490,U0204,Slack,Course Page,Investment tips,Business,Productive,34,2,Outdoors,2025-05-05,Night
4491,U0141,Udemy,DM/Chat,Cricket update,Sports,Distractive,41.3,3,Home,2025-06-14,Afternoon
4492,U0293,LinkedIn,Notification,Freelance work,Business,Productive,27.8,1,Hostel,2025-03-06,Late Night
4493,U0042,Telegram,Course Page,Sports news,Sports,Distractive,39.5,3,Hostel,2025-01-30,Late Night
4494,U0296,Flipkart,Search,Family chat,Communication,Productive,23.5,1,Cafe,2025-03-06,Evening
4495,U0216,Telegram,Course Page,Current affairs,News,Productive,50.9,2,Home,2025-09-29,Evening
4496,U0334,LinkedIn,Feed,Sports news,Sports,Distractive,56.9,4,Hostel,2025-04-19,Late Night
4497,U0140,Google Classroom,Watch,Fashion trends,Commerce,Distractive,70.9,2,Outdoors,2025-09-04,Morning
4498,U0185,Gmail,Feed,Skill development,Education,Productive,9,2,Commute,2025-01-10,Morning
4499,U0068,Google Classroom,Feed,Random scrolling,Social Media,Distractive,58,5,Commute,2025-08-23,Evening
4500,U0183,Udemy,Watch,Like notifications,Social Media,Distractive,85.5,4,Cafe,2025-10-09,Evening
4501,U0498,TikTok,Explore,Follower count check,Social Media,Distractive,19.7,5,Commute,2025-12-20,Evening
4502,U0083,Instagram,Story,Stock market,Business,Productive,57.2,2,Home,2025-12-18,Night
4503,U0451,Slack,Search,Cricket update,Sports,Distractive,43.3,2,Commute,2025-12-11,Late Night
4504,U0121,Zoom,Search,Live score,Sports,Distractive,66.4,4,Hostel,2025-07-26,Morning
4505,U0089,Snapchat,Course Page,Fashion trends,Commerce,Distractive,39.7,2,Cafe,2025-05-16,Late Night
4506,U0182,YouTube,Feed,Comedy videos,Entertainment,Distractive,86.5,5,Hostel,2025-02-22,Night
4507,U0216,Gmail,Notification,Technology news,News,Productive,16.1,2,Cafe,2025-09-09,Morning
4508,U0012,TikTok,DM/Chat,Reels,Entertainment,Distractive,85.1,4,Hostel,2025-10-25,Evening
4509,U0179,Snapchat,Story,Match highlights,Sports,Distractive,4.2,3,Hostel,2025-11-07,Morning
4510,U0245,Slack,Feed,Flash deals,Commerce,Distractive,43.8,3,Office,2025-04-17,Morning
4511,U0073,Twitter/X,DM/Chat,Python tutorial,Education,Productive,45.5,1,Cafe,2025-10-24,Morning
4512,U0389,Google Classroom,DM/Chat,World news,News,Productive,11.5,2,Hostel,2025-10-21,Afternoon
4513,U0061,Instagram,Reels/Shorts,Dance videos,Entertainment,Distractive,63,4,Commute,2025-11-09,Late Night
4514,U0055,Google Classroom,Explore,Colleague message,Communication,Productive,54.2,1,Home,2025-05-07,Morning
4515,U0050,LinkedIn,Watch,Market analysis,Business,Productive,26.6,2,Commute,2025-10-30,Evening
4516,U0488,Instagram,DM/Chat,Colleague message,Communication,Productive,49.8,1,Home,2025-07-08,Late Night
4517,U0346,Zoom,Search,Fashion trends,Commerce,Distractive,20.3,3,Cafe,2025-04-07,Late Night
4518,U0243,Flipkart,Watch,Local news,News,Productive,53.3,2,Cafe,2025-07-17,Afternoon
4519,U0244,Amazon,Feed,Match highlights,Sports,Distractive,66.4,3,Home,2025-04-02,Night
4520,U0024,Gmail,DM/Chat,Investment tips,Business,Productive,49,1,Hostel,2025-03-23,Evening
4521,U0346,Snapchat,Explore,Follower count check,Social Media,Distractive,40.5,4,Office,2025-05-23,Evening
4522,U0302,Facebook,Explore,Local news,News,Productive,57.3,2,Outdoors,2025-12-29,Night
4523,U0496,Slack,Watch,Local news,News,Productive,51.8,3,College,2025-03-29,Late Night
4524,U0471,Slack,Course Page,Fashion trends,Commerce,Distractive,43.7,2,Outdoors,2025-10-03,Night
4525,U0444,Instagram,Course Page,Video call,Communication,Productive,23.4,2,Office,2025-11-02,Night
4526,U0341,Google Classroom,Reels/Shorts,Product review,Commerce,Distractive,67.2,2,Outdoors,2025-04-23,Morning
4527,U0291,Google Classroom,Feed,Coding practice,Education,Productive,16.6,1,Home,2025-08-24,Morning
4528,U0225,Coursera,DM/Chat,Email,Communication,Productive,27.9,2,Office,2025-08-05,Evening
4529,U0190,Coursera,Story,Client call,Communication,Productive,19.8,2,College,2025-10-26,Afternoon
4530,U0190,WhatsApp,Feed,Current affairs,News,Productive,53.1,3,Commute,2025-09-19,Evening
4531,U0341,WhatsApp,DM/Chat,Fashion trends,Commerce,Distractive,43.5,2,Home,2025-12-24,Morning
4532,U0488,Twitter/X,Reels/Shorts,Sports news,Sports,Distractive,81.6,4,Outdoors,2025-07-04,Night
4533,U0110,Instagram,Search,Physics lecture,Education,Productive,56.7,1,Outdoors,2025-04-20,Night
4534,U0290,Udemy,Feed,World news,News,Productive,5.9,3,Home,2025-02-20,Evening
4535,U0008,WhatsApp,Notification,Project management,Business,Productive,37.4,1,Office,2025-03-23,Evening
4536,U0219,Twitter/X,Notification,Web development course,Education,Productive,23.5,1,Cafe,2025-12-21,Late Night
4537,U0278,Amazon,Reels/Shorts,Shopping,Commerce,Distractive,87.9,2,Cafe,2025-05-08,Evening
4538,U0174,WhatsApp,Reels/Shorts,Math tutorial,Education,Productive,50,2,Home,2025-01-17,Evening
4539,U0030,Coursera,Reels/Shorts,Exam preparation,Education,Productive,42.8,2,Commute,2025-11-09,Night
4540,U0224,Twitter/X,Watch,Client proposal,Business,Productive,48,2,Outdoors,2025-09-06,Late Night
4541,U0163,Zoom,Notification,Shopping,Commerce,Distractive,76,3,Commute,2025-07-12,Afternoon
4542,U0199,Zoom,Search,Sports news,Sports,Distractive,17,2,Hostel,2025-05-14,Morning
4543,U0256,Udemy,Story,Viral video,Entertainment,Distractive,76.9,4,College,2025-09-23,Afternoon
4544,U0189,Google Classroom,Notification,Live score,Sports,Distractive,50.7,2,College,2025-07-15,Morning
4545,U0206,Amazon,Story,Exam preparation,Education,Productive,54.7,2,Home,2025-10-13,Afternoon
4546,U0464,Amazon,Feed,Football clip,Sports,Distractive,24.4,3,Cafe,2025-02-16,Evening
4547,U0032,Facebook,Explore,Memes,Entertainment,Distractive,44.9,5,Home,2025-09-29,Late Night
4548,U0262,Amazon,Reels/Shorts,Endless scrolling,Social Media,Distractive,21.2,4,Hostel,2025-04-01,Night
4549,U0060,Google Classroom,Search,Funny compilation,Entertainment,Distractive,23.7,4,Hostel,2025-10-16,Late Night
4550,U0023,Gmail,Explore,Memes,Entertainment,Distractive,59.7,4,College,2025-08-13,Morning
4551,U0306,Zoom,DM/Chat,Flash deals,Commerce,Distractive,38.9,2,Outdoors,2025-03-20,Afternoon
4552,U0166,LinkedIn,Feed,Cricket update,Sports,Distractive,28.8,3,College,2025-08-24,Morning
4553,U0364,Telegram,Feed,Python tutorial,Education,Productive,5.7,2,Outdoors,2025-06-28,Morning
4554,U0234,Udemy,Notification,Python tutorial,Education,Productive,15.8,2,Cafe,2025-07-08,Evening
4555,U0068,Udemy,Course Page,Shopping,Commerce,Distractive,72.1,3,Hostel,2025-08-08,Night
4556,U0133,Snapchat,Notification,Family chat,Communication,Productive,45.8,1,Cafe,2025-10-28,Morning
4557,U0319,Facebook,Reels/Shorts,Current affairs,News,Productive,22.4,3,Outdoors,2025-04-01,Evening
4558,U0459,Twitter/X,Explore,Football clip,Sports,Distractive,85.9,2,Outdoors,2025-05-24,Morning
4559,U0303,Flipkart,Watch,Email,Communication,Productive,48.7,1,Outdoors,2025-11-18,Night
4560,U0111,Snapchat,Story,Exam preparation,Education,Productive,45.6,1,Office,2025-02-01,Late Night
4561,U0448,YouTube,Search,Shopping,Commerce,Distractive,32.8,2,Home,2025-02-05,Night
4562,U0317,TikTok,DM/Chat,LinkedIn post,Business,Productive,28,1,Library,2025-07-10,Evening
4563,U0362,LinkedIn,Explore,Influencer content,Social Media,Distractive,40,5,Hostel,2025-02-09,Night
4564,U0068,Flipkart,Notification,Online sale,Commerce,Distractive,77.5,3,Library,2025-07-17,Morning
4565,U0076,Slack,Course Page,Trending hashtags,Social Media,Distractive,17.7,5,Office,2025-02-01,Late Night
4566,U0138,Flipkart,Feed,Freelance work,Business,Productive,48.5,2,Home,2025-07-18,Late Night
4567,U0469,Gmail,DM/Chat,Excel tutorial,Education,Productive,49.5,2,Outdoors,2025-02-19,Late Night
4568,U0166,LinkedIn,Feed,Local news,News,Productive,59,2,Home,2025-08-12,Night
4569,U0116,Coursera,Feed,Dance videos,Entertainment,Distractive,68.3,4,Cafe,2025-08-09,Morning
4570,U0320,Udemy,Feed,Like notifications,Social Media,Distractive,35.2,4,Library,2025-08-29,Evening
4571,U0030,Gmail,Feed,History lecture,Education,Productive,38.5,2,Commute,2025-10-11,Afternoon
4572,U0218,Facebook,Course Page,TV show clip,Entertainment,Distractive,59.3,4,Home,2025-03-23,Night
4573,U0460,Twitter/X,Feed,Gossip,Entertainment,Distractive,62,4,Home,2025-06-14,Morning
4574,U0397,Udemy,Story,Family chat,Communication,Productive,18.6,2,Library,2025-10-05,Late Night
4575,U0085,Snapchat,Course Page,Competitive exam tips,Education,Productive,19.1,2,Hostel,2025-03-23,Late Night
4576,U0356,Snapchat,Story,Endless scrolling,Social Media,Distractive,29,5,Office,2025-01-07,Evening
4577,U0169,WhatsApp,Story,Market analysis,Business,Productive,50.7,2,Home,2025-03-01,Afternoon
4578,U0007,WhatsApp,Reels/Shorts,Resume building,Business,Productive,48.3,2,Outdoors,2025-12-11,Evening
4579,U0184,LinkedIn,Notification,Influencer content,Social Media,Distractive,57.5,4,College,2025-09-20,Morning
4580,U0324,Facebook,Feed,Client call,Communication,Productive,58.1,1,Home,2025-09-10,Evening
4581,U0243,WhatsApp,Story,Math tutorial,Education,Productive,26.2,2,Library,2025-04-21,Afternoon
4582,U0262,TikTok,Notification,Wishlist browsing,Commerce,Distractive,51.9,2,Cafe,2025-08-18,Afternoon
4583,U0025,YouTube,Search,Football clip,Sports,Distractive,61,2,Office,2025-04-15,Late Night
4584,U0077,Telegram,DM/Chat,Shopping,Commerce,Distractive,37.6,3,Home,2025-08-13,Morning
4585,U0071,Udemy,DM/Chat,Shorts,Entertainment,Distractive,55.3,4,Cafe,2025-11-12,Morning
4586,U0107,Telegram,Explore,Influencer content,Social Media,Distractive,52.5,4,Library,2025-08-09,Evening
4587,U0500,WhatsApp,Watch,Product review,Commerce,Distractive,81.2,2,Commute,2025-12-21,Late Night
4588,U0196,LinkedIn,Story,Gossip,Entertainment,Distractive,3.8,5,Commute,2025-02-25,Evening
4589,U0123,LinkedIn,Notification,World news,News,Productive,27.4,3,Outdoors,2025-07-30,Afternoon
4590,U0355,Instagram,Watch,Coding practice,Education,Productive,10.2,1,Library,2025-05-04,Afternoon
4591,U0372,TikTok,Feed,Current affairs,News,Productive,46.3,3,Commute,2025-01-14,Late Night
4592,U0470,Zoom,Feed,Client proposal,Business,Productive,2.4,1,Cafe,2025-05-06,Late Night
4593,U0200,Slack,Watch,Fashion trends,Commerce,Distractive,42.6,3,Outdoors,2025-11-30,Afternoon
4594,U0212,Amazon,Course Page,Online certification,Education,Productive,44.3,2,Hostel,2025-08-07,Afternoon
4595,U0453,Udemy,DM/Chat,Skill development,Education,Productive,32.3,1,Office,2025-04-14,Afternoon
4596,U0256,Instagram,Reels/Shorts,Interview preparation,Education,Productive,36.9,2,Office,2025-05-31,Night
4597,U0002,LinkedIn,Notification,AI fundamentals,Education,Productive,41.9,2,Hostel,2025-03-12,Morning
4598,U0451,TikTok,Course Page,Discount coupons,Commerce,Distractive,47.9,2,Office,2025-09-16,Morning
4599,U0033,Instagram,Feed,Flash deals,Commerce,Distractive,34.7,3,Hostel,2025-09-16,Late Night
4600,U0258,Google Classroom,Search,Client proposal,Business,Productive,22.8,1,Cafe,2025-07-13,Evening
4601,U0313,Gmail,Search,Web development course,Education,Productive,10.3,1,Cafe,2025-02-21,Late Night
4602,U0136,Instagram,DM/Chat,Football clip,Sports,Distractive,12,3,Home,2025-09-29,Afternoon
4603,U0023,Zoom,Watch,Excel tutorial,Education,Productive,54.6,2,Outdoors,2025-10-10,Late Night
4604,U0470,Zoom,Explore,Prank videos,Entertainment,Distractive,81.1,4,Commute,2025-10-04,Night
4605,U0353,YouTube,Search,Match highlights,Sports,Distractive,9.9,3,College,2025-12-10,Late Night
4606,U0114,Telegram,Watch,Web development course,Education,Productive,4.3,2,Outdoors,2025-11-22,Evening
4607,U0362,Instagram,DM/Chat,Chemistry notes,Education,Productive,27.3,2,Office,2025-11-25,Evening
4608,U0459,Facebook,Explore,Technology news,News,Productive,44.4,1,Outdoors,2025-01-12,Evening
4609,U0103,Udemy,Notification,Voice message,Communication,Productive,57.1,2,College,2025-05-01,Night
4610,U0247,LinkedIn,Course Page,Client call,Communication,Productive,40.5,1,Hostel,2025-03-12,Evening
4611,U0370,Twitter/X,Reels/Shorts,Music video,Entertainment,Distractive,45.2,4,Office,2025-08-19,Afternoon
4612,U0267,Telegram,Explore,Skill development,Education,Productive,9,2,Cafe,2025-01-08,Night
4613,U0497,Instagram,Reels/Shorts,Web series clip,Entertainment,Distractive,30.6,5,Outdoors,2025-05-31,Night
4614,U0162,Udemy,Notification,Online sale,Commerce,Distractive,59.9,2,Hostel,2025-06-25,Afternoon
4615,U0090,Zoom,Story,Random scrolling,Social Media,Distractive,51,4,Hostel,2025-07-25,Night
4616,U0139,Gmail,Search,Startup news,Business,Productive,9,1,Hostel,2025-08-30,Late Night
4617,U0265,LinkedIn,Story,Web development course,Education,Productive,59.4,1,Cafe,2025-02-23,Afternoon
4618,U0412,Telegram,Notification,Client proposal,Business,Productive,32,1,Library,2025-11-12,Afternoon
4619,U0217,Slack,Explore,World news,News,Productive,9.1,3,Commute,2025-11-28,Evening
4620,U0255,Telegram,Reels/Shorts,Online sale,Commerce,Distractive,6.4,3,Commute,2025-07-25,Evening
4621,U0427,Twitter/X,Course Page,Celebrity,Entertainment,Distractive,59,5,College,2025-12-28,Evening
4622,U0017,Udemy,DM/Chat,Project management,Business,Productive,38,1,Home,2025-11-28,Night
4623,U0300,Telegram,Explore,Exam preparation,Education,Productive,51.8,1,Hostel,2025-11-22,Morning
4624,U0183,YouTube,Reels/Shorts,Shopping,Commerce,Distractive,1.6,3,College,2025-08-09,Night
4625,U0446,Google Classroom,DM/Chat,Random scrolling,Social Media,Distractive,4.4,5,College,2025-08-31,Late Night
4626,U0093,Udemy,Watch,Web series clip,Entertainment,Distractive,77.7,4,Office,2025-01-03,Evening
4627,U0211,Twitter/X,Feed,Freelance work,Business,Productive,30.4,2,Library,2025-03-22,Morning
4628,U0348,LinkedIn,Feed,Product review,Commerce,Distractive,67.7,3,Home,2025-11-18,Late Night
4629,U0184,LinkedIn,Course Page,Discount coupons,Commerce,Distractive,9.3,2,Cafe,2025-01-01,Afternoon
4630,U0126,Zoom,Search,Python tutorial,Education,Productive,9.7,2,Outdoors,2025-08-04,Evening
4631,U0499,Amazon,Search,Dance videos,Entertainment,Distractive,82.7,5,Commute,2025-02-01,Evening
4632,U0261,Udemy,Watch,Political news,News,Productive,5.7,2,Hostel,2025-01-08,Afternoon
4633,U0478,Udemy,Story,Follower count check,Social Media,Distractive,33,4,Outdoors,2025-06-12,Late Night
4634,U0391,WhatsApp,Story,Stock market,Business,Productive,53,2,Office,2025-09-29,Afternoon
4635,U0322,TikTok,Watch,Current affairs,News,Productive,44,1,Home,2025-12-04,Afternoon
4636,U0398,Gmail,Watch,Startup news,Business,Productive,18.4,2,Cafe,2025-04-27,Afternoon
4637,U0450,Flipkart,Course Page,Startup news,Business,Productive,32,2,Outdoors,2025-12-21,Evening
4638,U0247,Gmail,Search,History lecture,Education,Productive,16.4,2,Hostel,2025-05-21,Late Night
4639,U0322,Google Classroom,Reels/Shorts,LinkedIn post,Business,Productive,34.2,1,Home,2025-07-29,Night
4640,U0085,Gmail,Notification,Video call,Communication,Productive,18.2,1,Office,2025-11-11,Late Night
4641,U0260,Zoom,Search,Current affairs,News,Productive,8.1,2,Office,2025-08-05,Evening
4642,U0330,Snapchat,Watch,DM chat casual,Social Media,Distractive,46.9,4,College,2025-01-01,Evening
4643,U0457,Flipkart,Notification,DM chat casual,Social Media,Distractive,67.2,4,Library,2025-05-16,Evening
4644,U0367,Facebook,DM/Chat,Product review,Commerce,Distractive,26.5,2,Cafe,2025-05-21,Morning
4645,U0303,Instagram,Explore,Live score,Sports,Distractive,76.9,4,Library,2025-02-06,Afternoon
4646,U0011,Amazon,Course Page,Random scrolling,Social Media,Distractive,49,4,Cafe,2025-06-16,Late Night
4647,U0407,LinkedIn,Search,Match highlights,Sports,Distractive,47.6,4,College,2025-11-23,Morning
4648,U0135,Google Classroom,Search,Email,Communication,Productive,6.6,2,College,2025-06-13,Evening
4649,U0030,Twitter/X,Course Page,Football clip,Sports,Distractive,57.6,4,Outdoors,2025-01-27,Night
4650,U0478,Instagram,Story,Endless scrolling,Social Media,Distractive,85.3,5,Home,2025-11-23,Night
4651,U0067,Snapchat,Course Page,Project management,Business,Productive,24.9,1,Cafe,2025-12-03,Afternoon
4652,U0027,Facebook,Feed,Product review,Commerce,Distractive,86.2,3,Outdoors,2025-11-07,Late Night
4653,U0474,Udemy,Notification,TV show clip,Entertainment,Distractive,56.3,4,Library,2025-08-14,Late Night
4654,U0319,Amazon,Search,Cricket update,Sports,Distractive,63.3,4,Library,2025-11-14,Late Night
4655,U0138,TikTok,Reels/Shorts,Discount coupons,Commerce,Distractive,73.2,2,Cafe,2025-07-05,Evening
4656,U0205,Slack,Story,Colleague message,Communication,Productive,27.7,1,Office,2025-09-27,Afternoon
4657,U0309,LinkedIn,Explore,LinkedIn post,Business,Productive,48.4,1,Commute,2025-02-23,Evening
4658,U0330,Google Classroom,Course Page,Story updates,Social Media,Distractive,76.9,5,Outdoors,2025-02-20,Evening
4659,U0037,Twitter/X,Reels/Shorts,Trending hashtags,Social Media,Distractive,87.9,4,Outdoors,2025-10-21,Afternoon
4660,U0384,Udemy,Story,Local news,News,Productive,53.9,2,College,2025-11-12,Night
4661,U0088,Flipkart,Feed,Project update,Communication,Productive,9.4,2,Home,2025-01-11,Morning
4662,U0180,Google Classroom,Story,Football clip,Sports,Distractive,80,3,Outdoors,2025-01-29,Morning
4663,U0099,Amazon,DM/Chat,Colleague message,Communication,Productive,31.3,1,Home,2025-11-29,Night
4664,U0088,Amazon,DM/Chat,Family chat,Communication,Productive,53.3,1,Hostel,2025-11-03,Afternoon
4665,U0203,Snapchat,Course Page,Football clip,Sports,Distractive,26.5,4,Hostel,2025-04-06,Afternoon
4666,U0389,WhatsApp,Reels/Shorts,Sports news,Sports,Distractive,67.5,2,Commute,2025-03-25,Evening
4667,U0376,Facebook,Feed,Weather update,News,Productive,27.2,2,Outdoors,2025-11-05,Afternoon
4668,U0193,Zoom,Watch,Client call,Communication,Productive,48.7,2,College,2025-10-31,Late Night
4669,U0486,Snapchat,Watch,Trending challenge,Entertainment,Distractive,60.6,5,Cafe,2025-01-04,Late Night
4670,U0271,WhatsApp,Story,Client proposal,Business,Productive,27.6,2,Library,2025-12-07,Night
4671,U0331,YouTube,Story,Endless scrolling,Social Media,Distractive,61,5,Office,2025-06-28,Morning
4672,U0182,WhatsApp,Notification,Video call,Communication,Productive,26.6,1,Office,2025-01-10,Night
4673,U0413,Flipkart,Explore,Client call,Communication,Productive,26.3,2,College,2025-11-14,Night
4674,U0121,TikTok,Feed,Wishlist browsing,Commerce,Distractive,87.2,3,Commute,2025-01-28,Evening
4675,U0194,Instagram,Search,Gaming,Entertainment,Distractive,35.9,4,Commute,2025-06-25,Night
4676,U0302,Telegram,Explore,Funny compilation,Entertainment,Distractive,33.3,5,Outdoors,2025-04-09,Afternoon
4677,U0315,WhatsApp,Feed,Cricket update,Sports,Distractive,31,3,Hostel,2025-09-24,Evening
4678,U0061,Coursera,Feed,Coding practice,Education,Productive,37.1,1,Cafe,2025-08-07,Afternoon
4679,U0113,Telegram,Reels/Shorts,TV show clip,Entertainment,Distractive,75.6,4,Commute,2025-04-23,Night
4680,U0036,Google Classroom,Search,Science experiment,Education,Productive,33,1,Home,2025-09-09,Late Night
4681,U0440,YouTube,Explore,Online sale,Commerce,Distractive,10.9,2,Home,2025-09-03,Morning
4682,U0030,LinkedIn,Explore,Web development course,Education,Productive,36.6,2,Library,2025-08-10,Night
4683,U0221,LinkedIn,Reels/Shorts,Endless scrolling,Social Media,Distractive,42,5,Outdoors,2025-08-15,Late Night
4684,U0282,Google Classroom,Explore,Current affairs,News,Productive,27.1,3,Hostel,2025-12-11,Morning
4685,U0113,Telegram,Reels/Shorts,Sports news,Sports,Distractive,77.8,4,Office,2025-11-06,Late Night
4686,U0261,Slack,Watch,Chemistry notes,Education,Productive,43,2,Outdoors,2025-10-16,Late Night
4687,U0091,Gmail,Story,Resume building,Business,Productive,37.7,1,Hostel,2025-10-03,Night
4688,U0034,Snapchat,DM/Chat,Sports news,Sports,Distractive,2.1,4,Home,2025-10-19,Night
4689,U0232,Amazon,Story,Random scrolling,Social Media,Distractive,2.4,5,Library,2025-04-21,Night
4690,U0275,WhatsApp,Story,LinkedIn post,Business,Productive,23.5,1,College,2025-05-22,Morning
4691,U0231,Google Classroom,Explore,Market analysis,Business,Productive,19.2,1,College,2025-11-25,Afternoon
4692,U0339,YouTube,Watch,Work discussion,Communication,Productive,40.5,2,Office,2025-12-06,Afternoon
4693,U0452,Coursera,Course Page,Voice message,Communication,Productive,59,2,College,2025-04-25,Morning
4694,U0014,Slack,Reels/Shorts,Voice message,Communication,Productive,42.8,1,Hostel,2025-10-25,Morning
4695,U0031,Google Classroom,Explore,Funny compilation,Entertainment,Distractive,66.3,4,Cafe,2025-11-03,Evening
4696,U0290,LinkedIn,DM/Chat,Influencer content,Social Media,Distractive,55.8,5,Office,2025-09-11,Late Night
4697,U0257,Snapchat,Explore,Colleague message,Communication,Productive,47.6,1,Home,2025-01-11,Late Night
4698,U0220,Telegram,Notification,Wishlist browsing,Commerce,Distractive,7.5,2,Cafe,2025-06-07,Morning
4699,U0428,LinkedIn,Reels/Shorts,Discount coupons,Commerce,Distractive,43.4,3,Outdoors,2025-12-17,Afternoon
4700,U0381,Telegram,Course Page,Movie clips,Entertainment,Distractive,5.5,4,Home,2025-06-25,Late Night
4701,U0500,Instagram,Watch,Story updates,Social Media,Distractive,56.5,5,Outdoors,2025-09-06,Late Night
4702,U0188,Google Classroom,Feed,DM chat casual,Social Media,Distractive,4,4,Home,2025-04-12,Morning
4703,U0352,WhatsApp,Course Page,Conference call,Communication,Productive,21.5,2,Hostel,2025-04-02,Afternoon
4704,U0302,Telegram,Watch,Dance videos,Entertainment,Distractive,58.4,5,College,2025-11-09,Evening
4705,U0070,Flipkart,Reels/Shorts,Trending hashtags,Social Media,Distractive,54.3,4,Home,2025-02-12,Morning
4706,U0029,Zoom,Search,Online sale,Commerce,Distractive,88.5,2,Outdoors,2025-09-06,Night
4707,U0102,Telegram,Notification,Random scrolling,Social Media,Distractive,16.3,4,Commute,2025-07-09,Evening
4708,U0161,WhatsApp,DM/Chat,Music video,Entertainment,Distractive,47.5,4,Home,2025-03-02,Morning
4709,U0319,Zoom,Reels/Shorts,DM chat casual,Social Media,Distractive,60.8,5,Commute,2025-02-22,Afternoon
4710,U0313,Snapchat,DM/Chat,Follower count check,Social Media,Distractive,42.9,4,Home,2025-09-16,Afternoon
4711,U0076,Gmail,Story,Match highlights,Sports,Distractive,80.9,2,Commute,2025-03-18,Afternoon
4712,U0454,Facebook,Reels/Shorts,Prank videos,Entertainment,Distractive,66.7,5,Commute,2025-09-05,Late Night
4713,U0010,Snapchat,Notification,Product review,Commerce,Distractive,1.6,3,Library,2025-04-25,Evening
4714,U0088,Amazon,Story,Web development course,Education,Productive,43.5,2,Home,2025-06-06,Late Night
4715,U0226,Snapchat,Notification,Celebrity,Entertainment,Distractive,34.7,5,Commute,2025-06-27,Late Night
4716,U0445,Gmail,Feed,Startup news,Business,Productive,46.2,1,Office,2025-11-19,Evening
4717,U0424,Instagram,Notification,Match highlights,Sports,Distractive,6.4,3,Commute,2025-10-03,Afternoon
4718,U0033,Twitter/X,Reels/Shorts,Project management,Business,Productive,58.3,1,Outdoors,2025-07-11,Morning
4719,U0425,Facebook,Course Page,Voice message,Communication,Productive,45.1,1,Library,2025-06-03,Morning
4720,U0046,Amazon,Explore,Funny compilation,Entertainment,Distractive,76.8,5,Hostel,2025-04-19,Night
4721,U0095,Udemy,Feed,Technology news,News,Productive,32,3,Commute,2025-05-08,Late Night
4722,U0433,Coursera,Explore,Email,Communication,Productive,48.3,1,Commute,2025-08-20,Evening
4723,U0082,Udemy,Explore,World news,News,Productive,16.9,3,Cafe,2025-06-20,Morning
4724,U0426,Snapchat,Search,Like notifications,Social Media,Distractive,2.1,4,Library,2025-05-24,Night
4725,U0287,TikTok,Reels/Shorts,Music video,Entertainment,Distractive,19.7,4,Home,2025-08-18,Morning
4726,U0103,Twitter/X,Watch,Shopping,Commerce,Distractive,31.2,3,Home,2025-07-16,Late Night
4727,U0356,WhatsApp,Explore,Startup news,Business,Productive,9.6,1,Hostel,2025-01-08,Evening
4728,U0325,Udemy,Reels/Shorts,Client proposal,Business,Productive,45.3,2,Library,2025-08-04,Afternoon
4729,U0352,Amazon,Explore,Skill development,Education,Productive,54.9,2,Commute,2025-11-17,Morning
4730,U0280,WhatsApp,Search,Flash deals,Commerce,Distractive,20.1,3,Office,2025-10-08,Late Night
4731,U0145,Instagram,Notification,Competitive exam tips,Education,Productive,5,2,Home,2025-08-24,Morning
4732,U0260,Instagram,DM/Chat,Job search,Business,Productive,47,2,Hostel,2025-09-19,Morning
4733,U0431,Zoom,DM/Chat,Random scrolling,Social Media,Distractive,72.4,5,Outdoors,2025-03-10,Morning
4734,U0398,Udemy,Course Page,Breaking news,News,Productive,51.4,2,Library,2025-10-14,Afternoon
4735,U0358,Slack,Feed,Family chat,Communication,Productive,48.3,1,Library,2025-09-20,Evening
4736,U0091,Udemy,Course Page,Current affairs,News,Productive,20.4,3,Hostel,2025-09-20,Evening
4737,U0086,YouTube,Reels/Shorts,Conference call,Communication,Productive,48.8,1,Outdoors,2025-05-23,Night
4738,U0159,LinkedIn,Search,Team meeting,Communication,Productive,57.9,1,Commute,2025-11-13,Night
4739,U0251,YouTube,Search,Shopping,Commerce,Distractive,62.1,2,College,2025-03-10,Morning
4740,U0270,Google Classroom,Search,Project update,Communication,Productive,42.5,1,Office,2025-09-10,Evening
4741,U0196,Snapchat,Feed,Group chat,Communication,Productive,25.5,2,Home,2025-05-14,Morning
4742,U0177,Snapchat,Explore,Story updates,Social Media,Distractive,9,5,College,2025-01-05,Late Night
4743,U0116,Instagram,Reels/Shorts,Current affairs,News,Productive,28.1,1,Office,2025-06-15,Morning
4744,U0340,Facebook,DM/Chat,Discount coupons,Commerce,Distractive,49.3,2,Home,2025-02-08,Afternoon
4745,U0003,Instagram,Notification,Live score,Sports,Distractive,80,2,College,2025-11-02,Evening
4746,U0480,TikTok,Reels/Shorts,Client call,Communication,Productive,52.1,2,Library,2025-07-26,Morning
4747,U0357,Udemy,Search,Cricket update,Sports,Distractive,4.2,2,Cafe,2025-07-06,Morning
4748,U0058,Flipkart,DM/Chat,Web development course,Education,Productive,15.2,1,Library,2025-07-05,Morning
4749,U0432,Telegram,Search,Wishlist browsing,Commerce,Distractive,30,2,College,2025-01-19,Evening
4750,U0415,Udemy,DM/Chat,Web series clip,Entertainment,Distractive,4.2,4,Commute,2025-12-07,Morning
4751,U0029,Coursera,Search,Influencer content,Social Media,Distractive,3.6,4,Hostel,2025-08-15,Afternoon
4752,U0324,Udemy,Watch,Resume building,Business,Productive,6.5,1,Library,2025-06-23,Late Night
4753,U0339,Coursera,DM/Chat,Fashion trends,Commerce,Distractive,51.1,3,Library,2025-07-16,Afternoon
4754,U0360,Twitter/X,DM/Chat,DM chat casual,Social Media,Distractive,54.8,5,Commute,2025-09-16,Morning
4755,U0023,LinkedIn,Explore,Python tutorial,Education,Productive,9.4,2,Hostel,2025-09-07,Evening
4756,U0003,Slack,DM/Chat,Client call,Communication,Productive,39.3,2,Cafe,2025-07-20,Evening
4757,U0330,Flipkart,Story,Language learning,Education,Productive,31.1,2,Cafe,2025-07-18,Evening
4758,U0087,Slack,Reels/Shorts,Stock market,Business,Productive,46,1,Home,2025-03-13,Afternoon
4759,U0432,Flipkart,Reels/Shorts,Data Science course,Education,Productive,36.4,2,Home,2025-07-27,Morning
4760,U0200,YouTube,Course Page,Project update,Communication,Productive,58.2,2,College,2025-10-24,Afternoon
4761,U0339,Flipkart,Feed,Cricket update,Sports,Distractive,26,4,College,2025-07-20,Afternoon
4762,U0073,Twitter/X,Explore,Investment tips,Business,Productive,21.4,2,Outdoors,2025-03-26,Morning
4763,U0117,WhatsApp,Feed,Math tutorial,Education,Productive,49.9,2,Hostel,2025-12-11,Evening
4764,U0059,Google Classroom,Reels/Shorts,TV show clip,Entertainment,Distractive,23.5,5,Office,2025-12-30,Night
4765,U0182,Twitter/X,Reels/Shorts,Sports news,Sports,Distractive,77.9,3,Commute,2025-10-25,Evening
4766,U0180,YouTube,Search,Competitive exam tips,Education,Productive,38.1,1,Home,2025-08-07,Late Night
4767,U0353,Amazon,Explore,TV show clip,Entertainment,Distractive,82.1,4,Cafe,2025-03-11,Night
4768,U0290,Twitter/X,Explore,Startup news,Business,Productive,38.1,2,Home,2025-11-09,Morning
4769,U0227,YouTube,Notification,Resume building,Business,Productive,7.9,2,Hostel,2025-12-07,Evening
4770,U0402,Telegram,Feed,Coding practice,Education,Productive,26.9,1,College,2025-09-09,Morning
4771,U0097,Snapchat,Story,Shopping,Commerce,Distractive,16.1,2,Commute,2025-04-14,Morning
4772,U0154,Telegram,Search,Reels,Entertainment,Distractive,89.5,5,Home,2025-10-22,Evening
4773,U0019,Zoom,Feed,Project update,Communication,Productive,6.7,2,Library,2025-08-18,Late Night
4774,U0381,LinkedIn,Course Page,Random scrolling,Social Media,Distractive,17.7,4,Library,2025-04-19,Late Night
4775,U0223,Instagram,Notification,Flash deals,Commerce,Distractive,15.6,2,Hostel,2025-11-30,Evening
4776,U0133,TikTok,Watch,Email,Communication,Productive,23.8,1,Hostel,2025-09-03,Night
4777,U0472,TikTok,Search,Football clip,Sports,Distractive,30.4,3,Home,2025-10-12,Evening
4778,U0452,Google Classroom,DM/Chat,Endless scrolling,Social Media,Distractive,71.7,4,Office,2025-07-02,Night
4779,U0322,Slack,Explore,Interview preparation,Education,Productive,8.1,1,Office,2025-09-24,Evening
4780,U0073,Coursera,Notification,Influencer content,Social Media,Distractive,61.2,5,Office,2025-06-15,Evening
4781,U0441,Telegram,Story,Language learning,Education,Productive,50.1,1,College,2025-10-02,Morning
4782,U0008,Slack,DM/Chat,Skill development,Education,Productive,48.7,1,Home,2025-06-23,Afternoon
4783,U0462,Instagram,Notification,Fashion trends,Commerce,Distractive,21,2,Home,2025-04-27,Late Night
4784,U0357,Telegram,Course Page,Gaming,Entertainment,Distractive,42.3,4,Hostel,2025-10-31,Afternoon
4785,U0235,Instagram,Story,Family chat,Communication,Productive,1.7,1,Outdoors,2025-02-21,Late Night
4786,U0013,Udemy,Watch,Excel tutorial,Education,Productive,58.3,2,Cafe,2025-06-28,Evening
4787,U0283,Google Classroom,DM/Chat,Flash deals,Commerce,Distractive,46.4,2,Hostel,2025-08-30,Afternoon
4788,U0307,Amazon,Story,Prank videos,Entertainment,Distractive,37.8,4,Hostel,2025-11-08,Evening
4789,U0112,TikTok,Search,Football clip,Sports,Distractive,66.6,2,Library,2025-03-26,Night
4790,U0168,Udemy,Feed,Resume building,Business,Productive,12.2,1,College,2025-10-20,Morning
4791,U0011,LinkedIn,Watch,Fashion trends,Commerce,Distractive,6.6,3,Library,2025-06-07,Afternoon
4792,U0044,Coursera,Search,Cricket update,Sports,Distractive,85.5,4,Outdoors,2025-07-16,Late Night
4793,U0096,WhatsApp,Reels/Shorts,Shopping,Commerce,Distractive,42.9,3,Home,2025-03-23,Evening
4794,U0274,Coursera,Course Page,Technology news,News,Productive,15.8,3,Library,2025-08-25,Afternoon
4795,U0097,WhatsApp,Notification,Exam preparation,Education,Productive,59.7,1,Library,2025-05-28,Morning
4796,U0380,Telegram,Notification,DM chat casual,Social Media,Distractive,13.7,4,College,2025-02-03,Morning
4797,U0247,Snapchat,Feed,Funny compilation,Entertainment,Distractive,40.6,5,Cafe,2025-08-25,Late Night
4798,U0446,Google Classroom,Reels/Shorts,Local news,News,Productive,17.6,2,Commute,2025-06-28,Night
4799,U0208,WhatsApp,Reels/Shorts,Funny compilation,Entertainment,Distractive,70.3,4,Commute,2025-10-31,Afternoon
4800,U0100,Instagram,Feed,Online sale,Commerce,Distractive,49.5,3,Cafe,2025-04-25,Late Night
4801,U0462,Flipkart,Course Page,Data Science course,Education,Productive,30.9,2,College,2025-07-27,Evening
4802,U0145,Zoom,Reels/Shorts,Shopping,Commerce,Distractive,46.2,2,Home,2025-12-10,Afternoon
4803,U0355,Slack,Search,Web series clip,Entertainment,Distractive,39.5,4,Outdoors,2025-04-16,Evening
4804,U0100,Twitter/X,Explore,Shopping,Commerce,Distractive,75.3,3,College,2025-05-15,Late Night
4805,U0267,Twitter/X,Course Page,Conference call,Communication,Productive,54.7,1,Office,2025-10-29,Afternoon
4806,U0058,Instagram,DM/Chat,History lecture,Education,Productive,1.2,2,Library,2025-05-22,Late Night
4807,U0288,Udemy,Explore,Work discussion,Communication,Productive,16,2,Office,2025-09-02,Afternoon
4808,U0455,Twitter/X,DM/Chat,Flash deals,Commerce,Distractive,83.4,2,Outdoors,2025-11-29,Afternoon
4809,U0095,LinkedIn,Notification,Investment tips,Business,Productive,5.4,2,Commute,2025-04-17,Late Night
4810,U0027,Snapchat,Reels/Shorts,Trending hashtags,Social Media,Distractive,18.8,4,Outdoors,2025-02-02,Night
4811,U0207,Google Classroom,Reels/Shorts,Breaking news,News,Productive,54.9,3,Outdoors,2025-09-24,Night
4812,U0272,Google Classroom,Feed,Coding practice,Education,Productive,28.9,2,Hostel,2025-12-20,Evening
4813,U0039,Instagram,DM/Chat,Video call,Communication,Productive,35.7,2,Hostel,2025-09-04,Late Night
4814,U0115,Gmail,DM/Chat,Market analysis,Business,Productive,36.5,1,Commute,2025-11-21,Late Night
4815,U0293,Snapchat,Course Page,Competitive exam tips,Education,Productive,39.1,1,College,2025-05-21,Night
4816,U0022,Coursera,Explore,Trending hashtags,Social Media,Distractive,53.5,5,Office,2025-05-05,Afternoon
4817,U0410,Google Classroom,Notification,Match highlights,Sports,Distractive,37.9,4,College,2025-06-24,Night
4818,U0144,TikTok,Course Page,Job search,Business,Productive,33.6,1,College,2025-12-14,Late Night
4819,U0455,WhatsApp,Watch,Fashion trends,Commerce,Distractive,63.6,2,College,2025-03-19,Late Night
4820,U0104,Gmail,Reels/Shorts,Math tutorial,Education,Productive,59.5,2,Office,2025-01-20,Late Night
4821,U0418,Gmail,Watch,Online sale,Commerce,Distractive,45.8,3,Hostel,2025-04-06,Afternoon
4822,U0236,Telegram,Reels/Shorts,Football clip,Sports,Distractive,43.7,4,Library,2025-03-08,Night
4823,U0292,Twitter/X,Story,Shopping,Commerce,Distractive,58,3,Library,2025-07-28,Late Night
4824,U0129,Udemy,Watch,Web development course,Education,Productive,5.4,2,Hostel,2025-10-31,Late Night
4825,U0464,Coursera,DM/Chat,Technology news,News,Productive,29.1,2,Commute,2025-08-02,Morning
4826,U0289,Amazon,Course Page,Gossip,Entertainment,Distractive,41.3,4,Outdoors,2025-09-26,Evening
4827,U0467,Amazon,Notification,LinkedIn post,Business,Productive,14.8,2,College,2025-10-02,Late Night
4828,U0454,Google Classroom,Notification,Technology news,News,Productive,52.7,2,Office,2025-04-08,Late Night
4829,U0427,Facebook,Watch,Shopping,Commerce,Distractive,24.8,3,Home,2025-04-04,Evening
4830,U0405,Facebook,Reels/Shorts,Fashion trends,Commerce,Distractive,88.8,2,Office,2025-11-13,Evening
4831,U0302,Instagram,DM/Chat,Work discussion,Communication,Productive,26.9,1,Hostel,2025-04-17,Afternoon
4832,U0321,Slack,Feed,Gaming,Entertainment,Distractive,28.1,4,Outdoors,2025-05-11,Morning
4833,U0212,Slack,Explore,Project management,Business,Productive,19.8,1,College,2025-01-08,Late Night
4834,U0348,Instagram,Course Page,Family chat,Communication,Productive,51,2,Library,2025-11-16,Afternoon
4835,U0149,Google Classroom,Feed,Team meeting,Communication,Productive,10.8,1,Outdoors,2025-07-07,Late Night
4836,U0244,WhatsApp,Explore,Freelance work,Business,Productive,23,1,Commute,2025-07-06,Evening
4837,U0343,Facebook,Notification,Web series clip,Entertainment,Distractive,7.3,4,Home,2025-12-17,Night
4838,U0368,YouTube,Story,Science experiment,Education,Productive,59.5,2,Outdoors,2025-04-18,Late Night
4839,U0209,TikTok,Feed,Shorts,Entertainment,Distractive,70.3,4,Hostel,2025-07-14,Morning
4840,U0151,Twitter/X,Reels/Shorts,Colleague message,Communication,Productive,27,2,Hostel,2025-01-11,Afternoon
4841,U0389,Gmail,Reels/Shorts,Gossip,Entertainment,Distractive,46.4,5,Cafe,2025-04-20,Afternoon
4842,U0403,Amazon,Course Page,Discount coupons,Commerce,Distractive,30.6,3,Commute,2025-05-15,Night
4843,U0446,Zoom,Search,SQL tutorial,Education,Productive,25.7,1,Commute,2025-04-10,Afternoon
4844,U0264,Telegram,Explore,Investment tips,Business,Productive,23.3,2,Home,2025-10-07,Morning
4845,U0115,YouTube,Watch,Sports news,Sports,Distractive,10.6,4,Home,2025-04-09,Night
4846,U0451,Amazon,Reels/Shorts,Funny compilation,Entertainment,Distractive,13.3,5,Hostel,2025-03-03,Late Night
4847,U0332,YouTube,Search,World news,News,Productive,10.3,2,Library,2025-01-12,Late Night
4848,U0170,WhatsApp,Search,Dance videos,Entertainment,Distractive,8.5,4,Library,2025-05-21,Evening
4849,U0401,Instagram,Feed,Football clip,Sports,Distractive,43.3,4,Commute,2025-07-25,Night
4850,U0443,YouTube,Explore,Match highlights,Sports,Distractive,58,2,Hostel,2025-06-28,Night
4851,U0121,WhatsApp,Story,Technology news,News,Productive,7.4,3,Home,2025-05-26,Morning
4852,U0381,Udemy,Explore,Fashion trends,Commerce,Distractive,89.7,3,Commute,2025-10-24,Afternoon
4853,U0216,Zoom,Explore,LinkedIn post,Business,Productive,29.3,1,Outdoors,2025-02-10,Late Night
4854,U0172,Gmail,Reels/Shorts,Sports news,Sports,Distractive,73,3,Home,2025-11-06,Evening
4855,U0229,Zoom,Watch,Gaming,Entertainment,Distractive,19.1,4,Office,2025-07-13,Late Night
4856,U0393,LinkedIn,DM/Chat,Flash deals,Commerce,Distractive,61.1,3,Hostel,2025-09-07,Evening
4857,U0468,Instagram,Notification,Discount coupons,Commerce,Distractive,69.2,3,Hostel,2025-04-29,Late Night
4858,U0352,Coursera,Story,Client call,Communication,Productive,35.5,1,Cafe,2025-11-09,Morning
4859,U0186,Gmail,Watch,Dance videos,Entertainment,Distractive,17.6,5,Home,2025-08-20,Afternoon
4860,U0172,Facebook,Course Page,Music video,Entertainment,Distractive,50.9,5,College,2025-02-01,Late Night
4861,U0447,Udemy,Watch,Funny compilation,Entertainment,Distractive,81.5,4,Outdoors,2025-06-12,Morning
4862,U0087,Zoom,Explore,Weather update,News,Productive,48.1,1,Library,2025-08-18,Late Night
4863,U0287,Telegram,Notification,Language learning,Education,Productive,57,2,College,2025-12-13,Morning
4864,U0055,Gmail,Feed,DM chat casual,Social Media,Distractive,80.3,5,Outdoors,2025-07-03,Morning
4865,U0477,Twitter/X,Search,Weather update,News,Productive,59.1,3,Hostel,2025-08-20,Late Night
4866,U0266,TikTok,DM/Chat,Sports news,Sports,Distractive,9.2,4,Outdoors,2025-09-04,Morning
4867,U0462,Telegram,Course Page,Online sale,Commerce,Distractive,66.4,3,Hostel,2025-02-05,Night
4868,U0481,TikTok,DM/Chat,World news,News,Productive,47.7,1,College,2025-05-04,Morning
4869,U0313,Telegram,Search,Breaking news,News,Productive,18.9,3,Hostel,2025-06-05,Morning
4870,U0116,Flipkart,Watch,Web series clip,Entertainment,Distractive,51.5,5,Outdoors,2025-01-16,Evening
4871,U0068,Coursera,Watch,Product review,Commerce,Distractive,87,3,Commute,2025-05-28,Morning
4872,U0443,TikTok,Search,Colleague message,Communication,Productive,3.9,2,Home,2025-02-09,Afternoon
4873,U0084,Snapchat,Notification,Political news,News,Productive,1.5,3,Home,2025-12-12,Late Night
4874,U0219,TikTok,Story,Skill development,Education,Productive,2.5,1,Commute,2025-07-24,Late Night
4875,U0403,YouTube,Reels/Shorts,Flash deals,Commerce,Distractive,54.5,2,Library,2025-04-07,Morning
4876,U0168,Instagram,Watch,Story updates,Social Media,Distractive,80.4,5,College,2025-06-10,Night
4877,U0246,Telegram,Notification,Memes,Entertainment,Distractive,38.1,5,College,2025-11-30,Afternoon
4878,U0160,Twitter/X,DM/Chat,Football clip,Sports,Distractive,21.1,4,Commute,2025-08-12,Late Night
4879,U0043,Zoom,Watch,Stock market,Business,Productive,48,1,Outdoors,2025-07-21,Night
4880,U0110,Flipkart,Feed,Discount coupons,Commerce,Distractive,66.1,2,Cafe,2025-02-03,Morning
4881,U0189,WhatsApp,Course Page,Conference call,Communication,Productive,53.4,2,Office,2025-11-23,Night
4882,U0383,Telegram,Story,Job search,Business,Productive,42.4,2,Commute,2025-05-25,Night
4883,U0224,Coursera,Notification,Email,Communication,Productive,17.5,1,Hostel,2025-08-21,Afternoon
4884,U0424,WhatsApp,Notification,Dance videos,Entertainment,Distractive,56,4,College,2025-06-03,Afternoon
4885,U0343,Zoom,Search,Trending hashtags,Social Media,Distractive,31.5,5,Hostel,2025-03-06,Late Night
4886,U0497,Udemy,Notification,Discount coupons,Commerce,Distractive,8.5,2,Library,2025-09-17,Evening
4887,U0317,Coursera,Watch,Sports news,Sports,Distractive,69.9,2,Outdoors,2025-12-11,Evening
4888,U0027,Instagram,Story,Conference call,Communication,Productive,42.2,2,Office,2025-12-09,Evening
4889,U0012,Telegram,Story,Follower count check,Social Media,Distractive,7.9,5,Home,2025-07-25,Late Night
4890,U0123,Flipkart,Course Page,Shopping,Commerce,Distractive,20.4,2,Outdoors,2025-03-21,Evening
4891,U0401,Amazon,Notification,Language learning,Education,Productive,17.1,1,Cafe,2025-04-27,Late Night
4892,U0085,Instagram,Story,Music video,Entertainment,Distractive,23.6,4,Home,2025-02-01,Late Night
4893,U0451,Flipkart,Feed,Current affairs,News,Productive,57.4,3,Outdoors,2025-05-05,Morning
4894,U0082,YouTube,DM/Chat,Trending hashtags,Social Media,Distractive,68.6,4,Library,2025-04-06,Late Night
4895,U0481,Amazon,Story,Online sale,Commerce,Distractive,69.4,2,Commute,2025-12-28,Evening
4896,U0376,Slack,Watch,Discount coupons,Commerce,Distractive,55,2,Commute,2025-07-16,Evening
4897,U0016,Coursera,DM/Chat,Football clip,Sports,Distractive,53.9,4,Cafe,2025-04-17,Morning
4898,U0348,Gmail,Notification,Influencer content,Social Media,Distractive,40.2,5,Office,2025-09-29,Morning
4899,U0288,Slack,DM/Chat,DM chat casual,Social Media,Distractive,54.8,4,Library,2025-01-07,Morning
4900,U0175,Slack,Watch,Discount coupons,Commerce,Distractive,37,3,Home,2025-08-19,Evening
4901,U0051,TikTok,Course Page,Online sale,Commerce,Distractive,1.3,3,Library,2025-03-22,Night
4902,U0018,Gmail,Story,Sports news,Sports,Distractive,5.8,4,Home,2025-12-07,Afternoon
4903,U0107,Facebook,Feed,Sports news,Sports,Distractive,23.4,4,Home,2025-08-25,Evening
4904,U0022,Zoom,Course Page,SQL tutorial,Education,Productive,59.7,2,Library,2025-11-11,Afternoon
4905,U0294,Zoom,Feed,Resume building,Business,Productive,41.2,2,Library,2025-11-22,Morning
4906,U0251,Instagram,Reels/Shorts,Live score,Sports,Distractive,7,4,Home,2025-04-11,Night
4907,U0213,TikTok,Watch,Startup news,Business,Productive,55.7,1,Hostel,2025-02-12,Night
4908,U0227,WhatsApp,Feed,Product review,Commerce,Distractive,44.5,3,Library,2025-06-27,Afternoon
4909,U0006,Facebook,Feed,Like notifications,Social Media,Distractive,49.4,5,College,2025-12-17,Afternoon
4910,U0292,WhatsApp,Notification,Exam preparation,Education,Productive,14.1,2,College,2025-06-19,Afternoon
4911,U0108,Google Classroom,Reels/Shorts,Machine Learning,Education,Productive,48.6,2,Hostel,2025-07-13,Evening
4912,U0252,Instagram,Watch,Competitive exam tips,Education,Productive,9.8,2,Library,2025-02-19,Night
4913,U0060,Google Classroom,Explore,Job search,Business,Productive,50.4,1,Cafe,2025-05-24,Night
4914,U0271,TikTok,Feed,SQL tutorial,Education,Productive,26.4,1,Library,2025-09-09,Night
4915,U0413,LinkedIn,Notification,Business news,Business,Productive,8,2,Home,2025-08-24,Afternoon
4916,U0234,Udemy,Notification,Chemistry notes,Education,Productive,43.5,2,College,2025-12-02,Morning
4917,U0323,Zoom,Course Page,Skill development,Education,Productive,38.6,2,Hostel,2025-06-19,Late Night
4918,U0446,Gmail,Feed,DM chat casual,Social Media,Distractive,79.9,5,Library,2025-07-24,Night
4919,U0145,WhatsApp,Feed,Random scrolling,Social Media,Distractive,73.8,5,Library,2025-09-05,Late Night
4920,U0100,Twitter/X,Feed,Product review,Commerce,Distractive,48.9,2,Cafe,2025-06-11,Afternoon
4921,U0013,Zoom,Notification,Comedy videos,Entertainment,Distractive,16.5,4,Outdoors,2025-01-17,Morning
4922,U0223,Flipkart,Story,Project management,Business,Productive,16.5,2,Commute,2025-04-14,Late Night
4923,U0438,Twitter/X,Notification,Reels,Entertainment,Distractive,13.4,5,College,2025-02-23,Night
4924,U0046,YouTube,DM/Chat,Investment tips,Business,Productive,50.7,1,Commute,2025-09-17,Afternoon
4925,U0478,Coursera,DM/Chat,Match highlights,Sports,Distractive,78,3,Home,2025-05-13,Late Night
4926,U0155,WhatsApp,Reels/Shorts,Competitive exam tips,Education,Productive,10.8,2,Commute,2025-09-15,Morning
4927,U0048,TikTok,Story,Prank videos,Entertainment,Distractive,61.6,4,Outdoors,2025-09-05,Afternoon
4928,U0461,LinkedIn,Explore,Email,Communication,Productive,31.5,2,Home,2025-10-17,Late Night
4929,U0171,Telegram,Explore,Colleague message,Communication,Productive,58.5,2,Commute,2025-03-07,Morning
4930,U0480,Twitter/X,Course Page,Project management,Business,Productive,7.8,2,Home,2025-08-20,Morning
4931,U0243,Slack,Explore,Flash deals,Commerce,Distractive,25.4,3,Cafe,2025-02-21,Evening
4932,U0150,Google Classroom,Explore,Political news,News,Productive,33.4,3,Commute,2025-04-09,Night
4933,U0428,Amazon,Course Page,Freelance work,Business,Productive,27.2,1,Hostel,2025-10-03,Late Night
4934,U0372,Flipkart,Reels/Shorts,Cricket update,Sports,Distractive,35.5,2,Hostel,2025-01-18,Afternoon
4935,U0365,Udemy,Feed,Investment tips,Business,Productive,6.9,1,Home,2025-11-11,Evening
4936,U0073,Flipkart,Reels/Shorts,AI fundamentals,Education,Productive,37.6,1,Hostel,2025-12-08,Afternoon
4937,U0215,Google Classroom,Course Page,Current affairs,News,Productive,54.7,3,Office,2025-06-22,Late Night
4938,U0065,Flipkart,DM/Chat,Group chat,Communication,Productive,14.6,2,Cafe,2025-02-16,Night
4939,U0339,Slack,Reels/Shorts,Web development course,Education,Productive,19.9,1,Hostel,2025-07-23,Morning
4940,U0141,YouTube,Story,Current affairs,News,Productive,56.6,3,Library,2025-05-15,Afternoon
4941,U0323,Amazon,Explore,Technology news,News,Productive,32.1,1,Outdoors,2025-08-15,Late Night
4942,U0238,Facebook,Watch,Political news,News,Productive,54.2,2,Cafe,2025-02-18,Night
4943,U0155,Udemy,Watch,Online sale,Commerce,Distractive,22.5,2,Hostel,2025-05-27,Night
4944,U0013,Facebook,Explore,Startup news,Business,Productive,32.2,1,Cafe,2025-09-25,Night
4945,U0179,LinkedIn,Explore,Startup news,Business,Productive,40.6,2,Home,2025-10-12,Evening
4946,U0442,Facebook,Course Page,Memes,Entertainment,Distractive,43.4,5,Library,2025-04-25,Morning
4947,U0137,Facebook,Notification,Freelance work,Business,Productive,54.8,1,Hostel,2025-07-26,Afternoon
4948,U0367,Gmail,Watch,Math tutorial,Education,Productive,16.4,1,Outdoors,2025-08-06,Evening
4949,U0304,TikTok,Explore,Networking,Business,Productive,31.4,2,Commute,2025-02-28,Night
4950,U0323,Flipkart,Reels/Shorts,Business news,Business,Productive,28.2,2,Library,2025-07-10,Afternoon
4951,U0182,Gmail,Feed,Trending challenge,Entertainment,Distractive,64.3,5,Commute,2025-01-04,Morning
4952,U0160,Amazon,Notification,Sports news,Sports,Distractive,86,4,Outdoors,2025-08-01,Night
4953,U0234,LinkedIn,DM/Chat,Football clip,Sports,Distractive,49.6,3,Library,2025-03-02,Afternoon
4954,U0327,Coursera,DM/Chat,Shopping,Commerce,Distractive,32.2,3,Cafe,2025-10-04,Afternoon
4955,U0340,Facebook,Watch,Resume building,Business,Productive,49.7,2,College,2025-07-18,Morning
4956,U0055,Google Classroom,Reels/Shorts,Political news,News,Productive,29.7,1,Commute,2025-06-09,Night
4957,U0443,LinkedIn,Feed,Shorts,Entertainment,Distractive,59.2,4,Cafe,2025-12-11,Night
4958,U0129,WhatsApp,Search,Weather update,News,Productive,49.9,3,Library,2025-06-10,Late Night
4959,U0358,Facebook,Course Page,Gaming,Entertainment,Distractive,43.3,4,Office,2025-08-15,Night
4960,U0349,Slack,Story,Voice message,Communication,Productive,12.5,2,Home,2025-10-30,Morning
4961,U0015,Udemy,Watch,Sports news,Sports,Distractive,2.2,3,Home,2025-12-03,Afternoon
4962,U0384,TikTok,Watch,Networking,Business,Productive,49.9,1,Hostel,2025-06-16,Late Night
4963,U0328,Coursera,Course Page,Celebrity,Entertainment,Distractive,38.4,4,Commute,2025-03-06,Night
4964,U0164,Slack,Feed,DM chat casual,Social Media,Distractive,83.7,4,Library,2025-10-09,Night
4965,U0014,YouTube,Feed,Online sale,Commerce,Distractive,50.3,3,Commute,2025-10-24,Late Night
4966,U0276,Instagram,DM/Chat,Conference call,Communication,Productive,1,1,Commute,2025-04-10,Night
4967,U0006,Slack,Course Page,Market analysis,Business,Productive,38.1,2,Office,2025-01-27,Afternoon
4968,U0448,WhatsApp,Explore,Live score,Sports,Distractive,51.8,2,Office,2025-03-27,Afternoon
4969,U0436,TikTok,Search,Cricket update,Sports,Distractive,11,4,Cafe,2025-02-05,Evening
4970,U0318,Gmail,Feed,Family chat,Communication,Productive,50.5,1,Office,2025-08-21,Afternoon
4971,U0157,Facebook,Notification,LinkedIn post,Business,Productive,25.1,2,Commute,2025-10-03,Afternoon
4972,U0316,Twitter/X,Notification,LinkedIn post,Business,Productive,35.4,2,Outdoors,2025-11-27,Evening
4973,U0186,YouTube,Search,Follower count check,Social Media,Distractive,69.6,4,Library,2025-05-03,Evening
4974,U0418,Slack,DM/Chat,DM chat casual,Social Media,Distractive,24.4,4,Library,2025-11-28,Late Night
4975,U0010,Instagram,Story,Work discussion,Communication,Productive,19.9,1,Outdoors,2025-07-07,Afternoon
4976,U0153,WhatsApp,Watch,Startup news,Business,Productive,43.5,2,Home,2025-12-13,Late Night
4977,U0400,Amazon,Search,Work discussion,Communication,Productive,39.5,2,Office,2025-08-26,Late Night
4978,U0491,Zoom,Notification,Client call,Communication,Productive,5.8,2,College,2025-10-15,Late Night
4979,U0139,Slack,Watch,Project update,Communication,Productive,20.9,1,Cafe,2025-10-02,Night
4980,U0431,Snapchat,Explore,Celebrity,Entertainment,Distractive,17.4,4,Hostel,2025-06-27,Late Night
4981,U0411,Instagram,Feed,Physics lecture,Education,Productive,33.9,1,Home,2025-07-02,Night
4982,U0352,Google Classroom,DM/Chat,Exam preparation,Education,Productive,57.9,2,Commute,2025-08-17,Evening
4983,U0257,Amazon,Story,Investment tips,Business,Productive,59.7,1,Commute,2025-11-22,Night
4984,U0057,Telegram,Feed,Competitive exam tips,Education,Productive,1.1,2,Commute,2025-12-22,Late Night
4985,U0402,Facebook,Watch,Job search,Business,Productive,42.5,2,Cafe,2025-11-14,Evening
4986,U0463,Facebook,Story,Live score,Sports,Distractive,11.3,2,Home,2025-07-21,Night
4987,U0460,Telegram,Feed,Resume building,Business,Productive,37.7,2,Commute,2025-08-31,Night
4988,U0109,Udemy,Watch,Resume building,Business,Productive,28,2,Library,2025-01-28,Late Night
4989,U0128,Instagram,Reels/Shorts,DM chat casual,Social Media,Distractive,77.4,4,Home,2025-01-19,Night
4990,U0348,WhatsApp,Notification,Funny compilation,Entertainment,Distractive,2.3,5,Cafe,2025-03-10,Morning
4991,U0128,Instagram,Story,Networking,Business,Productive,47.1,1,Outdoors,2025-06-26,Night
4992,U0185,Snapchat,Notification,World news,News,Productive,51.1,2,Hostel,2025-06-26,Night
4993,U0185,Amazon,Notification,Follower count check,Social Media,Distractive,37.8,4,Commute,2025-07-16,Late Night
4994,U0159,Zoom,Notification,Web development course,Education,Productive,29.1,2,Office,2025-12-03,Night
4995,U0208,YouTube,Feed,Live score,Sports,Distractive,5.8,2,Commute,2025-06-30,Evening
4996,U0136,Coursera,Watch,Trending challenge,Entertainment,Distractive,40.6,4,Commute,2025-03-11,Late Night
4997,U0169,Instagram,Watch,Dance videos,Entertainment,Distractive,73.8,5,Cafe,2025-07-10,Morning
4998,U0437,Udemy,Feed,Online sale,Commerce,Distractive,39,2,Commute,2025-11-29,Morning
4999,U0179,TikTok,Reels/Shorts,Conference call,Communication,Productive,12.7,1,Outdoors,2025-07-06,Late Night
5000,U0148,Snapchat,Notification,Random scrolling,Social Media,Distractive,84.6,4,Library,2025-05-07,Afternoon
5001,U0227,Gmail,Reels/Shorts,Family chat,Communication,Productive,5.8,2,Home,2025-02-25,Night
5002,U0170,TikTok,Feed,Sports news,Sports,Distractive,74.9,2,Home,2025-10-31,Late Night
5003,U0310,Zoom,DM/Chat,Client proposal,Business,Productive,41.4,1,Cafe,2025-08-29,Evening
5004,U0042,Udemy,Explore,Local news,News,Productive,42.1,2,Library,2025-09-16,Night
5005,U0269,Slack,Course Page,Wishlist browsing,Commerce,Distractive,72.7,2,Hostel,2025-06-07,Evening
5006,U0084,Twitter/X,Reels/Shorts,Competitive exam tips,Education,Productive,47.6,2,Hostel,2025-11-21,Evening
5007,U0011,Instagram,Story,Project update,Communication,Productive,12.4,1,College,2025-03-10,Night
5008,U0189,Google Classroom,Feed,Follower count check,Social Media,Distractive,13.5,5,Cafe,2025-06-22,Late Night
5009,U0213,Amazon,Story,Cricket update,Sports,Distractive,51.3,4,College,2025-11-24,Afternoon
5010,U0356,Udemy,Notification,Team meeting,Communication,Productive,15.3,1,Library,2025-02-25,Late Night
5011,U0299,Google Classroom,Reels/Shorts,Political news,News,Productive,11.1,3,Library,2025-05-14,Evening
5012,U0164,Flipkart,Notification,Job search,Business,Productive,4.3,1,Office,2025-05-28,Evening
5013,U0171,TikTok,Search,Live score,Sports,Distractive,73.2,2,Outdoors,2025-05-19,Afternoon
5014,U0079,Slack,Explore,Client call,Communication,Productive,12.9,1,Outdoors,2025-12-25,Morning
5015,U0002,Zoom,Feed,Current affairs,News,Productive,8.7,2,College,2025-01-23,Night
5016,U0002,Google Classroom,Watch,Cricket update,Sports,Distractive,19.5,2,Cafe,2025-12-15,Night
5017,U0364,Twitter/X,DM/Chat,Investment tips,Business,Productive,43.7,2,Hostel,2025-05-23,Morning
5018,U0185,Udemy,Feed,Wishlist browsing,Commerce,Distractive,73.2,2,Commute,2025-03-19,Morning
5019,U0473,Flipkart,Reels/Shorts,Client call,Communication,Productive,29,1,Library,2025-12-09,Night
5020,U0421,Google Classroom,Notification,Endless scrolling,Social Media,Distractive,33.4,5,Hostel,2025-01-27,Afternoon
5021,U0475,Udemy,Search,Political news,News,Productive,52.8,2,Cafe,2025-01-19,Evening
5022,U0003,TikTok,Reels/Shorts,Trending hashtags,Social Media,Distractive,86.5,4,Library,2025-11-10,Morning
5023,U0027,Udemy,Story,Gossip,Entertainment,Distractive,76.3,4,Office,2025-04-11,Evening
5024,U0188,Telegram,Notification,Live score,Sports,Distractive,71.7,3,Library,2025-04-23,Evening
5025,U0285,Slack,Story,Like notifications,Social Media,Distractive,53.5,4,College,2025-09-27,Afternoon
5026,U0367,Google Classroom,Notification,Comedy videos,Entertainment,Distractive,71.3,5,Home,2025-01-23,Evening
5027,U0001,Twitter/X,Notification,DM chat casual,Social Media,Distractive,1.3,4,Office,2025-07-27,Night
5028,U0233,Zoom,Course Page,Gaming,Entertainment,Distractive,79.7,5,Commute,2025-01-14,Morning
5029,U0392,Telegram,Explore,Endless scrolling,Social Media,Distractive,31.9,5,Commute,2025-09-22,Late Night
5030,U0087,TikTok,Course Page,SQL tutorial,Education,Productive,52.1,2,Office,2025-03-25,Afternoon
5031,U0294,Zoom,DM/Chat,Movie clips,Entertainment,Distractive,2.6,4,Hostel,2025-05-03,Morning
5032,U0175,Udemy,Reels/Shorts,Video call,Communication,Productive,44.6,2,Library,2025-07-15,Afternoon
5033,U0056,Google Classroom,Search,Colleague message,Communication,Productive,50.2,1,Office,2025-10-08,Night
5034,U0367,Snapchat,Notification,Networking,Business,Productive,25.3,1,College,2025-05-19,Morning
5035,U0088,Amazon,Watch,Investment tips,Business,Productive,9,2,Cafe,2025-11-01,Afternoon
5036,U0050,Facebook,DM/Chat,Prank videos,Entertainment,Distractive,62.5,4,Home,2025-01-08,Morning
5037,U0171,Slack,Search,Breaking news,News,Productive,33.1,2,Office,2025-05-16,Afternoon
5038,U0499,LinkedIn,DM/Chat,Interview preparation,Education,Productive,20.8,2,Office,2025-11-06,Evening
5039,U0410,Telegram,Search,Shopping,Commerce,Distractive,53.4,3,Cafe,2025-07-28,Night
5040,U0036,Gmail,Course Page,Product review,Commerce,Distractive,52.6,2,Commute,2025-04-21,Night
5041,U0459,Instagram,Course Page,Gaming,Entertainment,Distractive,4.5,4,Home,2025-07-20,Afternoon
5042,U0241,Facebook,Course Page,Technology news,News,Productive,57,1,College,2025-06-21,Night
5043,U0416,Udemy,DM/Chat,Project management,Business,Productive,26.3,1,Office,2025-05-30,Evening
5044,U0100,Twitter/X,Notification,Cricket update,Sports,Distractive,65.6,3,Office,2025-12-20,Evening
5045,U0485,Telegram,Search,Business news,Business,Productive,36,2,Office,2025-04-06,Afternoon
5046,U0112,WhatsApp,DM/Chat,Breaking news,News,Productive,30.5,3,Commute,2025-04-01,Afternoon
5047,U0143,Facebook,Course Page,Endless scrolling,Social Media,Distractive,61.7,5,Cafe,2025-01-22,Morning
5048,U0129,Google Classroom,Story,Reels,Entertainment,Distractive,83.3,4,Office,2025-10-30,Afternoon
5049,U0464,Instagram,Notification,Like notifications,Social Media,Distractive,60.2,5,Library,2025-10-22,Afternoon
5050,U0143,Telegram,Search,Endless scrolling,Social Media,Distractive,62.8,5,Library,2025-04-11,Night
5051,U0229,Amazon,Notification,Voice message,Communication,Productive,49.3,1,Library,2025-04-17,Late Night
5052,U0247,Amazon,DM/Chat,Influencer content,Social Media,Distractive,68.9,4,Cafe,2025-06-24,Late Night
5053,U0094,Slack,Search,Follower count check,Social Media,Distractive,31.7,4,Outdoors,2025-03-08,Afternoon
5054,U0309,Udemy,Feed,Current affairs,News,Productive,34,1,College,2025-10-13,Night
5055,U0051,Gmail,Watch,Dance videos,Entertainment,Distractive,42.5,5,Commute,2025-03-28,Late Night
5056,U0341,TikTok,Story,Prank videos,Entertainment,Distractive,4.7,5,Hostel,2025-10-20,Afternoon
5057,U0457,Snapchat,Story,Client proposal,Business,Productive,49.3,1,Commute,2025-11-22,Evening
5058,U0037,Flipkart,Story,Group chat,Communication,Productive,44.6,1,Office,2025-12-01,Evening
5059,U0424,Gmail,Explore,Project management,Business,Productive,53.9,2,Home,2025-11-28,Late Night
5060,U0421,TikTok,Watch,Celebrity,Entertainment,Distractive,44.1,5,Library,2025-04-13,Night
5061,U0164,Amazon,DM/Chat,Movie clips,Entertainment,Distractive,88.1,5,Office,2025-01-13,Night
5062,U0357,Telegram,Reels/Shorts,Prank videos,Entertainment,Distractive,27.2,4,Library,2025-06-02,Morning
5063,U0023,Flipkart,Search,Technology news,News,Productive,53.5,1,Cafe,2025-04-08,Morning
5064,U0383,Coursera,Feed,Voice message,Communication,Productive,37.5,2,Commute,2025-05-04,Morning
5065,U0282,Snapchat,Explore,Networking,Business,Productive,17.3,2,Outdoors,2025-05-25,Night
5066,U0322,Gmail,Explore,Live score,Sports,Distractive,26.9,3,Office,2025-09-17,Night
5067,U0056,Instagram,Course Page,Current affairs,News,Productive,31.9,2,Home,2025-02-05,Morning
5068,U0058,Slack,Feed,Resume building,Business,Productive,22.9,2,Cafe,2025-03-07,Morning
5069,U0225,Instagram,Feed,Sports news,Sports,Distractive,25.9,4,College,2025-01-28,Morning
5070,U0292,WhatsApp,Watch,LinkedIn post,Business,Productive,55.1,1,Office,2025-01-16,Evening
5071,U0038,Telegram,Watch,Current affairs,News,Productive,4.3,3,Cafe,2025-02-13,Afternoon
5072,U0112,Zoom,DM/Chat,AI fundamentals,Education,Productive,5.4,1,Commute,2025-07-09,Morning
5073,U0495,Amazon,Feed,Voice message,Communication,Productive,23.8,2,Home,2025-08-09,Night
5074,U0207,LinkedIn,Watch,Influencer content,Social Media,Distractive,47.5,5,Commute,2025-02-06,Evening
5075,U0351,LinkedIn,Watch,Interview preparation,Education,Productive,43.4,2,Outdoors,2025-08-31,Morning
5076,U0061,Coursera,Notification,Business news,Business,Productive,23.9,2,College,2025-06-21,Morning
5077,U0135,Udemy,Reels/Shorts,Work discussion,Communication,Productive,16.1,1,Commute,2025-11-12,Afternoon
5078,U0489,LinkedIn,Explore,Video call,Communication,Productive,57.8,2,Home,2025-11-20,Evening
5079,U0256,Flipkart,DM/Chat,Match highlights,Sports,Distractive,11.8,3,Home,2025-09-12,Afternoon
5080,U0165,Instagram,Course Page,Email,Communication,Productive,9.6,1,Home,2025-10-07,Evening
5081,U0346,Slack,Explore,Resume building,Business,Productive,43.4,1,Home,2025-11-09,Night
5082,U0295,Coursera,Explore,Freelance work,Business,Productive,3.3,1,Home,2025-10-26,Late Night
5083,U0350,LinkedIn,Watch,World news,News,Productive,46.6,1,Home,2025-11-01,Late Night
5084,U0230,LinkedIn,Search,Email,Communication,Productive,40,2,Office,2025-09-22,Late Night
5085,U0153,Zoom,Search,Reels,Entertainment,Distractive,72.2,5,Cafe,2025-11-22,Afternoon
5086,U0273,TikTok,Explore,Endless scrolling,Social Media,Distractive,24.2,4,Office,2025-09-03,Afternoon
5087,U0036,Telegram,Watch,Wishlist browsing,Commerce,Distractive,49.8,3,College,2025-01-20,Evening
5088,U0253,Gmail,Search,Startup news,Business,Productive,49.3,1,Library,2025-01-10,Night
5089,U0035,Slack,DM/Chat,Cricket update,Sports,Distractive,60,4,Outdoors,2025-08-23,Late Night
5090,U0406,Slack,Search,Physics lecture,Education,Productive,15.8,1,Home,2025-09-15,Late Night
5091,U0296,WhatsApp,DM/Chat,Local news,News,Productive,12.3,2,College,2025-07-01,Night
5092,U0009,Coursera,Explore,Stock market,Business,Productive,23.7,1,Hostel,2025-11-26,Afternoon
5093,U0030,Amazon,Reels/Shorts,Project update,Communication,Productive,41.1,1,Hostel,2025-11-26,Night
5094,U0001,LinkedIn,Reels/Shorts,Flash deals,Commerce,Distractive,76.7,3,Home,2025-10-11,Evening
5095,U0011,Snapchat,Course Page,Weather update,News,Productive,24.1,1,Outdoors,2025-04-21,Night
5096,U0330,Twitter/X,Story,Online sale,Commerce,Distractive,4.9,2,Hostel,2025-12-26,Night
5097,U0174,Amazon,Story,Cricket update,Sports,Distractive,2.8,2,Home,2025-11-29,Morning
5098,U0355,Twitter/X,Feed,Excel tutorial,Education,Productive,25.5,1,Office,2025-07-04,Morning
5099,U0384,Telegram,Watch,Skill development,Education,Productive,19.4,2,College,2025-10-27,Late Night
5100,U0007,Zoom,DM/Chat,Reels,Entertainment,Distractive,38.2,4,Hostel,2025-01-25,Evening
5101,U0057,Gmail,Explore,Startup news,Business,Productive,6.4,1,College,2025-11-19,Late Night
5102,U0429,Udemy,Notification,Comedy videos,Entertainment,Distractive,24.5,5,Home,2025-05-02,Afternoon
5103,U0171,Zoom,Reels/Shorts,Project update,Communication,Productive,58.5,2,Outdoors,2025-08-11,Night
5104,U0378,Zoom,DM/Chat,Endless scrolling,Social Media,Distractive,74.5,4,Commute,2025-11-25,Afternoon
5105,U0127,Flipkart,Search,Voice message,Communication,Productive,53.7,2,Commute,2025-01-27,Late Night
5106,U0227,YouTube,DM/Chat,Shopping,Commerce,Distractive,38.8,2,Cafe,2025-10-12,Night
5107,U0128,Flipkart,DM/Chat,Like notifications,Social Media,Distractive,69.7,5,Commute,2025-02-08,Evening
5108,U0235,Twitter/X,Search,TV show clip,Entertainment,Distractive,45.2,5,College,2025-03-29,Morning
5109,U0128,Udemy,Notification,Python tutorial,Education,Productive,6.3,1,Home,2025-03-01,Morning
5110,U0351,Coursera,Watch,Stock market,Business,Productive,54.5,1,Hostel,2025-01-05,Late Night
5111,U0205,Flipkart,Course Page,Interview preparation,Education,Productive,42.6,2,Commute,2025-02-28,Night
5112,U0144,Udemy,Explore,Family chat,Communication,Productive,16.4,1,Cafe,2025-11-03,Morning
5113,U0065,Google Classroom,Explore,World news,News,Productive,43.3,3,Hostel,2025-11-28,Afternoon
5114,U0087,Facebook,Explore,Client proposal,Business,Productive,7.2,2,Commute,2025-05-18,Morning
5115,U0300,Slack,Watch,Shopping,Commerce,Distractive,76.8,2,Hostel,2025-07-02,Evening
5116,U0295,TikTok,Notification,Business news,Business,Productive,30.9,2,Hostel,2025-05-09,Late Night
5117,U0091,Gmail,Watch,World news,News,Productive,21.8,1,College,2025-09-30,Morning
5118,U0115,Gmail,Explore,Weather update,News,Productive,6,2,Cafe,2025-06-05,Evening
5119,U0263,Gmail,DM/Chat,Local news,News,Productive,23.3,3,Home,2025-11-14,Morning
5120,U0054,Coursera,Course Page,DM chat casual,Social Media,Distractive,54.7,5,Outdoors,2025-07-20,Afternoon
5121,U0329,Snapchat,Feed,Local news,News,Productive,1.8,2,Cafe,2025-10-31,Afternoon
5122,U0405,Snapchat,DM/Chat,Football clip,Sports,Distractive,27.3,3,College,2025-06-12,Morning
5123,U0011,Udemy,Explore,Business news,Business,Productive,44.4,2,Hostel,2025-01-23,Morning
5124,U0067,Slack,Course Page,Fashion trends,Commerce,Distractive,45.7,3,Office,2025-12-28,Evening
5125,U0322,Facebook,DM/Chat,Like notifications,Social Media,Distractive,50.6,5,Commute,2025-05-09,Morning
5126,U0453,Instagram,DM/Chat,Dance videos,Entertainment,Distractive,79.4,5,Hostel,2025-04-10,Late Night
5127,U0132,TikTok,Explore,Local news,News,Productive,36.6,2,Home,2025-09-25,Morning
5128,U0364,Facebook,Explore,Web series clip,Entertainment,Distractive,71.6,4,Library,2025-04-04,Late Night
5129,U0409,Flipkart,DM/Chat,World news,News,Productive,2.3,1,Home,2025-08-27,Late Night
5130,U0184,Google Classroom,Notification,Family chat,Communication,Productive,42.1,1,Hostel,2025-01-12,Morning
5131,U0271,Coursera,Watch,Chemistry notes,Education,Productive,48.8,1,College,2025-04-02,Late Night
5132,U0287,Flipkart,Watch,Startup news,Business,Productive,45.5,2,Library,2025-04-13,Night
5133,U0114,Google Classroom,Search,Client call,Communication,Productive,53.1,2,Home,2025-08-23,Evening
5134,U0220,Flipkart,Feed,Stock market,Business,Productive,39.4,1,Home,2025-08-15,Late Night
5135,U0248,Amazon,Feed,Cricket update,Sports,Distractive,4.1,3,Commute,2025-04-08,Evening
5136,U0035,Coursera,Explore,Wishlist browsing,Commerce,Distractive,77.4,2,Library,2025-04-22,Night
5137,U0377,Udemy,Watch,Movie clips,Entertainment,Distractive,8.5,5,Commute,2025-02-17,Night
5138,U0261,Amazon,Explore,Breaking news,News,Productive,25.5,3,College,2025-11-25,Evening
5139,U0271,Coursera,Explore,LinkedIn post,Business,Productive,18.8,2,Commute,2025-02-08,Night
5140,U0134,Flipkart,Course Page,LinkedIn post,Business,Productive,29,2,Home,2025-07-18,Morning
5141,U0460,Udemy,Watch,Shopping,Commerce,Distractive,69.2,2,Hostel,2025-06-06,Morning
5142,U0475,Amazon,Explore,Machine Learning,Education,Productive,40.9,1,Library,2025-12-13,Evening
5143,U0196,Gmail,Notification,Discount coupons,Commerce,Distractive,23.2,2,Outdoors,2025-09-02,Night
5144,U0177,Facebook,DM/Chat,Random scrolling,Social Media,Distractive,27.5,4,Outdoors,2025-03-04,Evening
5145,U0409,Zoom,Feed,Team meeting,Communication,Productive,47,2,Office,2025-08-03,Evening
5146,U0190,Coursera,Explore,Product review,Commerce,Distractive,43.6,2,Hostel,2025-04-02,Night
5147,U0185,Instagram,DM/Chat,Trending challenge,Entertainment,Distractive,70.3,5,Library,2025-11-06,Night
5148,U0439,TikTok,Watch,Follower count check,Social Media,Distractive,56.9,4,Office,2025-04-03,Morning
5149,U0259,Amazon,Watch,Funny compilation,Entertainment,Distractive,79.8,4,Outdoors,2025-07-23,Evening
5150,U0085,Instagram,Reels/Shorts,Weather update,News,Productive,56.7,3,Outdoors,2025-07-17,Late Night
5151,U0033,Coursera,Notification,Live score,Sports,Distractive,49.1,3,Office,2025-09-23,Night
5152,U0163,Zoom,DM/Chat,Trending hashtags,Social Media,Distractive,3.2,5,Outdoors,2025-05-03,Late Night
5153,U0155,Zoom,Feed,Music video,Entertainment,Distractive,14.9,4,Cafe,2025-10-02,Morning
5154,U0481,YouTube,Notification,Flash deals,Commerce,Distractive,64.4,3,Hostel,2025-04-13,Evening
5155,U0229,Google Classroom,Course Page,Client proposal,Business,Productive,48.5,1,College,2025-02-27,Evening
5156,U0034,WhatsApp,Story,Match highlights,Sports,Distractive,80.1,3,College,2025-07-26,Afternoon
5157,U0150,Udemy,Reels/Shorts,Match highlights,Sports,Distractive,21.9,3,Outdoors,2025-04-12,Morning
5158,U0160,LinkedIn,Explore,Research paper,Education,Productive,26.1,1,College,2025-08-06,Afternoon
5159,U0093,Udemy,Explore,Flash deals,Commerce,Distractive,16.3,3,College,2025-09-15,Afternoon
5160,U0352,Facebook,Watch,Funny compilation,Entertainment,Distractive,45,4,Hostel,2025-08-14,Morning
5161,U0073,Gmail,Reels/Shorts,Live score,Sports,Distractive,57.8,3,Commute,2025-08-24,Late Night
5162,U0029,Snapchat,DM/Chat,DM chat casual,Social Media,Distractive,86.1,5,Office,2025-11-02,Late Night
5163,U0175,Google Classroom,Reels/Shorts,Excel tutorial,Education,Productive,14.1,1,Outdoors,2025-05-03,Evening
5164,U0096,Udemy,Reels/Shorts,Memes,Entertainment,Distractive,86.8,5,Commute,2025-06-11,Late Night
5165,U0223,Amazon,Reels/Shorts,Business news,Business,Productive,27.2,1,Home,2025-08-19,Morning
5166,U0407,Telegram,DM/Chat,Cricket update,Sports,Distractive,74.6,4,College,2025-04-18,Morning
5167,U0083,Amazon,DM/Chat,Discount coupons,Commerce,Distractive,50.3,3,Library,2025-07-24,Evening
5168,U0052,Coursera,Story,Follower count check,Social Media,Distractive,22.8,4,Office,2025-02-15,Morning
5169,U0302,TikTok,Course Page,Freelance work,Business,Productive,20.3,2,College,2025-05-30,Late Night
5170,U0220,YouTube,DM/Chat,DM chat casual,Social Media,Distractive,9.5,5,Outdoors,2025-01-01,Evening
5171,U0157,Snapchat,Feed,Freelance work,Business,Productive,5,1,Cafe,2025-04-21,Evening
5172,U0222,TikTok,Course Page,Like notifications,Social Media,Distractive,55.8,4,Library,2025-08-12,Late Night
5173,U0477,Google Classroom,Watch,Technology news,News,Productive,43.4,3,College,2025-01-16,Night
5174,U0194,Telegram,Course Page,World news,News,Productive,45.9,1,Office,2025-11-21,Morning
5175,U0315,Google Classroom,Search,Math tutorial,Education,Productive,37.3,1,Office,2025-02-09,Morning
5176,U0309,Zoom,DM/Chat,Resume building,Business,Productive,38.9,2,Commute,2025-01-26,Night
5177,U0071,YouTube,DM/Chat,Football clip,Sports,Distractive,45.7,2,Office,2025-03-02,Morning
5178,U0456,Slack,DM/Chat,Research paper,Education,Productive,35.7,1,Home,2025-02-23,Evening
5179,U0386,Google Classroom,Course Page,Skill development,Education,Productive,59.1,2,College,2025-08-11,Late Night
5180,U0350,Coursera,Feed,SQL tutorial,Education,Productive,19.3,1,Home,2025-01-04,Evening
5181,U0214,WhatsApp,DM/Chat,Viral video,Entertainment,Distractive,11.5,4,Cafe,2025-04-19,Afternoon
5182,U0137,Zoom,DM/Chat,Skill development,Education,Productive,12,2,College,2025-03-03,Evening
5183,U0121,Udemy,Reels/Shorts,Story updates,Social Media,Distractive,54.1,4,Home,2025-11-05,Morning
5184,U0294,Udemy,Explore,Product review,Commerce,Distractive,29.2,2,Office,2025-01-10,Evening
5185,U0007,Instagram,Feed,Comedy videos,Entertainment,Distractive,80.2,5,College,2025-08-04,Late Night
5186,U0312,Twitter/X,Explore,Group chat,Communication,Productive,2.1,2,Hostel,2025-05-30,Afternoon
5187,U0212,Zoom,Course Page,Gossip,Entertainment,Distractive,19.5,4,Home,2025-01-02,Late Night
5188,U0092,Twitter/X,Story,Data Science course,Education,Productive,12.9,2,Home,2025-07-03,Afternoon
5189,U0254,Google Classroom,Notification,Like notifications,Social Media,Distractive,49.7,4,Home,2025-06-03,Late Night
5190,U0050,Zoom,Notification,Math tutorial,Education,Productive,53.1,2,Commute,2025-06-15,Evening
5191,U0388,Snapchat,Watch,Flash deals,Commerce,Distractive,3.8,2,Commute,2025-11-23,Night
5192,U0121,Twitter/X,Story,Shorts,Entertainment,Distractive,18.7,4,College,2025-11-17,Morning
5193,U0260,Udemy,Course Page,Work discussion,Communication,Productive,41.5,2,Commute,2025-03-21,Morning
5194,U0017,Zoom,DM/Chat,Like notifications,Social Media,Distractive,54.9,4,Office,2025-10-30,Morning
5195,U0013,Udemy,Notification,Freelance work,Business,Productive,47.7,2,Home,2025-04-09,Night
5196,U0210,Twitter/X,Reels/Shorts,Technology news,News,Productive,10.1,2,Commute,2025-10-10,Late Night
5197,U0412,YouTube,Course Page,Gossip,Entertainment,Distractive,23.4,4,Outdoors,2025-10-10,Morning
5198,U0381,Flipkart,Reels/Shorts,Political news,News,Productive,55.5,1,Home,2025-06-13,Morning
5199,U0496,Coursera,Explore,Conference call,Communication,Productive,5.4,1,Home,2025-01-02,Morning
5200,U0005,LinkedIn,Search,Gossip,Entertainment,Distractive,61.7,5,Cafe,2025-09-17,Morning
5201,U0432,Amazon,Story,Trending challenge,Entertainment,Distractive,79.7,4,Hostel,2025-03-16,Evening
5202,U0278,Zoom,Watch,Like notifications,Social Media,Distractive,10,4,Office,2025-12-06,Late Night
5203,U0302,YouTube,DM/Chat,Live score,Sports,Distractive,59.9,2,College,2025-06-20,Afternoon
5204,U0081,Telegram,Reels/Shorts,Shorts,Entertainment,Distractive,10.9,5,Cafe,2025-09-21,Afternoon
5205,U0064,Amazon,Search,Celebrity,Entertainment,Distractive,83.9,5,Hostel,2025-02-09,Afternoon
5206,U0033,Google Classroom,Notification,Discount coupons,Commerce,Distractive,8.8,3,Home,2025-01-01,Morning
5207,U0173,Coursera,Feed,LinkedIn post,Business,Productive,8.2,1,Outdoors,2025-10-24,Night
5208,U0158,Coursera,Search,Like notifications,Social Media,Distractive,20.7,5,Library,2025-07-18,Late Night
5209,U0012,Google Classroom,Watch,Client call,Communication,Productive,24.2,1,Office,2025-03-31,Late Night
5210,U0189,YouTube,Story,Sports news,Sports,Distractive,88.3,4,Home,2025-06-25,Late Night
5211,U0204,Snapchat,Notification,Excel tutorial,Education,Productive,38.8,2,Hostel,2025-10-06,Afternoon
5212,U0147,Udemy,Search,Freelance work,Business,Productive,6.1,2,Outdoors,2025-04-05,Night
5213,U0173,WhatsApp,Story,Video call,Communication,Productive,44.7,2,College,2025-07-11,Evening
5214,U0321,Flipkart,Story,Conference call,Communication,Productive,10.9,2,Hostel,2025-05-12,Afternoon
5215,U0398,LinkedIn,Course Page,Story updates,Social Media,Distractive,18.6,4,Cafe,2025-03-14,Evening
5216,U0330,YouTube,Search,Match highlights,Sports,Distractive,3,4,Office,2025-11-13,Morning
5217,U0017,Amazon,Reels/Shorts,Match highlights,Sports,Distractive,59.2,3,Library,2025-05-15,Afternoon
5218,U0186,Slack,Reels/Shorts,Trending challenge,Entertainment,Distractive,88.9,5,Library,2025-02-24,Evening
5219,U0113,Coursera,Feed,Online sale,Commerce,Distractive,20.5,3,Office,2025-05-24,Morning
5220,U0095,LinkedIn,DM/Chat,Python tutorial,Education,Productive,4.9,1,Hostel,2025-06-04,Evening
5221,U0340,Gmail,Course Page,Client call,Communication,Productive,30.6,1,Home,2025-07-10,Evening
5222,U0380,Udemy,Course Page,LinkedIn post,Business,Productive,2.4,1,Office,2025-08-07,Morning
5223,U0344,Udemy,Notification,Funny compilation,Entertainment,Distractive,84.4,5,Office,2025-06-29,Night
5224,U0403,WhatsApp,Reels/Shorts,Wishlist browsing,Commerce,Distractive,19.8,3,Home,2025-08-18,Night
5225,U0211,Snapchat,Course Page,Web series clip,Entertainment,Distractive,63.9,5,Library,2025-04-22,Late Night
5226,U0025,LinkedIn,Reels/Shorts,Machine Learning,Education,Productive,37.3,2,Cafe,2025-09-13,Evening
5227,U0073,YouTube,Reels/Shorts,Story updates,Social Media,Distractive,6.9,4,Outdoors,2025-01-05,Evening
5228,U0044,Coursera,DM/Chat,LinkedIn post,Business,Productive,39.3,2,Office,2025-04-18,Late Night
5229,U0379,LinkedIn,Explore,Prank videos,Entertainment,Distractive,80.7,4,College,2025-08-09,Night
5230,U0058,Google Classroom,Explore,Sports news,Sports,Distractive,52.8,4,Home,2025-09-07,Morning
5231,U0299,LinkedIn,Story,Influencer content,Social Media,Distractive,45,4,Outdoors,2025-03-07,Afternoon
5232,U0206,LinkedIn,Story,Research paper,Education,Productive,39.2,2,Hostel,2025-01-06,Afternoon
5233,U0276,TikTok,Search,Memes,Entertainment,Distractive,65.4,4,Cafe,2025-06-23,Late Night
5234,U0255,Gmail,Reels/Shorts,Web series clip,Entertainment,Distractive,73.3,4,Outdoors,2025-11-28,Late Night
5235,U0133,Flipkart,Course Page,Endless scrolling,Social Media,Distractive,56.8,4,College,2025-09-12,Late Night
5236,U0131,YouTube,Search,Music video,Entertainment,Distractive,66.3,4,Cafe,2025-09-18,Late Night
5237,U0220,Coursera,Course Page,Resume building,Business,Productive,36.8,2,Library,2025-07-27,Night
5238,U0270,TikTok,Course Page,History lecture,Education,Productive,7.9,2,College,2025-07-28,Morning
5239,U0302,Gmail,DM/Chat,LinkedIn post,Business,Productive,18.5,2,Outdoors,2025-08-26,Evening
5240,U0329,Flipkart,Search,Fashion trends,Commerce,Distractive,42.2,3,Library,2025-12-21,Afternoon
5241,U0406,Amazon,Explore,Colleague message,Communication,Productive,30.2,1,Cafe,2025-03-03,Afternoon
5242,U0402,Amazon,Course Page,Random scrolling,Social Media,Distractive,54.1,5,Home,2025-08-24,Late Night
5243,U0014,YouTube,Watch,Physics lecture,Education,Productive,38.2,2,Commute,2025-06-22,Afternoon
5244,U0242,Twitter/X,Reels/Shorts,Exam preparation,Education,Productive,46.8,2,Cafe,2025-02-23,Afternoon
5245,U0354,LinkedIn,Search,Freelance work,Business,Productive,34.9,1,Commute,2025-07-15,Night
5246,U0256,Flipkart,Story,Resume building,Business,Productive,21.2,1,Office,2025-06-17,Morning
5247,U0389,Flipkart,Explore,Sports news,Sports,Distractive,29.5,4,Hostel,2025-06-07,Afternoon
5248,U0095,Google Classroom,Search,Comedy videos,Entertainment,Distractive,46,5,Office,2025-03-20,Morning
5249,U0083,WhatsApp,Feed,Stock market,Business,Productive,25.7,2,Hostel,2025-01-22,Night
5250,U0319,YouTube,Reels/Shorts,Product review,Commerce,Distractive,65.5,2,Outdoors,2025-08-03,Morning
5251,U0083,Gmail,Search,Fashion trends,Commerce,Distractive,34.3,2,Home,2025-10-21,Afternoon
5252,U0217,TikTok,DM/Chat,Family chat,Communication,Productive,47.6,2,Home,2025-07-11,Morning
5253,U0130,TikTok,Reels/Shorts,Endless scrolling,Social Media,Distractive,60.9,5,Commute,2025-10-04,Late Night
5254,U0464,Twitter/X,Explore,Gossip,Entertainment,Distractive,23.3,4,Cafe,2025-02-06,Morning
5255,U0153,YouTube,Notification,Machine Learning,Education,Productive,34.6,1,Outdoors,2025-07-26,Morning
5256,U0162,Coursera,Search,Web development course,Education,Productive,6.7,1,Commute,2025-03-03,Night
5257,U0268,Udemy,Search,Family chat,Communication,Productive,53.5,2,Hostel,2025-01-15,Evening
5258,U0092,WhatsApp,Watch,Product review,Commerce,Distractive,61.4,2,Library,2025-05-19,Afternoon
5259,U0087,Google Classroom,DM/Chat,Physics lecture,Education,Productive,5.6,1,Home,2025-08-22,Night
5260,U0478,Zoom,Story,Networking,Business,Productive,54.8,2,Library,2025-07-24,Night
5261,U0342,YouTube,Reels/Shorts,Movie clips,Entertainment,Distractive,44.3,5,Hostel,2025-12-20,Night
5262,U0335,Slack,Feed,Match highlights,Sports,Distractive,11.5,4,College,2025-04-16,Morning
5263,U0239,Twitter/X,Notification,Story updates,Social Media,Distractive,20.8,4,Office,2025-03-17,Afternoon
5264,U0323,Zoom,Watch,Sports news,Sports,Distractive,71.8,2,Home,2025-07-23,Afternoon
5265,U0475,TikTok,Notification,Resume building,Business,Productive,15.8,2,Home,2025-05-23,Morning
5266,U0300,TikTok,Story,Project management,Business,Productive,20.2,1,Cafe,2025-03-08,Night
5267,U0040,Udemy,Feed,Breaking news,News,Productive,8.8,3,Cafe,2025-12-10,Night
5268,U0495,Google Classroom,Course Page,Flash deals,Commerce,Distractive,60.6,2,College,2025-01-26,Afternoon
5269,U0251,Zoom,Watch,Wishlist browsing,Commerce,Distractive,8.3,3,Home,2025-05-16,Afternoon
5270,U0106,Telegram,Course Page,Live score,Sports,Distractive,83.3,2,Home,2025-06-19,Morning
5271,U0396,Coursera,Course Page,Like notifications,Social Media,Distractive,73.8,4,Cafe,2025-07-23,Evening
5272,U0300,Google Classroom,Notification,Like notifications,Social Media,Distractive,68.6,4,Commute,2025-02-14,Morning
5273,U0249,TikTok,DM/Chat,SQL tutorial,Education,Productive,11.4,2,Office,2025-12-11,Night
5274,U0365,Udemy,Notification,Group chat,Communication,Productive,20.9,1,Office,2025-06-27,Late Night
5275,U0067,Snapchat,Reels/Shorts,Investment tips,Business,Productive,24.9,2,Cafe,2025-03-13,Afternoon
5276,U0045,Zoom,Reels/Shorts,Freelance work,Business,Productive,33.6,1,Commute,2025-09-02,Night
5277,U0460,Udemy,Search,Cricket update,Sports,Distractive,15.2,3,Cafe,2025-07-06,Late Night
5278,U0025,Instagram,Course Page,Technology news,News,Productive,35.5,2,Library,2025-05-01,Evening
5279,U0094,Udemy,Notification,Local news,News,Productive,13.9,1,College,2025-06-30,Late Night
5280,U0190,TikTok,Notification,Fashion trends,Commerce,Distractive,3.1,3,Home,2025-09-04,Late Night
5281,U0007,YouTube,Feed,Product review,Commerce,Distractive,5.4,2,Office,2025-09-06,Evening
5282,U0287,Instagram,Watch,Local news,News,Productive,28.8,2,Home,2025-11-13,Afternoon
5283,U0148,Gmail,Reels/Shorts,Language learning,Education,Productive,16.6,1,College,2025-04-21,Night
5284,U0319,Coursera,Search,Match highlights,Sports,Distractive,57.1,3,Hostel,2025-12-27,Late Night
5285,U0374,Snapchat,Course Page,Trending challenge,Entertainment,Distractive,74.3,5,Office,2025-11-09,Afternoon
5286,U0090,Slack,DM/Chat,Technology news,News,Productive,9.3,3,Cafe,2025-01-16,Night
5287,U0014,Slack,Reels/Shorts,Family chat,Communication,Productive,38.2,2,Hostel,2025-02-08,Late Night
5288,U0225,Zoom,Feed,Excel tutorial,Education,Productive,37.9,1,Library,2025-07-21,Afternoon
5289,U0070,Amazon,Search,Resume building,Business,Productive,12,2,Commute,2025-11-05,Evening
5290,U0179,Facebook,Course Page,Fashion trends,Commerce,Distractive,17,2,Office,2025-02-22,Evening
5291,U0478,YouTube,Reels/Shorts,Breaking news,News,Productive,24.1,2,Library,2025-04-06,Late Night
5292,U0217,LinkedIn,Reels/Shorts,Sports news,Sports,Distractive,63.7,3,Hostel,2025-06-23,Morning
5293,U0103,Snapchat,Watch,Competitive exam tips,Education,Productive,50.2,2,Commute,2025-02-24,Afternoon
5294,U0208,Amazon,Course Page,Fashion trends,Commerce,Distractive,29.8,2,Office,2025-11-25,Late Night
5295,U0109,Udemy,Reels/Shorts,Wishlist browsing,Commerce,Distractive,87.9,3,College,2025-09-20,Morning
5296,U0276,Gmail,Search,Investment tips,Business,Productive,12.4,1,College,2025-10-26,Morning
5297,U0356,Flipkart,Feed,Web series clip,Entertainment,Distractive,70,5,Library,2025-08-10,Late Night
5298,U0317,Gmail,Explore,Influencer content,Social Media,Distractive,58.7,5,Commute,2025-07-01,Late Night
5299,U0194,Telegram,Course Page,Family chat,Communication,Productive,25,2,Office,2025-03-12,Afternoon
5300,U0455,LinkedIn,Watch,Dance videos,Entertainment,Distractive,21.9,5,Home,2025-05-18,Afternoon
5301,U0240,LinkedIn,Explore,Memes,Entertainment,Distractive,14.8,5,Library,2025-03-03,Night
5302,U0068,Zoom,Search,Sports news,Sports,Distractive,17.1,4,College,2025-04-06,Evening
5303,U0228,Twitter/X,Notification,Family chat,Communication,Productive,6.5,2,Home,2025-04-30,Evening
5304,U0277,Amazon,Reels/Shorts,Current affairs,News,Productive,2.8,2,Office,2025-10-30,Evening
5305,U0243,Amazon,Feed,Local news,News,Productive,30.9,3,Library,2025-05-01,Afternoon
5306,U0163,Amazon,DM/Chat,Video call,Communication,Productive,44.4,2,Commute,2025-02-14,Afternoon
5307,U0345,Google Classroom,DM/Chat,Wishlist browsing,Commerce,Distractive,6.8,2,Outdoors,2025-02-09,Late Night
5308,U0447,Twitter/X,Story,Work discussion,Communication,Productive,16.4,1,College,2025-12-26,Evening
5309,U0279,Slack,Search,Comedy videos,Entertainment,Distractive,29.8,4,College,2025-09-06,Night
5310,U0462,YouTube,Explore,LinkedIn post,Business,Productive,55.5,1,Office,2025-10-19,Late Night
5311,U0346,Snapchat,Notification,Trending challenge,Entertainment,Distractive,83.9,4,Commute,2025-08-24,Morning
5312,U0306,Slack,Reels/Shorts,Flash deals,Commerce,Distractive,39,2,Office,2025-07-09,Evening
5313,U0112,Amazon,DM/Chat,Current affairs,News,Productive,44,2,Commute,2025-02-21,Afternoon
5314,U0052,Telegram,Course Page,Shopping,Commerce,Distractive,62.6,2,Hostel,2025-02-11,Night
5315,U0248,Amazon,Watch,Discount coupons,Commerce,Distractive,22.4,2,Outdoors,2025-12-16,Morning
5316,U0214,WhatsApp,Search,Technology news,News,Productive,30.4,2,Cafe,2025-09-05,Morning
5317,U0319,Snapchat,Reels/Shorts,Trending hashtags,Social Media,Distractive,41.4,4,Cafe,2025-01-01,Night
5318,U0284,Telegram,Course Page,Match highlights,Sports,Distractive,88.7,4,Home,2025-05-20,Morning
5319,U0161,WhatsApp,Reels/Shorts,Online sale,Commerce,Distractive,58.4,2,Outdoors,2025-10-10,Night
5320,U0327,Udemy,Watch,Wishlist browsing,Commerce,Distractive,2.3,3,College,2025-11-08,Afternoon
5321,U0201,LinkedIn,Course Page,Follower count check,Social Media,Distractive,87.7,4,Commute,2025-01-01,Evening
5322,U0309,Google Classroom,DM/Chat,Work discussion,Communication,Productive,32.9,1,Cafe,2025-01-26,Afternoon
5323,U0324,Udemy,Story,Match highlights,Sports,Distractive,26,3,Outdoors,2025-08-03,Late Night
5324,U0201,WhatsApp,Watch,Interview preparation,Education,Productive,8.6,2,Home,2025-11-12,Evening
5325,U0387,YouTube,DM/Chat,Technology news,News,Productive,31.1,3,Commute,2025-03-24,Late Night
5326,U0111,Twitter/X,Search,Job search,Business,Productive,37.4,1,Hostel,2025-09-06,Late Night
5327,U0127,Flipkart,Reels/Shorts,Comedy videos,Entertainment,Distractive,78.6,5,Outdoors,2025-08-27,Night
5328,U0355,Facebook,Story,Like notifications,Social Media,Distractive,64.4,4,Cafe,2025-04-27,Night
5329,U0416,TikTok,Search,Online sale,Commerce,Distractive,45.7,3,College,2025-02-09,Night
5330,U0311,Twitter/X,Story,Work discussion,Communication,Productive,36.2,2,Commute,2025-06-27,Afternoon
5331,U0276,Telegram,Notification,Gossip,Entertainment,Distractive,55.8,4,Office,2025-11-07,Evening
5332,U0063,Gmail,Search,Online sale,Commerce,Distractive,47.3,2,Commute,2025-12-22,Evening
5333,U0467,Google Classroom,DM/Chat,Football clip,Sports,Distractive,8.6,2,College,2025-05-15,Afternoon
5334,U0160,Google Classroom,Feed,Voice message,Communication,Productive,35.2,2,Outdoors,2025-07-19,Afternoon
5335,U0382,Udemy,Watch,Market analysis,Business,Productive,2.9,2,Home,2025-07-09,Afternoon
5336,U0479,Twitter/X,Story,Cricket update,Sports,Distractive,23.4,2,Outdoors,2025-08-09,Night
5337,U0203,Gmail,Course Page,Current affairs,News,Productive,19.9,2,Home,2025-10-26,Morning
5338,U0053,Instagram,Course Page,Influencer content,Social Media,Distractive,16.1,5,Library,2025-05-24,Night
5339,U0072,LinkedIn,Reels/Shorts,Endless scrolling,Social Media,Distractive,45.4,5,Office,2025-10-16,Afternoon
5340,U0003,Amazon,Reels/Shorts,Interview preparation,Education,Productive,45.7,1,Library,2025-11-13,Morning
5341,U0132,YouTube,Reels/Shorts,Startup news,Business,Productive,47.2,2,College,2025-06-05,Night
5342,U0247,YouTube,Story,Match highlights,Sports,Distractive,89.9,4,Commute,2025-03-06,Afternoon
5343,U0360,Instagram,Watch,Local news,News,Productive,37.2,3,Outdoors,2025-06-26,Night
5344,U0108,Google Classroom,Watch,Trending challenge,Entertainment,Distractive,13.1,5,Hostel,2025-04-29,Afternoon
5345,U0288,Google Classroom,Explore,World news,News,Productive,21.2,3,Home,2025-04-17,Evening
5346,U0407,Facebook,Watch,World news,News,Productive,6.3,1,Home,2025-03-02,Night
5347,U0495,Zoom,Feed,SQL tutorial,Education,Productive,12.9,2,Library,2025-05-29,Morning
5348,U0491,Twitter/X,DM/Chat,Cricket update,Sports,Distractive,26.3,4,Library,2025-12-29,Morning
5349,U0344,Facebook,Reels/Shorts,Live score,Sports,Distractive,56.7,4,Office,2025-02-17,Night
5350,U0059,Snapchat,DM/Chat,Web development course,Education,Productive,5,1,Hostel,2025-08-25,Late Night
5351,U0124,YouTube,Search,Colleague message,Communication,Productive,55.6,1,Library,2025-10-05,Late Night
5352,U0452,Instagram,Search,Flash deals,Commerce,Distractive,72,3,Commute,2025-08-19,Late Night
5353,U0336,Telegram,Watch,Trending hashtags,Social Media,Distractive,25.1,5,College,2025-02-05,Late Night
5354,U0360,Gmail,Search,Political news,News,Productive,31.9,2,Library,2025-10-31,Late Night
5355,U0030,Instagram,Search,Online sale,Commerce,Distractive,21.6,3,Cafe,2025-11-15,Afternoon
5356,U0308,Flipkart,Reels/Shorts,Current affairs,News,Productive,16.4,2,Home,2025-11-07,Morning
5357,U0315,Udemy,Search,Research paper,Education,Productive,31.8,2,Hostel,2025-11-12,Afternoon
5358,U0110,Instagram,Explore,Trending hashtags,Social Media,Distractive,76.7,4,Outdoors,2025-04-26,Afternoon
5359,U0440,Amazon,DM/Chat,Client proposal,Business,Productive,56.9,2,Cafe,2025-10-04,Morning
5360,U0186,TikTok,Explore,LinkedIn post,Business,Productive,31.7,2,Office,2025-05-01,Late Night
5361,U0348,Instagram,Reels/Shorts,Follower count check,Social Media,Distractive,1.1,4,College,2025-11-21,Evening
5362,U0030,Google Classroom,Course Page,Dance videos,Entertainment,Distractive,53.9,5,Home,2025-08-17,Evening
5363,U0234,Instagram,DM/Chat,Influencer content,Social Media,Distractive,61.4,5,Office,2025-02-22,Night
5364,U0014,Flipkart,Watch,Endless scrolling,Social Media,Distractive,67.6,4,Library,2025-10-21,Morning
5365,U0068,Zoom,Reels/Shorts,Breaking news,News,Productive,43.7,1,Library,2025-11-24,Night
5366,U0453,Gmail,Search,Video call,Communication,Productive,36.1,1,Outdoors,2025-06-17,Evening
5367,U0219,Twitter/X,Course Page,Email,Communication,Productive,4.3,2,Home,2025-09-10,Late Night
5368,U0220,Instagram,Search,Breaking news,News,Productive,10.3,3,College,2025-08-28,Night
5369,U0437,LinkedIn,Search,Discount coupons,Commerce,Distractive,44.5,2,Hostel,2025-03-24,Morning
5370,U0204,Flipkart,Story,Breaking news,News,Productive,34.1,2,Commute,2025-07-23,Evening
5371,U0385,Amazon,Feed,Business news,Business,Productive,35.4,1,Cafe,2025-06-02,Morning
5372,U0465,Twitter/X,Course Page,TV show clip,Entertainment,Distractive,39.1,5,Library,2025-08-20,Late Night
5373,U0224,Google Classroom,Notification,Freelance work,Business,Productive,21.9,2,Hostel,2025-06-09,Night
5374,U0288,Amazon,Course Page,Flash deals,Commerce,Distractive,44.3,3,Home,2025-06-14,Morning
5375,U0035,YouTube,Explore,Discount coupons,Commerce,Distractive,42.3,3,Hostel,2025-05-24,Evening
5376,U0234,Amazon,Search,Voice message,Communication,Productive,52.5,1,Commute,2025-07-31,Late Night
5377,U0024,Telegram,Watch,History lecture,Education,Productive,23.3,1,Outdoors,2025-11-13,Evening
5378,U0361,Telegram,Feed,History lecture,Education,Productive,41.9,2,Hostel,2025-04-23,Late Night
5379,U0001,YouTube,Watch,Market analysis,Business,Productive,7,2,Office,2025-08-26,Evening
5380,U0007,Snapchat,Story,Stock market,Business,Productive,11.3,1,Office,2025-04-25,Late Night
5381,U0125,Zoom,Explore,Startup news,Business,Productive,58.8,2,Office,2025-09-10,Night
5382,U0162,Slack,Course Page,Influencer content,Social Media,Distractive,24.5,5,Outdoors,2025-11-19,Morning
5383,U0115,Zoom,Story,Email,Communication,Productive,45.5,2,Library,2025-10-07,Evening
5384,U0473,Google Classroom,Reels/Shorts,Political news,News,Productive,26.6,3,Commute,2025-04-25,Evening
5385,U0034,Udemy,Story,Story updates,Social Media,Distractive,8,4,Home,2025-10-20,Morning
5386,U0458,Gmail,DM/Chat,Project update,Communication,Productive,46.2,2,College,2025-02-10,Evening
5387,U0343,Telegram,Feed,Online sale,Commerce,Distractive,51.2,2,College,2025-01-28,Evening
5388,U0032,TikTok,Reels/Shorts,History lecture,Education,Productive,37.5,2,Outdoors,2025-11-29,Evening
5389,U0377,Flipkart,Notification,Skill development,Education,Productive,13.3,2,Cafe,2025-07-03,Late Night
5390,U0096,Instagram,Watch,Movie clips,Entertainment,Distractive,15.5,4,Cafe,2025-02-15,Late Night
5391,U0018,YouTube,Course Page,Product review,Commerce,Distractive,49.7,3,Office,2025-06-16,Evening
5392,U0428,Amazon,Reels/Shorts,Random scrolling,Social Media,Distractive,55,4,Library,2025-08-23,Evening
5393,U0048,Gmail,Explore,Cricket update,Sports,Distractive,59.5,2,Home,2025-12-16,Night
5394,U0135,LinkedIn,DM/Chat,Flash deals,Commerce,Distractive,68.7,3,College,2025-03-29,Late Night
5395,U0249,Amazon,Story,Technology news,News,Productive,35.7,3,Commute,2025-10-03,Afternoon
5396,U0421,Telegram,Search,Live score,Sports,Distractive,79.9,4,Hostel,2025-11-03,Morning
5397,U0064,Instagram,Explore,Like notifications,Social Media,Distractive,79.9,5,Office,2025-09-12,Night
5398,U0391,Coursera,Story,Python tutorial,Education,Productive,49,1,Office,2025-01-14,Late Night
5399,U0308,LinkedIn,Story,Gossip,Entertainment,Distractive,85.7,5,Outdoors,2025-04-16,Evening
5400,U0356,Telegram,DM/Chat,Comedy videos,Entertainment,Distractive,19.2,5,Commute,2025-10-18,Late Night
5401,U0265,Udemy,Notification,Reels,Entertainment,Distractive,45.3,4,Home,2025-02-27,Late Night
5402,U0450,LinkedIn,DM/Chat,Colleague message,Communication,Productive,14.8,1,Outdoors,2025-11-09,Evening
5403,U0007,LinkedIn,Watch,Job search,Business,Productive,14.9,1,Cafe,2025-02-11,Night
5404,U0382,Udemy,Notification,Live score,Sports,Distractive,44.2,2,Hostel,2025-05-03,Afternoon
5405,U0089,YouTube,Notification,Football clip,Sports,Distractive,65.5,4,Library,2025-12-12,Afternoon
5406,U0442,Snapchat,Feed,Chemistry notes,Education,Productive,19,1,Cafe,2025-12-04,Afternoon
5407,U0244,Slack,Notification,Influencer content,Social Media,Distractive,9.7,5,Cafe,2025-10-28,Evening
5408,U0262,Facebook,Story,Video call,Communication,Productive,59.5,2,Home,2025-01-08,Afternoon
5409,U0437,Zoom,Reels/Shorts,Movie clips,Entertainment,Distractive,45.4,4,College,2025-10-04,Afternoon
5410,U0430,Udemy,Watch,Team meeting,Communication,Productive,13.4,2,Home,2025-04-25,Morning
5411,U0267,Amazon,Reels/Shorts,DM chat casual,Social Media,Distractive,45.3,4,Library,2025-05-06,Evening
5412,U0439,Slack,Search,Team meeting,Communication,Productive,45.8,2,Home,2025-02-11,Evening
5413,U0042,Telegram,Notification,Startup news,Business,Productive,22.7,2,Cafe,2025-07-26,Afternoon
5414,U0484,Instagram,Feed,Work discussion,Communication,Productive,25.6,2,Home,2025-09-21,Afternoon
5415,U0369,Instagram,Course Page,Email,Communication,Productive,50.5,2,Hostel,2025-08-10,Evening
5416,U0325,Facebook,Search,Trending hashtags,Social Media,Distractive,11.3,5,Library,2025-06-20,Morning
5417,U0168,Zoom,Watch,Group chat,Communication,Productive,55.5,1,Hostel,2025-10-05,Late Night
5418,U0343,WhatsApp,Notification,Interview preparation,Education,Productive,17.8,1,Cafe,2025-07-02,Evening
5419,U0148,Flipkart,Watch,Funny compilation,Entertainment,Distractive,42.5,4,Office,2025-12-04,Morning
5420,U0292,Facebook,Reels/Shorts,Sports news,Sports,Distractive,40.9,3,Commute,2025-07-30,Afternoon
5421,U0157,TikTok,Story,Gaming,Entertainment,Distractive,10,5,Cafe,2025-06-04,Evening
5422,U0163,Udemy,Watch,Wishlist browsing,Commerce,Distractive,47,3,Cafe,2025-06-12,Afternoon
5423,U0118,Google Classroom,Explore,LinkedIn post,Business,Productive,19.8,2,Home,2025-10-14,Late Night
5424,U0122,WhatsApp,Course Page,Math tutorial,Education,Productive,55.8,1,Cafe,2025-03-21,Morning
5425,U0250,Udemy,Story,Team meeting,Communication,Productive,16.4,2,Library,2025-11-12,Afternoon
5426,U0132,Gmail,Reels/Shorts,Cricket update,Sports,Distractive,89.9,2,Cafe,2025-03-19,Afternoon
5427,U0096,Instagram,DM/Chat,Email,Communication,Productive,51.3,2,Library,2025-05-21,Morning
5428,U0228,Snapchat,DM/Chat,TV show clip,Entertainment,Distractive,87.7,4,Outdoors,2025-03-16,Morning
5429,U0439,Flipkart,DM/Chat,Reels,Entertainment,Distractive,74.3,5,Home,2025-12-12,Morning
5430,U0116,Coursera,Notification,Online sale,Commerce,Distractive,60.1,2,Outdoors,2025-08-22,Afternoon
5431,U0188,Instagram,Notification,Story updates,Social Media,Distractive,31.4,4,Library,2025-11-24,Night
5432,U0373,Coursera,Search,Story updates,Social Media,Distractive,85.3,5,Cafe,2025-07-09,Morning
5433,U0467,Slack,Notification,Competitive exam tips,Education,Productive,58.4,2,College,2025-09-28,Morning
5434,U0400,Snapchat,Notification,Family chat,Communication,Productive,8.1,2,Library,2025-05-27,Afternoon
5435,U0416,Twitter/X,DM/Chat,Web development course,Education,Productive,39.8,2,Commute,2025-06-23,Afternoon
5436,U0139,Google Classroom,Course Page,Comedy videos,Entertainment,Distractive,64.4,4,Outdoors,2025-03-07,Morning
5437,U0444,Snapchat,Watch,Interview preparation,Education,Productive,9.8,1,Library,2025-11-17,Morning
5438,U0151,Gmail,DM/Chat,Excel tutorial,Education,Productive,7.6,1,Library,2025-04-24,Afternoon
5439,U0246,Slack,Course Page,Current affairs,News,Productive,46.1,3,Office,2025-06-06,Evening
5440,U0188,Instagram,Course Page,World news,News,Productive,8,3,Office,2025-02-12,Afternoon
5441,U0258,Telegram,Reels/Shorts,Football clip,Sports,Distractive,5.4,4,Cafe,2025-02-27,Late Night
5442,U0226,Zoom,Watch,Client proposal,Business,Productive,39.4,1,Commute,2025-04-01,Morning
5443,U0479,Flipkart,Search,Flash deals,Commerce,Distractive,73.6,2,Library,2025-02-13,Morning
5444,U0451,Flipkart,Reels/Shorts,Cricket update,Sports,Distractive,38.9,4,Commute,2025-01-29,Morning
5445,U0200,Zoom,Watch,Machine Learning,Education,Productive,58.4,2,Office,2025-08-27,Night
5446,U0048,Coursera,Reels/Shorts,Data Science course,Education,Productive,23.9,1,Commute,2025-08-30,Evening
5447,U0123,Twitter/X,Explore,Machine Learning,Education,Productive,51.8,1,Commute,2025-08-30,Evening
5448,U0138,Zoom,Course Page,Match highlights,Sports,Distractive,87.5,4,College,2025-12-21,Late Night
5449,U0413,Coursera,Feed,Influencer content,Social Media,Distractive,83.4,5,College,2025-03-31,Late Night
5450,U0423,Twitter/X,Explore,Conference call,Communication,Productive,12.4,1,Outdoors,2025-03-10,Evening
5451,U0079,Slack,Feed,Group chat,Communication,Productive,44.9,1,Library,2025-02-14,Morning
5452,U0286,Gmail,Feed,Online sale,Commerce,Distractive,33.3,2,Hostel,2025-08-21,Evening
5453,U0173,Snapchat,Search,Investment tips,Business,Productive,35,2,Commute,2025-05-25,Night
5454,U0182,Coursera,Reels/Shorts,TV show clip,Entertainment,Distractive,39.5,5,College,2025-06-02,Evening
5455,U0226,Amazon,DM/Chat,Research paper,Education,Productive,21.9,2,Cafe,2025-03-23,Afternoon
5456,U0467,Telegram,Course Page,Resume building,Business,Productive,52.1,2,Office,2025-03-27,Night
5457,U0385,Udemy,Watch,Cricket update,Sports,Distractive,58.3,2,Home,2025-05-23,Evening
5458,U0134,Google Classroom,Search,Story updates,Social Media,Distractive,62.6,4,Commute,2025-11-02,Night
5459,U0043,Gmail,Notification,Freelance work,Business,Productive,4.1,2,Cafe,2025-04-28,Night
5460,U0220,Google Classroom,Notification,Shopping,Commerce,Distractive,56.4,2,Library,2025-02-05,Morning
5461,U0050,TikTok,Story,Data Science course,Education,Productive,14.8,2,Commute,2025-04-05,Morning
5462,U0110,Zoom,Feed,Random scrolling,Social Media,Distractive,9.3,4,Home,2025-12-13,Evening
5463,U0124,Slack,Explore,Football clip,Sports,Distractive,75.6,2,Home,2025-09-29,Late Night
5464,U0230,Slack,DM/Chat,Follower count check,Social Media,Distractive,39,5,Commute,2025-05-15,Late Night
5465,U0332,Zoom,Search,DM chat casual,Social Media,Distractive,32.1,5,Cafe,2025-03-24,Late Night
5466,U0264,TikTok,Notification,History lecture,Education,Productive,10.9,1,Outdoors,2025-06-17,Night
5467,U0391,YouTube,Course Page,TV show clip,Entertainment,Distractive,47.5,5,Hostel,2025-09-04,Afternoon
5468,U0494,Slack,Reels/Shorts,Trending hashtags,Social Media,Distractive,30.7,4,Home,2025-10-06,Night
5469,U0412,Zoom,Story,Football clip,Sports,Distractive,10.6,4,Library,2025-12-14,Afternoon
5470,U0461,WhatsApp,Search,Viral video,Entertainment,Distractive,42.3,5,Office,2025-04-21,Night
5471,U0038,Facebook,Story,Video call,Communication,Productive,52.2,1,Hostel,2025-04-08,Evening
5472,U0368,YouTube,Story,Sports news,Sports,Distractive,19.1,3,Office,2025-01-22,Late Night
5473,U0405,Coursera,Feed,Technology news,News,Productive,4.8,1,Cafe,2025-07-28,Evening
5474,U0253,Snapchat,Watch,Family chat,Communication,Productive,5.2,2,Home,2025-04-19,Night
5475,U0492,Coursera,Search,Endless scrolling,Social Media,Distractive,64.1,5,Cafe,2025-01-21,Morning
5476,U0236,Twitter/X,Feed,Project update,Communication,Productive,45.3,1,Outdoors,2025-01-15,Late Night
5477,U0244,Telegram,Course Page,Conference call,Communication,Productive,35.9,2,Outdoors,2025-09-01,Afternoon
5478,U0212,Telegram,Search,Local news,News,Productive,27.4,1,Office,2025-09-09,Evening
5479,U0027,Instagram,Explore,Exam preparation,Education,Productive,38.6,1,Outdoors,2025-08-29,Evening
5480,U0196,YouTube,Reels/Shorts,Excel tutorial,Education,Productive,31.3,2,Office,2025-07-09,Night
5481,U0021,TikTok,Reels/Shorts,Conference call,Communication,Productive,1.2,1,Commute,2025-05-05,Night
5482,U0372,Instagram,Reels/Shorts,Physics lecture,Education,Productive,1.4,1,Office,2025-03-13,Afternoon
5483,U0390,Twitter/X,Feed,Email,Communication,Productive,19.8,2,Home,2025-03-04,Morning
5484,U0316,Zoom,Reels/Shorts,Work discussion,Communication,Productive,1.3,1,Hostel,2025-08-26,Night
5485,U0118,LinkedIn,Watch,Live score,Sports,Distractive,55.6,2,College,2025-02-11,Night
5486,U0467,Facebook,Story,Market analysis,Business,Productive,7.6,1,Hostel,2025-05-12,Afternoon
5487,U0445,Telegram,Course Page,Like notifications,Social Media,Distractive,14,4,College,2025-09-06,Morning
5488,U0473,Google Classroom,Explore,Freelance work,Business,Productive,19.7,2,Home,2025-03-22,Evening
5489,U0026,Slack,Search,LinkedIn post,Business,Productive,55,1,Cafe,2025-11-22,Late Night
5490,U0496,Amazon,Feed,DM chat casual,Social Media,Distractive,88.5,5,Office,2025-05-31,Afternoon
5491,U0338,Twitter/X,DM/Chat,Memes,Entertainment,Distractive,86.9,5,Office,2025-04-27,Morning
5492,U0079,Slack,Course Page,Sports news,Sports,Distractive,45.3,3,College,2025-12-18,Afternoon
5493,U0055,TikTok,Reels/Shorts,Coding practice,Education,Productive,41.7,1,Office,2025-01-08,Afternoon
5494,U0382,Gmail,Watch,Fashion trends,Commerce,Distractive,28.3,3,Office,2025-04-02,Late Night
5495,U0222,Udemy,DM/Chat,Football clip,Sports,Distractive,55.7,2,Home,2025-06-03,Late Night
5496,U0291,TikTok,Explore,Current affairs,News,Productive,24.1,3,Outdoors,2025-08-12,Afternoon
5497,U0132,Telegram,Watch,Shopping,Commerce,Distractive,76.1,2,College,2025-11-23,Morning
5498,U0435,Google Classroom,Story,Live score,Sports,Distractive,78,3,Commute,2025-11-23,Late Night
5499,U0057,Flipkart,Course Page,Dance videos,Entertainment,Distractive,42.1,5,College,2025-05-06,Night
5500,U0267,Snapchat,Course Page,Trending hashtags,Social Media,Distractive,45.7,5,Library,2025-11-22,Afternoon
5501,U0388,Snapchat,Course Page,Match highlights,Sports,Distractive,69.3,2,Hostel,2025-06-14,Evening
5502,U0332,Google Classroom,Watch,Memes,Entertainment,Distractive,88.3,5,Cafe,2025-06-25,Evening
5503,U0213,Instagram,Search,Research paper,Education,Productive,38.9,1,Cafe,2025-04-30,Night
5504,U0128,Twitter/X,Notification,Random scrolling,Social Media,Distractive,89.1,5,Office,2025-04-21,Afternoon
5505,U0307,Twitter/X,Story,Trending challenge,Entertainment,Distractive,35.5,4,Office,2025-03-09,Late Night
5506,U0499,Udemy,Story,Discount coupons,Commerce,Distractive,28,3,Office,2025-12-07,Morning
5507,U0038,Instagram,Reels/Shorts,World news,News,Productive,12.9,3,Outdoors,2025-11-24,Night
5508,U0474,Udemy,Feed,Voice message,Communication,Productive,6.9,2,Cafe,2025-02-15,Morning
5509,U0140,TikTok,Search,Voice message,Communication,Productive,13.5,1,Commute,2025-05-05,Late Night
5510,U0296,LinkedIn,Story,Market analysis,Business,Productive,33.2,1,Hostel,2025-06-22,Morning
5511,U0062,Gmail,Story,Work discussion,Communication,Productive,2.3,1,Outdoors,2025-11-07,Afternoon
5512,U0008,WhatsApp,Feed,Influencer content,Social Media,Distractive,3.7,4,Cafe,2025-05-31,Afternoon
5513,U0172,Udemy,DM/Chat,Coding practice,Education,Productive,9.2,2,Home,2025-12-13,Night
5514,U0428,Facebook,Course Page,Flash deals,Commerce,Distractive,58.2,3,Library,2025-10-11,Morning
5515,U0045,Snapchat,Explore,Project management,Business,Productive,48.8,1,Hostel,2025-04-26,Morning
5516,U0056,YouTube,Course Page,Prank videos,Entertainment,Distractive,31.2,4,Outdoors,2025-02-10,Evening
5517,U0375,Google Classroom,Search,Movie clips,Entertainment,Distractive,53.7,5,Home,2025-07-12,Evening
5518,U0154,Twitter/X,Notification,Shopping,Commerce,Distractive,66.3,3,College,2025-07-31,Night
5519,U0133,Google Classroom,Feed,LinkedIn post,Business,Productive,22,2,Cafe,2025-12-03,Night
5520,U0248,Google Classroom,Course Page,Weather update,News,Productive,52.8,3,Office,2025-09-18,Late Night
5521,U0175,Amazon,Course Page,Investment tips,Business,Productive,54.8,2,Office,2025-04-06,Evening
5522,U0326,Zoom,Search,Random scrolling,Social Media,Distractive,11.9,4,Home,2025-02-27,Evening
5523,U0290,Udemy,Course Page,Shopping,Commerce,Distractive,47.9,2,Cafe,2025-07-10,Afternoon
5524,U0435,TikTok,Explore,Skill development,Education,Productive,56.1,2,Hostel,2025-11-01,Afternoon
5525,U0336,Amazon,DM/Chat,Breaking news,News,Productive,55.7,3,Home,2025-01-17,Afternoon
5526,U0233,Amazon,Search,Follower count check,Social Media,Distractive,78.1,4,Commute,2025-07-24,Afternoon
5527,U0414,Snapchat,Story,Match highlights,Sports,Distractive,15.1,2,Commute,2025-09-29,Night
5528,U0122,LinkedIn,Reels/Shorts,Data Science course,Education,Productive,4.7,1,Commute,2025-03-04,Night
5529,U0064,Twitter/X,Explore,Political news,News,Productive,9.4,3,Cafe,2025-10-16,Afternoon
5530,U0036,Telegram,Watch,Influencer content,Social Media,Distractive,28.7,5,Outdoors,2025-10-08,Night
5531,U0402,Amazon,DM/Chat,Live score,Sports,Distractive,32,2,College,2025-01-29,Evening
5532,U0218,Telegram,Search,Movie clips,Entertainment,Distractive,65.2,5,Outdoors,2025-04-20,Late Night
5533,U0316,LinkedIn,Explore,Comedy videos,Entertainment,Distractive,8.3,4,Office,2025-01-01,Late Night
5534,U0053,Udemy,Notification,Market analysis,Business,Productive,18.3,2,Outdoors,2025-09-04,Evening
5535,U0424,Gmail,Search,Trending hashtags,Social Media,Distractive,5.2,5,Outdoors,2025-07-01,Morning
5536,U0290,Facebook,Notification,Fashion trends,Commerce,Distractive,28.9,2,Hostel,2025-09-23,Evening
5537,U0393,Telegram,Watch,Dance videos,Entertainment,Distractive,74.1,4,Library,2025-04-16,Morning
5538,U0384,TikTok,Notification,Group chat,Communication,Productive,19.7,2,Home,2025-03-29,Night
5539,U0119,TikTok,Feed,Business news,Business,Productive,43.2,1,Hostel,2025-05-08,Afternoon
5540,U0205,Snapchat,Search,Influencer content,Social Media,Distractive,53.9,5,College,2025-08-07,Evening
5541,U0262,Gmail,DM/Chat,Team meeting,Communication,Productive,48.2,1,Outdoors,2025-02-10,Evening
5542,U0401,Google Classroom,DM/Chat,Trending challenge,Entertainment,Distractive,3.6,5,Outdoors,2025-11-27,Evening
5543,U0445,Udemy,Watch,DM chat casual,Social Media,Distractive,11.8,5,Cafe,2025-08-04,Evening
5544,U0440,LinkedIn,Explore,Conference call,Communication,Productive,15.4,1,Office,2025-07-07,Afternoon
5545,U0417,Twitter/X,Feed,Local news,News,Productive,20.6,2,Commute,2025-08-26,Late Night
5546,U0369,Gmail,Feed,Fashion trends,Commerce,Distractive,17.6,2,Commute,2025-01-12,Night
5547,U0480,YouTube,Explore,Fashion trends,Commerce,Distractive,52.2,3,Commute,2025-01-10,Late Night
5548,U0441,WhatsApp,Feed,Story updates,Social Media,Distractive,38.5,5,Hostel,2025-07-10,Evening
5549,U0033,Zoom,Course Page,Breaking news,News,Productive,17,2,College,2025-11-29,Evening
5550,U0264,Instagram,Watch,Investment tips,Business,Productive,12.5,2,Hostel,2025-09-24,Evening
5551,U0004,TikTok,Feed,Political news,News,Productive,1.4,3,College,2025-10-10,Afternoon
5552,U0364,Twitter/X,Notification,Live score,Sports,Distractive,80,3,College,2025-10-31,Afternoon
5553,U0489,LinkedIn,Notification,Client proposal,Business,Productive,36,1,Library,2025-10-14,Morning
5554,U0239,LinkedIn,Explore,Football clip,Sports,Distractive,30.6,2,College,2025-09-26,Morning
5555,U0351,Instagram,Reels/Shorts,DM chat casual,Social Media,Distractive,46.5,5,Hostel,2025-12-31,Night
5556,U0352,Telegram,Search,Story updates,Social Media,Distractive,28.3,4,College,2025-06-20,Afternoon
5557,U0486,LinkedIn,Explore,Breaking news,News,Productive,52.5,3,Commute,2025-02-11,Night
5558,U0126,Twitter/X,Reels/Shorts,Match highlights,Sports,Distractive,76.3,2,Outdoors,2025-05-29,Late Night
5559,U0176,Facebook,Course Page,Team meeting,Communication,Productive,40.9,2,Hostel,2025-04-04,Evening
5560,U0386,Flipkart,Reels/Shorts,Technology news,News,Productive,6.5,2,Office,2025-06-14,Night
5561,U0241,LinkedIn,Explore,Wishlist browsing,Commerce,Distractive,20.1,3,College,2025-08-22,Afternoon
5562,U0063,Twitter/X,Explore,Voice message,Communication,Productive,11.2,2,College,2025-04-10,Evening
5563,U0160,Instagram,DM/Chat,World news,News,Productive,12.9,2,Hostel,2025-01-07,Night
5564,U0156,Amazon,Course Page,Discount coupons,Commerce,Distractive,27.8,3,Cafe,2025-08-08,Evening
5565,U0458,Slack,Course Page,Memes,Entertainment,Distractive,20.4,4,Office,2025-02-24,Afternoon
5566,U0394,Udemy,Watch,Follower count check,Social Media,Distractive,74.1,5,Commute,2025-01-30,Afternoon
5567,U0280,Twitter/X,Watch,Voice message,Communication,Productive,46.1,1,Hostel,2025-07-11,Morning
5568,U0453,Telegram,DM/Chat,Product review,Commerce,Distractive,49.6,3,Cafe,2025-05-31,Night
5569,U0428,Google Classroom,Reels/Shorts,Live score,Sports,Distractive,15.7,2,Library,2025-11-25,Late Night
5570,U0374,Instagram,Explore,Political news,News,Productive,22.8,1,Outdoors,2025-03-11,Late Night
5571,U0324,Flipkart,Explore,Cricket update,Sports,Distractive,69,3,Home,2025-08-04,Night
5572,U0160,Twitter/X,Explore,Language learning,Education,Productive,27,1,Outdoors,2025-08-21,Evening
5573,U0361,Twitter/X,Course Page,Video call,Communication,Productive,54.2,2,College,2025-09-24,Afternoon
5574,U0094,Zoom,Feed,Python tutorial,Education,Productive,37.7,1,Library,2025-06-21,Late Night
5575,U0341,Twitter/X,Search,Live score,Sports,Distractive,73.6,3,Home,2025-04-19,Morning
5576,U0478,TikTok,Watch,Web development course,Education,Productive,54.2,2,Commute,2025-02-19,Late Night
5577,U0321,Gmail,Notification,TV show clip,Entertainment,Distractive,49.9,5,Cafe,2025-06-29,Late Night
5578,U0150,Flipkart,Course Page,Football clip,Sports,Distractive,63.4,4,Outdoors,2025-02-13,Morning
5579,U0363,Telegram,Reels/Shorts,Project update,Communication,Productive,39.2,2,Home,2025-07-12,Late Night
5580,U0344,LinkedIn,Feed,Job search,Business,Productive,32.8,2,Library,2025-03-10,Night
5581,U0483,Slack,Watch,Fashion trends,Commerce,Distractive,14,3,Home,2025-04-28,Afternoon
5582,U0049,YouTube,DM/Chat,Discount coupons,Commerce,Distractive,89.6,3,Commute,2025-03-13,Evening
5583,U0111,YouTube,Course Page,Client call,Communication,Productive,59.9,1,Commute,2025-02-18,Afternoon
5584,U0214,Flipkart,Course Page,Story updates,Social Media,Distractive,39.9,5,Library,2025-12-31,Late Night
5585,U0490,Snapchat,Course Page,Video call,Communication,Productive,4.2,2,Commute,2025-04-16,Late Night
5586,U0193,TikTok,Reels/Shorts,Flash deals,Commerce,Distractive,13.8,3,Outdoors,2025-07-30,Night
5587,U0370,Amazon,Watch,Business news,Business,Productive,38.2,1,Hostel,2025-02-04,Evening
5588,U0286,Flipkart,DM/Chat,World news,News,Productive,56.1,1,Library,2025-12-17,Evening
5589,U0160,Snapchat,Feed,Trending hashtags,Social Media,Distractive,3.8,4,Commute,2025-10-23,Morning
5590,U0208,Zoom,Reels/Shorts,Python tutorial,Education,Productive,58.6,1,Outdoors,2025-01-17,Afternoon
5591,U0160,Udemy,DM/Chat,Movie clips,Entertainment,Distractive,20.4,4,Library,2025-06-03,Afternoon
5592,U0433,LinkedIn,Notification,Client call,Communication,Productive,34.8,2,Outdoors,2025-07-21,Afternoon
5593,U0418,Google Classroom,Search,Project update,Communication,Productive,57.7,2,Office,2025-02-20,Morning
5594,U0458,Udemy,Watch,Project update,Communication,Productive,33,1,Office,2025-02-11,Evening
5595,U0116,Instagram,Course Page,Project update,Communication,Productive,41.3,2,Hostel,2025-05-01,Morning
5596,U0048,Zoom,Explore,Resume building,Business,Productive,49.2,1,Hostel,2025-12-24,Evening
5597,U0163,Udemy,Reels/Shorts,Fashion trends,Commerce,Distractive,25.6,2,Outdoors,2025-01-27,Night
5598,U0237,Snapchat,DM/Chat,Discount coupons,Commerce,Distractive,40.3,3,Commute,2025-12-23,Night
5599,U0404,LinkedIn,Search,Colleague message,Communication,Productive,4.9,2,Library,2025-12-22,Late Night
5600,U0001,Udemy,Feed,Project update,Communication,Productive,40.3,2,Outdoors,2025-11-23,Morning
5601,U0227,Telegram,Search,Networking,Business,Productive,44.5,2,Cafe,2025-06-22,Afternoon
5602,U0216,Instagram,DM/Chat,Comedy videos,Entertainment,Distractive,55,4,Outdoors,2025-09-14,Morning
5603,U0308,Google Classroom,Reels/Shorts,Viral video,Entertainment,Distractive,59.6,5,Hostel,2025-10-05,Evening
5604,U0284,Twitter/X,Search,Sports news,Sports,Distractive,1.7,4,Office,2025-03-27,Night
5605,U0189,Instagram,DM/Chat,Flash deals,Commerce,Distractive,42.9,3,Commute,2025-09-09,Late Night
5606,U0148,TikTok,Story,Trending challenge,Entertainment,Distractive,20.1,5,Office,2025-05-14,Night
5607,U0190,LinkedIn,DM/Chat,Current affairs,News,Productive,8.6,3,Office,2025-06-27,Night
5608,U0375,Facebook,Search,Math tutorial,Education,Productive,25.9,1,Cafe,2025-05-03,Evening
5609,U0147,Amazon,Story,Interview preparation,Education,Productive,58.1,2,Outdoors,2025-04-29,Morning
5610,U0220,Telegram,Search,Investment tips,Business,Productive,9.6,2,Cafe,2025-09-09,Night
5611,U0074,Slack,Feed,Research paper,Education,Productive,29.4,1,College,2025-02-01,Morning
5612,U0430,Zoom,Reels/Shorts,Trending challenge,Entertainment,Distractive,57,5,Library,2025-11-03,Late Night
5613,U0101,Coursera,DM/Chat,Flash deals,Commerce,Distractive,68.3,3,Library,2025-05-06,Late Night
5614,U0405,Telegram,Notification,Weather update,News,Productive,31.2,2,Hostel,2025-09-25,Late Night
5615,U0467,Gmail,DM/Chat,Freelance work,Business,Productive,33.9,1,Hostel,2025-10-03,Morning
5616,U0427,Facebook,DM/Chat,Product review,Commerce,Distractive,30.6,2,Outdoors,2025-11-22,Late Night
5617,U0297,Udemy,DM/Chat,Technology news,News,Productive,44.2,3,Commute,2025-03-10,Morning
5618,U0305,TikTok,Feed,SQL tutorial,Education,Productive,40.3,2,Library,2025-05-29,Afternoon
5619,U0095,Gmail,Search,Endless scrolling,Social Media,Distractive,89.8,5,Office,2025-07-29,Night
5620,U0493,TikTok,Course Page,Video call,Communication,Productive,28,2,Outdoors,2025-10-03,Night
5621,U0184,Udemy,Reels/Shorts,Match highlights,Sports,Distractive,48.4,4,College,2025-11-08,Morning
5622,U0144,Slack,DM/Chat,Sports news,Sports,Distractive,20.3,3,Commute,2025-04-21,Night
5623,U0124,Zoom,Search,Web development course,Education,Productive,23.9,1,Home,2025-12-30,Afternoon
5624,U0141,Udemy,DM/Chat,Resume building,Business,Productive,24,2,College,2025-09-28,Late Night
5625,U0122,TikTok,Reels/Shorts,Family chat,Communication,Productive,13.5,2,Cafe,2025-01-11,Night
5626,U0179,Zoom,Course Page,DM chat casual,Social Media,Distractive,36.9,4,Library,2025-11-03,Late Night
5627,U0476,Slack,Story,Match highlights,Sports,Distractive,4.1,3,Outdoors,2025-03-13,Late Night
5628,U0083,Slack,Feed,Prank videos,Entertainment,Distractive,3.4,5,Hostel,2025-08-11,Late Night
5629,U0387,Amazon,Reels/Shorts,Trending challenge,Entertainment,Distractive,78.5,4,Home,2025-06-08,Late Night
5630,U0196,Udemy,Story,Match highlights,Sports,Distractive,25.3,3,Cafe,2025-06-14,Afternoon
5631,U0077,YouTube,Course Page,Web series clip,Entertainment,Distractive,45.5,4,Outdoors,2025-08-22,Afternoon
5632,U0122,Google Classroom,Explore,Networking,Business,Productive,44.1,2,College,2025-06-15,Afternoon
5633,U0432,Udemy,Feed,Python tutorial,Education,Productive,9,1,Commute,2025-01-31,Night
5634,U0130,Telegram,DM/Chat,Discount coupons,Commerce,Distractive,77.2,3,Home,2025-06-13,Morning
5635,U0255,Instagram,Reels/Shorts,Trending hashtags,Social Media,Distractive,83.8,5,College,2025-03-21,Morning
5636,U0272,Instagram,Explore,Endless scrolling,Social Media,Distractive,55.5,4,College,2025-06-28,Evening
5637,U0094,Facebook,Watch,Trending hashtags,Social Media,Distractive,23.8,4,Commute,2025-08-12,Evening
5638,U0098,LinkedIn,Watch,Breaking news,News,Productive,44.8,1,Cafe,2025-05-24,Morning
5639,U0041,TikTok,DM/Chat,Influencer content,Social Media,Distractive,19.6,5,Home,2025-05-03,Late Night
5640,U0363,YouTube,Course Page,Like notifications,Social Media,Distractive,2.2,5,Hostel,2025-11-03,Evening
5641,U0437,Twitter/X,Explore,Video call,Communication,Productive,54.3,2,College,2025-03-13,Late Night
5642,U0296,Slack,Reels/Shorts,Sports news,Sports,Distractive,6.7,2,Library,2025-01-13,Night
5643,U0456,Facebook,Reels/Shorts,World news,News,Productive,17.2,3,Office,2025-10-07,Night
5644,U0039,Instagram,Search,Online sale,Commerce,Distractive,50.2,2,Home,2025-07-04,Afternoon
5645,U0050,TikTok,Feed,Endless scrolling,Social Media,Distractive,50.8,5,Library,2025-02-24,Late Night
5646,U0216,YouTube,Watch,Investment tips,Business,Productive,42.4,2,Commute,2025-09-28,Late Night
5647,U0181,Zoom,Watch,Random scrolling,Social Media,Distractive,86.6,4,Library,2025-10-06,Night
5648,U0130,Snapchat,Course Page,Funny compilation,Entertainment,Distractive,58.1,4,Home,2025-12-18,Evening
5649,U0015,Udemy,Feed,Sports news,Sports,Distractive,30.9,4,Hostel,2025-03-20,Afternoon
5650,U0006,Instagram,Watch,Skill development,Education,Productive,17.1,2,Hostel,2025-02-25,Evening
5651,U0429,Amazon,Feed,Email,Communication,Productive,25.6,1,Commute,2025-07-12,Night
5652,U0357,Flipkart,Feed,Skill development,Education,Productive,50.2,1,Commute,2025-11-26,Evening
5653,U0359,Udemy,Notification,Cricket update,Sports,Distractive,80.3,3,Library,2025-09-01,Late Night
5654,U0432,Google Classroom,Course Page,Weather update,News,Productive,16.7,1,Outdoors,2025-03-19,Late Night
5655,U0064,Facebook,Reels/Shorts,Research paper,Education,Productive,41.9,2,Hostel,2025-01-10,Late Night
5656,U0346,Telegram,Watch,Coding practice,Education,Productive,30.3,2,Cafe,2025-04-06,Evening
5657,U0332,LinkedIn,Reels/Shorts,Breaking news,News,Productive,49,1,Home,2025-03-08,Night
5658,U0004,Coursera,Course Page,Discount coupons,Commerce,Distractive,41.1,2,College,2025-04-23,Afternoon
5659,U0198,Flipkart,Search,Current affairs,News,Productive,15.7,2,Home,2025-04-17,Evening
5660,U0164,Snapchat,Notification,World news,News,Productive,27.1,1,Office,2025-07-06,Night
5661,U0017,Telegram,Notification,Flash deals,Commerce,Distractive,4,3,Commute,2025-10-11,Morning
5662,U0468,Twitter/X,Notification,Skill development,Education,Productive,7.8,2,Outdoors,2025-07-10,Morning
5663,U0055,Coursera,Notification,Voice message,Communication,Productive,59.3,2,Commute,2025-08-21,Late Night
5664,U0490,Zoom,Reels/Shorts,Physics lecture,Education,Productive,48.1,2,College,2025-06-27,Morning
5665,U0233,Telegram,Reels/Shorts,Music video,Entertainment,Distractive,80.1,5,Commute,2025-05-10,Morning
5666,U0220,Telegram,Story,Video call,Communication,Productive,25.5,1,Office,2025-07-22,Night
5667,U0477,Amazon,DM/Chat,Random scrolling,Social Media,Distractive,70.2,5,Hostel,2025-04-23,Night
5668,U0142,Flipkart,Story,Cricket update,Sports,Distractive,56,3,Home,2025-03-28,Afternoon
5669,U0262,LinkedIn,Explore,Memes,Entertainment,Distractive,17.1,4,Hostel,2025-08-08,Evening
5670,U0120,LinkedIn,Watch,Shorts,Entertainment,Distractive,35.3,5,Office,2025-10-08,Late Night
5671,U0043,YouTube,Story,Online sale,Commerce,Distractive,67.9,3,Library,2025-02-14,Evening
5672,U0084,Twitter/X,Story,Current affairs,News,Productive,26.4,3,College,2025-08-16,Morning
5673,U0229,Udemy,DM/Chat,Football clip,Sports,Distractive,27.4,3,Outdoors,2025-10-23,Afternoon
5674,U0358,Coursera,Reels/Shorts,LinkedIn post,Business,Productive,29.5,1,Hostel,2025-02-08,Late Night
5675,U0486,Snapchat,Story,Flash deals,Commerce,Distractive,47.5,2,Commute,2025-12-08,Late Night
5676,U0271,Twitter/X,Story,Comedy videos,Entertainment,Distractive,63,4,Outdoors,2025-06-05,Morning
5677,U0078,Zoom,Feed,Sports news,Sports,Distractive,78,3,Library,2025-11-09,Night
5678,U0415,Flipkart,Explore,Shopping,Commerce,Distractive,31.4,3,Outdoors,2025-10-29,Late Night
5679,U0064,Slack,DM/Chat,SQL tutorial,Education,Productive,44.7,1,Cafe,2025-03-18,Evening
5680,U0149,Amazon,Watch,Conference call,Communication,Productive,20.7,1,College,2025-10-27,Afternoon
5681,U0493,Slack,Explore,Voice message,Communication,Productive,15,1,Cafe,2025-01-04,Morning
5682,U0466,Gmail,Feed,Discount coupons,Commerce,Distractive,80.3,2,Hostel,2025-05-09,Late Night
5683,U0432,Amazon,DM/Chat,Client call,Communication,Productive,60,2,Outdoors,2025-12-19,Evening
5684,U0195,Flipkart,Explore,Stock market,Business,Productive,37.2,1,Cafe,2025-08-11,Morning
5685,U0004,Udemy,DM/Chat,Reels,Entertainment,Distractive,17.7,5,Hostel,2025-09-23,Evening
5686,U0250,WhatsApp,Course Page,Team meeting,Communication,Productive,30.9,2,Home,2025-11-13,Morning
5687,U0160,Udemy,Reels/Shorts,Family chat,Communication,Productive,39.8,2,Cafe,2025-06-26,Morning
5688,U0440,Flipkart,Story,Influencer content,Social Media,Distractive,48.4,5,Library,2025-10-05,Night
5689,U0433,YouTube,Course Page,Technology news,News,Productive,11.3,3,Hostel,2025-08-07,Morning
5690,U0160,Coursera,Notification,Competitive exam tips,Education,Productive,31.6,2,College,2025-07-15,Late Night
5691,U0404,Twitter/X,Feed,Client proposal,Business,Productive,49.6,1,Home,2025-08-22,Morning
5692,U0194,Zoom,Story,Web series clip,Entertainment,Distractive,1.3,5,Home,2025-12-06,Morning
5693,U0028,LinkedIn,Feed,Math tutorial,Education,Productive,31.2,2,Outdoors,2025-04-29,Afternoon
5694,U0086,TikTok,DM/Chat,Online certification,Education,Productive,43.2,2,Office,2025-08-22,Afternoon
5695,U0426,Coursera,Explore,World news,News,Productive,37.2,2,Commute,2025-01-31,Evening
5696,U0120,TikTok,Feed,Breaking news,News,Productive,20.6,3,Home,2025-05-14,Night
5697,U0106,Facebook,Search,Trending hashtags,Social Media,Distractive,38.2,5,Commute,2025-05-14,Late Night
5698,U0347,Gmail,DM/Chat,Skill development,Education,Productive,46.4,1,Commute,2025-02-19,Afternoon
5699,U0313,Facebook,Explore,Like notifications,Social Media,Distractive,6.3,5,Hostel,2025-02-01,Morning
5700,U0059,Zoom,Feed,Match highlights,Sports,Distractive,63.4,3,College,2025-05-13,Afternoon
5701,U0159,WhatsApp,Reels/Shorts,Product review,Commerce,Distractive,63.4,2,Hostel,2025-07-07,Night
5702,U0277,Google Classroom,Search,Online certification,Education,Productive,26.3,2,Home,2025-07-31,Afternoon
5703,U0097,Slack,Watch,Networking,Business,Productive,13,1,Outdoors,2025-11-08,Late Night
5704,U0165,Snapchat,Search,Random scrolling,Social Media,Distractive,30,5,Outdoors,2025-05-23,Night
5705,U0084,Gmail,Course Page,Startup news,Business,Productive,22,2,Commute,2025-06-11,Morning
5706,U0030,Twitter/X,Explore,Like notifications,Social Media,Distractive,44.7,4,Hostel,2025-06-27,Night
5707,U0330,Instagram,Reels/Shorts,Current affairs,News,Productive,10.9,3,College,2025-05-06,Afternoon
5708,U0423,Zoom,Search,Sports news,Sports,Distractive,7.6,2,Cafe,2025-09-19,Afternoon
5709,U0454,Gmail,Watch,Random scrolling,Social Media,Distractive,51.2,5,Library,2025-11-13,Night
5710,U0320,Facebook,Story,Weather update,News,Productive,9.9,3,Cafe,2025-04-21,Morning
5711,U0251,Coursera,Story,Political news,News,Productive,11.2,3,College,2025-06-30,Morning
5712,U0371,TikTok,Explore,Local news,News,Productive,56.8,2,Home,2025-08-10,Late Night
5713,U0457,Udemy,Reels/Shorts,LinkedIn post,Business,Productive,57.8,2,Outdoors,2025-06-14,Night
5714,U0456,WhatsApp,Feed,Video call,Communication,Productive,48.2,1,Home,2025-03-25,Afternoon
5715,U0263,Amazon,Story,Email,Communication,Productive,7.3,1,College,2025-08-02,Late Night
5716,U0500,Facebook,Notification,Breaking news,News,Productive,22,1,Cafe,2025-02-20,Evening
5717,U0136,Coursera,Search,Networking,Business,Productive,25.3,2,Office,2025-02-28,Evening
5718,U0428,LinkedIn,Story,Trending hashtags,Social Media,Distractive,58.5,5,Cafe,2025-06-14,Morning
5719,U0328,Udemy,Notification,Fashion trends,Commerce,Distractive,45.5,3,Home,2025-02-10,Morning
5720,U0362,Snapchat,Explore,Influencer content,Social Media,Distractive,48.8,4,Office,2025-04-11,Afternoon
5721,U0368,Flipkart,Watch,Online sale,Commerce,Distractive,37.9,3,Home,2025-04-17,Afternoon
5722,U0291,WhatsApp,Feed,Discount coupons,Commerce,Distractive,79,2,Commute,2025-08-16,Morning
5723,U0071,Twitter/X,Notification,Match highlights,Sports,Distractive,9.9,2,Cafe,2025-06-24,Evening
5724,U0004,Udemy,Explore,Football clip,Sports,Distractive,57.9,4,Office,2025-11-19,Night
5725,U0314,Telegram,Watch,Job search,Business,Productive,2.3,2,Library,2025-01-08,Late Night
5726,U0201,Flipkart,Feed,Flash deals,Commerce,Distractive,43.9,2,Hostel,2025-09-11,Late Night
5727,U0140,LinkedIn,Reels/Shorts,Local news,News,Productive,53.3,3,Cafe,2025-10-15,Night
5728,U0149,Coursera,Reels/Shorts,Shopping,Commerce,Distractive,54.3,2,Home,2025-01-19,Afternoon
5729,U0464,LinkedIn,Course Page,Voice message,Communication,Productive,51,2,Commute,2025-09-24,Night
5730,U0259,Amazon,DM/Chat,Technology news,News,Productive,13,1,Outdoors,2025-01-18,Afternoon
5731,U0109,Slack,Explore,Fashion trends,Commerce,Distractive,73,3,Commute,2025-10-04,Evening
5732,U0157,Snapchat,Reels/Shorts,Group chat,Communication,Productive,4.5,2,Hostel,2025-07-01,Morning
5733,U0010,TikTok,Story,Funny compilation,Entertainment,Distractive,61.9,4,Cafe,2025-04-13,Morning
5734,U0339,Udemy,Reels/Shorts,Follower count check,Social Media,Distractive,60,5,Library,2025-12-15,Morning
5735,U0313,Telegram,Feed,Client proposal,Business,Productive,33.9,2,Commute,2025-10-08,Night
5736,U0052,Amazon,Notification,Football clip,Sports,Distractive,27.6,2,Cafe,2025-03-24,Afternoon
5737,U0072,Snapchat,Reels/Shorts,Music video,Entertainment,Distractive,16,5,Hostel,2025-01-24,Night
5738,U0409,YouTube,Watch,Excel tutorial,Education,Productive,3.8,1,College,2025-06-12,Morning
5739,U0361,Instagram,Story,Shorts,Entertainment,Distractive,71.1,5,Commute,2025-01-08,Morning
5740,U0131,Udemy,Watch,Local news,News,Productive,43.2,2,Hostel,2025-04-23,Night
5741,U0353,Telegram,Watch,Email,Communication,Productive,27.7,1,Commute,2025-12-21,Evening
5742,U0065,Snapchat,Watch,Local news,News,Productive,21.1,3,Hostel,2025-01-07,Evening
5743,U0345,Gmail,Watch,Gaming,Entertainment,Distractive,64,4,Cafe,2025-03-12,Evening
5744,U0258,TikTok,Notification,Weather update,News,Productive,39.4,3,Office,2025-08-20,Night
5745,U0480,LinkedIn,Search,Stock market,Business,Productive,10,1,Hostel,2025-07-19,Morning
5746,U0311,Udemy,Feed,Movie clips,Entertainment,Distractive,15.4,4,Outdoors,2025-10-28,Morning
5747,U0039,Flipkart,Reels/Shorts,Wishlist browsing,Commerce,Distractive,75,2,Commute,2025-11-15,Morning
5748,U0459,Twitter/X,DM/Chat,Sports news,Sports,Distractive,11.4,4,Home,2025-03-11,Evening
5749,U0240,Udemy,Feed,Breaking news,News,Productive,32.4,2,Home,2025-06-07,Afternoon
5750,U0253,Gmail,Search,Sports news,Sports,Distractive,69.4,4,Library,2025-08-28,Morning
5751,U0474,Amazon,DM/Chat,Stock market,Business,Productive,15.2,1,Home,2025-01-04,Afternoon
5752,U0474,Telegram,Watch,Freelance work,Business,Productive,27.3,2,Cafe,2025-02-04,Afternoon
5753,U0277,Flipkart,Reels/Shorts,Current affairs,News,Productive,36.1,1,Library,2025-11-09,Evening
5754,U0010,Telegram,Explore,Movie clips,Entertainment,Distractive,18.6,4,Commute,2025-06-04,Afternoon
5755,U0101,LinkedIn,DM/Chat,Research paper,Education,Productive,5.5,2,Hostel,2025-11-24,Evening
5756,U0169,WhatsApp,DM/Chat,Fashion trends,Commerce,Distractive,36.7,3,Hostel,2025-12-28,Afternoon
5757,U0452,Snapchat,Search,Client call,Communication,Productive,31.4,2,Office,2025-04-19,Afternoon
5758,U0109,Slack,Story,Trending hashtags,Social Media,Distractive,65.5,5,Outdoors,2025-11-10,Late Night
5759,U0178,Gmail,Course Page,Viral video,Entertainment,Distractive,29.1,5,Library,2025-11-25,Afternoon
5760,U0074,Instagram,Explore,Business news,Business,Productive,18.4,2,Hostel,2025-05-28,Morning
5761,U0236,WhatsApp,Story,Local news,News,Productive,17.6,3,Office,2025-06-07,Evening
5762,U0325,Amazon,Feed,Current affairs,News,Productive,7.3,2,Library,2025-03-14,Night
5763,U0065,LinkedIn,Watch,Research paper,Education,Productive,7,2,Home,2025-12-12,Evening
5764,U0374,Twitter/X,Explore,Flash deals,Commerce,Distractive,84.2,3,Office,2025-08-26,Afternoon
5765,U0215,Zoom,Story,Email,Communication,Productive,56.5,2,Library,2025-07-18,Night
5766,U0264,Udemy,Watch,Football clip,Sports,Distractive,35.7,3,Office,2025-07-17,Late Night
5767,U0250,Instagram,Reels/Shorts,Wishlist browsing,Commerce,Distractive,62.5,2,Library,2025-04-23,Afternoon
5768,U0062,Instagram,Search,Business news,Business,Productive,38.8,2,Hostel,2025-12-08,Night
5769,U0377,Google Classroom,Reels/Shorts,Shopping,Commerce,Distractive,77.3,3,Commute,2025-03-03,Evening
5770,U0299,LinkedIn,Explore,Sports news,Sports,Distractive,66.8,3,Library,2025-10-06,Evening
5771,U0235,Instagram,Explore,Story updates,Social Media,Distractive,46.9,5,Office,2025-03-22,Late Night
5772,U0345,Google Classroom,Reels/Shorts,Like notifications,Social Media,Distractive,68,4,Hostel,2025-07-15,Morning
5773,U0024,Snapchat,Story,Story updates,Social Media,Distractive,85.8,4,Outdoors,2025-09-28,Late Night
5774,U0378,Instagram,DM/Chat,Endless scrolling,Social Media,Distractive,5.9,5,Library,2025-05-27,Night
5775,U0463,YouTube,Search,Group chat,Communication,Productive,28.7,1,Home,2025-11-29,Afternoon
5776,U0304,Flipkart,Story,World news,News,Productive,42.4,3,College,2025-12-22,Afternoon
5777,U0377,Facebook,Search,Stock market,Business,Productive,12.6,2,Library,2025-05-05,Evening
5778,U0299,Flipkart,Reels/Shorts,Job search,Business,Productive,7.2,1,College,2025-05-04,Late Night
5779,U0483,Gmail,Search,Cricket update,Sports,Distractive,40.1,2,Outdoors,2025-07-19,Night
5780,U0395,Instagram,Notification,Job search,Business,Productive,43.1,2,Office,2025-03-08,Late Night
5781,U0174,Amazon,Reels/Shorts,Discount coupons,Commerce,Distractive,28.1,3,Cafe,2025-09-18,Night
5782,U0034,Instagram,Explore,Sports news,Sports,Distractive,14.8,2,Home,2025-07-15,Late Night
5783,U0041,Slack,Course Page,Dance videos,Entertainment,Distractive,13.6,4,Office,2025-10-30,Late Night
5784,U0149,Instagram,Notification,Team meeting,Communication,Productive,17,1,Library,2025-10-27,Morning
5785,U0321,WhatsApp,Course Page,Family chat,Communication,Productive,35.9,1,Library,2025-04-10,Morning
5786,U0434,Zoom,Story,Endless scrolling,Social Media,Distractive,5.7,5,Cafe,2025-05-25,Afternoon
5787,U0144,Snapchat,Notification,Client proposal,Business,Productive,53.3,1,Home,2025-03-14,Late Night
5788,U0426,WhatsApp,Explore,Shorts,Entertainment,Distractive,53.7,5,Hostel,2025-04-02,Evening
5789,U0101,LinkedIn,Explore,Chemistry notes,Education,Productive,14.7,2,Library,2025-09-17,Morning
5790,U0125,Amazon,Course Page,Live score,Sports,Distractive,64.4,4,Cafe,2025-02-09,Morning
5791,U0063,Snapchat,Explore,Cricket update,Sports,Distractive,76.9,2,Commute,2025-11-04,Evening
5792,U0253,Twitter/X,Notification,Story updates,Social Media,Distractive,32.1,5,Hostel,2025-04-30,Evening
5793,U0413,Google Classroom,Watch,Group chat,Communication,Productive,43.2,2,Hostel,2025-09-14,Evening
5794,U0427,Snapchat,Feed,Live score,Sports,Distractive,71.5,2,College,2025-01-31,Afternoon
5795,U0049,LinkedIn,Reels/Shorts,Voice message,Communication,Productive,33.5,2,College,2025-03-03,Morning
5796,U0325,Facebook,DM/Chat,Web series clip,Entertainment,Distractive,69.2,4,Commute,2025-05-08,Evening
5797,U0059,Slack,Feed,Flash deals,Commerce,Distractive,9.7,2,Cafe,2025-01-25,Late Night
5798,U0419,Amazon,Explore,LinkedIn post,Business,Productive,14.4,1,College,2025-07-24,Night
5799,U0459,Facebook,Course Page,Fashion trends,Commerce,Distractive,9.5,2,Office,2025-08-26,Late Night
5800,U0158,WhatsApp,Notification,Funny compilation,Entertainment,Distractive,7.8,5,Library,2025-09-30,Afternoon
5801,U0243,YouTube,Story,Cricket update,Sports,Distractive,87.8,4,Home,2025-11-28,Evening
5802,U0059,Instagram,Search,Current affairs,News,Productive,59.9,3,Office,2025-02-18,Afternoon
5803,U0141,Google Classroom,Reels/Shorts,Client call,Communication,Productive,50,1,Cafe,2025-04-30,Morning
5804,U0289,Gmail,Notification,Dance videos,Entertainment,Distractive,56.8,5,Cafe,2025-03-17,Evening
5805,U0369,Instagram,Feed,Online sale,Commerce,Distractive,83.8,3,Outdoors,2025-08-03,Late Night
5806,U0046,Flipkart,Feed,Breaking news,News,Productive,4.6,2,College,2025-11-13,Evening
5807,U0245,Twitter/X,Feed,Team meeting,Communication,Productive,27.2,1,Hostel,2025-07-19,Morning
5808,U0408,TikTok,Explore,SQL tutorial,Education,Productive,33.8,1,Cafe,2025-07-31,Evening
5809,U0263,Slack,Course Page,Investment tips,Business,Productive,8.5,1,Cafe,2025-09-25,Morning
5810,U0029,TikTok,Search,Conference call,Communication,Productive,14.4,2,Cafe,2025-05-11,Evening
5811,U0405,Facebook,Watch,Follower count check,Social Media,Distractive,45.4,5,Outdoors,2025-03-29,Morning
5812,U0363,Telegram,DM/Chat,World news,News,Productive,39.4,3,Hostel,2025-03-20,Morning
5813,U0443,Zoom,Watch,Work discussion,Communication,Productive,57.2,1,Outdoors,2025-12-25,Afternoon
5814,U0472,Instagram,Reels/Shorts,Current affairs,News,Productive,26.9,3,Hostel,2025-08-05,Late Night
5815,U0111,Facebook,Reels/Shorts,Online sale,Commerce,Distractive,63.1,3,Commute,2025-10-12,Late Night
5816,U0046,Google Classroom,Course Page,Random scrolling,Social Media,Distractive,4.5,4,Commute,2025-12-22,Night
5817,U0162,TikTok,Story,Project management,Business,Productive,23.7,2,Cafe,2025-02-21,Night
5818,U0072,Gmail,Reels/Shorts,Fashion trends,Commerce,Distractive,30.8,3,College,2025-02-12,Morning
5819,U0321,LinkedIn,Notification,Physics lecture,Education,Productive,41.6,1,Home,2025-12-21,Evening
5820,U0186,Telegram,Course Page,World news,News,Productive,38.2,2,Office,2025-07-29,Afternoon
5821,U0097,Gmail,Explore,Story updates,Social Media,Distractive,8,5,Home,2025-12-31,Afternoon
5822,U0380,Slack,Explore,Random scrolling,Social Media,Distractive,6.8,4,Hostel,2025-12-11,Late Night
5823,U0309,Zoom,DM/Chat,World news,News,Productive,17.5,1,Office,2025-03-24,Late Night
5824,U0034,Twitter/X,Search,Football clip,Sports,Distractive,74.5,3,College,2025-12-20,Morning
5825,U0127,Twitter/X,Feed,Breaking news,News,Productive,34.3,3,Cafe,2025-01-04,Morning
5826,U0222,Google Classroom,Feed,Cricket update,Sports,Distractive,10.4,3,Cafe,2025-01-22,Evening
5827,U0024,Flipkart,Course Page,Endless scrolling,Social Media,Distractive,49.8,4,Home,2025-12-11,Late Night
5828,U0440,Gmail,Feed,Endless scrolling,Social Media,Distractive,25.1,4,Library,2025-07-22,Late Night
5829,U0387,Slack,DM/Chat,Family chat,Communication,Productive,46.3,1,Hostel,2025-05-17,Late Night
5830,U0344,Telegram,Explore,Technology news,News,Productive,5.7,1,Library,2025-07-19,Night
5831,U0362,Gmail,Story,Live score,Sports,Distractive,17.5,3,Hostel,2025-12-15,Late Night
5832,U0374,LinkedIn,Story,Movie clips,Entertainment,Distractive,77.1,5,Outdoors,2025-10-04,Late Night
5833,U0019,LinkedIn,Search,Colleague message,Communication,Productive,16.2,2,Office,2025-08-16,Night
5834,U0152,Amazon,Story,Endless scrolling,Social Media,Distractive,4.6,5,Hostel,2025-03-25,Evening
5835,U0116,Gmail,Notification,Conference call,Communication,Productive,57.7,2,Commute,2025-01-13,Morning
5836,U0449,Slack,Course Page,Family chat,Communication,Productive,4.7,1,Cafe,2025-02-11,Evening
5837,U0455,Coursera,Watch,Stock market,Business,Productive,50.3,1,Cafe,2025-04-19,Late Night
5838,U0273,Google Classroom,Feed,Market analysis,Business,Productive,18.3,1,Office,2025-06-09,Night
5839,U0340,Flipkart,Course Page,Wishlist browsing,Commerce,Distractive,83.5,2,Office,2025-04-21,Night
5840,U0164,Coursera,Feed,Client proposal,Business,Productive,30.6,1,Home,2025-05-04,Evening
5841,U0500,Slack,Watch,Dance videos,Entertainment,Distractive,72.5,5,Library,2025-04-02,Morning
5842,U0411,Google Classroom,Explore,Excel tutorial,Education,Productive,34.2,2,College,2025-09-07,Night
5843,U0215,Instagram,Reels/Shorts,Current affairs,News,Productive,42,2,Cafe,2025-07-23,Night
5844,U0207,Flipkart,Reels/Shorts,Project update,Communication,Productive,6.5,1,Home,2025-04-21,Evening
5845,U0014,TikTok,Search,Freelance work,Business,Productive,5.1,2,Home,2025-03-14,Late Night
5846,U0141,Flipkart,Feed,DM chat casual,Social Media,Distractive,3.1,5,Home,2025-05-12,Evening
5847,U0255,TikTok,DM/Chat,Voice message,Communication,Productive,3.4,2,Commute,2025-08-18,Afternoon
5848,U0291,Snapchat,Feed,Like notifications,Social Media,Distractive,15.6,4,Outdoors,2025-06-13,Late Night
5849,U0329,Instagram,Story,Market analysis,Business,Productive,12.4,1,Home,2025-03-02,Afternoon
5850,U0266,Instagram,Course Page,Cricket update,Sports,Distractive,17.4,4,Library,2025-03-20,Evening
5851,U0252,Coursera,Course Page,World news,News,Productive,53.6,1,Outdoors,2025-07-07,Night
5852,U0142,TikTok,Explore,Football clip,Sports,Distractive,78,3,Commute,2025-04-15,Afternoon
5853,U0184,Facebook,Explore,Client call,Communication,Productive,39.3,2,Home,2025-09-07,Night
5854,U0202,Flipkart,Notification,Sports news,Sports,Distractive,31.1,3,Outdoors,2025-10-09,Evening
5855,U0276,Snapchat,Watch,Gossip,Entertainment,Distractive,13.2,4,Library,2025-05-16,Night
5856,U0252,WhatsApp,Explore,Investment tips,Business,Productive,21.4,2,Office,2025-12-08,Late Night
5857,U0322,WhatsApp,Notification,Political news,News,Productive,28.5,1,Hostel,2025-05-04,Evening
5858,U0300,Udemy,Course Page,Client call,Communication,Productive,27,2,Outdoors,2025-07-28,Afternoon
5859,U0250,Twitter/X,Reels/Shorts,Live score,Sports,Distractive,47.6,2,Outdoors,2025-04-02,Night
5860,U0374,Slack,Notification,Shopping,Commerce,Distractive,60.6,3,Outdoors,2025-12-08,Evening
5861,U0074,Instagram,Story,Stock market,Business,Productive,28.8,2,Cafe,2025-07-26,Afternoon
5862,U0178,Zoom,Explore,Work discussion,Communication,Productive,20.5,1,Hostel,2025-06-12,Morning
5863,U0065,WhatsApp,Watch,Current affairs,News,Productive,53.6,1,Library,2025-12-31,Late Night
5864,U0224,Telegram,Notification,Football clip,Sports,Distractive,39,2,College,2025-11-24,Evening
5865,U0315,LinkedIn,Course Page,Discount coupons,Commerce,Distractive,2.3,2,Commute,2025-10-18,Afternoon
5866,U0158,LinkedIn,Story,Fashion trends,Commerce,Distractive,33.9,2,Office,2025-04-05,Night
5867,U0232,TikTok,Story,Email,Communication,Productive,20.8,2,Commute,2025-09-06,Late Night
5868,U0409,TikTok,Notification,Political news,News,Productive,15.1,1,Home,2025-04-03,Afternoon
5869,U0383,Twitter/X,Reels/Shorts,Live score,Sports,Distractive,45.5,2,Home,2025-03-15,Morning
5870,U0229,Zoom,Course Page,Celebrity,Entertainment,Distractive,87.7,4,Commute,2025-06-20,Evening
5871,U0097,Twitter/X,Search,Match highlights,Sports,Distractive,50.9,3,Library,2025-11-07,Morning
5872,U0128,Coursera,Explore,Investment tips,Business,Productive,24,1,Cafe,2025-11-16,Late Night
5873,U0296,TikTok,Notification,Endless scrolling,Social Media,Distractive,73.4,5,Outdoors,2025-04-16,Afternoon
5874,U0239,Zoom,Story,Sports news,Sports,Distractive,39,4,Outdoors,2025-02-24,Afternoon
5875,U0278,Google Classroom,Explore,Coding practice,Education,Productive,51.1,2,Cafe,2025-06-28,Late Night
5876,U0240,TikTok,Explore,Excel tutorial,Education,Productive,55.9,1,Home,2025-10-21,Evening
5877,U0473,Facebook,Explore,Current affairs,News,Productive,18.2,2,Commute,2025-09-15,Late Night
5878,U0373,Zoom,Watch,Match highlights,Sports,Distractive,35.6,3,Library,2025-02-12,Afternoon
5879,U0424,Snapchat,Course Page,Memes,Entertainment,Distractive,28.2,4,Library,2025-12-17,Late Night
5880,U0336,WhatsApp,Search,Interview preparation,Education,Productive,9.2,1,Office,2025-02-07,Evening
5881,U0149,WhatsApp,DM/Chat,Email,Communication,Productive,23.6,2,Cafe,2025-01-17,Evening
5882,U0256,Snapchat,DM/Chat,Work discussion,Communication,Productive,29.8,2,Home,2025-10-03,Night
5883,U0244,YouTube,Feed,Sports news,Sports,Distractive,19.3,2,Office,2025-08-09,Morning
5884,U0451,Slack,Watch,Political news,News,Productive,15.2,2,Hostel,2025-08-28,Evening
5885,U0119,Coursera,Reels/Shorts,Viral video,Entertainment,Distractive,70.1,5,Library,2025-03-13,Afternoon
5886,U0383,Gmail,Explore,Random scrolling,Social Media,Distractive,86.3,4,Outdoors,2025-05-01,Morning
5887,U0492,WhatsApp,Explore,Follower count check,Social Media,Distractive,79.8,4,Cafe,2025-06-24,Late Night
5888,U0077,Facebook,Watch,Flash deals,Commerce,Distractive,19.3,2,Office,2025-12-15,Morning
5889,U0066,Snapchat,DM/Chat,Follower count check,Social Media,Distractive,2.9,4,College,2025-05-17,Morning
5890,U0361,Telegram,Course Page,DM chat casual,Social Media,Distractive,81.4,4,Outdoors,2025-09-13,Late Night
5891,U0494,Amazon,Watch,Resume building,Business,Productive,44.4,2,Outdoors,2025-06-16,Late Night
5892,U0108,Coursera,Reels/Shorts,Live score,Sports,Distractive,34.3,2,Hostel,2025-09-27,Night
5893,U0372,Facebook,Watch,Colleague message,Communication,Productive,10.3,1,Cafe,2025-06-12,Late Night
5894,U0414,Telegram,Notification,Online sale,Commerce,Distractive,26.5,3,Library,2025-12-29,Morning
5895,U0070,Twitter/X,Story,Interview preparation,Education,Productive,33.7,1,Commute,2025-09-15,Night
5896,U0311,Udemy,Story,Online sale,Commerce,Distractive,4.1,2,Office,2025-09-09,Morning
5897,U0400,Snapchat,Reels/Shorts,Project management,Business,Productive,45,2,Office,2025-05-01,Late Night
5898,U0292,Instagram,Course Page,Match highlights,Sports,Distractive,23.2,4,Hostel,2025-11-23,Evening
5899,U0340,Amazon,Feed,Live score,Sports,Distractive,65.8,3,College,2025-10-16,Night
5900,U0038,Flipkart,Explore,Prank videos,Entertainment,Distractive,13.8,4,Commute,2025-01-14,Afternoon
5901,U0092,Instagram,Feed,Group chat,Communication,Productive,57.7,2,Home,2025-10-03,Afternoon
5902,U0121,Coursera,Search,Stock market,Business,Productive,45.2,2,Home,2025-10-05,Late Night
5903,U0435,Slack,Notification,Like notifications,Social Media,Distractive,3.7,4,Hostel,2025-07-16,Morning
5904,U0423,WhatsApp,Watch,Live score,Sports,Distractive,42.8,2,Office,2025-05-15,Night
5905,U0030,Udemy,DM/Chat,Influencer content,Social Media,Distractive,51.5,4,Hostel,2025-08-03,Evening
5906,U0063,Gmail,Explore,Flash deals,Commerce,Distractive,70.3,3,Office,2025-08-27,Afternoon
5907,U0202,Flipkart,Feed,Shopping,Commerce,Distractive,14.7,2,Cafe,2025-06-24,Morning
5908,U0469,Gmail,Feed,Breaking news,News,Productive,56.1,3,Commute,2025-03-21,Evening
5909,U0213,Zoom,Story,Colleague message,Communication,Productive,26.4,2,Cafe,2025-07-15,Late Night
5910,U0366,Zoom,Explore,Fashion trends,Commerce,Distractive,55.6,3,College,2025-05-23,Afternoon
5911,U0135,Instagram,Feed,Gaming,Entertainment,Distractive,75.5,4,College,2025-04-19,Night
5912,U0260,Zoom,Course Page,Technology news,News,Productive,44.2,3,Home,2025-09-01,Afternoon
5913,U0219,Facebook,Story,Job search,Business,Productive,51,1,Library,2025-04-25,Night
5914,U0142,Twitter/X,DM/Chat,Investment tips,Business,Productive,16.8,1,Home,2025-03-01,Evening
5915,U0022,TikTok,Story,Project update,Communication,Productive,28.2,2,Hostel,2025-08-12,Morning
5916,U0084,Flipkart,Reels/Shorts,Machine Learning,Education,Productive,51.3,1,College,2025-09-29,Night
5917,U0066,Twitter/X,DM/Chat,TV show clip,Entertainment,Distractive,86.2,4,College,2025-05-27,Morning
5918,U0347,Coursera,Reels/Shorts,Flash deals,Commerce,Distractive,86.4,3,Commute,2025-11-21,Evening
5919,U0485,Flipkart,Course Page,Python tutorial,Education,Productive,46.6,2,Outdoors,2025-06-18,Morning
5920,U0341,Coursera,Notification,Current affairs,News,Productive,9,3,Library,2025-09-09,Morning
5921,U0342,TikTok,Notification,Music video,Entertainment,Distractive,84,5,Commute,2025-01-09,Morning
5922,U0482,WhatsApp,DM/Chat,Local news,News,Productive,30.9,3,Cafe,2025-02-25,Late Night
5923,U0034,Snapchat,Explore,Movie clips,Entertainment,Distractive,66.8,4,Commute,2025-08-21,Morning
5924,U0186,Coursera,Course Page,Cricket update,Sports,Distractive,59.8,2,College,2025-01-25,Night
5925,U0243,Flipkart,Watch,Technology news,News,Productive,47.6,1,Outdoors,2025-02-12,Afternoon
5926,U0240,YouTube,Notification,Current affairs,News,Productive,10.2,3,Hostel,2025-03-26,Night
5927,U0006,Telegram,Feed,Like notifications,Social Media,Distractive,27.8,4,Hostel,2025-11-12,Night
5928,U0067,LinkedIn,Reels/Shorts,Like notifications,Social Media,Distractive,74,5,Office,2025-10-09,Late Night
5929,U0415,Amazon,Notification,Video call,Communication,Productive,26.4,2,Library,2025-07-04,Late Night
5930,U0102,Udemy,Story,Current affairs,News,Productive,14.2,3,Library,2025-12-20,Night
5931,U0062,Slack,Explore,Client call,Communication,Productive,59.3,1,College,2025-09-22,Night
5932,U0409,TikTok,Notification,Sports news,Sports,Distractive,39.4,4,Cafe,2025-06-12,Evening
5933,U0271,Snapchat,Feed,Product review,Commerce,Distractive,38,2,Office,2025-06-23,Evening
5934,U0321,Twitter/X,Story,Current affairs,News,Productive,32.5,1,Outdoors,2025-07-08,Night
5935,U0179,Google Classroom,Reels/Shorts,Political news,News,Productive,43.4,3,Home,2025-09-17,Late Night
5936,U0480,Coursera,Reels/Shorts,Political news,News,Productive,53.7,3,Office,2025-08-14,Afternoon
5937,U0041,Twitter/X,Watch,Cricket update,Sports,Distractive,5.2,4,Library,2025-03-12,Late Night
5938,U0116,WhatsApp,Course Page,Work discussion,Communication,Productive,27.7,2,College,2025-03-03,Morning
5939,U0160,YouTube,Course Page,Celebrity,Entertainment,Distractive,78.6,4,Hostel,2025-02-03,Night
5940,U0328,LinkedIn,Course Page,DM chat casual,Social Media,Distractive,56.8,5,College,2025-09-15,Evening
5941,U0031,Instagram,Feed,Python tutorial,Education,Productive,52.7,1,College,2025-04-27,Afternoon
5942,U0048,Zoom,Notification,LinkedIn post,Business,Productive,35.7,1,Cafe,2025-01-05,Morning
5943,U0239,Snapchat,Reels/Shorts,World news,News,Productive,22,3,College,2025-10-25,Afternoon
5944,U0194,Google Classroom,DM/Chat,Match highlights,Sports,Distractive,58.4,3,Hostel,2025-05-28,Evening
5945,U0382,Telegram,Notification,Conference call,Communication,Productive,34.8,2,College,2025-07-11,Late Night
5946,U0054,Amazon,Course Page,Breaking news,News,Productive,19.3,2,Home,2025-11-19,Late Night
5947,U0455,Snapchat,Feed,Funny compilation,Entertainment,Distractive,78,4,Library,2025-04-25,Late Night
5948,U0194,Flipkart,Explore,LinkedIn post,Business,Productive,8.2,2,Outdoors,2025-10-01,Late Night
5949,U0433,TikTok,Explore,Email,Communication,Productive,41.3,2,College,2025-07-17,Late Night
5950,U0182,Gmail,Feed,LinkedIn post,Business,Productive,40.8,2,Hostel,2025-12-23,Night
5951,U0308,Telegram,Story,Sports news,Sports,Distractive,75.7,4,Outdoors,2025-08-15,Evening
5952,U0163,Udemy,DM/Chat,Cricket update,Sports,Distractive,62.6,3,Home,2025-01-21,Night
5953,U0123,Twitter/X,DM/Chat,Web development course,Education,Productive,47,1,Library,2025-04-25,Late Night
5954,U0027,WhatsApp,Search,Funny compilation,Entertainment,Distractive,39.6,5,Hostel,2025-06-22,Night
5955,U0042,Flipkart,Watch,Match highlights,Sports,Distractive,75.8,4,Home,2025-07-04,Afternoon
5956,U0349,WhatsApp,DM/Chat,Match highlights,Sports,Distractive,20.4,2,Commute,2025-09-21,Night
5957,U0204,Snapchat,Search,Investment tips,Business,Productive,35.7,1,Commute,2025-06-20,Night
5958,U0375,Slack,Notification,Current affairs,News,Productive,13.7,3,Home,2025-08-13,Late Night
5959,U0116,Telegram,Search,Colleague message,Communication,Productive,12.1,1,College,2025-06-27,Evening
5960,U0498,Udemy,Watch,Dance videos,Entertainment,Distractive,80.5,4,Outdoors,2025-01-02,Late Night
5961,U0271,LinkedIn,Reels/Shorts,Web series clip,Entertainment,Distractive,63.6,5,Office,2025-05-31,Late Night
5962,U0054,Zoom,DM/Chat,Like notifications,Social Media,Distractive,38.6,4,Home,2025-11-12,Evening
5963,U0341,Gmail,Search,Online sale,Commerce,Distractive,24.7,3,Hostel,2025-03-25,Late Night
5964,U0230,Coursera,Search,Live score,Sports,Distractive,76.4,2,Commute,2025-07-23,Night
5965,U0403,Slack,Course Page,Exam preparation,Education,Productive,8,1,College,2025-01-04,Evening
5966,U0041,Udemy,Reels/Shorts,Story updates,Social Media,Distractive,82,4,Home,2025-03-18,Afternoon
5967,U0056,TikTok,Feed,Current affairs,News,Productive,19.5,3,Library,2025-06-09,Night
5968,U0467,Google Classroom,Reels/Shorts,Project update,Communication,Productive,56.4,1,Outdoors,2025-12-28,Evening
5969,U0441,Flipkart,Story,Client call,Communication,Productive,18.7,2,College,2025-04-04,Afternoon
5970,U0179,WhatsApp,Explore,Political news,News,Productive,47.8,2,Cafe,2025-11-14,Morning
5971,U0367,Instagram,DM/Chat,Fashion trends,Commerce,Distractive,35,2,Library,2025-09-20,Night
5972,U0167,Instagram,Feed,Web series clip,Entertainment,Distractive,40.7,5,Cafe,2025-05-15,Afternoon
5973,U0237,WhatsApp,Reels/Shorts,Freelance work,Business,Productive,25.4,1,Library,2025-07-23,Evening
5974,U0034,Telegram,Course Page,SQL tutorial,Education,Productive,29.6,2,College,2025-04-17,Evening
5975,U0034,Zoom,Watch,Trending challenge,Entertainment,Distractive,49.7,4,Hostel,2025-05-21,Late Night
5976,U0427,Instagram,Feed,Trending hashtags,Social Media,Distractive,60.5,5,Library,2025-06-29,Morning
5977,U0187,Twitter/X,Search,Celebrity,Entertainment,Distractive,54.5,5,Cafe,2025-11-23,Night
5978,U0054,Gmail,Reels/Shorts,Team meeting,Communication,Productive,3.9,1,Cafe,2025-11-13,Late Night
5979,U0376,Coursera,Notification,Project management,Business,Productive,16.7,2,Outdoors,2025-12-31,Morning
5980,U0123,Instagram,Story,Family chat,Communication,Productive,3.9,1,College,2025-07-16,Afternoon
5981,U0220,TikTok,Search,Investment tips,Business,Productive,19.8,1,Library,2025-03-10,Late Night
5982,U0394,LinkedIn,Search,DM chat casual,Social Media,Distractive,64,4,College,2025-03-13,Late Night
5983,U0467,Telegram,Search,Current affairs,News,Productive,52.4,1,College,2025-09-20,Afternoon
5984,U0205,LinkedIn,Explore,Resume building,Business,Productive,30.1,2,College,2025-09-10,Night
5985,U0073,Instagram,Course Page,Colleague message,Communication,Productive,37.6,2,College,2025-02-18,Night
5986,U0043,Amazon,Reels/Shorts,Job search,Business,Productive,15.7,1,Library,2025-07-05,Afternoon
5987,U0182,Telegram,Search,Trending hashtags,Social Media,Distractive,64.4,5,Outdoors,2025-03-12,Evening
5988,U0047,Zoom,Reels/Shorts,Math tutorial,Education,Productive,16.7,1,Outdoors,2025-12-07,Night
5989,U0198,Snapchat,Reels/Shorts,Flash deals,Commerce,Distractive,48.7,2,Office,2025-05-29,Evening
5990,U0268,Twitter/X,Explore,Business news,Business,Productive,8.7,2,Outdoors,2025-01-03,Afternoon
5991,U0491,Gmail,DM/Chat,Discount coupons,Commerce,Distractive,13.6,3,Office,2025-04-22,Afternoon
5992,U0383,Telegram,DM/Chat,Resume building,Business,Productive,27.7,1,Library,2025-07-21,Late Night
5993,U0482,Zoom,Reels/Shorts,Email,Communication,Productive,18.3,2,Office,2025-09-24,Night
5994,U0227,Instagram,Watch,TV show clip,Entertainment,Distractive,24,5,Cafe,2025-12-23,Morning
5995,U0154,Zoom,Watch,Product review,Commerce,Distractive,7.9,2,Commute,2025-08-23,Late Night
5996,U0138,Snapchat,Story,SQL tutorial,Education,Productive,13.8,2,Library,2025-11-20,Afternoon
5997,U0386,Zoom,Story,Music video,Entertainment,Distractive,11.6,4,Commute,2025-06-13,Morning
5998,U0015,Zoom,Course Page,Cricket update,Sports,Distractive,13.1,3,College,2025-06-14,Night
5999,U0014,Flipkart,Feed,Fashion trends,Commerce,Distractive,10.2,2,Hostel,2025-03-30,Afternoon
6000,U0085,Gmail,Reels/Shorts,Comedy videos,Entertainment,Distractive,24.1,5,Cafe,2025-10-08,Night
6001,U0385,Telegram,Reels/Shorts,Music video,Entertainment,Distractive,32,4,Library,2025-01-03,Evening
6002,U0329,YouTube,Notification,Flash deals,Commerce,Distractive,77.1,2,Office,2025-01-11,Night
6003,U0321,Snapchat,Feed,Excel tutorial,Education,Productive,35.2,1,Office,2025-07-02,Afternoon
6004,U0042,Facebook,DM/Chat,Video call,Communication,Productive,38.5,2,Cafe,2025-09-09,Late Night
6005,U0006,Snapchat,Course Page,Current affairs,News,Productive,52.1,3,Office,2025-10-28,Late Night
6006,U0307,Instagram,Feed,Freelance work,Business,Productive,47.9,1,Office,2025-03-28,Night
6007,U0221,Slack,Notification,Freelance work,Business,Productive,15.6,2,Cafe,2025-04-19,Afternoon
6008,U0243,Snapchat,Watch,Language learning,Education,Productive,3.9,1,Home,2025-11-29,Night
6009,U0459,Udemy,Notification,Python tutorial,Education,Productive,7.1,1,College,2025-06-27,Morning
6010,U0490,Facebook,Watch,Flash deals,Commerce,Distractive,34.9,3,Commute,2025-10-22,Afternoon
6011,U0214,LinkedIn,Story,Competitive exam tips,Education,Productive,6,2,Office,2025-03-13,Late Night
6012,U0057,Gmail,Watch,Shopping,Commerce,Distractive,52.4,2,College,2025-02-22,Night
6013,U0065,TikTok,Watch,Endless scrolling,Social Media,Distractive,75.1,4,Outdoors,2025-05-08,Night
6014,U0267,Facebook,Story,Endless scrolling,Social Media,Distractive,54.6,4,Hostel,2025-09-17,Evening
6015,U0039,Facebook,Course Page,Political news,News,Productive,32.9,1,Hostel,2025-11-18,Night
6016,U0225,Amazon,Story,Random scrolling,Social Media,Distractive,72.5,4,College,2025-10-25,Evening
6017,U0119,Gmail,Reels/Shorts,Live score,Sports,Distractive,54.4,2,College,2025-11-26,Morning
6018,U0092,TikTok,DM/Chat,Trending hashtags,Social Media,Distractive,81.3,4,Office,2025-02-28,Night
6019,U0419,Amazon,Reels/Shorts,Political news,News,Productive,23,1,Hostel,2025-08-04,Afternoon
6020,U0176,Coursera,Notification,Colleague message,Communication,Productive,28.5,2,Hostel,2025-02-26,Morning
6021,U0306,LinkedIn,Notification,Memes,Entertainment,Distractive,68.6,4,Commute,2025-11-10,Evening
6022,U0106,TikTok,Story,Family chat,Communication,Productive,40.6,1,Commute,2025-03-02,Night
6023,U0046,TikTok,Explore,Technology news,News,Productive,19,3,College,2025-05-23,Afternoon
6024,U0291,Zoom,Feed,World news,News,Productive,59.5,2,Home,2025-12-25,Morning
6025,U0429,Instagram,Explore,Data Science course,Education,Productive,15.6,1,Office,2025-04-03,Evening
6026,U0312,TikTok,Story,Prank videos,Entertainment,Distractive,69.8,4,Commute,2025-02-11,Late Night
6027,U0058,Slack,Story,Colleague message,Communication,Productive,51.7,2,College,2025-08-19,Late Night
6028,U0139,TikTok,Notification,Random scrolling,Social Media,Distractive,81.4,4,Home,2025-11-25,Afternoon
6029,U0312,Instagram,Watch,Random scrolling,Social Media,Distractive,55.9,4,Home,2025-09-26,Morning
6030,U0360,Telegram,Story,Video call,Communication,Productive,24.6,1,College,2025-11-05,Late Night
6031,U0148,WhatsApp,Explore,Breaking news,News,Productive,28.8,1,Office,2025-07-19,Night
6032,U0143,Gmail,Story,Language learning,Education,Productive,1.2,1,Home,2025-12-02,Night
6033,U0227,YouTube,Explore,Chemistry notes,Education,Productive,27.4,1,Home,2025-10-22,Morning
6034,U0169,Instagram,Story,Product review,Commerce,Distractive,54.9,2,Home,2025-10-04,Night
6035,U0101,Google Classroom,Watch,Local news,News,Productive,21.9,2,Commute,2025-12-31,Late Night
6036,U0494,Flipkart,Explore,Current affairs,News,Productive,23.7,3,Commute,2025-05-12,Late Night
6037,U0264,Slack,Reels/Shorts,Political news,News,Productive,47.8,2,Hostel,2025-09-22,Late Night
6038,U0021,TikTok,DM/Chat,Video call,Communication,Productive,11.4,2,College,2025-11-03,Night
6039,U0494,Slack,Reels/Shorts,Current affairs,News,Productive,28.4,2,Hostel,2025-03-07,Afternoon
6040,U0238,Slack,Notification,Freelance work,Business,Productive,7.7,2,College,2025-03-26,Night
6041,U0135,LinkedIn,Notification,Shopping,Commerce,Distractive,3.6,3,Cafe,2025-06-09,Afternoon
6042,U0228,Instagram,Feed,Fashion trends,Commerce,Distractive,23.6,3,Office,2025-06-26,Late Night
6043,U0155,WhatsApp,Search,Product review,Commerce,Distractive,31.1,3,Cafe,2025-06-29,Late Night
6044,U0438,Flipkart,Reels/Shorts,Football clip,Sports,Distractive,54,4,College,2025-05-11,Late Night
6045,U0217,Instagram,Feed,Exam preparation,Education,Productive,20.7,2,Cafe,2025-06-09,Late Night
6046,U0234,Facebook,Reels/Shorts,Investment tips,Business,Productive,25.8,2,Library,2025-10-10,Late Night
6047,U0183,YouTube,Course Page,World news,News,Productive,54.1,3,Hostel,2025-07-25,Night
6048,U0247,Snapchat,Feed,Resume building,Business,Productive,58.1,2,Library,2025-02-23,Evening
6049,U0388,Flipkart,Notification,Live score,Sports,Distractive,6.8,3,Office,2025-05-23,Evening
6050,U0216,Coursera,Explore,Physics lecture,Education,Productive,14.2,2,Home,2025-12-12,Late Night
6051,U0106,Facebook,Course Page,Data Science course,Education,Productive,8.1,1,Hostel,2025-08-01,Afternoon
6052,U0176,Telegram,Feed,Political news,News,Productive,6,1,Outdoors,2025-03-30,Night
6053,U0481,Facebook,Explore,Influencer content,Social Media,Distractive,9.8,4,Commute,2025-12-02,Evening
6054,U0330,WhatsApp,Notification,Client proposal,Business,Productive,8.6,1,Library,2025-11-27,Afternoon
6055,U0009,Amazon,DM/Chat,Machine Learning,Education,Productive,3.5,1,Hostel,2025-08-30,Evening
6056,U0152,Flipkart,DM/Chat,Live score,Sports,Distractive,21.7,4,College,2025-06-24,Night
6057,U0398,Snapchat,Notification,Political news,News,Productive,53,2,Commute,2025-04-09,Morning
6058,U0421,TikTok,Watch,Prank videos,Entertainment,Distractive,51.1,4,College,2025-06-26,Afternoon
6059,U0333,Slack,Course Page,Product review,Commerce,Distractive,67.9,3,Hostel,2025-07-16,Afternoon
6060,U0024,Twitter/X,Search,Local news,News,Productive,10.5,1,Hostel,2025-10-10,Late Night
6061,U0173,Slack,Search,Live score,Sports,Distractive,78.4,2,College,2025-12-25,Evening
6062,U0054,WhatsApp,Search,Sports news,Sports,Distractive,85.4,4,Commute,2025-02-21,Afternoon
6063,U0366,Google Classroom,Feed,Local news,News,Productive,51.4,1,College,2025-08-29,Late Night
6064,U0476,Zoom,Story,Family chat,Communication,Productive,38.1,2,Outdoors,2025-08-12,Night
6065,U0063,Twitter/X,Explore,Online sale,Commerce,Distractive,41.2,3,College,2025-02-22,Night
6066,U0063,Google Classroom,Story,Stock market,Business,Productive,41.7,1,Outdoors,2025-12-21,Evening
6067,U0095,Flipkart,Search,Sports news,Sports,Distractive,19.5,3,Home,2025-01-25,Afternoon
6068,U0112,Coursera,Course Page,Movie clips,Entertainment,Distractive,9.1,4,Hostel,2025-06-09,Afternoon
6069,U0470,Flipkart,Reels/Shorts,Local news,News,Productive,48.9,3,Outdoors,2025-11-17,Afternoon
6070,U0430,Amazon,Search,Group chat,Communication,Productive,57.6,1,Office,2025-08-15,Morning
6071,U0325,Telegram,Course Page,Local news,News,Productive,26.3,1,Cafe,2025-03-06,Morning
6072,U0016,Coursera,Reels/Shorts,Group chat,Communication,Productive,3.4,2,Home,2025-11-10,Morning
6073,U0175,YouTube,Story,Web series clip,Entertainment,Distractive,17.5,4,Home,2025-06-09,Late Night
6074,U0352,Flipkart,Reels/Shorts,Fashion trends,Commerce,Distractive,2.9,3,Commute,2025-04-18,Night
6075,U0086,Slack,DM/Chat,Networking,Business,Productive,49.7,2,Office,2025-11-04,Morning
6076,U0307,Google Classroom,Watch,Trending hashtags,Social Media,Distractive,48.1,4,Home,2025-09-09,Night
6077,U0493,Udemy,Explore,Product review,Commerce,Distractive,29,3,Library,2025-10-20,Evening
6078,U0176,Zoom,Explore,Market analysis,Business,Productive,14.9,1,College,2025-03-27,Evening
6079,U0136,Zoom,Reels/Shorts,Political news,News,Productive,57,2,Hostel,2025-01-18,Late Night
6080,U0348,LinkedIn,Notification,Football clip,Sports,Distractive,15.1,4,Office,2025-04-20,Evening
6081,U0399,Gmail,Watch,Dance videos,Entertainment,Distractive,48.7,5,Commute,2025-12-07,Night
6082,U0318,WhatsApp,Watch,Dance videos,Entertainment,Distractive,16.8,5,Commute,2025-08-26,Afternoon
6083,U0044,TikTok,Feed,Client call,Communication,Productive,29.3,1,Library,2025-04-14,Late Night
6084,U0109,Gmail,Explore,Prank videos,Entertainment,Distractive,70.9,4,Hostel,2025-03-01,Afternoon
6085,U0089,Flipkart,Search,Follower count check,Social Media,Distractive,80.8,5,College,2025-04-17,Night
6086,U0124,Gmail,DM/Chat,Web development course,Education,Productive,4.6,2,Outdoors,2025-10-15,Morning
6087,U0289,TikTok,Search,Political news,News,Productive,4,2,Outdoors,2025-06-25,Afternoon
6088,U0453,Twitter/X,Notification,Family chat,Communication,Productive,56,1,College,2025-09-19,Afternoon
6089,U0186,Coursera,Notification,Endless scrolling,Social Media,Distractive,28,5,Commute,2025-06-23,Morning
6090,U0236,Flipkart,Reels/Shorts,SQL tutorial,Education,Productive,41.4,1,Cafe,2025-08-01,Afternoon
6091,U0449,Snapchat,Reels/Shorts,Like notifications,Social Media,Distractive,42.8,5,Hostel,2025-03-24,Night
6092,U0210,Slack,Reels/Shorts,Resume building,Business,Productive,57.5,1,Cafe,2025-05-18,Evening
6093,U0133,Gmail,Story,Influencer content,Social Media,Distractive,19.1,5,Home,2025-02-05,Evening
6094,U0410,Coursera,Notification,Wishlist browsing,Commerce,Distractive,24.3,2,Commute,2025-05-26,Evening
6095,U0105,Facebook,Search,Exam preparation,Education,Productive,5.3,1,Cafe,2025-10-14,Morning
6096,U0360,Flipkart,DM/Chat,Email,Communication,Productive,4.3,1,Library,2025-01-13,Late Night
6097,U0219,Facebook,Feed,Investment tips,Business,Productive,10.7,1,Cafe,2025-02-05,Night
6098,U0082,YouTube,Explore,Discount coupons,Commerce,Distractive,78.5,3,Library,2025-12-23,Late Night
6099,U0307,Gmail,Watch,Project management,Business,Productive,4.6,2,Home,2025-12-08,Morning
6100,U0341,Amazon,Watch,Cricket update,Sports,Distractive,52.6,2,Hostel,2025-04-05,Evening
6101,U0061,Facebook,Reels/Shorts,Endless scrolling,Social Media,Distractive,20.3,4,Commute,2025-04-07,Morning
6102,U0298,Zoom,DM/Chat,Freelance work,Business,Productive,26.5,1,Cafe,2025-07-19,Night
6103,U0012,Telegram,Course Page,Technology news,News,Productive,38.4,1,Hostel,2025-06-02,Evening
6104,U0373,Zoom,Notification,Local news,News,Productive,11.4,1,College,2025-02-07,Late Night
6105,U0117,Snapchat,Feed,Trending challenge,Entertainment,Distractive,80.2,5,Commute,2025-07-11,Evening
6106,U0146,Amazon,Story,Business news,Business,Productive,19.7,2,Office,2025-07-18,Late Night
6107,U0077,Slack,DM/Chat,Endless scrolling,Social Media,Distractive,65.7,5,Home,2025-08-25,Afternoon
6108,U0205,Telegram,Explore,Comedy videos,Entertainment,Distractive,46,4,Home,2025-02-20,Morning
6109,U0339,Google Classroom,Watch,Story updates,Social Media,Distractive,66.3,5,Home,2025-06-10,Afternoon
6110,U0335,LinkedIn,Watch,Local news,News,Productive,52.2,2,College,2025-08-10,Afternoon
6111,U0448,Snapchat,Course Page,Live score,Sports,Distractive,82.2,3,Office,2025-01-15,Morning
6112,U0117,Google Classroom,Feed,Endless scrolling,Social Media,Distractive,79.9,4,Outdoors,2025-10-19,Late Night
6113,U0300,Slack,Reels/Shorts,Cricket update,Sports,Distractive,5.2,4,Cafe,2025-09-18,Evening
6114,U0268,Flipkart,Watch,Voice message,Communication,Productive,11.1,1,Cafe,2025-10-12,Night
6115,U0349,LinkedIn,Watch,Celebrity,Entertainment,Distractive,45.4,5,College,2025-05-14,Morning
6116,U0426,Flipkart,Reels/Shorts,Cricket update,Sports,Distractive,29.8,4,Hostel,2025-11-09,Late Night
6117,U0204,Twitter/X,Course Page,Networking,Business,Productive,38.3,1,Home,2025-11-18,Morning
6118,U0355,Udemy,Explore,Gaming,Entertainment,Distractive,62.4,5,Library,2025-01-06,Late Night
6119,U0071,Google Classroom,Reels/Shorts,TV show clip,Entertainment,Distractive,81.4,4,Office,2025-09-14,Evening
6120,U0144,Gmail,Watch,Cricket update,Sports,Distractive,10.1,3,Commute,2025-05-04,Night
6121,U0052,Gmail,Notification,Wishlist browsing,Commerce,Distractive,31.6,3,Hostel,2025-04-16,Night
6122,U0413,TikTok,Reels/Shorts,Product review,Commerce,Distractive,59.1,2,College,2025-02-18,Night
6123,U0253,Google Classroom,Reels/Shorts,Follower count check,Social Media,Distractive,81.6,4,College,2025-08-09,Late Night
6124,U0167,Amazon,Explore,TV show clip,Entertainment,Distractive,57.8,4,Cafe,2025-04-15,Afternoon
6125,U0402,WhatsApp,Feed,Video call,Communication,Productive,10.8,1,Library,2025-12-22,Morning
6126,U0332,WhatsApp,Feed,Reels,Entertainment,Distractive,8.6,5,Office,2025-01-24,Morning
6127,U0292,Zoom,Notification,Sports news,Sports,Distractive,9.3,3,Commute,2025-12-18,Night
6128,U0089,Facebook,DM/Chat,Shopping,Commerce,Distractive,70.3,3,Home,2025-04-06,Morning
6129,U0300,Zoom,Course Page,Trending challenge,Entertainment,Distractive,67.7,4,Home,2025-09-13,Morning
6130,U0084,Gmail,Watch,Client proposal,Business,Productive,44.2,2,Hostel,2025-12-22,Evening
6131,U0450,Google Classroom,Course Page,Random scrolling,Social Media,Distractive,6.4,4,Office,2025-07-17,Late Night
6132,U0397,Google Classroom,Explore,Colleague message,Communication,Productive,24.9,2,Office,2025-01-01,Night
6133,U0369,Facebook,Search,Startup news,Business,Productive,47.2,2,Library,2025-12-25,Morning
6134,U0119,Telegram,DM/Chat,Live score,Sports,Distractive,19.5,4,Cafe,2025-05-22,Evening
6135,U0257,Snapchat,Feed,Sports news,Sports,Distractive,62.3,2,Commute,2025-07-19,Late Night
6136,U0103,Zoom,Feed,Coding practice,Education,Productive,56.1,2,Office,2025-08-19,Late Night
6137,U0056,TikTok,Notification,Wishlist browsing,Commerce,Distractive,87.3,2,Cafe,2025-11-13,Evening
6138,U0459,Zoom,Watch,Funny compilation,Entertainment,Distractive,41.6,4,College,2025-06-27,Afternoon
6139,U0395,TikTok,Feed,Football clip,Sports,Distractive,75.4,2,Hostel,2025-01-11,Late Night
6140,U0275,Instagram,Feed,Job search,Business,Productive,1.8,1,Office,2025-11-01,Night
6141,U0313,Facebook,Watch,Web development course,Education,Productive,25.9,2,Commute,2025-04-14,Morning
6142,U0011,Snapchat,Reels/Shorts,Networking,Business,Productive,8.5,1,College,2025-07-24,Late Night
6143,U0254,Twitter/X,Search,World news,News,Productive,43.3,2,Office,2025-04-27,Afternoon
6144,U0110,Zoom,Search,Job search,Business,Productive,16.8,2,Hostel,2025-01-30,Late Night
6145,U0258,Snapchat,Search,Client call,Communication,Productive,13.7,2,Library,2025-03-06,Afternoon
6146,U0101,LinkedIn,Course Page,Viral video,Entertainment,Distractive,8.2,5,College,2025-09-18,Night
6147,U0042,Coursera,Course Page,Business news,Business,Productive,56.3,1,Commute,2025-12-15,Afternoon
6148,U0366,Google Classroom,Watch,Gossip,Entertainment,Distractive,40.7,5,Office,2025-09-02,Morning
6149,U0315,Zoom,Watch,Math tutorial,Education,Productive,10.8,2,Office,2025-12-03,Evening
6150,U0269,Twitter/X,Course Page,Match highlights,Sports,Distractive,23.5,2,Commute,2025-11-28,Morning
6151,U0338,Zoom,DM/Chat,World news,News,Productive,9.6,2,Home,2025-01-27,Night
6152,U0248,Instagram,Course Page,Competitive exam tips,Education,Productive,29.8,1,Hostel,2025-12-07,Night
6153,U0116,Udemy,Reels/Shorts,Follower count check,Social Media,Distractive,65.7,5,Commute,2025-08-28,Afternoon
6154,U0274,Slack,DM/Chat,Political news,News,Productive,30.4,1,Home,2025-04-05,Afternoon
6155,U0488,Telegram,Watch,Celebrity,Entertainment,Distractive,61.4,5,Outdoors,2025-07-14,Morning
6156,U0277,Facebook,Feed,Client proposal,Business,Productive,28.2,1,Hostel,2025-03-21,Evening
6157,U0219,Snapchat,Search,Interview preparation,Education,Productive,16.5,2,Office,2025-08-21,Evening
6158,U0033,Gmail,Search,Project update,Communication,Productive,4.2,1,Outdoors,2025-12-21,Morning
6159,U0246,Amazon,Story,Project update,Communication,Productive,41.9,2,Outdoors,2025-08-24,Evening
6160,U0355,YouTube,Explore,Political news,News,Productive,27.7,1,Cafe,2025-06-02,Evening
6161,U0415,TikTok,Course Page,Physics lecture,Education,Productive,38,1,Home,2025-05-01,Morning
6162,U0115,Coursera,Feed,Resume building,Business,Productive,58.7,1,Home,2025-10-14,Afternoon
6163,U0321,LinkedIn,Story,Shorts,Entertainment,Distractive,63.9,5,Home,2025-04-11,Late Night
6164,U0054,Slack,Feed,Current affairs,News,Productive,12.2,1,Commute,2025-05-18,Afternoon
6165,U0407,Coursera,Reels/Shorts,Technology news,News,Productive,9.9,3,Commute,2025-12-22,Morning
6166,U0069,Flipkart,Course Page,Shorts,Entertainment,Distractive,21.3,5,Office,2025-11-25,Late Night
6167,U0049,Facebook,Notification,Football clip,Sports,Distractive,21.9,2,Hostel,2025-04-18,Late Night
6168,U0467,Instagram,Watch,Web development course,Education,Productive,57.1,1,Outdoors,2025-10-15,Night
6169,U0246,WhatsApp,Explore,Current affairs,News,Productive,35.1,1,Cafe,2025-10-07,Night
6170,U0062,Telegram,Watch,AI fundamentals,Education,Productive,17.1,2,Cafe,2025-10-28,Morning
6171,U0166,LinkedIn,Story,Influencer content,Social Media,Distractive,24.4,4,Office,2025-08-14,Afternoon
6172,U0070,Instagram,Reels/Shorts,DM chat casual,Social Media,Distractive,89.3,4,Home,2025-09-27,Night
6173,U0354,Coursera,Feed,Random scrolling,Social Media,Distractive,12.7,4,Outdoors,2025-04-03,Night
6174,U0444,Flipkart,Search,Story updates,Social Media,Distractive,44.4,4,Office,2025-05-04,Morning
6175,U0082,Google Classroom,Reels/Shorts,Client call,Communication,Productive,44,1,Hostel,2025-04-30,Late Night
6176,U0335,Flipkart,Course Page,Fashion trends,Commerce,Distractive,12.7,3,Outdoors,2025-08-27,Morning
6177,U0327,Flipkart,DM/Chat,Viral video,Entertainment,Distractive,63.5,4,Cafe,2025-07-21,Evening
6178,U0259,TikTok,Notification,Sports news,Sports,Distractive,21.7,2,Hostel,2025-11-17,Late Night
6179,U0391,Google Classroom,Explore,Live score,Sports,Distractive,71.2,3,Office,2025-10-17,Morning
6180,U0044,TikTok,Feed,Cricket update,Sports,Distractive,30,2,Home,2025-10-06,Morning
6181,U0376,Udemy,Course Page,Python tutorial,Education,Productive,32.9,1,College,2025-09-23,Afternoon
6182,U0107,Zoom,Reels/Shorts,Online sale,Commerce,Distractive,53.2,3,Outdoors,2025-12-14,Morning
6183,U0346,YouTube,Notification,Networking,Business,Productive,6.2,2,Library,2025-04-29,Late Night
6184,U0372,Zoom,Watch,Networking,Business,Productive,52.5,2,Cafe,2025-12-04,Evening
6185,U0429,Snapchat,Course Page,Dance videos,Entertainment,Distractive,47.2,5,Outdoors,2025-12-30,Late Night
6186,U0013,Gmail,Course Page,Resume building,Business,Productive,55.4,2,College,2025-08-22,Evening
6187,U0062,Gmail,Watch,Fashion trends,Commerce,Distractive,12.2,3,Home,2025-12-15,Night
6188,U0163,Snapchat,DM/Chat,Technology news,News,Productive,27.7,2,College,2025-10-15,Afternoon
6189,U0308,Udemy,Notification,Current affairs,News,Productive,51.7,3,Outdoors,2025-10-16,Morning
6190,U0409,Snapchat,Reels/Shorts,Email,Communication,Productive,56.6,1,Hostel,2025-04-22,Evening
6191,U0364,Udemy,Reels/Shorts,Voice message,Communication,Productive,3,2,Hostel,2025-03-29,Afternoon
6192,U0250,Twitter/X,Story,Influencer content,Social Media,Distractive,38.3,4,Cafe,2025-05-29,Afternoon
6193,U0454,Slack,Watch,Market analysis,Business,Productive,2.7,1,College,2025-03-27,Evening
6194,U0257,Zoom,DM/Chat,Stock market,Business,Productive,12,1,College,2025-10-04,Afternoon
6195,U0263,Udemy,Explore,Email,Communication,Productive,39.9,2,Hostel,2025-12-05,Night
6196,U0313,LinkedIn,Course Page,Current affairs,News,Productive,11,1,Cafe,2025-01-26,Late Night
6197,U0156,WhatsApp,DM/Chat,Technology news,News,Productive,29.7,2,Cafe,2025-09-29,Morning
6198,U0079,Udemy,Reels/Shorts,Family chat,Communication,Productive,33.8,2,Commute,2025-02-04,Late Night
6199,U0135,Telegram,Story,Chemistry notes,Education,Productive,15.7,2,Commute,2025-02-16,Late Night
6200,U0028,Google Classroom,Story,Skill development,Education,Productive,38.4,2,Library,2025-12-22,Evening
6201,U0443,Flipkart,Search,Video call,Communication,Productive,33.4,2,Outdoors,2025-03-26,Afternoon
6202,U0458,YouTube,Search,DM chat casual,Social Media,Distractive,81.9,5,Commute,2025-11-12,Afternoon
6203,U0415,Snapchat,Course Page,Colleague message,Communication,Productive,11,1,Cafe,2025-05-27,Late Night
6204,U0170,Coursera,Feed,Follower count check,Social Media,Distractive,41.3,4,Commute,2025-10-07,Afternoon
6205,U0267,Gmail,Search,Viral video,Entertainment,Distractive,22.2,5,Hostel,2025-08-15,Night
6206,U0003,Gmail,Story,Weather update,News,Productive,53.7,1,Hostel,2025-04-14,Late Night
6207,U0356,TikTok,Course Page,Fashion trends,Commerce,Distractive,56.3,2,Cafe,2025-01-07,Late Night
6208,U0141,Gmail,Search,AI fundamentals,Education,Productive,11,1,College,2025-09-13,Night
6209,U0013,WhatsApp,Watch,Research paper,Education,Productive,38.4,2,Commute,2025-06-05,Evening
6210,U0287,Flipkart,Explore,Startup news,Business,Productive,20.6,1,Commute,2025-09-25,Evening
6211,U0364,Snapchat,Search,Reels,Entertainment,Distractive,48.9,5,Commute,2025-07-25,Morning
6212,U0325,Flipkart,Reels/Shorts,Networking,Business,Productive,5.8,1,Outdoors,2025-06-03,Late Night
6213,U0201,Coursera,Notification,Online sale,Commerce,Distractive,66.4,3,Commute,2025-10-03,Evening
6214,U0311,Zoom,DM/Chat,Physics lecture,Education,Productive,20.9,1,College,2025-09-07,Evening
6215,U0345,Snapchat,Explore,Current affairs,News,Productive,55.8,2,College,2025-01-18,Late Night
6216,U0499,Twitter/X,Reels/Shorts,Trending challenge,Entertainment,Distractive,68.2,5,Cafe,2025-08-17,Late Night
6217,U0259,Telegram,Story,Shopping,Commerce,Distractive,5.5,2,Outdoors,2025-07-04,Evening
6218,U0264,Udemy,Notification,Trending hashtags,Social Media,Distractive,84,5,College,2025-08-07,Night
6219,U0362,Amazon,Reels/Shorts,Excel tutorial,Education,Productive,7.2,2,Outdoors,2025-05-27,Evening
6220,U0237,WhatsApp,Course Page,Match highlights,Sports,Distractive,58,2,Commute,2025-05-31,Evening
6221,U0370,Instagram,Explore,TV show clip,Entertainment,Distractive,4.5,5,Commute,2025-06-23,Late Night
6222,U0362,Flipkart,Explore,Political news,News,Productive,17.7,3,Library,2025-03-27,Night
6223,U0027,WhatsApp,Story,Random scrolling,Social Media,Distractive,38.9,4,Office,2025-08-31,Night
6224,U0421,TikTok,Search,Colleague message,Communication,Productive,24,2,College,2025-10-04,Morning
6225,U0122,Facebook,Feed,Story updates,Social Media,Distractive,5,5,Commute,2025-05-11,Night
6226,U0289,Telegram,Feed,Work discussion,Communication,Productive,24.6,2,Hostel,2025-11-21,Evening
6227,U0104,Coursera,Course Page,World news,News,Productive,20.7,1,Library,2025-09-21,Late Night
6228,U0262,WhatsApp,Watch,Breaking news,News,Productive,35.3,3,Office,2025-07-03,Evening
6229,U0256,Instagram,Explore,Story updates,Social Media,Distractive,39.2,4,Commute,2025-04-17,Evening
6230,U0011,Instagram,Feed,Live score,Sports,Distractive,14.5,2,College,2025-01-01,Morning
6231,U0007,Telegram,Explore,Breaking news,News,Productive,25.2,3,College,2025-08-27,Late Night
6232,U0399,Google Classroom,Reels/Shorts,Discount coupons,Commerce,Distractive,35.8,3,Office,2025-09-11,Night
6233,U0389,Facebook,Watch,Product review,Commerce,Distractive,84.1,2,Office,2025-07-01,Morning
6234,U0168,LinkedIn,Story,Email,Communication,Productive,57.4,1,Commute,2025-04-14,Night
6235,U0148,Gmail,Explore,Client proposal,Business,Productive,45,1,College,2025-07-12,Afternoon
6236,U0060,Twitter/X,Notification,Startup news,Business,Productive,2.5,1,Home,2025-08-31,Morning
6237,U0467,Google Classroom,Explore,Cricket update,Sports,Distractive,2.8,3,Library,2025-06-01,Late Night
6238,U0492,Udemy,Story,Product review,Commerce,Distractive,1.8,2,Library,2025-02-18,Afternoon
6239,U0053,Amazon,DM/Chat,Breaking news,News,Productive,17.1,1,Outdoors,2025-07-13,Afternoon
6240,U0195,Instagram,DM/Chat,Sports news,Sports,Distractive,41.3,2,College,2025-06-02,Morning
6241,U0346,Slack,Notification,Viral video,Entertainment,Distractive,17.6,5,Library,2025-11-09,Night
6242,U0357,Gmail,Notification,Local news,News,Productive,24.2,1,Office,2025-09-27,Evening
6243,U0034,Flipkart,Story,Online sale,Commerce,Distractive,59.3,3,Home,2025-02-04,Afternoon
6244,U0122,Facebook,Story,Client call,Communication,Productive,12.3,2,Commute,2025-10-23,Evening
6245,U0406,Flipkart,Watch,Exam preparation,Education,Productive,34.6,2,Outdoors,2025-01-30,Evening
6246,U0020,LinkedIn,Watch,Music video,Entertainment,Distractive,28.9,5,College,2025-01-03,Afternoon
6247,U0012,Udemy,Feed,Weather update,News,Productive,38.3,3,College,2025-05-07,Night
6248,U0209,Facebook,Reels/Shorts,Memes,Entertainment,Distractive,72.6,4,Home,2025-01-18,Evening
6249,U0283,Flipkart,Search,Football clip,Sports,Distractive,8.2,3,Home,2025-09-27,Evening
6250,U0482,Snapchat,Story,Product review,Commerce,Distractive,61.3,3,Commute,2025-12-29,Night
6251,U0413,Snapchat,Search,Discount coupons,Commerce,Distractive,55.9,2,Commute,2025-05-17,Evening
6252,U0308,Instagram,Story,Project update,Communication,Productive,57.8,1,Hostel,2025-09-12,Afternoon
6253,U0348,Telegram,Feed,Startup news,Business,Productive,28.5,1,Home,2025-07-14,Evening
6254,U0342,Coursera,Story,Match highlights,Sports,Distractive,68.5,4,Library,2025-10-15,Late Night
6255,U0021,Flipkart,Search,Influencer content,Social Media,Distractive,5.8,5,Outdoors,2025-09-05,Morning
6256,U0176,Gmail,Explore,Comedy videos,Entertainment,Distractive,12.5,4,Library,2025-03-29,Evening
6257,U0391,Gmail,Watch,Weather update,News,Productive,13.7,1,Library,2025-03-21,Night
6258,U0108,YouTube,Explore,Networking,Business,Productive,52.4,2,Library,2025-06-05,Late Night
6259,U0132,Facebook,DM/Chat,Match highlights,Sports,Distractive,77.3,4,College,2025-05-14,Night
6260,U0278,Instagram,DM/Chat,Fashion trends,Commerce,Distractive,48.2,3,Commute,2025-06-01,Morning
6261,U0142,Twitter/X,Course Page,Story updates,Social Media,Distractive,10.4,4,Home,2025-03-03,Morning
6262,U0459,YouTube,Story,Comedy videos,Entertainment,Distractive,69,4,Home,2025-10-25,Late Night
6263,U0450,YouTube,Explore,World news,News,Productive,42.1,2,Home,2025-09-28,Night
6264,U0180,Slack,Explore,Flash deals,Commerce,Distractive,34.2,3,Cafe,2025-03-21,Afternoon
6265,U0431,TikTok,Notification,Client proposal,Business,Productive,21.7,2,Commute,2025-07-07,Night
6266,U0108,Snapchat,Course Page,Dance videos,Entertainment,Distractive,44.9,4,Home,2025-02-14,Late Night
6267,U0391,Telegram,Course Page,Freelance work,Business,Productive,19.4,1,Cafe,2025-03-12,Afternoon
6268,U0261,TikTok,Feed,Business news,Business,Productive,37.2,2,Commute,2025-03-31,Afternoon
6269,U0341,WhatsApp,Watch,Client call,Communication,Productive,11.7,2,Home,2025-12-25,Afternoon
6270,U0302,Gmail,DM/Chat,DM chat casual,Social Media,Distractive,11.7,5,Cafe,2025-01-26,Evening
6271,U0174,Twitter/X,Explore,Weather update,News,Productive,9.6,2,Library,2025-02-04,Night
6272,U0112,Gmail,DM/Chat,Trending hashtags,Social Media,Distractive,57.2,4,Outdoors,2025-08-28,Night
6273,U0473,Flipkart,Notification,Web development course,Education,Productive,9.4,2,Hostel,2025-07-02,Evening
6274,U0328,Flipkart,Notification,Discount coupons,Commerce,Distractive,51.7,2,Library,2025-11-22,Morning
6275,U0327,Slack,Story,Local news,News,Productive,60,2,College,2025-05-18,Evening
6276,U0236,Telegram,Notification,Startup news,Business,Productive,28.6,1,College,2025-11-16,Morning
6277,U0412,TikTok,Reels/Shorts,Endless scrolling,Social Media,Distractive,9.8,5,Commute,2025-06-30,Evening
6278,U0454,Google Classroom,Notification,Video call,Communication,Productive,8.2,2,Hostel,2025-11-07,Night
6279,U0427,Slack,Feed,Group chat,Communication,Productive,4.8,2,College,2025-09-15,Night
6280,U0329,Instagram,Reels/Shorts,Startup news,Business,Productive,44,2,Hostel,2025-09-17,Afternoon
6281,U0328,Snapchat,Watch,Voice message,Communication,Productive,12,2,Hostel,2025-01-25,Evening
6282,U0171,Udemy,Explore,Group chat,Communication,Productive,37,2,Commute,2025-05-17,Afternoon
6283,U0355,WhatsApp,Watch,Project management,Business,Productive,42.9,1,College,2025-10-25,Morning
6284,U0401,Snapchat,Course Page,Investment tips,Business,Productive,42.7,1,Home,2025-12-23,Night
6285,U0123,Gmail,Story,Breaking news,News,Productive,37.8,2,Office,2025-03-03,Afternoon
6286,U0227,Slack,Feed,Research paper,Education,Productive,20.2,2,Cafe,2025-04-15,Morning
6287,U0355,Zoom,Explore,Business news,Business,Productive,13.4,1,College,2025-02-06,Late Night
6288,U0180,Instagram,Reels/Shorts,Discount coupons,Commerce,Distractive,51.4,3,Outdoors,2025-10-01,Afternoon
6289,U0114,Google Classroom,Story,Science experiment,Education,Productive,37.5,2,College,2025-10-08,Morning
6290,U0422,Google Classroom,Course Page,Email,Communication,Productive,1.2,2,Outdoors,2025-04-09,Evening
6291,U0131,Instagram,Story,Team meeting,Communication,Productive,17.4,2,Home,2025-08-19,Night
6292,U0281,TikTok,Search,Live score,Sports,Distractive,57.1,4,Cafe,2025-04-09,Night
6293,U0284,Google Classroom,Story,Team meeting,Communication,Productive,54.4,1,Library,2025-11-12,Evening
6294,U0142,Instagram,Course Page,AI fundamentals,Education,Productive,46.1,1,Cafe,2025-06-27,Late Night
6295,U0067,Snapchat,Search,Random scrolling,Social Media,Distractive,15.4,4,Outdoors,2025-07-13,Morning
6296,U0230,Telegram,Explore,Conference call,Communication,Productive,52.6,1,Office,2025-06-21,Afternoon
6297,U0020,Google Classroom,Watch,World news,News,Productive,54.2,3,Commute,2025-03-04,Late Night
6298,U0008,Google Classroom,Search,Fashion trends,Commerce,Distractive,6.8,3,Home,2025-10-13,Afternoon
6299,U0350,Google Classroom,DM/Chat,Online sale,Commerce,Distractive,75.3,3,Outdoors,2025-02-22,Morning
6300,U0123,Gmail,Story,Movie clips,Entertainment,Distractive,89.8,5,Office,2025-04-28,Night
6301,U0495,Gmail,Search,Trending hashtags,Social Media,Distractive,88,5,Hostel,2025-09-24,Late Night
6302,U0479,Amazon,DM/Chat,Breaking news,News,Productive,20.9,1,Office,2025-04-04,Night
6303,U0113,TikTok,Feed,Sports news,Sports,Distractive,18.1,4,Cafe,2025-09-09,Morning
6304,U0084,Slack,Course Page,Live score,Sports,Distractive,79.3,3,Outdoors,2025-06-21,Afternoon
6305,U0110,YouTube,Feed,Business news,Business,Productive,44.3,1,Home,2025-11-21,Afternoon
6306,U0284,Twitter/X,DM/Chat,Memes,Entertainment,Distractive,61.3,4,Outdoors,2025-11-24,Afternoon
6307,U0340,Flipkart,Feed,Gossip,Entertainment,Distractive,71.7,4,Office,2025-02-19,Evening
6308,U0209,TikTok,Explore,Online sale,Commerce,Distractive,38,2,Cafe,2025-11-24,Afternoon
6309,U0430,WhatsApp,Course Page,Like notifications,Social Media,Distractive,49.2,5,Commute,2025-12-22,Morning
6310,U0306,Google Classroom,Watch,Local news,News,Productive,48.3,3,Commute,2025-05-07,Afternoon
6311,U0108,Twitter/X,Course Page,Fashion trends,Commerce,Distractive,77,3,Cafe,2025-03-21,Late Night
6312,U0417,LinkedIn,Explore,Conference call,Communication,Productive,57.1,2,Hostel,2025-04-28,Afternoon
6313,U0089,WhatsApp,Reels/Shorts,Movie clips,Entertainment,Distractive,31.2,4,College,2025-07-14,Late Night
6314,U0059,Instagram,Story,Funny compilation,Entertainment,Distractive,61.3,5,Cafe,2025-12-08,Late Night
6315,U0181,YouTube,Explore,Colleague message,Communication,Productive,22.9,2,Cafe,2025-09-10,Night
6316,U0412,Udemy,Watch,Email,Communication,Productive,58.6,2,Home,2025-08-23,Evening
6317,U0421,Twitter/X,Notification,Political news,News,Productive,15.6,1,Commute,2025-07-31,Afternoon
6318,U0079,Amazon,Explore,Breaking news,News,Productive,50.9,2,College,2025-06-21,Late Night
6319,U0219,YouTube,Watch,LinkedIn post,Business,Productive,29.7,1,Home,2025-06-25,Late Night
6320,U0350,Flipkart,Explore,Cricket update,Sports,Distractive,8.5,4,Cafe,2025-10-17,Late Night
6321,U0298,Zoom,Reels/Shorts,Breaking news,News,Productive,19.4,2,Outdoors,2025-10-24,Night
6322,U0115,Facebook,Story,Weather update,News,Productive,40.7,3,College,2025-05-27,Late Night
6323,U0360,Snapchat,Feed,Match highlights,Sports,Distractive,47.2,3,Library,2025-02-13,Morning
6324,U0224,Gmail,Watch,Wishlist browsing,Commerce,Distractive,79.8,3,Cafe,2025-08-18,Late Night
6325,U0316,Instagram,Course Page,Match highlights,Sports,Distractive,6.6,2,College,2025-02-19,Night
6326,U0259,Facebook,Explore,Music video,Entertainment,Distractive,68,4,Outdoors,2025-12-09,Morning
6327,U0180,LinkedIn,Story,Live score,Sports,Distractive,21.3,4,Outdoors,2025-05-18,Morning
6328,U0148,Google Classroom,Notification,Reels,Entertainment,Distractive,57.3,4,College,2025-03-04,Night
6329,U0152,Google Classroom,Search,Project management,Business,Productive,9.4,1,Outdoors,2025-06-08,Morning
6330,U0016,Snapchat,Notification,Influencer content,Social Media,Distractive,61.5,4,Library,2025-11-29,Night
6331,U0291,Flipkart,Course Page,Video call,Communication,Productive,41.3,1,Library,2025-02-14,Late Night
6332,U0278,Google Classroom,Search,Video call,Communication,Productive,16.1,1,Home,2025-03-03,Afternoon
6333,U0027,Snapchat,Explore,Random scrolling,Social Media,Distractive,69.9,5,Library,2025-02-21,Evening
6334,U0378,Telegram,Course Page,Video call,Communication,Productive,50.6,2,Cafe,2025-12-13,Afternoon
6335,U0077,Twitter/X,Story,DM chat casual,Social Media,Distractive,25.8,4,Home,2025-07-18,Evening
6336,U0340,Slack,Watch,Job search,Business,Productive,48.7,2,Outdoors,2025-07-23,Late Night
6337,U0042,Google Classroom,Notification,Conference call,Communication,Productive,41.9,2,Cafe,2025-02-08,Afternoon
6338,U0362,TikTok,Feed,Job search,Business,Productive,21.7,2,Library,2025-09-13,Morning
6339,U0196,Facebook,DM/Chat,Online sale,Commerce,Distractive,30.7,3,Hostel,2025-05-19,Afternoon
6340,U0459,Slack,Notification,Group chat,Communication,Productive,29,1,Commute,2025-08-29,Morning
6341,U0292,Udemy,Story,Online sale,Commerce,Distractive,82.5,3,Outdoors,2025-01-23,Morning
6342,U0413,LinkedIn,Watch,Product review,Commerce,Distractive,34.4,3,Cafe,2025-09-21,Afternoon
6343,U0233,LinkedIn,Explore,Like notifications,Social Media,Distractive,72.7,4,Commute,2025-10-11,Night
6344,U0393,Amazon,DM/Chat,Football clip,Sports,Distractive,66.3,4,Cafe,2025-11-13,Night
6345,U0289,YouTube,DM/Chat,Trending hashtags,Social Media,Distractive,58.1,4,College,2025-11-10,Late Night
6346,U0370,Instagram,DM/Chat,Breaking news,News,Productive,47.3,2,Hostel,2025-02-27,Evening
6347,U0346,Twitter/X,Explore,Sports news,Sports,Distractive,48.6,2,Outdoors,2025-09-26,Morning
6348,U0011,Gmail,Reels/Shorts,Technology news,News,Productive,33.4,1,Commute,2025-10-03,Late Night
6349,U0168,LinkedIn,Search,Sports news,Sports,Distractive,4.5,3,Hostel,2025-06-22,Evening
6350,U0500,TikTok,DM/Chat,Product review,Commerce,Distractive,62.4,3,Library,2025-07-20,Afternoon
6351,U0050,Facebook,Search,Team meeting,Communication,Productive,13.4,1,Home,2025-05-26,Afternoon
6352,U0256,Snapchat,Feed,Language learning,Education,Productive,18.8,2,Outdoors,2025-10-16,Afternoon
6353,U0416,Coursera,DM/Chat,Exam preparation,Education,Productive,20.8,1,Outdoors,2025-12-26,Late Night
6354,U0067,Udemy,Story,Local news,News,Productive,36.2,2,College,2025-04-02,Late Night
6355,U0165,Instagram,Reels/Shorts,Startup news,Business,Productive,14.8,1,Outdoors,2025-01-08,Evening
6356,U0309,Instagram,Notification,Sports news,Sports,Distractive,80.1,4,Home,2025-08-30,Evening
6357,U0384,Facebook,Notification,Group chat,Communication,Productive,8.9,1,Hostel,2025-10-24,Night
6358,U0353,Telegram,Notification,Prank videos,Entertainment,Distractive,21,4,Library,2025-10-08,Morning
6359,U0036,Twitter/X,DM/Chat,Research paper,Education,Productive,55.2,1,Outdoors,2025-04-12,Night
6360,U0045,Udemy,Explore,Celebrity,Entertainment,Distractive,7.8,5,Cafe,2025-07-06,Night
6361,U0409,WhatsApp,Feed,Influencer content,Social Media,Distractive,36.4,4,Cafe,2025-12-05,Afternoon
6362,U0298,WhatsApp,Course Page,Networking,Business,Productive,44.9,1,Commute,2025-12-13,Late Night
6363,U0307,Facebook,Feed,Local news,News,Productive,4.8,3,Home,2025-12-15,Late Night
6364,U0154,Snapchat,DM/Chat,Video call,Communication,Productive,9.7,2,Office,2025-12-01,Night
6365,U0004,YouTube,Reels/Shorts,Football clip,Sports,Distractive,56.6,2,Cafe,2025-05-17,Morning
6366,U0137,Zoom,Search,Political news,News,Productive,21,2,Outdoors,2025-05-30,Afternoon
6367,U0080,Slack,Story,Reels,Entertainment,Distractive,49.9,5,Outdoors,2025-09-13,Morning
6368,U0468,Slack,DM/Chat,Weather update,News,Productive,5.8,1,College,2025-07-11,Night
6369,U0476,Instagram,Watch,Family chat,Communication,Productive,38.8,1,Outdoors,2025-10-23,Afternoon
6370,U0024,Instagram,Search,Political news,News,Productive,59,1,Cafe,2025-03-15,Evening
6371,U0151,LinkedIn,Feed,Like notifications,Social Media,Distractive,82.6,4,Office,2025-08-05,Late Night
6372,U0475,Gmail,Explore,Reels,Entertainment,Distractive,75.2,5,Hostel,2025-02-14,Night
6373,U0394,Snapchat,Explore,Wishlist browsing,Commerce,Distractive,12.2,3,Home,2025-06-04,Afternoon
6374,U0370,WhatsApp,Feed,Sports news,Sports,Distractive,85.5,4,Cafe,2025-02-02,Morning
6375,U0060,Flipkart,Search,Chemistry notes,Education,Productive,13.5,1,Hostel,2025-06-26,Morning
6376,U0264,Snapchat,Story,Cricket update,Sports,Distractive,80.8,4,Commute,2025-03-19,Late Night
6377,U0013,Telegram,Feed,Machine Learning,Education,Productive,49.6,2,Cafe,2025-08-03,Late Night
6378,U0414,Amazon,Reels/Shorts,Endless scrolling,Social Media,Distractive,43.3,5,Home,2025-05-13,Afternoon
6379,U0421,Twitter/X,Feed,History lecture,Education,Productive,53.5,2,Outdoors,2025-10-14,Late Night
6380,U0120,TikTok,DM/Chat,Sports news,Sports,Distractive,15.3,2,Cafe,2025-06-01,Morning
6381,U0031,Amazon,Notification,Local news,News,Productive,39.5,1,Office,2025-12-16,Morning
6382,U0278,Udemy,Feed,Technology news,News,Productive,2.7,3,Library,2025-04-20,Evening
6383,U0380,Instagram,Explore,Job search,Business,Productive,11.3,2,Cafe,2025-12-09,Morning
6384,U0050,Slack,Notification,DM chat casual,Social Media,Distractive,18.9,4,Hostel,2025-01-19,Evening
6385,U0466,Coursera,Story,Shopping,Commerce,Distractive,75.7,3,Library,2025-06-05,Late Night
6386,U0321,Google Classroom,Story,Colleague message,Communication,Productive,40.2,1,Outdoors,2025-05-27,Night
6387,U0342,Coursera,Feed,Prank videos,Entertainment,Distractive,25.2,4,Home,2025-04-22,Morning
6388,U0438,Flipkart,Notification,Influencer content,Social Media,Distractive,88.7,4,Library,2025-06-25,Morning
6389,U0495,Flipkart,Notification,Online sale,Commerce,Distractive,60.1,2,Cafe,2025-11-10,Morning
6390,U0357,Twitter/X,DM/Chat,Prank videos,Entertainment,Distractive,20,5,Office,2025-11-11,Afternoon
6391,U0439,Amazon,Explore,Wishlist browsing,Commerce,Distractive,70,3,Commute,2025-12-03,Morning
6392,U0449,Instagram,Story,Networking,Business,Productive,12.2,1,Cafe,2025-09-11,Late Night
6393,U0039,WhatsApp,DM/Chat,Client proposal,Business,Productive,51.6,2,Cafe,2025-07-22,Evening
6394,U0374,LinkedIn,Watch,Local news,News,Productive,26.7,2,Office,2025-01-23,Morning
6395,U0404,Slack,DM/Chat,Celebrity,Entertainment,Distractive,25.4,5,Home,2025-08-19,Night
6396,U0413,YouTube,Reels/Shorts,Colleague message,Communication,Productive,44.4,2,Library,2025-02-26,Night
6397,U0334,Telegram,DM/Chat,Political news,News,Productive,11.3,3,Commute,2025-07-04,Afternoon
6398,U0419,Gmail,Story,World news,News,Productive,12.9,3,Outdoors,2025-06-17,Afternoon
6399,U0161,Snapchat,Watch,Shopping,Commerce,Distractive,89.9,2,Home,2025-01-17,Afternoon
6400,U0328,Amazon,Notification,Technology news,News,Productive,5.9,3,Library,2025-06-25,Morning
6401,U0361,Udemy,Watch,Online certification,Education,Productive,1.8,1,Outdoors,2025-07-10,Night
6402,U0412,Flipkart,Reels/Shorts,Memes,Entertainment,Distractive,56.9,4,Home,2025-12-29,Afternoon
6403,U0370,LinkedIn,Watch,Product review,Commerce,Distractive,53.1,2,Cafe,2025-02-07,Night
6404,U0214,Google Classroom,Course Page,Local news,News,Productive,28.6,2,Office,2025-09-06,Late Night
6405,U0003,Facebook,Feed,Weather update,News,Productive,21.4,3,College,2025-07-07,Night
6406,U0285,Coursera,Feed,Gossip,Entertainment,Distractive,26.8,4,Cafe,2025-11-16,Evening
6407,U0345,TikTok,Notification,Voice message,Communication,Productive,28.8,1,Cafe,2025-04-23,Afternoon
6408,U0026,Zoom,Feed,Match highlights,Sports,Distractive,13.7,2,Home,2025-04-27,Morning
6409,U0177,Coursera,Reels/Shorts,Colleague message,Communication,Productive,5.1,1,Cafe,2025-01-07,Night
6410,U0157,Snapchat,Reels/Shorts,DM chat casual,Social Media,Distractive,76.8,5,Library,2025-05-10,Late Night
6411,U0498,Amazon,DM/Chat,Prank videos,Entertainment,Distractive,27.8,4,Cafe,2025-11-21,Night
6412,U0286,Slack,Search,Follower count check,Social Media,Distractive,80.7,4,Office,2025-09-28,Late Night
6413,U0275,Coursera,Course Page,Work discussion,Communication,Productive,39.5,1,Commute,2025-12-17,Late Night
6414,U0176,Facebook,Course Page,Physics lecture,Education,Productive,8.2,1,Hostel,2025-04-25,Evening
6415,U0228,Telegram,Notification,Memes,Entertainment,Distractive,73.7,5,Library,2025-11-20,Late Night
6416,U0032,Snapchat,DM/Chat,Stock market,Business,Productive,32,1,Office,2025-03-06,Night
6417,U0195,Facebook,Course Page,Music video,Entertainment,Distractive,87.1,4,Cafe,2025-01-15,Afternoon
6418,U0370,Snapchat,Watch,Follower count check,Social Media,Distractive,33.6,5,Home,2025-03-26,Afternoon
6419,U0419,Slack,Reels/Shorts,Current affairs,News,Productive,30.8,1,Cafe,2025-10-02,Morning
6420,U0250,Coursera,Notification,Influencer content,Social Media,Distractive,47.5,5,Office,2025-08-31,Afternoon
6421,U0152,Zoom,Course Page,Celebrity,Entertainment,Distractive,89.3,5,College,2025-04-14,Afternoon
6422,U0180,WhatsApp,Watch,Web development course,Education,Productive,58.2,1,College,2025-04-29,Afternoon
6423,U0387,Coursera,Course Page,Funny compilation,Entertainment,Distractive,6.2,4,Commute,2025-06-14,Evening
6424,U0341,LinkedIn,Watch,Online sale,Commerce,Distractive,11.2,3,Commute,2025-08-26,Night
6425,U0317,Gmail,Watch,Conference call,Communication,Productive,34.3,1,Office,2025-12-05,Afternoon
6426,U0055,Facebook,Notification,Fashion trends,Commerce,Distractive,57.4,3,College,2025-11-24,Evening
6427,U0211,Gmail,Watch,Chemistry notes,Education,Productive,19.7,1,Outdoors,2025-05-21,Evening
6428,U0426,Instagram,Course Page,Story updates,Social Media,Distractive,39.2,5,Library,2025-04-27,Night
6429,U0093,Twitter/X,Story,Technology news,News,Productive,45.6,2,Library,2025-09-11,Morning
6430,U0272,Coursera,Feed,Client call,Communication,Productive,30.4,2,Home,2025-11-08,Evening
6431,U0123,Zoom,Search,World news,News,Productive,46.5,1,Hostel,2025-04-22,Afternoon
6432,U0136,TikTok,Story,Video call,Communication,Productive,41.6,1,Outdoors,2025-05-25,Night
6433,U0009,TikTok,Course Page,Comedy videos,Entertainment,Distractive,21.3,5,Office,2025-02-20,Night
6434,U0109,Snapchat,Notification,Political news,News,Productive,35.9,1,Cafe,2025-01-02,Late Night
6435,U0318,TikTok,Watch,Political news,News,Productive,29.1,3,Library,2025-07-06,Afternoon
6436,U0233,LinkedIn,Story,Like notifications,Social Media,Distractive,26.9,4,Hostel,2025-03-10,Night
6437,U0299,Telegram,Course Page,Conference call,Communication,Productive,4.6,1,Library,2025-08-09,Morning
6438,U0333,Gmail,DM/Chat,Work discussion,Communication,Productive,12,2,Office,2025-03-03,Night
6439,U0013,Zoom,Reels/Shorts,Sports news,Sports,Distractive,27.6,4,Outdoors,2025-09-03,Afternoon
6440,U0307,Coursera,Course Page,Trending challenge,Entertainment,Distractive,66.1,4,Hostel,2025-10-29,Night
6441,U0210,Gmail,Explore,Work discussion,Communication,Productive,9.9,1,Cafe,2025-05-06,Late Night
6442,U0328,YouTube,Feed,SQL tutorial,Education,Productive,59.3,1,Office,2025-04-17,Afternoon
6443,U0039,Twitter/X,Story,Project update,Communication,Productive,52,2,Library,2025-11-15,Afternoon
6444,U0169,LinkedIn,Explore,Conference call,Communication,Productive,9.4,2,Outdoors,2025-08-13,Afternoon
6445,U0413,Gmail,DM/Chat,Video call,Communication,Productive,18.6,2,Hostel,2025-09-25,Evening
6446,U0437,Gmail,Watch,Machine Learning,Education,Productive,27.9,2,Office,2025-10-27,Afternoon
6447,U0294,TikTok,Explore,Discount coupons,Commerce,Distractive,77.9,2,Home,2025-10-06,Night
6448,U0424,TikTok,DM/Chat,Startup news,Business,Productive,39.2,2,Hostel,2025-09-08,Night
6449,U0207,TikTok,DM/Chat,Online sale,Commerce,Distractive,77.9,3,Office,2025-09-01,Afternoon
6450,U0142,Flipkart,Story,Python tutorial,Education,Productive,1.7,2,Home,2025-11-30,Late Night
6451,U0407,Slack,Feed,Team meeting,Communication,Productive,6.8,1,Outdoors,2025-06-12,Afternoon
6452,U0090,Instagram,Course Page,Stock market,Business,Productive,29.5,2,Hostel,2025-03-05,Late Night
6453,U0068,Telegram,Explore,Like notifications,Social Media,Distractive,24.2,4,Office,2025-10-10,Morning
6454,U0498,Snapchat,Watch,Coding practice,Education,Productive,18.4,1,Hostel,2025-08-10,Morning
6455,U0435,Udemy,Story,Product review,Commerce,Distractive,51,2,Hostel,2025-07-29,Afternoon
6456,U0090,YouTube,Watch,Product review,Commerce,Distractive,81.7,3,Library,2025-04-11,Late Night
6457,U0456,Slack,Watch,Local news,News,Productive,2.5,3,College,2025-04-06,Night
6458,U0228,Zoom,Notification,Project update,Communication,Productive,22.6,2,Outdoors,2025-06-01,Afternoon
6459,U0154,Zoom,Feed,World news,News,Productive,41.1,2,Outdoors,2025-01-14,Evening
6460,U0413,Facebook,Explore,Match highlights,Sports,Distractive,24.8,2,Hostel,2025-12-19,Evening
6461,U0431,Gmail,Watch,Startup news,Business,Productive,54.2,2,College,2025-09-14,Late Night
6462,U0474,YouTube,Course Page,Work discussion,Communication,Productive,14.7,2,College,2025-01-24,Morning
6463,U0082,Udemy,Explore,Project update,Communication,Productive,23.6,2,Home,2025-01-27,Afternoon
6464,U0070,Telegram,Watch,Python tutorial,Education,Productive,46.6,1,Library,2025-09-19,Afternoon
6465,U0134,Snapchat,Search,Political news,News,Productive,2.7,2,Cafe,2025-02-21,Afternoon
6466,U0133,LinkedIn,Search,Like notifications,Social Media,Distractive,66.9,4,Home,2025-03-28,Evening
6467,U0179,LinkedIn,Reels/Shorts,Interview preparation,Education,Productive,53.2,2,Hostel,2025-06-20,Evening
6468,U0287,LinkedIn,Course Page,Freelance work,Business,Productive,46.8,2,Commute,2025-08-01,Late Night
6469,U0262,Amazon,Feed,Technology news,News,Productive,49.9,2,Office,2025-07-28,Afternoon
6470,U0147,Udemy,Search,Sports news,Sports,Distractive,6.3,4,Library,2025-12-31,Morning
6471,U0485,TikTok,Reels/Shorts,World news,News,Productive,18.7,1,Office,2025-09-19,Late Night
6472,U0066,YouTube,Feed,Random scrolling,Social Media,Distractive,37.9,5,College,2025-10-10,Late Night
6473,U0337,WhatsApp,Feed,World news,News,Productive,16.2,2,Home,2025-09-11,Morning
6474,U0461,Zoom,Explore,Team meeting,Communication,Productive,32.9,2,Home,2025-07-17,Late Night
6475,U0408,Instagram,DM/Chat,Football clip,Sports,Distractive,54.3,3,Office,2025-11-26,Night
6476,U0369,Amazon,DM/Chat,Football clip,Sports,Distractive,86.6,2,Outdoors,2025-06-20,Morning
6477,U0381,Snapchat,Course Page,Trending hashtags,Social Media,Distractive,58.1,5,Home,2025-04-28,Late Night
6478,U0132,Coursera,Notification,Cricket update,Sports,Distractive,1.3,2,Home,2025-05-10,Morning
6479,U0393,Telegram,Watch,Breaking news,News,Productive,38.5,3,College,2025-01-05,Evening
6480,U0193,Instagram,Feed,Job search,Business,Productive,53.7,1,Hostel,2025-07-06,Late Night
6481,U0153,Coursera,Watch,LinkedIn post,Business,Productive,34.1,1,College,2025-11-12,Afternoon
6482,U0440,Google Classroom,Course Page,Business news,Business,Productive,39,1,Hostel,2025-08-28,Evening
6483,U0452,Amazon,Reels/Shorts,Match highlights,Sports,Distractive,64,2,Cafe,2025-02-25,Evening
6484,U0374,Twitter/X,Reels/Shorts,Shopping,Commerce,Distractive,16.8,3,Library,2025-03-18,Morning
6485,U0141,Zoom,Course Page,Football clip,Sports,Distractive,73.1,2,Hostel,2025-02-28,Night
6486,U0139,Twitter/X,Feed,Language learning,Education,Productive,3.3,2,Commute,2025-07-16,Late Night
6487,U0415,Udemy,DM/Chat,Project update,Communication,Productive,17,1,Hostel,2025-10-17,Night
6488,U0412,Coursera,Search,Random scrolling,Social Media,Distractive,35.2,4,Home,2025-12-09,Morning
6489,U0392,Facebook,Notification,Endless scrolling,Social Media,Distractive,19,4,Office,2025-03-16,Morning
6490,U0210,Instagram,Watch,Breaking news,News,Productive,40.4,2,Home,2025-04-21,Late Night
6491,U0097,Google Classroom,DM/Chat,Physics lecture,Education,Productive,3.1,1,Office,2025-09-15,Night
6492,U0275,Facebook,Story,Trending challenge,Entertainment,Distractive,74.5,4,Outdoors,2025-12-12,Afternoon
6493,U0243,Udemy,DM/Chat,Follower count check,Social Media,Distractive,11.6,5,Home,2025-11-27,Afternoon
6494,U0069,Gmail,Explore,Online sale,Commerce,Distractive,70.3,3,Commute,2025-07-20,Morning
6495,U0389,Amazon,Search,Web development course,Education,Productive,53.1,2,College,2025-01-19,Late Night
6496,U0351,TikTok,Reels/Shorts,Trending hashtags,Social Media,Distractive,30.7,4,Hostel,2025-08-30,Late Night
6497,U0324,Twitter/X,Watch,DM chat casual,Social Media,Distractive,7.5,4,Office,2025-11-08,Afternoon
6498,U0130,Snapchat,DM/Chat,Video call,Communication,Productive,33.5,2,Commute,2025-11-17,Afternoon
6499,U0166,Amazon,Story,Football clip,Sports,Distractive,26.8,3,Commute,2025-01-23,Late Night
6500,U0297,Slack,Feed,Random scrolling,Social Media,Distractive,35.4,5,Home,2025-06-06,Afternoon
6501,U0203,Google Classroom,Notification,Football clip,Sports,Distractive,78.1,4,Cafe,2025-05-24,Morning
6502,U0054,YouTube,Story,Coding practice,Education,Productive,36.2,2,Home,2025-06-26,Afternoon
6503,U0451,Udemy,Course Page,Online certification,Education,Productive,30.4,1,Home,2025-09-30,Late Night
6504,U0489,Instagram,Search,Voice message,Communication,Productive,58.2,1,Library,2025-04-16,Afternoon
6505,U0181,Gmail,Feed,Discount coupons,Commerce,Distractive,31.8,3,Outdoors,2025-10-24,Afternoon
6506,U0404,LinkedIn,Search,Weather update,News,Productive,56.3,2,Outdoors,2025-10-29,Morning
6507,U0261,Coursera,DM/Chat,Breaking news,News,Productive,9.3,2,Commute,2025-09-24,Late Night
6508,U0050,WhatsApp,Explore,Gaming,Entertainment,Distractive,16.4,5,Cafe,2025-04-01,Afternoon
6509,U0386,WhatsApp,Story,Investment tips,Business,Productive,18.8,1,Cafe,2025-06-08,Late Night
6510,U0200,Google Classroom,Explore,Endless scrolling,Social Media,Distractive,63.1,4,Home,2025-12-14,Morning
6511,U0434,LinkedIn,DM/Chat,Video call,Communication,Productive,53.5,2,Outdoors,2025-12-14,Late Night
6512,U0098,Amazon,Reels/Shorts,Match highlights,Sports,Distractive,63.8,2,Hostel,2025-01-06,Night
6513,U0005,Google Classroom,Feed,Match highlights,Sports,Distractive,22.7,2,Office,2025-12-12,Evening
6514,U0461,LinkedIn,Search,Dance videos,Entertainment,Distractive,7.7,4,Commute,2025-08-06,Afternoon
6515,U0308,WhatsApp,Watch,Comedy videos,Entertainment,Distractive,31,5,Home,2025-02-13,Afternoon
6516,U0220,WhatsApp,Search,Math tutorial,Education,Productive,32.2,1,Hostel,2025-10-02,Night
6517,U0106,TikTok,Watch,Cricket update,Sports,Distractive,36.5,3,Library,2025-07-15,Afternoon
6518,U0453,Slack,Reels/Shorts,Stock market,Business,Productive,25,2,Commute,2025-04-08,Morning
6519,U0241,YouTube,Reels/Shorts,Chemistry notes,Education,Productive,45.6,2,Hostel,2025-02-27,Late Night
6520,U0400,Coursera,Search,Online certification,Education,Productive,16.7,2,Hostel,2025-08-25,Late Night
6521,U0376,TikTok,Watch,Current affairs,News,Productive,10.3,2,Home,2025-09-18,Late Night
6522,U0499,Zoom,DM/Chat,Job search,Business,Productive,37.8,1,Hostel,2025-11-17,Evening
6523,U0310,Facebook,DM/Chat,Cricket update,Sports,Distractive,44.8,2,Cafe,2025-10-30,Afternoon
6524,U0265,Coursera,DM/Chat,Investment tips,Business,Productive,9.2,1,Home,2025-07-21,Morning
6525,U0473,TikTok,Feed,Wishlist browsing,Commerce,Distractive,32.8,3,Office,2025-08-18,Evening
6526,U0465,Telegram,Story,Endless scrolling,Social Media,Distractive,60.3,5,Office,2025-07-15,Morning
6527,U0287,Twitter/X,Watch,Wishlist browsing,Commerce,Distractive,87,2,College,2025-03-21,Evening
6528,U0224,TikTok,Search,Online certification,Education,Productive,5.9,2,Outdoors,2025-05-19,Night
6529,U0355,YouTube,Watch,History lecture,Education,Productive,9.7,2,College,2025-05-28,Afternoon
6530,U0207,Facebook,Explore,Product review,Commerce,Distractive,7.3,3,Hostel,2025-01-29,Evening
6531,U0498,Instagram,Course Page,Prank videos,Entertainment,Distractive,15.3,4,Outdoors,2025-07-21,Night
6532,U0237,WhatsApp,DM/Chat,Skill development,Education,Productive,37.4,1,Outdoors,2025-09-28,Afternoon
6533,U0396,TikTok,DM/Chat,TV show clip,Entertainment,Distractive,44.9,5,Outdoors,2025-04-05,Evening
6534,U0342,Udemy,Notification,Resume building,Business,Productive,19.4,1,College,2025-04-01,Late Night
6535,U0428,Facebook,Notification,Cricket update,Sports,Distractive,13.9,2,College,2025-03-23,Evening
6536,U0209,Google Classroom,Notification,Cricket update,Sports,Distractive,7.5,4,Cafe,2025-12-21,Morning
6537,U0287,Flipkart,Explore,Email,Communication,Productive,57.9,2,Home,2025-05-31,Morning
6538,U0267,Facebook,Story,Fashion trends,Commerce,Distractive,71.4,2,Hostel,2025-09-15,Evening
6539,U0316,Snapchat,Watch,Video call,Communication,Productive,28.1,2,Hostel,2025-06-27,Night
6540,U0135,Telegram,Story,Local news,News,Productive,5.1,3,Office,2025-01-14,Evening
6541,U0393,Slack,Feed,Voice message,Communication,Productive,44,1,Hostel,2025-06-03,Night
6542,U0099,Telegram,Explore,Live score,Sports,Distractive,89.9,2,Home,2025-03-19,Afternoon
6543,U0037,Instagram,Explore,Online sale,Commerce,Distractive,34,3,Library,2025-12-11,Late Night
6544,U0442,Amazon,Explore,World news,News,Productive,41.7,2,Library,2025-06-17,Evening
6545,U0280,WhatsApp,Search,Political news,News,Productive,35.7,3,Home,2025-06-09,Evening
6546,U0030,Flipkart,Search,Online sale,Commerce,Distractive,26.8,3,Home,2025-06-23,Morning
6547,U0285,Instagram,Explore,Trending challenge,Entertainment,Distractive,58.2,4,Hostel,2025-01-07,Evening
6548,U0321,Snapchat,Watch,Interview preparation,Education,Productive,13.5,2,College,2025-06-22,Late Night
6549,U0278,Flipkart,Course Page,Breaking news,News,Productive,4.3,1,College,2025-02-24,Night
6550,U0132,Snapchat,Notification,Fashion trends,Commerce,Distractive,55.2,2,Office,2025-09-26,Morning
6551,U0358,LinkedIn,Course Page,Product review,Commerce,Distractive,50.1,3,Commute,2025-05-13,Late Night
6552,U0199,WhatsApp,Story,Technology news,News,Productive,15.2,1,Library,2025-04-24,Night
6553,U0151,Google Classroom,Course Page,Dance videos,Entertainment,Distractive,63.4,4,Library,2025-01-27,Afternoon
6554,U0393,Zoom,Story,Project management,Business,Productive,48.3,2,Hostel,2025-02-03,Morning
6555,U0190,WhatsApp,Explore,Follower count check,Social Media,Distractive,82.9,5,Hostel,2025-06-07,Morning
6556,U0081,Telegram,Explore,Football clip,Sports,Distractive,3.4,3,College,2025-08-30,Late Night
6557,U0369,Google Classroom,Course Page,Discount coupons,Commerce,Distractive,21.2,2,Outdoors,2025-05-30,Late Night
6558,U0058,Udemy,Search,Coding practice,Education,Productive,56.7,2,Outdoors,2025-04-14,Morning
6559,U0150,TikTok,Story,Flash deals,Commerce,Distractive,71.8,3,Office,2025-02-24,Night
6560,U0424,Zoom,DM/Chat,Like notifications,Social Media,Distractive,72.5,5,Hostel,2025-10-15,Evening
6561,U0457,TikTok,Notification,Prank videos,Entertainment,Distractive,25.4,4,Cafe,2025-07-11,Night
6562,U0368,Twitter/X,Notification,Follower count check,Social Media,Distractive,78,5,Commute,2025-11-21,Night
6563,U0097,Udemy,Search,Football clip,Sports,Distractive,48.1,4,Commute,2025-08-06,Morning
6564,U0459,Snapchat,Course Page,Coding practice,Education,Productive,52.5,1,Hostel,2025-04-21,Late Night
6565,U0238,Udemy,DM/Chat,Work discussion,Communication,Productive,58.3,2,Outdoors,2025-07-21,Late Night
6566,U0183,Google Classroom,Course Page,Product review,Commerce,Distractive,10.7,3,College,2025-12-12,Night
6567,U0059,Telegram,Reels/Shorts,Political news,News,Productive,59.1,1,Outdoors,2025-11-19,Evening
6568,U0212,Telegram,DM/Chat,Project update,Communication,Productive,49.5,2,Cafe,2025-05-24,Morning
6569,U0213,YouTube,Reels/Shorts,Coding practice,Education,Productive,53.3,1,Office,2025-08-10,Late Night
6570,U0415,Gmail,Notification,Fashion trends,Commerce,Distractive,63,2,Library,2025-04-20,Afternoon
6571,U0156,Udemy,DM/Chat,Project management,Business,Productive,4.8,1,Hostel,2025-09-22,Afternoon
6572,U0243,Slack,Reels/Shorts,Technology news,News,Productive,45.5,3,Home,2025-01-23,Night
6573,U0327,Gmail,Reels/Shorts,Match highlights,Sports,Distractive,89.2,3,Hostel,2025-10-27,Morning
6574,U0384,WhatsApp,Search,Funny compilation,Entertainment,Distractive,56.1,4,Library,2025-12-12,Late Night
6575,U0180,WhatsApp,Explore,Gossip,Entertainment,Distractive,25.5,5,Home,2025-09-07,Morning
6576,U0017,TikTok,Story,Python tutorial,Education,Productive,54.9,2,Commute,2025-04-13,Morning
6577,U0077,Udemy,Notification,Trending challenge,Entertainment,Distractive,79.7,5,Commute,2025-11-13,Afternoon
6578,U0463,Instagram,Explore,Networking,Business,Productive,55.7,1,Commute,2025-12-14,Late Night
6579,U0338,LinkedIn,Watch,Cricket update,Sports,Distractive,25.2,3,Home,2025-02-12,Late Night
6580,U0474,Facebook,Feed,Research paper,Education,Productive,43.3,2,Outdoors,2025-03-30,Morning
6581,U0492,Telegram,Explore,Live score,Sports,Distractive,47.7,3,Outdoors,2025-11-25,Morning
6582,U0076,Facebook,Reels/Shorts,Project update,Communication,Productive,5.8,2,Hostel,2025-09-05,Morning
6583,U0312,TikTok,Story,Current affairs,News,Productive,30.9,2,Hostel,2025-07-06,Late Night
6584,U0409,Telegram,Story,Data Science course,Education,Productive,33.2,2,College,2025-04-26,Night
6585,U0443,Snapchat,Search,Wishlist browsing,Commerce,Distractive,86.4,2,Home,2025-10-06,Night
6586,U0013,Facebook,Reels/Shorts,Colleague message,Communication,Productive,15,1,Home,2025-12-30,Evening
6587,U0037,Zoom,Course Page,Discount coupons,Commerce,Distractive,50,2,Cafe,2025-09-29,Late Night
6588,U0291,Facebook,Watch,Web series clip,Entertainment,Distractive,63,4,Cafe,2025-01-08,Night
6589,U0220,Google Classroom,Watch,Comedy videos,Entertainment,Distractive,72,5,Outdoors,2025-07-08,Night
6590,U0318,Snapchat,Reels/Shorts,Shopping,Commerce,Distractive,20.8,3,Library,2025-10-26,Afternoon
6591,U0201,Udemy,Explore,Endless scrolling,Social Media,Distractive,8.3,4,Library,2025-03-10,Morning
6592,U0338,Facebook,Explore,Endless scrolling,Social Media,Distractive,60.5,5,Home,2025-12-22,Evening
6593,U0139,Slack,Notification,Group chat,Communication,Productive,13.6,1,Home,2025-11-05,Morning
6594,U0006,Udemy,Search,Influencer content,Social Media,Distractive,54.5,5,College,2025-11-04,Afternoon
6595,U0245,WhatsApp,Notification,Memes,Entertainment,Distractive,33.5,4,Home,2025-06-29,Afternoon
6596,U0096,Gmail,Explore,Current affairs,News,Productive,21.7,1,Hostel,2025-09-09,Afternoon
6597,U0492,Slack,Explore,Shorts,Entertainment,Distractive,83.2,4,Home,2025-12-25,Afternoon
6598,U0136,LinkedIn,Story,Shorts,Entertainment,Distractive,72.7,4,Office,2025-03-23,Afternoon
6599,U0437,Zoom,Watch,LinkedIn post,Business,Productive,2.6,2,Hostel,2025-08-10,Morning
6600,U0420,Facebook,Feed,Story updates,Social Media,Distractive,78.9,4,Outdoors,2025-07-17,Evening
6601,U0061,Snapchat,Story,Shopping,Commerce,Distractive,72.5,2,Commute,2025-12-19,Late Night
6602,U0194,WhatsApp,Reels/Shorts,Prank videos,Entertainment,Distractive,64,4,Office,2025-05-24,Evening
6603,U0059,Slack,Search,Skill development,Education,Productive,4.3,1,Home,2025-10-10,Night
6604,U0493,Slack,Course Page,Football clip,Sports,Distractive,82.7,2,Library,2025-06-24,Afternoon
6605,U0238,Facebook,Watch,Funny compilation,Entertainment,Distractive,14.8,4,Home,2025-12-20,Evening
6606,U0253,Flipkart,Story,Language learning,Education,Productive,35.2,2,Commute,2025-09-02,Morning
6607,U0074,Instagram,Watch,Client proposal,Business,Productive,42.8,1,College,2025-02-05,Night
6608,U0251,Udemy,Feed,Colleague message,Communication,Productive,11.7,1,Hostel,2025-02-06,Night
6609,U0020,Snapchat,Course Page,Work discussion,Communication,Productive,4.2,2,Office,2025-05-30,Morning
6610,U0428,LinkedIn,Feed,Project management,Business,Productive,32.5,1,Home,2025-10-09,Afternoon
6611,U0432,Google Classroom,DM/Chat,Stock market,Business,Productive,38.6,1,Library,2025-10-02,Evening
6612,U0247,WhatsApp,Reels/Shorts,Voice message,Communication,Productive,42.7,1,Office,2025-04-28,Morning
6613,U0231,Gmail,Search,Current affairs,News,Productive,34.5,1,Outdoors,2025-04-02,Late Night
6614,U0344,YouTube,Watch,Live score,Sports,Distractive,13.5,2,Library,2025-09-17,Night
6615,U0316,Instagram,Feed,Flash deals,Commerce,Distractive,67,2,Outdoors,2025-12-12,Night
6616,U0077,Gmail,Course Page,Product review,Commerce,Distractive,66.6,2,Outdoors,2025-09-29,Evening
6617,U0063,Twitter/X,Notification,Trending hashtags,Social Media,Distractive,29.7,4,Cafe,2025-02-04,Afternoon
6618,U0485,Amazon,Reels/Shorts,Sports news,Sports,Distractive,71.8,3,Commute,2025-05-10,Evening
6619,U0335,Twitter/X,Watch,Investment tips,Business,Productive,16.1,1,Office,2025-07-10,Late Night
6620,U0228,Instagram,Notification,Follower count check,Social Media,Distractive,47.7,4,Office,2025-11-21,Morning
6621,U0428,Zoom,Notification,Video call,Communication,Productive,20.2,2,College,2025-06-23,Late Night
6622,U0256,Instagram,Notification,Product review,Commerce,Distractive,67.3,3,Office,2025-06-23,Evening
6623,U0275,Coursera,Notification,Cricket update,Sports,Distractive,68.5,3,College,2025-08-19,Night
6624,U0434,Facebook,Watch,Political news,News,Productive,28.8,1,College,2025-02-27,Morning
6625,U0216,LinkedIn,Notification,Work discussion,Communication,Productive,34.6,1,Outdoors,2025-05-11,Evening
6626,U0316,WhatsApp,Story,Current affairs,News,Productive,41,2,College,2025-07-18,Evening
6627,U0307,Udemy,Feed,Family chat,Communication,Productive,38.3,1,Cafe,2025-06-24,Morning
6628,U0008,Coursera,Feed,Product review,Commerce,Distractive,34.9,2,Hostel,2025-02-03,Late Night
6629,U0440,Slack,Watch,Project update,Communication,Productive,10.7,2,Commute,2025-03-24,Evening
6630,U0353,LinkedIn,DM/Chat,Discount coupons,Commerce,Distractive,6.5,3,Cafe,2025-09-07,Afternoon
6631,U0494,Flipkart,DM/Chat,Chemistry notes,Education,Productive,21.1,2,Library,2025-03-24,Evening
6632,U0381,Flipkart,Reels/Shorts,Political news,News,Productive,14.9,3,Library,2025-02-05,Night
6633,U0180,Facebook,DM/Chat,Random scrolling,Social Media,Distractive,17.3,4,Hostel,2025-10-18,Afternoon
6634,U0416,Udemy,Notification,Influencer content,Social Media,Distractive,47,5,Library,2025-12-03,Night
6635,U0263,YouTube,Watch,Cricket update,Sports,Distractive,21.5,2,Outdoors,2025-03-03,Late Night
6636,U0145,LinkedIn,Explore,Memes,Entertainment,Distractive,65.5,5,Hostel,2025-06-11,Night
6637,U0222,Snapchat,Notification,Follower count check,Social Media,Distractive,24.2,4,Library,2025-05-17,Night
6638,U0303,Zoom,Watch,Product review,Commerce,Distractive,1,3,Hostel,2025-09-23,Late Night
6639,U0003,Twitter/X,Search,Memes,Entertainment,Distractive,46.9,5,Hostel,2025-10-25,Afternoon
6640,U0373,Udemy,Search,Exam preparation,Education,Productive,7.7,1,Library,2025-10-18,Late Night
6641,U0230,Snapchat,Feed,Local news,News,Productive,42,1,Commute,2025-08-08,Evening
6642,U0421,Telegram,Reels/Shorts,Investment tips,Business,Productive,25.1,1,Home,2025-02-09,Late Night
6643,U0304,Coursera,Explore,Shopping,Commerce,Distractive,61.3,2,Home,2025-12-20,Night
6644,U0466,WhatsApp,Notification,Endless scrolling,Social Media,Distractive,73.9,5,Home,2025-06-01,Night
6645,U0426,YouTube,DM/Chat,Match highlights,Sports,Distractive,72.9,3,Cafe,2025-10-28,Night
6646,U0439,Coursera,Search,Reels,Entertainment,Distractive,15.7,5,Commute,2025-07-01,Night
6647,U0172,Telegram,Explore,World news,News,Productive,49.7,1,Home,2025-04-05,Afternoon
6648,U0090,Udemy,Search,LinkedIn post,Business,Productive,60,1,College,2025-03-02,Late Night
6649,U0010,Amazon,Reels/Shorts,Team meeting,Communication,Productive,2.2,1,Outdoors,2025-02-13,Late Night
6650,U0125,Gmail,Explore,Influencer content,Social Media,Distractive,60.4,5,Commute,2025-07-13,Afternoon
6651,U0270,Zoom,Course Page,Current affairs,News,Productive,35,3,Outdoors,2025-07-26,Late Night
6652,U0080,Zoom,Explore,Random scrolling,Social Media,Distractive,72.1,4,Cafe,2025-06-16,Late Night
6653,U0115,Twitter/X,Course Page,Random scrolling,Social Media,Distractive,19.5,5,Library,2025-01-06,Morning
6654,U0334,LinkedIn,Explore,Math tutorial,Education,Productive,40.4,2,Office,2025-05-01,Evening
6655,U0007,YouTube,Reels/Shorts,Freelance work,Business,Productive,54.6,1,College,2025-10-31,Evening
6656,U0053,Facebook,Story,Data Science course,Education,Productive,8.9,1,Outdoors,2025-12-06,Late Night
6657,U0231,Google Classroom,Explore,Sports news,Sports,Distractive,32,2,Hostel,2025-11-30,Afternoon
6658,U0361,Zoom,DM/Chat,Physics lecture,Education,Productive,38.8,1,Outdoors,2025-04-10,Night
6659,U0220,Coursera,Story,Influencer content,Social Media,Distractive,86.5,5,Commute,2025-06-29,Evening
6660,U0029,Google Classroom,Course Page,Networking,Business,Productive,46,1,Hostel,2025-07-18,Morning
6661,U0116,Instagram,Reels/Shorts,Sports news,Sports,Distractive,58.5,4,Hostel,2025-02-25,Late Night
6662,U0030,LinkedIn,Watch,Influencer content,Social Media,Distractive,9.6,5,Commute,2025-11-15,Evening
6663,U0189,Amazon,Explore,History lecture,Education,Productive,1.5,2,Cafe,2025-07-17,Late Night
6664,U0468,TikTok,Course Page,Music video,Entertainment,Distractive,86.2,5,Commute,2025-07-08,Night
6665,U0069,Google Classroom,Feed,Email,Communication,Productive,3.7,1,College,2025-12-24,Evening
6666,U0221,Google Classroom,Feed,Startup news,Business,Productive,38.1,1,Commute,2025-01-14,Night
6667,U0398,Snapchat,Feed,Startup news,Business,Productive,6.8,2,College,2025-08-24,Afternoon
6668,U0153,Coursera,Watch,Stock market,Business,Productive,11.3,2,Home,2025-09-23,Afternoon
6669,U0057,Gmail,Course Page,Colleague message,Communication,Productive,43.9,2,Outdoors,2025-04-19,Evening
6670,U0253,Twitter/X,Feed,Technology news,News,Productive,43.3,1,Outdoors,2025-04-26,Evening
6671,U0255,TikTok,Reels/Shorts,Colleague message,Communication,Productive,30.6,1,Outdoors,2025-05-11,Late Night
6672,U0326,Snapchat,Story,Trending hashtags,Social Media,Distractive,48.5,5,Library,2025-06-13,Evening
6673,U0148,Zoom,Reels/Shorts,Influencer content,Social Media,Distractive,87.3,5,Library,2025-08-04,Morning
6674,U0375,Facebook,Watch,Weather update,News,Productive,14.9,2,Cafe,2025-10-13,Night
6675,U0291,LinkedIn,Watch,Web development course,Education,Productive,18.7,2,Office,2025-07-05,Morning
6676,U0052,Coursera,Course Page,Flash deals,Commerce,Distractive,30.5,2,Outdoors,2025-10-21,Morning
6677,U0174,Slack,Notification,Follower count check,Social Media,Distractive,1.1,4,Hostel,2025-04-14,Late Night
6678,U0177,Flipkart,Feed,Trending challenge,Entertainment,Distractive,56.8,5,Office,2025-11-05,Night
6679,U0182,Zoom,Course Page,Technology news,News,Productive,25.2,1,Home,2025-11-08,Late Night
6680,U0016,Amazon,Feed,Flash deals,Commerce,Distractive,32.6,2,Library,2025-05-22,Evening
6681,U0091,Flipkart,Watch,Client proposal,Business,Productive,38.4,2,Home,2025-03-05,Evening
6682,U0154,Twitter/X,Explore,Endless scrolling,Social Media,Distractive,52.2,4,Hostel,2025-10-06,Afternoon
6683,U0022,LinkedIn,Feed,Coding practice,Education,Productive,16.9,1,Cafe,2025-10-20,Late Night
6684,U0110,TikTok,Story,Web series clip,Entertainment,Distractive,17.7,4,Cafe,2025-11-21,Late Night
6685,U0064,Telegram,Explore,Excel tutorial,Education,Productive,54.8,2,Library,2025-06-08,Late Night
6686,U0134,Flipkart,Story,Fashion trends,Commerce,Distractive,44.9,2,Library,2025-10-22,Morning
6687,U0308,Twitter/X,Explore,Follower count check,Social Media,Distractive,90,5,Library,2025-04-09,Morning
6688,U0112,Facebook,Reels/Shorts,Current affairs,News,Productive,43.4,3,College,2025-03-02,Morning
6689,U0402,Instagram,Feed,Cricket update,Sports,Distractive,85.3,2,Outdoors,2025-10-14,Late Night
6690,U0261,Gmail,Feed,Family chat,Communication,Productive,41.9,2,Hostel,2025-07-17,Night
6691,U0034,WhatsApp,Explore,Comedy videos,Entertainment,Distractive,29.5,4,Library,2025-04-26,Late Night
6692,U0157,Google Classroom,Feed,Client proposal,Business,Productive,7.4,1,Cafe,2025-01-28,Evening
6693,U0264,Zoom,Explore,Weather update,News,Productive,57.8,1,Cafe,2025-09-02,Afternoon
6694,U0047,Twitter/X,Course Page,Prank videos,Entertainment,Distractive,16.8,5,Commute,2025-09-22,Morning
6695,U0105,Slack,Watch,Trending hashtags,Social Media,Distractive,51.8,5,Office,2025-01-10,Morning
6696,U0492,Snapchat,Feed,Job search,Business,Productive,7.6,1,Office,2025-07-14,Late Night
6697,U0187,Udemy,DM/Chat,Shopping,Commerce,Distractive,46.2,2,Commute,2025-12-20,Evening
6698,U0480,LinkedIn,Notification,Endless scrolling,Social Media,Distractive,9.2,5,Outdoors,2025-12-13,Night
6699,U0254,TikTok,Explore,Client call,Communication,Productive,9.2,1,Cafe,2025-04-27,Night
6700,U0330,WhatsApp,Reels/Shorts,Live score,Sports,Distractive,2.4,3,Home,2025-01-28,Afternoon
6701,U0304,Twitter/X,Story,Product review,Commerce,Distractive,59.4,2,Outdoors,2025-05-13,Late Night
6702,U0227,Facebook,Story,Like notifications,Social Media,Distractive,14.4,5,Commute,2025-04-20,Morning
6703,U0210,Instagram,Story,Football clip,Sports,Distractive,70.1,2,Outdoors,2025-03-31,Evening
6704,U0280,Twitter/X,Course Page,Like notifications,Social Media,Distractive,18.6,4,Cafe,2025-04-09,Evening
6705,U0012,Instagram,Feed,Family chat,Communication,Productive,55.5,1,Office,2025-05-09,Afternoon
6706,U0192,Gmail,Explore,Email,Communication,Productive,47.7,2,Hostel,2025-07-23,Afternoon
6707,U0257,Google Classroom,Watch,DM chat casual,Social Media,Distractive,10.9,5,Office,2025-09-15,Evening
6708,U0040,Udemy,Search,Movie clips,Entertainment,Distractive,89.6,4,Outdoors,2025-05-10,Afternoon
6709,U0246,Udemy,Notification,Celebrity,Entertainment,Distractive,65.4,5,College,2025-04-14,Night
6710,U0197,Telegram,Notification,Work discussion,Communication,Productive,58.4,1,College,2025-11-21,Afternoon
6711,U0180,Facebook,Course Page,Local news,News,Productive,52.9,3,Cafe,2025-02-14,Evening
6712,U0245,Coursera,DM/Chat,Endless scrolling,Social Media,Distractive,18.4,5,Home,2025-11-05,Late Night
6713,U0031,Zoom,Search,Language learning,Education,Productive,54.7,1,Commute,2025-03-21,Night
6714,U0197,Zoom,Watch,Funny compilation,Entertainment,Distractive,82,4,Hostel,2025-04-18,Evening
6715,U0008,Telegram,Story,TV show clip,Entertainment,Distractive,51.5,5,Library,2025-02-20,Morning
6716,U0182,Snapchat,Reels/Shorts,Voice message,Communication,Productive,58.7,1,College,2025-06-29,Late Night
6717,U0337,Telegram,Notification,Email,Communication,Productive,32.1,1,Hostel,2025-01-17,Late Night
6718,U0169,Coursera,Story,Job search,Business,Productive,7,1,Library,2025-12-03,Late Night
6719,U0241,Zoom,Watch,Networking,Business,Productive,22.3,2,Home,2025-04-18,Morning
6720,U0241,YouTube,Reels/Shorts,Flash deals,Commerce,Distractive,89.4,2,Library,2025-03-23,Evening
6721,U0486,YouTube,Notification,Physics lecture,Education,Productive,6.8,1,College,2025-05-23,Afternoon
6722,U0481,Gmail,Watch,Technology news,News,Productive,42.8,2,Cafe,2025-07-11,Morning
6723,U0431,Twitter/X,Feed,Match highlights,Sports,Distractive,7,4,Commute,2025-12-24,Evening
6724,U0216,Gmail,Notification,Cricket update,Sports,Distractive,9,3,Commute,2025-10-16,Morning
6725,U0129,Amazon,Reels/Shorts,Discount coupons,Commerce,Distractive,71.4,3,Office,2025-10-13,Night
6726,U0481,Telegram,Feed,Business news,Business,Productive,53.5,1,Outdoors,2025-02-17,Evening
6727,U0362,Facebook,Watch,Match highlights,Sports,Distractive,30.4,2,College,2025-10-16,Night
6728,U0401,Google Classroom,Watch,Influencer content,Social Media,Distractive,79.2,5,College,2025-10-08,Morning
6729,U0341,Instagram,Notification,Random scrolling,Social Media,Distractive,29.9,4,Library,2025-09-23,Morning
6730,U0238,Gmail,Explore,Movie clips,Entertainment,Distractive,62.7,4,Home,2025-11-19,Late Night
6731,U0236,Coursera,Reels/Shorts,Product review,Commerce,Distractive,10.4,2,Outdoors,2025-01-12,Late Night
6732,U0452,Zoom,Reels/Shorts,Voice message,Communication,Productive,25.9,2,Outdoors,2025-02-04,Night
6733,U0274,YouTube,Notification,Like notifications,Social Media,Distractive,81,5,Hostel,2025-09-10,Late Night
6734,U0188,Snapchat,Feed,Influencer content,Social Media,Distractive,18.9,5,Commute,2025-03-16,Late Night
6735,U0342,YouTube,Reels/Shorts,Football clip,Sports,Distractive,78.4,3,Commute,2025-05-28,Morning
6736,U0329,Slack,Notification,Endless scrolling,Social Media,Distractive,31.3,5,College,2025-10-06,Late Night
6737,U0287,Udemy,Notification,Group chat,Communication,Productive,29.9,2,Cafe,2025-09-19,Morning
6738,U0357,TikTok,Explore,Influencer content,Social Media,Distractive,41.3,5,Outdoors,2025-12-04,Morning
6739,U0494,Google Classroom,Feed,Flash deals,Commerce,Distractive,13.5,3,College,2025-04-13,Evening
6740,U0495,Twitter/X,Explore,Investment tips,Business,Productive,35.7,2,Commute,2025-08-25,Morning
6741,U0150,Flipkart,Course Page,World news,News,Productive,2.3,3,College,2025-08-05,Late Night
6742,U0266,Snapchat,Watch,Influencer content,Social Media,Distractive,79.7,4,Home,2025-03-31,Afternoon
6743,U0201,Twitter/X,Feed,Football clip,Sports,Distractive,19.1,4,College,2025-06-01,Night
6744,U0493,TikTok,Search,Math tutorial,Education,Productive,44.5,1,Hostel,2025-03-15,Late Night
6745,U0371,Flipkart,DM/Chat,Networking,Business,Productive,27.1,2,Office,2025-03-02,Morning
6746,U0204,Gmail,Search,Trending hashtags,Social Media,Distractive,40.1,4,Office,2025-01-21,Night
6747,U0124,Instagram,Story,Sports news,Sports,Distractive,84.5,3,Outdoors,2025-04-20,Morning
6748,U0486,Coursera,Course Page,Sports news,Sports,Distractive,70,4,Commute,2025-12-19,Morning
6749,U0438,TikTok,Notification,Current affairs,News,Productive,49.4,3,Cafe,2025-09-22,Morning
6750,U0369,Telegram,Course Page,Live score,Sports,Distractive,14.3,3,Cafe,2025-03-11,Night
6751,U0387,Telegram,DM/Chat,Family chat,Communication,Productive,27.7,1,Home,2025-01-19,Evening
6752,U0227,Snapchat,Notification,Match highlights,Sports,Distractive,84.4,2,Office,2025-04-20,Late Night
6753,U0458,Gmail,Course Page,Live score,Sports,Distractive,4.5,4,College,2025-06-11,Afternoon
6754,U0112,Google Classroom,DM/Chat,Movie clips,Entertainment,Distractive,8.8,5,Office,2025-11-14,Late Night
6755,U0302,Twitter/X,Explore,Business news,Business,Productive,28.8,1,Cafe,2025-01-19,Morning
6756,U0438,Zoom,Search,LinkedIn post,Business,Productive,30.3,2,Library,2025-02-25,Late Night
6757,U0422,Coursera,Watch,Conference call,Communication,Productive,12.1,1,Outdoors,2025-02-23,Evening
6758,U0352,Google Classroom,Story,Current affairs,News,Productive,2.5,2,Office,2025-09-10,Evening
6759,U0133,LinkedIn,Course Page,Flash deals,Commerce,Distractive,25.9,3,Cafe,2025-08-02,Night
6760,U0005,Snapchat,Notification,Networking,Business,Productive,24.5,1,Cafe,2025-03-26,Evening
6761,U0199,Gmail,Reels/Shorts,Viral video,Entertainment,Distractive,83.9,5,Outdoors,2025-05-30,Afternoon
6762,U0014,Telegram,Explore,Random scrolling,Social Media,Distractive,71.6,4,Office,2025-05-19,Evening
6763,U0427,YouTube,Reels/Shorts,Group chat,Communication,Productive,10.3,2,Cafe,2025-12-27,Morning
6764,U0481,YouTube,Course Page,Group chat,Communication,Productive,24.4,2,College,2025-01-12,Late Night
6765,U0375,Telegram,Search,Flash deals,Commerce,Distractive,9.2,2,Cafe,2025-08-29,Afternoon
6766,U0471,TikTok,DM/Chat,Online certification,Education,Productive,5.1,1,Cafe,2025-02-04,Morning
6767,U0409,Twitter/X,Search,Resume building,Business,Productive,35.5,2,Cafe,2025-01-03,Evening
6768,U0089,Google Classroom,Search,Discount coupons,Commerce,Distractive,85.5,3,Hostel,2025-03-05,Night
6769,U0469,Udemy,DM/Chat,Funny compilation,Entertainment,Distractive,7.1,4,Outdoors,2025-01-19,Night
6770,U0375,TikTok,Search,History lecture,Education,Productive,2,2,Outdoors,2025-05-25,Evening
6771,U0437,WhatsApp,Explore,DM chat casual,Social Media,Distractive,61.5,4,Library,2025-05-25,Afternoon
6772,U0396,WhatsApp,Reels/Shorts,Client call,Communication,Productive,17.4,1,Outdoors,2025-12-02,Late Night
6773,U0099,TikTok,Watch,Team meeting,Communication,Productive,36.3,2,Home,2025-09-11,Morning
6774,U0153,Google Classroom,Search,World news,News,Productive,28.3,3,Library,2025-05-16,Afternoon
6775,U0409,Google Classroom,Search,Live score,Sports,Distractive,12.4,3,Office,2025-06-11,Night
6776,U0061,YouTube,Feed,Work discussion,Communication,Productive,17.5,2,Commute,2025-03-25,Evening
6777,U0247,Flipkart,Explore,Prank videos,Entertainment,Distractive,28.4,5,Hostel,2025-04-22,Late Night
6778,U0124,WhatsApp,Search,Conference call,Communication,Productive,44.2,1,Home,2025-07-17,Afternoon
6779,U0183,Udemy,Watch,DM chat casual,Social Media,Distractive,54.2,5,Commute,2025-07-27,Night
6780,U0366,Telegram,Course Page,Product review,Commerce,Distractive,34.6,3,Outdoors,2025-05-11,Late Night
6781,U0086,Slack,Reels/Shorts,Team meeting,Communication,Productive,24.2,2,Cafe,2025-01-07,Afternoon
6782,U0360,LinkedIn,Explore,Memes,Entertainment,Distractive,89.4,4,Cafe,2025-06-30,Afternoon
6783,U0009,Google Classroom,Search,Investment tips,Business,Productive,8.1,2,Hostel,2025-02-18,Morning
6784,U0099,YouTube,Feed,Comedy videos,Entertainment,Distractive,30.8,5,College,2025-11-13,Late Night
6785,U0275,Google Classroom,Explore,Product review,Commerce,Distractive,52.7,2,Commute,2025-11-01,Morning
6786,U0235,Flipkart,DM/Chat,Technology news,News,Productive,37.5,2,Home,2025-01-19,Evening
6787,U0496,WhatsApp,Feed,World news,News,Productive,33,2,Outdoors,2025-07-03,Morning
6788,U0467,Amazon,Watch,Endless scrolling,Social Media,Distractive,81.4,4,Commute,2025-02-27,Afternoon
6789,U0341,Facebook,Watch,Product review,Commerce,Distractive,16.6,2,Office,2025-12-19,Morning
6790,U0467,Twitter/X,Reels/Shorts,Follower count check,Social Media,Distractive,13.9,4,College,2025-07-04,Evening
6791,U0201,Zoom,Reels/Shorts,Follower count check,Social Media,Distractive,55.1,4,Outdoors,2025-02-26,Night
6792,U0393,TikTok,Feed,Follower count check,Social Media,Distractive,11.5,4,College,2025-02-25,Night
6793,U0103,YouTube,DM/Chat,Research paper,Education,Productive,9.9,1,Commute,2025-04-13,Late Night
6794,U0174,Zoom,Reels/Shorts,Shopping,Commerce,Distractive,42.8,3,Office,2025-02-06,Night
6795,U0256,WhatsApp,Reels/Shorts,Client call,Communication,Productive,52,1,Cafe,2025-07-29,Late Night
6796,U0192,LinkedIn,Course Page,Project management,Business,Productive,14.8,1,Home,2025-03-30,Morning
6797,U0307,Flipkart,Feed,Weather update,News,Productive,52,2,Commute,2025-06-16,Late Night
6798,U0412,WhatsApp,DM/Chat,Fashion trends,Commerce,Distractive,60.1,2,Office,2025-03-02,Afternoon
6799,U0066,Twitter/X,Watch,Email,Communication,Productive,42.8,2,Hostel,2025-07-14,Night
6800,U0391,Snapchat,Reels/Shorts,Team meeting,Communication,Productive,20.7,2,Cafe,2025-05-13,Morning
6801,U0368,Google Classroom,Explore,Shopping,Commerce,Distractive,65.8,2,Office,2025-01-05,Evening
6802,U0015,Gmail,Story,Dance videos,Entertainment,Distractive,20.6,5,Library,2025-08-06,Morning
6803,U0109,LinkedIn,DM/Chat,Sports news,Sports,Distractive,76.7,4,Library,2025-07-09,Afternoon
6804,U0016,Zoom,Reels/Shorts,Technology news,News,Productive,52.4,3,Commute,2025-02-26,Late Night
6805,U0262,TikTok,Story,AI fundamentals,Education,Productive,32.6,2,Commute,2025-06-17,Evening
6806,U0313,TikTok,Reels/Shorts,Weather update,News,Productive,9.3,2,Commute,2025-09-24,Night
6807,U0290,Udemy,DM/Chat,Science experiment,Education,Productive,3.5,1,Home,2025-09-04,Afternoon
6808,U0468,Coursera,Explore,Trending challenge,Entertainment,Distractive,38.9,5,Outdoors,2025-04-10,Morning
6809,U0279,TikTok,Search,World news,News,Productive,41.7,3,Hostel,2025-05-07,Afternoon
6810,U0148,Udemy,Feed,Sports news,Sports,Distractive,11.5,3,College,2025-04-03,Morning
6811,U0083,Flipkart,DM/Chat,World news,News,Productive,53.8,3,Library,2025-10-19,Evening
6812,U0189,Facebook,Notification,Match highlights,Sports,Distractive,79.9,4,College,2025-06-29,Night
6813,U0236,YouTube,Search,Shopping,Commerce,Distractive,50.4,3,Outdoors,2025-05-25,Evening
6814,U0268,Zoom,Notification,Live score,Sports,Distractive,8,3,Library,2025-06-22,Night
6815,U0208,Zoom,Watch,Startup news,Business,Productive,55.8,1,Library,2025-06-16,Morning
6816,U0278,Coursera,Explore,Comedy videos,Entertainment,Distractive,3.4,4,Office,2025-08-05,Afternoon
6817,U0405,Facebook,Watch,Job search,Business,Productive,28.7,1,Outdoors,2025-05-23,Evening
6818,U0185,Instagram,DM/Chat,Gossip,Entertainment,Distractive,60.1,5,Hostel,2025-09-16,Night
6819,U0151,Slack,Reels/Shorts,Client proposal,Business,Productive,49.4,2,Office,2025-11-07,Night
6820,U0488,Gmail,Course Page,Random scrolling,Social Media,Distractive,12.1,4,Commute,2025-11-06,Morning
6821,U0242,LinkedIn,DM/Chat,Family chat,Communication,Productive,24.6,2,Cafe,2025-12-14,Night
6822,U0376,LinkedIn,Notification,Startup news,Business,Productive,30.6,1,Cafe,2025-06-08,Morning
6823,U0403,Instagram,Notification,Client call,Communication,Productive,11.4,2,Library,2025-02-15,Late Night
6824,U0133,Facebook,Story,Shopping,Commerce,Distractive,46.6,3,Office,2025-12-16,Late Night
6825,U0314,LinkedIn,Notification,Movie clips,Entertainment,Distractive,76.3,5,Cafe,2025-07-04,Evening
6826,U0416,LinkedIn,Search,Email,Communication,Productive,7.4,2,Outdoors,2025-06-06,Evening
6827,U0156,Coursera,Explore,Sports news,Sports,Distractive,31.4,3,Library,2025-08-29,Morning
6828,U0186,Snapchat,DM/Chat,Live score,Sports,Distractive,77.8,4,College,2025-12-02,Afternoon
6829,U0062,LinkedIn,Search,SQL tutorial,Education,Productive,1.4,1,Library,2025-07-08,Late Night
6830,U0360,Gmail,Story,World news,News,Productive,5.9,3,Hostel,2025-11-21,Afternoon
6831,U0421,Zoom,Feed,Gossip,Entertainment,Distractive,33.6,4,Outdoors,2025-03-30,Afternoon
6832,U0248,Flipkart,Search,Influencer content,Social Media,Distractive,76.6,5,Office,2025-11-10,Night
6833,U0070,Google Classroom,Story,Online certification,Education,Productive,34.1,2,Commute,2025-06-10,Evening
6834,U0057,Google Classroom,Notification,Stock market,Business,Productive,43.8,2,Outdoors,2025-04-02,Late Night
6835,U0234,Gmail,DM/Chat,Startup news,Business,Productive,15.7,2,Commute,2025-12-13,Afternoon
6836,U0312,Facebook,DM/Chat,Web development course,Education,Productive,4,1,College,2025-08-14,Morning
6837,U0202,Telegram,DM/Chat,Follower count check,Social Media,Distractive,12.8,5,Commute,2025-11-29,Morning
6838,U0379,Flipkart,Explore,Online sale,Commerce,Distractive,57.5,2,Outdoors,2025-05-19,Late Night
6839,U0202,Google Classroom,Course Page,Online sale,Commerce,Distractive,5.5,3,Home,2025-04-19,Night
6840,U0171,Telegram,Feed,World news,News,Productive,8.5,3,Outdoors,2025-03-01,Night
6841,U0167,Coursera,Reels/Shorts,Gaming,Entertainment,Distractive,48.3,5,Hostel,2025-06-19,Late Night
6842,U0030,TikTok,Reels/Shorts,Networking,Business,Productive,27.3,2,Outdoors,2025-05-20,Night
6843,U0015,WhatsApp,Feed,Language learning,Education,Productive,46,2,Office,2025-09-28,Night
6844,U0228,Udemy,Reels/Shorts,Political news,News,Productive,35.7,1,Cafe,2025-12-10,Late Night
6845,U0026,Instagram,Course Page,Trending challenge,Entertainment,Distractive,5.4,4,Cafe,2025-12-05,Evening
6846,U0050,Snapchat,Story,Live score,Sports,Distractive,21.4,4,Cafe,2025-08-03,Morning
6847,U0414,Snapchat,Watch,Follower count check,Social Media,Distractive,57,5,Office,2025-08-13,Late Night
6848,U0499,Flipkart,Notification,Stock market,Business,Productive,4.8,1,Library,2025-01-16,Late Night
6849,U0166,Twitter/X,Reels/Shorts,Weather update,News,Productive,5.4,2,Hostel,2025-11-23,Late Night
6850,U0217,Facebook,DM/Chat,Voice message,Communication,Productive,16.5,1,Home,2025-10-09,Late Night
6851,U0007,Twitter/X,Course Page,Physics lecture,Education,Productive,51.6,1,Hostel,2025-07-16,Night
6852,U0149,Telegram,Feed,SQL tutorial,Education,Productive,55.8,1,Home,2025-12-31,Night
6853,U0338,WhatsApp,Notification,Skill development,Education,Productive,14.5,1,Cafe,2025-01-12,Morning
6854,U0052,Gmail,Feed,Music video,Entertainment,Distractive,25.3,4,Library,2025-06-14,Afternoon
6855,U0081,Facebook,Watch,Match highlights,Sports,Distractive,39.6,4,Commute,2025-12-09,Evening
6856,U0422,WhatsApp,DM/Chat,Resume building,Business,Productive,56,1,College,2025-05-31,Late Night
6857,U0242,Facebook,Explore,Email,Communication,Productive,22.8,2,Library,2025-06-17,Afternoon
6858,U0497,Telegram,Notification,Weather update,News,Productive,33.2,1,Hostel,2025-01-14,Night
6859,U0192,Slack,Watch,Trending challenge,Entertainment,Distractive,40.1,5,Library,2025-02-11,Late Night
6860,U0305,Telegram,Story,Football clip,Sports,Distractive,51.3,4,Office,2025-11-20,Afternoon
6861,U0440,Twitter/X,Feed,Music video,Entertainment,Distractive,42.2,5,Cafe,2025-06-18,Night
6862,U0336,Snapchat,DM/Chat,Music video,Entertainment,Distractive,6.2,4,Outdoors,2025-02-28,Evening
6863,U0260,YouTube,Search,Discount coupons,Commerce,Distractive,50.5,3,Home,2025-02-08,Morning
6864,U0243,WhatsApp,Feed,Technology news,News,Productive,31.1,2,College,2025-12-22,Afternoon
6865,U0131,YouTube,Watch,Data Science course,Education,Productive,28.1,1,Cafe,2025-05-22,Evening
6866,U0289,Flipkart,Explore,Trending hashtags,Social Media,Distractive,42.8,4,College,2025-12-22,Morning
6867,U0460,Instagram,Watch,Influencer content,Social Media,Distractive,33.2,4,Office,2025-07-25,Evening
6868,U0436,Amazon,Story,Business news,Business,Productive,6.2,2,Hostel,2025-03-30,Morning
6869,U0235,Telegram,Watch,Python tutorial,Education,Productive,44.9,2,College,2025-06-07,Afternoon
6870,U0041,Snapchat,Notification,Match highlights,Sports,Distractive,33.8,2,Hostel,2025-10-24,Afternoon
6871,U0074,Google Classroom,Notification,Prank videos,Entertainment,Distractive,50.7,5,Home,2025-09-10,Afternoon
6872,U0046,WhatsApp,Feed,Cricket update,Sports,Distractive,22.1,4,Outdoors,2025-08-20,Afternoon
6873,U0107,Amazon,DM/Chat,Video call,Communication,Productive,47.2,1,Commute,2025-10-25,Afternoon
6874,U0254,Flipkart,Reels/Shorts,Follower count check,Social Media,Distractive,56.7,4,Cafe,2025-01-21,Morning
6875,U0496,Facebook,DM/Chat,Viral video,Entertainment,Distractive,53.3,5,College,2025-02-23,Late Night
6876,U0472,Gmail,Explore,Business news,Business,Productive,51.5,1,Home,2025-06-15,Late Night
6877,U0466,YouTube,Watch,Follower count check,Social Media,Distractive,13.8,5,Library,2025-12-21,Night
6878,U0301,Telegram,Course Page,Cricket update,Sports,Distractive,64.7,4,Office,2025-07-11,Evening
6879,U0430,Udemy,Feed,Fashion trends,Commerce,Distractive,16.7,2,Outdoors,2025-04-20,Night
6880,U0437,Flipkart,Course Page,Job search,Business,Productive,7.9,1,Office,2025-03-01,Night
6881,U0136,TikTok,Notification,Online sale,Commerce,Distractive,57.1,3,Office,2025-09-02,Afternoon
6882,U0149,Zoom,Search,Market analysis,Business,Productive,24.4,1,Commute,2025-12-18,Evening
6883,U0312,TikTok,Notification,Discount coupons,Commerce,Distractive,47.9,2,Commute,2025-09-17,Late Night
6884,U0065,WhatsApp,DM/Chat,Breaking news,News,Productive,12.1,1,Home,2025-05-23,Evening
6885,U0446,Twitter/X,Watch,Project update,Communication,Productive,57.5,2,Commute,2025-08-02,Evening
6886,U0461,Google Classroom,Explore,Endless scrolling,Social Media,Distractive,16,5,Home,2025-06-08,Evening
6887,U0250,WhatsApp,Explore,Work discussion,Communication,Productive,43.8,1,Hostel,2025-05-28,Morning
6888,U0137,Coursera,DM/Chat,Machine Learning,Education,Productive,27,1,Home,2025-05-12,Night
6889,U0447,YouTube,Explore,Business news,Business,Productive,48.4,1,Hostel,2025-01-11,Evening
6890,U0027,Telegram,Feed,Competitive exam tips,Education,Productive,45.4,2,College,2025-11-18,Night
6891,U0010,Zoom,Search,AI fundamentals,Education,Productive,57.1,1,Outdoors,2025-06-18,Afternoon
6892,U0116,Facebook,Explore,Cricket update,Sports,Distractive,75.3,2,Hostel,2025-07-20,Night
6893,U0191,YouTube,Reels/Shorts,Trending challenge,Entertainment,Distractive,66.6,5,Home,2025-01-23,Late Night
6894,U0087,Google Classroom,Explore,Random scrolling,Social Media,Distractive,32.2,4,Hostel,2025-09-12,Late Night
6895,U0263,WhatsApp,Story,Email,Communication,Productive,9.4,2,College,2025-09-05,Morning
6896,U0035,Telegram,Notification,Fashion trends,Commerce,Distractive,22.4,2,Outdoors,2025-03-13,Morning
6897,U0284,Zoom,Course Page,Product review,Commerce,Distractive,8,3,Library,2025-03-10,Evening
6898,U0432,Twitter/X,Watch,Family chat,Communication,Productive,33.7,2,College,2025-04-27,Morning
6899,U0343,TikTok,Search,History lecture,Education,Productive,58.7,1,Hostel,2025-10-18,Morning
6900,U0355,Instagram,Story,Trending hashtags,Social Media,Distractive,50.5,4,College,2025-10-03,Night
6901,U0430,Instagram,Watch,Online sale,Commerce,Distractive,83.1,3,Hostel,2025-02-17,Morning
6902,U0271,WhatsApp,Story,Video call,Communication,Productive,44.9,2,College,2025-07-12,Morning
6903,U0154,Telegram,Story,Local news,News,Productive,12.4,1,Hostel,2025-07-17,Morning
6904,U0418,WhatsApp,Notification,Endless scrolling,Social Media,Distractive,43.7,4,Commute,2025-01-30,Afternoon
6905,U0146,Twitter/X,Explore,Sports news,Sports,Distractive,58.5,4,Office,2025-06-23,Morning
6906,U0033,LinkedIn,Notification,Investment tips,Business,Productive,57.9,2,College,2025-03-08,Evening
6907,U0233,Facebook,Reels/Shorts,Story updates,Social Media,Distractive,71.7,4,Library,2025-04-19,Late Night
6908,U0228,TikTok,Feed,Current affairs,News,Productive,48,1,Office,2025-09-16,Late Night
6909,U0012,Gmail,Course Page,DM chat casual,Social Media,Distractive,33.7,4,Cafe,2025-11-26,Morning
6910,U0382,YouTube,Course Page,Gossip,Entertainment,Distractive,12.2,4,Commute,2025-11-08,Evening
6911,U0482,TikTok,Watch,Research paper,Education,Productive,35.5,2,College,2025-04-09,Afternoon
6912,U0149,Amazon,Story,Interview preparation,Education,Productive,10.2,2,Office,2025-07-11,Evening
6913,U0458,Slack,Story,Memes,Entertainment,Distractive,89.8,4,College,2025-05-13,Morning
6914,U0439,Twitter/X,Search,World news,News,Productive,21.7,2,Commute,2025-09-28,Night
6915,U0056,Twitter/X,DM/Chat,Team meeting,Communication,Productive,1.6,1,Hostel,2025-02-20,Afternoon
6916,U0028,Udemy,Search,Group chat,Communication,Productive,56.6,1,Hostel,2025-08-29,Late Night
6917,U0417,Twitter/X,Story,LinkedIn post,Business,Productive,43.8,1,Office,2025-03-19,Morning
6918,U0260,Slack,Feed,Group chat,Communication,Productive,56.7,1,Library,2025-12-06,Morning
6919,U0413,Twitter/X,DM/Chat,Football clip,Sports,Distractive,19.4,4,College,2025-04-07,Late Night
6920,U0209,Instagram,Search,Colleague message,Communication,Productive,2.1,2,Office,2025-10-15,Late Night
6921,U0216,Zoom,DM/Chat,Conference call,Communication,Productive,13,1,Commute,2025-11-26,Late Night
6922,U0269,Flipkart,Notification,Market analysis,Business,Productive,43.4,1,Home,2025-07-05,Late Night
6923,U0292,Telegram,Notification,Cricket update,Sports,Distractive,4.2,4,Hostel,2025-10-12,Night
6924,U0479,Google Classroom,Explore,Online certification,Education,Productive,16.4,2,Office,2025-04-13,Evening
6925,U0296,Instagram,Search,Product review,Commerce,Distractive,62.1,3,Outdoors,2025-01-15,Afternoon
6926,U0284,Zoom,Search,Physics lecture,Education,Productive,48,2,Office,2025-11-24,Evening
6927,U0332,Gmail,Explore,Exam preparation,Education,Productive,32.9,2,Library,2025-07-25,Afternoon
6928,U0400,Flipkart,Notification,Voice message,Communication,Productive,23.1,2,College,2025-05-20,Morning
6929,U0233,Zoom,Story,World news,News,Productive,57.8,2,Commute,2025-05-04,Night
6930,U0030,Telegram,DM/Chat,Local news,News,Productive,13.9,1,Commute,2025-12-16,Night
6931,U0157,Flipkart,Explore,Group chat,Communication,Productive,25.1,2,College,2025-12-27,Evening
6932,U0411,Slack,Watch,Fashion trends,Commerce,Distractive,84.2,3,Home,2025-09-26,Late Night
6933,U0445,YouTube,Course Page,DM chat casual,Social Media,Distractive,4.8,4,College,2025-02-19,Evening
6934,U0472,Twitter/X,Story,Online certification,Education,Productive,53.8,1,Hostel,2025-01-06,Night
6935,U0344,Snapchat,Search,Follower count check,Social Media,Distractive,80.1,5,Commute,2025-01-12,Late Night
6936,U0416,Telegram,Feed,Dance videos,Entertainment,Distractive,72.4,4,Cafe,2025-10-01,Late Night
6937,U0207,LinkedIn,Course Page,Web series clip,Entertainment,Distractive,26.3,4,Outdoors,2025-06-11,Night
6938,U0114,Telegram,Feed,Project management,Business,Productive,38.5,1,Outdoors,2025-04-30,Morning
6939,U0100,Gmail,Course Page,Product review,Commerce,Distractive,25.5,2,Outdoors,2025-05-09,Afternoon
6940,U0106,YouTube,Story,Gaming,Entertainment,Distractive,31.1,5,Home,2025-02-26,Afternoon
6941,U0359,Coursera,Reels/Shorts,World news,News,Productive,58.9,2,Outdoors,2025-03-10,Night
6942,U0011,LinkedIn,Notification,Viral video,Entertainment,Distractive,88.2,4,Commute,2025-05-01,Evening
6943,U0107,YouTube,Reels/Shorts,Project management,Business,Productive,20.6,1,Commute,2025-03-19,Night
6944,U0264,YouTube,Course Page,Job search,Business,Productive,42.5,1,Commute,2025-08-29,Night
6945,U0047,YouTube,Story,Viral video,Entertainment,Distractive,75.7,4,Office,2025-01-10,Morning
6946,U0400,Udemy,Search,Fashion trends,Commerce,Distractive,36.5,2,Cafe,2025-01-24,Morning
6947,U0238,Gmail,Watch,Client call,Communication,Productive,7.4,2,College,2025-09-15,Afternoon
6948,U0379,LinkedIn,DM/Chat,Colleague message,Communication,Productive,45.3,2,Cafe,2025-09-27,Afternoon
6949,U0191,Coursera,Watch,Client proposal,Business,Productive,13.4,2,Cafe,2025-08-10,Afternoon
6950,U0242,Slack,Explore,Live score,Sports,Distractive,57.7,4,Library,2025-06-12,Evening
6951,U0095,Google Classroom,Story,World news,News,Productive,28.2,2,Cafe,2025-12-21,Night
6952,U0066,Gmail,DM/Chat,Sports news,Sports,Distractive,12,4,Home,2025-08-15,Morning
6953,U0182,Gmail,Notification,Breaking news,News,Productive,7.1,2,Office,2025-02-25,Evening
6954,U0139,Gmail,DM/Chat,Movie clips,Entertainment,Distractive,53.4,4,Outdoors,2025-08-20,Morning
6955,U0125,Telegram,Reels/Shorts,Client call,Communication,Productive,13.8,2,Cafe,2025-04-10,Afternoon
6956,U0388,Coursera,Search,Endless scrolling,Social Media,Distractive,80.2,5,Outdoors,2025-08-20,Evening
6957,U0296,YouTube,Feed,Random scrolling,Social Media,Distractive,26.2,5,College,2025-01-02,Late Night
6958,U0036,Slack,Notification,Football clip,Sports,Distractive,30.7,4,Hostel,2025-12-30,Morning
6959,U0345,TikTok,Course Page,Wishlist browsing,Commerce,Distractive,51.9,3,Office,2025-09-10,Late Night
6960,U0377,YouTube,Course Page,Technology news,News,Productive,35.3,3,Home,2025-10-18,Night
6961,U0451,Slack,DM/Chat,Stock market,Business,Productive,56.8,2,Library,2025-09-24,Morning
6962,U0172,TikTok,Search,Data Science course,Education,Productive,17.5,1,Library,2025-02-11,Late Night
6963,U0354,Zoom,Explore,LinkedIn post,Business,Productive,29.4,2,Cafe,2025-06-14,Night
6964,U0157,Snapchat,Search,Local news,News,Productive,56.2,3,Commute,2025-01-12,Evening
6965,U0170,Slack,Notification,Fashion trends,Commerce,Distractive,76,3,Home,2025-07-11,Late Night
6966,U0409,Snapchat,Feed,TV show clip,Entertainment,Distractive,3.5,5,Office,2025-04-25,Evening
6967,U0338,LinkedIn,Watch,Local news,News,Productive,52,2,Cafe,2025-04-09,Late Night
6968,U0444,Gmail,Search,Data Science course,Education,Productive,39.9,1,Office,2025-10-02,Late Night
6969,U0162,Telegram,Story,Celebrity,Entertainment,Distractive,44.8,5,Commute,2025-04-30,Night
6970,U0325,Instagram,Course Page,Email,Communication,Productive,9.1,1,Commute,2025-10-20,Late Night
6971,U0334,Instagram,Search,Science experiment,Education,Productive,55,2,Office,2025-05-18,Night
6972,U0449,WhatsApp,DM/Chat,Language learning,Education,Productive,47.1,1,Library,2025-08-26,Late Night
6973,U0294,Google Classroom,Feed,Machine Learning,Education,Productive,37.3,2,Hostel,2025-05-23,Afternoon
6974,U0020,Amazon,Story,Weather update,News,Productive,3.3,2,Library,2025-03-31,Morning
6975,U0322,Google Classroom,Watch,Investment tips,Business,Productive,41.2,1,College,2025-04-23,Morning
6976,U0063,Instagram,Notification,Discount coupons,Commerce,Distractive,34,2,Outdoors,2025-01-29,Evening
6977,U0496,Instagram,Explore,Technology news,News,Productive,17.2,2,College,2025-07-11,Morning
6978,U0382,Snapchat,Search,Conference call,Communication,Productive,18,1,Library,2025-12-10,Afternoon
6979,U0112,Instagram,Search,Endless scrolling,Social Media,Distractive,22.8,4,Library,2025-03-22,Morning
6980,U0163,Slack,Reels/Shorts,LinkedIn post,Business,Productive,17.7,2,Office,2025-09-11,Afternoon
6981,U0027,LinkedIn,Watch,Online certification,Education,Productive,47.1,1,College,2025-07-20,Morning
6982,U0246,Coursera,Search,Family chat,Communication,Productive,57.9,2,Home,2025-06-18,Late Night
6983,U0332,Google Classroom,DM/Chat,Movie clips,Entertainment,Distractive,57.6,4,College,2025-12-31,Late Night
6984,U0305,WhatsApp,Course Page,Shorts,Entertainment,Distractive,37.2,5,Home,2025-12-07,Morning
6985,U0027,Zoom,DM/Chat,Group chat,Communication,Productive,44.2,2,Hostel,2025-12-20,Night
6986,U0268,LinkedIn,Feed,Colleague message,Communication,Productive,56.4,2,Cafe,2025-12-12,Late Night
6987,U0323,Zoom,Story,Stock market,Business,Productive,23.4,2,Office,2025-11-28,Morning
6988,U0499,Snapchat,Course Page,Excel tutorial,Education,Productive,12.2,1,Commute,2025-03-16,Late Night
6989,U0194,Facebook,Story,Weather update,News,Productive,59.2,2,Office,2025-01-27,Evening
6990,U0419,LinkedIn,Explore,Like notifications,Social Media,Distractive,40.6,5,College,2025-03-14,Night
6991,U0409,LinkedIn,DM/Chat,Music video,Entertainment,Distractive,2.9,4,Outdoors,2025-03-08,Evening
6992,U0342,Snapchat,Watch,Breaking news,News,Productive,46.6,3,Outdoors,2025-01-23,Night
6993,U0094,Telegram,Notification,Current affairs,News,Productive,31.1,2,Hostel,2025-03-01,Late Night
6994,U0385,Flipkart,Watch,Coding practice,Education,Productive,3.7,1,Home,2025-03-14,Night
6995,U0408,Slack,Watch,Work discussion,Communication,Productive,19.9,2,Home,2025-02-21,Evening
6996,U0319,Snapchat,Story,Wishlist browsing,Commerce,Distractive,72,2,Cafe,2025-09-23,Morning
6997,U0282,Google Classroom,Story,Web development course,Education,Productive,49.9,1,Office,2025-12-28,Night
6998,U0398,YouTube,Story,Client call,Communication,Productive,40.2,2,Hostel,2025-06-04,Late Night
6999,U0115,Facebook,Reels/Shorts,Live score,Sports,Distractive,16.2,3,College,2025-06-10,Afternoon
7000,U0327,Twitter/X,Notification,Gossip,Entertainment,Distractive,27.5,4,Library,2025-01-11,Late Night
7001,U0365,Slack,Notification,Project management,Business,Productive,39.5,2,Library,2025-03-02,Morning
7002,U0315,Facebook,Feed,Stock market,Business,Productive,38.9,2,Hostel,2025-05-13,Evening
7003,U0376,Zoom,Feed,Research paper,Education,Productive,21.1,2,Commute,2025-08-12,Evening
7004,U0449,Zoom,DM/Chat,Influencer content,Social Media,Distractive,70.1,5,Commute,2025-01-18,Evening
7005,U0045,Instagram,Story,Dance videos,Entertainment,Distractive,25.9,4,Commute,2025-05-19,Late Night
7006,U0463,WhatsApp,Reels/Shorts,Market analysis,Business,Productive,48.6,1,Cafe,2025-10-26,Evening
7007,U0456,Slack,DM/Chat,Memes,Entertainment,Distractive,13.5,4,Commute,2025-12-08,Late Night
7008,U0440,Gmail,Explore,Sports news,Sports,Distractive,67,2,Home,2025-05-23,Late Night
7009,U0035,Google Classroom,Course Page,Follower count check,Social Media,Distractive,48.3,4,Hostel,2025-12-30,Evening
7010,U0179,Slack,Reels/Shorts,Online sale,Commerce,Distractive,2.2,2,Commute,2025-10-16,Afternoon
7011,U0126,LinkedIn,Notification,Email,Communication,Productive,35.9,1,Cafe,2025-07-15,Afternoon
7012,U0457,TikTok,Story,Group chat,Communication,Productive,49.9,2,Commute,2025-07-19,Afternoon
7013,U0104,Instagram,Feed,Discount coupons,Commerce,Distractive,84.2,2,Cafe,2025-12-14,Afternoon
7014,U0429,Flipkart,Explore,Endless scrolling,Social Media,Distractive,74.2,4,Home,2025-08-23,Evening
7015,U0317,WhatsApp,Watch,Like notifications,Social Media,Distractive,83.9,5,Outdoors,2025-04-18,Evening
7016,U0359,TikTok,Search,LinkedIn post,Business,Productive,22.7,1,Outdoors,2025-08-23,Evening
7017,U0385,LinkedIn,Explore,Colleague message,Communication,Productive,55.3,2,Commute,2025-08-02,Night
7018,U0175,Google Classroom,Feed,DM chat casual,Social Media,Distractive,36.4,5,Library,2025-07-16,Evening
7019,U0200,LinkedIn,Reels/Shorts,Shopping,Commerce,Distractive,6,3,Hostel,2025-08-24,Late Night
7020,U0103,Zoom,Explore,Weather update,News,Productive,55.8,1,Library,2025-06-09,Evening
7021,U0106,Slack,Story,Flash deals,Commerce,Distractive,8.4,2,Hostel,2025-04-06,Late Night
7022,U0115,Gmail,Course Page,Football clip,Sports,Distractive,57.1,3,College,2025-09-13,Afternoon
7023,U0245,YouTube,Reels/Shorts,Technology news,News,Productive,4.1,3,Outdoors,2025-10-03,Night
7024,U0169,Flipkart,DM/Chat,Discount coupons,Commerce,Distractive,26.2,2,Commute,2025-01-19,Afternoon
7025,U0056,Google Classroom,Notification,Work discussion,Communication,Productive,38,2,Home,2025-11-18,Night
7026,U0157,Udemy,Explore,Web series clip,Entertainment,Distractive,1.6,5,Commute,2025-08-20,Night
7027,U0452,Twitter/X,Explore,Discount coupons,Commerce,Distractive,79,2,Library,2025-12-05,Afternoon
7028,U0045,TikTok,Search,Memes,Entertainment,Distractive,13.8,5,College,2025-11-15,Afternoon
7029,U0311,TikTok,Story,Match highlights,Sports,Distractive,88.2,3,Hostel,2025-08-23,Afternoon
7030,U0212,Udemy,Search,SQL tutorial,Education,Productive,30.4,1,Outdoors,2025-03-25,Afternoon
7031,U0355,WhatsApp,Watch,DM chat casual,Social Media,Distractive,41.9,5,Hostel,2025-07-30,Evening
7032,U0485,Zoom,Feed,Live score,Sports,Distractive,80.9,3,Office,2025-07-22,Morning
7033,U0305,Zoom,Story,Job search,Business,Productive,43.9,2,Office,2025-05-17,Evening
7034,U0155,Zoom,Notification,Project update,Communication,Productive,43.3,2,Office,2025-08-05,Morning
7035,U0327,Udemy,Notification,Video call,Communication,Productive,48.6,2,Library,2025-04-15,Late Night
7036,U0497,Coursera,DM/Chat,Physics lecture,Education,Productive,45.2,1,Commute,2025-07-21,Night
7037,U0045,Twitter/X,DM/Chat,Live score,Sports,Distractive,58.6,3,Home,2025-09-30,Evening
7038,U0158,TikTok,Feed,Weather update,News,Productive,24.4,3,Hostel,2025-12-20,Afternoon
7039,U0226,WhatsApp,Feed,Like notifications,Social Media,Distractive,76,4,Home,2025-10-05,Late Night
7040,U0478,Instagram,Watch,Like notifications,Social Media,Distractive,5.9,4,Cafe,2025-05-18,Morning
7041,U0168,TikTok,Reels/Shorts,Shopping,Commerce,Distractive,18.9,3,Home,2025-07-23,Afternoon
7042,U0403,Telegram,Reels/Shorts,Gossip,Entertainment,Distractive,57,4,Home,2025-05-29,Late Night
7043,U0363,Amazon,Course Page,Chemistry notes,Education,Productive,53.8,1,Outdoors,2025-07-04,Late Night
7044,U0308,Google Classroom,DM/Chat,Celebrity,Entertainment,Distractive,45.7,4,College,2025-04-21,Late Night
7045,U0173,Amazon,Watch,Client proposal,Business,Productive,45.6,1,Cafe,2025-12-18,Evening
7046,U0039,Twitter/X,Feed,Science experiment,Education,Productive,57.7,2,Commute,2025-03-09,Night
7047,U0218,Slack,Search,Gossip,Entertainment,Distractive,74.9,5,Commute,2025-11-24,Night
7048,U0426,YouTube,Story,Technology news,News,Productive,7.5,1,College,2025-07-30,Afternoon
7049,U0387,Telegram,DM/Chat,Football clip,Sports,Distractive,79.2,4,Outdoors,2025-05-05,Afternoon
7050,U0392,Flipkart,Explore,World news,News,Productive,33.5,3,Library,2025-07-21,Late Night
7051,U0139,YouTube,Reels/Shorts,DM chat casual,Social Media,Distractive,30.3,4,Home,2025-12-28,Afternoon
7052,U0064,Facebook,Search,Current affairs,News,Productive,12.9,2,Commute,2025-07-27,Afternoon
7053,U0456,Coursera,Story,Political news,News,Productive,57.6,1,College,2025-03-30,Morning
7054,U0259,Facebook,Reels/Shorts,DM chat casual,Social Media,Distractive,20.5,5,Hostel,2025-01-02,Night
7055,U0206,Facebook,Notification,Market analysis,Business,Productive,27.5,2,Office,2025-05-10,Evening
7056,U0008,LinkedIn,Feed,Trending challenge,Entertainment,Distractive,42.9,4,Home,2025-09-02,Morning
7057,U0143,Gmail,Watch,Shopping,Commerce,Distractive,24.5,3,Commute,2025-10-28,Afternoon
7058,U0106,Telegram,Reels/Shorts,DM chat casual,Social Media,Distractive,84.7,4,Commute,2025-11-29,Night
7059,U0110,Telegram,Reels/Shorts,Technology news,News,Productive,2,1,College,2025-05-05,Afternoon
7060,U0258,Instagram,DM/Chat,Email,Communication,Productive,53.5,1,Outdoors,2025-03-23,Night
7061,U0015,YouTube,Notification,Funny compilation,Entertainment,Distractive,8.7,4,Home,2025-04-12,Evening
7062,U0176,Zoom,Search,Local news,News,Productive,3.6,3,Office,2025-09-17,Late Night
7063,U0338,Google Classroom,Notification,Math tutorial,Education,Productive,20.5,1,College,2025-11-18,Morning
7064,U0254,Snapchat,Reels/Shorts,Flash deals,Commerce,Distractive,73.4,2,Cafe,2025-05-07,Night
7065,U0272,Twitter/X,Watch,DM chat casual,Social Media,Distractive,35.4,4,Outdoors,2025-08-08,Night
7066,U0123,YouTube,Feed,Startup news,Business,Productive,44.7,1,Library,2025-08-30,Morning
7067,U0266,Telegram,Watch,Cricket update,Sports,Distractive,21.7,3,Commute,2025-01-09,Late Night
7068,U0084,Instagram,Watch,Freelance work,Business,Productive,16.7,2,Commute,2025-06-28,Evening
7069,U0025,Slack,Notification,Political news,News,Productive,57.1,3,Cafe,2025-03-30,Morning
7070,U0382,Flipkart,Watch,Prank videos,Entertainment,Distractive,62.1,4,Outdoors,2025-10-30,Evening
7071,U0405,Slack,Explore,Current affairs,News,Productive,49.5,1,Home,2025-08-28,Evening
7072,U0442,Flipkart,Explore,Weather update,News,Productive,27.6,1,Hostel,2025-01-05,Morning
7073,U0378,YouTube,Notification,Movie clips,Entertainment,Distractive,22.3,5,Hostel,2025-06-21,Evening
7074,U0119,Slack,Feed,Comedy videos,Entertainment,Distractive,82.4,4,Commute,2025-04-22,Night
7075,U0032,TikTok,Course Page,Funny compilation,Entertainment,Distractive,45.7,4,Cafe,2025-08-16,Late Night
7076,U0484,Flipkart,Search,Random scrolling,Social Media,Distractive,53.1,5,Commute,2025-09-21,Afternoon
7077,U0050,Instagram,Notification,Shorts,Entertainment,Distractive,40.9,5,Commute,2025-10-20,Afternoon
7078,U0205,YouTube,Story,Current affairs,News,Productive,31.8,3,Outdoors,2025-07-19,Late Night
7079,U0054,Zoom,Reels/Shorts,Web series clip,Entertainment,Distractive,35.2,4,Outdoors,2025-02-02,Evening
7080,U0206,Gmail,Watch,Football clip,Sports,Distractive,86.9,4,College,2025-01-16,Evening
7081,U0093,Telegram,Search,Online sale,Commerce,Distractive,76.1,2,Hostel,2025-04-22,Morning
7082,U0236,Amazon,DM/Chat,DM chat casual,Social Media,Distractive,30.8,5,Hostel,2025-08-03,Night
7083,U0142,Coursera,Search,Technology news,News,Productive,52.1,1,College,2025-11-23,Afternoon
7084,U0279,Flipkart,Watch,Like notifications,Social Media,Distractive,43.9,4,Cafe,2025-05-16,Morning
7085,U0405,Slack,DM/Chat,Influencer content,Social Media,Distractive,62.5,5,Outdoors,2025-08-03,Afternoon
7086,U0006,Coursera,Course Page,Chemistry notes,Education,Productive,7.5,1,Commute,2025-10-31,Night
7087,U0403,Slack,Feed,Job search,Business,Productive,17.3,1,Library,2025-03-19,Night
7088,U0069,Twitter/X,Course Page,Networking,Business,Productive,55.5,2,College,2025-02-22,Night
7089,U0227,WhatsApp,Notification,Like notifications,Social Media,Distractive,33.8,5,College,2025-05-18,Night
7090,U0305,Twitter/X,Reels/Shorts,Live score,Sports,Distractive,62.2,3,Library,2025-09-26,Morning
7091,U0383,Slack,Explore,Online sale,Commerce,Distractive,79.4,3,College,2025-02-17,Late Night
7092,U0223,Coursera,Watch,Family chat,Communication,Productive,46.6,1,Cafe,2025-01-19,Afternoon
7093,U0192,Amazon,Notification,Chemistry notes,Education,Productive,54,1,Outdoors,2025-05-25,Afternoon
7094,U0322,Google Classroom,Search,Celebrity,Entertainment,Distractive,76.4,5,Cafe,2025-11-09,Evening
7095,U0117,TikTok,Course Page,Movie clips,Entertainment,Distractive,60.6,5,Hostel,2025-08-20,Evening
7096,U0345,Google Classroom,Story,Fashion trends,Commerce,Distractive,89.9,2,Library,2025-10-30,Afternoon
7097,U0430,Twitter/X,Course Page,Reels,Entertainment,Distractive,19.1,4,Office,2025-07-22,Evening
7098,U0267,Google Classroom,Watch,Chemistry notes,Education,Productive,17.9,1,Home,2025-03-16,Morning
7099,U0048,Coursera,Story,Memes,Entertainment,Distractive,55.3,5,College,2025-10-20,Afternoon
7100,U0041,Zoom,Watch,DM chat casual,Social Media,Distractive,64.3,5,Office,2025-10-16,Night
7101,U0025,Facebook,Notification,Stock market,Business,Productive,27.4,2,Home,2025-03-03,Late Night
7102,U0447,Telegram,Story,Online sale,Commerce,Distractive,14.5,3,College,2025-11-18,Afternoon
7103,U0430,Facebook,Watch,Freelance work,Business,Productive,18.1,2,Outdoors,2025-08-01,Afternoon
7104,U0452,Telegram,Explore,LinkedIn post,Business,Productive,55.5,1,Cafe,2025-07-07,Night
7105,U0035,YouTube,DM/Chat,Discount coupons,Commerce,Distractive,40.2,3,Home,2025-08-14,Morning
7106,U0451,Flipkart,Course Page,Interview preparation,Education,Productive,46.8,2,Commute,2025-04-30,Late Night
7107,U0432,Zoom,DM/Chat,Freelance work,Business,Productive,28.1,2,College,2025-09-01,Morning
7108,U0250,WhatsApp,Course Page,Like notifications,Social Media,Distractive,75.9,4,College,2025-09-14,Late Night
7109,U0309,LinkedIn,Notification,Influencer content,Social Media,Distractive,57.1,5,Hostel,2025-03-13,Afternoon
7110,U0187,Zoom,Feed,Technology news,News,Productive,30.7,3,Outdoors,2025-02-04,Late Night
7111,U0133,TikTok,Search,Live score,Sports,Distractive,68.8,3,Home,2025-01-26,Morning
7112,U0174,Google Classroom,Feed,Live score,Sports,Distractive,39.6,4,Commute,2025-08-10,Late Night
7113,U0217,Gmail,Feed,Machine Learning,Education,Productive,53.4,1,Hostel,2025-02-02,Evening
7114,U0089,YouTube,Search,Weather update,News,Productive,47.6,1,Outdoors,2025-11-21,Evening
7115,U0057,Twitter/X,Course Page,Technology news,News,Productive,59.1,3,Hostel,2025-03-12,Afternoon
7116,U0463,WhatsApp,Search,TV show clip,Entertainment,Distractive,36,4,Home,2025-07-09,Night
7117,U0027,TikTok,Explore,Startup news,Business,Productive,35.7,1,Library,2025-07-18,Afternoon
7118,U0016,Facebook,Reels/Shorts,Team meeting,Communication,Productive,15.8,2,Outdoors,2025-08-12,Afternoon
7119,U0302,Facebook,Notification,LinkedIn post,Business,Productive,7.5,2,Home,2025-04-14,Morning
7120,U0096,Twitter/X,Story,Wishlist browsing,Commerce,Distractive,53.5,3,Library,2025-06-28,Late Night
7121,U0351,Google Classroom,Course Page,Online sale,Commerce,Distractive,47.7,3,Office,2025-06-02,Evening
7122,U0102,LinkedIn,DM/Chat,Family chat,Communication,Productive,13.6,2,College,2025-09-09,Afternoon
7123,U0048,Coursera,Search,Market analysis,Business,Productive,42.5,1,Outdoors,2025-06-13,Evening
7124,U0409,YouTube,Story,Weather update,News,Productive,55.4,2,Cafe,2025-05-25,Morning
7125,U0216,Amazon,Story,Random scrolling,Social Media,Distractive,18.1,5,Cafe,2025-02-27,Afternoon
7126,U0007,Snapchat,Watch,Physics lecture,Education,Productive,35.4,1,College,2025-05-23,Morning
7127,U0353,Gmail,Notification,Live score,Sports,Distractive,51.3,3,Outdoors,2025-07-02,Afternoon
7128,U0311,Zoom,Story,Shopping,Commerce,Distractive,67.8,2,Cafe,2025-06-25,Night
7129,U0463,Flipkart,DM/Chat,Memes,Entertainment,Distractive,42.5,5,Outdoors,2025-04-17,Afternoon
7130,U0487,Twitter/X,Course Page,Discount coupons,Commerce,Distractive,14.1,3,Cafe,2025-05-21,Late Night
7131,U0333,Snapchat,Explore,Live score,Sports,Distractive,81.8,2,Commute,2025-02-07,Evening
7132,U0368,Snapchat,Feed,Technology news,News,Productive,4.5,3,College,2025-03-15,Evening
7133,U0182,YouTube,Search,Trending hashtags,Social Media,Distractive,54.5,5,Home,2025-09-18,Late Night
7134,U0106,Udemy,Feed,Weather update,News,Productive,56.4,3,Cafe,2025-01-18,Morning
7135,U0464,TikTok,Course Page,Sports news,Sports,Distractive,50.5,4,Office,2025-08-08,Afternoon
7136,U0323,Facebook,Watch,Cricket update,Sports,Distractive,36.4,4,Home,2025-06-19,Late Night
7137,U0014,Instagram,Watch,Current affairs,News,Productive,40.4,3,Outdoors,2025-11-08,Evening
7138,U0125,LinkedIn,Story,Endless scrolling,Social Media,Distractive,53.1,5,Home,2025-07-29,Morning
7139,U0021,Gmail,Feed,Like notifications,Social Media,Distractive,80.3,4,College,2025-01-10,Evening
7140,U0077,Udemy,Reels/Shorts,Excel tutorial,Education,Productive,58.4,1,Commute,2025-05-06,Night
7141,U0227,Zoom,Feed,Project update,Communication,Productive,33.9,2,Cafe,2025-08-31,Late Night
7142,U0216,LinkedIn,Story,Trending hashtags,Social Media,Distractive,66.6,4,Cafe,2025-06-15,Morning
7143,U0495,Slack,Search,Comedy videos,Entertainment,Distractive,47.2,4,Library,2025-07-17,Night
7144,U0394,Zoom,Reels/Shorts,Machine Learning,Education,Productive,51.2,2,Hostel,2025-10-10,Afternoon
7145,U0027,LinkedIn,Notification,Sports news,Sports,Distractive,49.7,3,Office,2025-11-21,Afternoon
7146,U0195,Flipkart,Course Page,Sports news,Sports,Distractive,74.8,4,Hostel,2025-11-29,Morning
7147,U0012,Twitter/X,Feed,Random scrolling,Social Media,Distractive,4.3,4,Library,2025-03-24,Afternoon
7148,U0316,Snapchat,Feed,Product review,Commerce,Distractive,38.4,3,Hostel,2025-09-07,Afternoon
7149,U0360,Google Classroom,Reels/Shorts,Technology news,News,Productive,43.7,1,Home,2025-04-03,Late Night
7150,U0388,Twitter/X,Notification,Startup news,Business,Productive,41.5,2,Office,2025-08-12,Evening
7151,U0162,Coursera,Reels/Shorts,Market analysis,Business,Productive,21.4,1,Office,2025-03-28,Night
7152,U0213,Snapchat,Search,Project update,Communication,Productive,21.4,2,Library,2025-08-06,Afternoon
7153,U0218,Instagram,Story,Email,Communication,Productive,41.7,1,Office,2025-06-17,Afternoon
7154,U0246,WhatsApp,Notification,Machine Learning,Education,Productive,38.7,1,Office,2025-05-06,Morning
7155,U0136,YouTube,Reels/Shorts,Weather update,News,Productive,38.1,3,Office,2025-02-14,Afternoon
7156,U0017,Telegram,Story,Local news,News,Productive,56.7,3,College,2025-01-31,Morning
7157,U0471,Snapchat,Feed,Sports news,Sports,Distractive,65.6,3,Home,2025-01-18,Late Night
7158,U0043,LinkedIn,Story,Group chat,Communication,Productive,30.8,2,Commute,2025-11-18,Morning
7159,U0430,Google Classroom,Reels/Shorts,Voice message,Communication,Productive,10.8,1,Office,2025-06-25,Morning
7160,U0094,Slack,Course Page,Group chat,Communication,Productive,46.9,1,Commute,2025-01-31,Late Night
7161,U0225,Twitter/X,Feed,Fashion trends,Commerce,Distractive,53.4,2,Library,2025-10-13,Morning
7162,U0057,Udemy,Reels/Shorts,Client call,Communication,Productive,36.4,1,Home,2025-05-22,Evening
7163,U0385,TikTok,Notification,Shorts,Entertainment,Distractive,45.7,5,College,2025-09-11,Evening
7164,U0174,Flipkart,Notification,Shopping,Commerce,Distractive,21.2,2,Cafe,2025-10-04,Afternoon
7165,U0315,Amazon,DM/Chat,Email,Communication,Productive,57.7,2,Office,2025-06-04,Night
7166,U0007,Coursera,DM/Chat,Skill development,Education,Productive,56.5,1,Cafe,2025-09-01,Evening
7167,U0323,Flipkart,Explore,Project update,Communication,Productive,12.3,1,Hostel,2025-05-19,Morning
7168,U0242,LinkedIn,Notification,Follower count check,Social Media,Distractive,34,4,Outdoors,2025-09-01,Morning
7169,U0037,Flipkart,Course Page,AI fundamentals,Education,Productive,26.1,2,Hostel,2025-03-09,Night
7170,U0243,YouTube,Watch,SQL tutorial,Education,Productive,11.2,1,Home,2025-05-08,Morning
7171,U0165,Flipkart,DM/Chat,Local news,News,Productive,34.1,3,Office,2025-09-14,Morning
7172,U0310,Instagram,Course Page,Football clip,Sports,Distractive,83.9,2,Hostel,2025-03-01,Night
7173,U0383,Coursera,Watch,Machine Learning,Education,Productive,43.1,2,Commute,2025-06-11,Morning
7174,U0135,LinkedIn,Watch,Sports news,Sports,Distractive,27.6,4,Cafe,2025-05-02,Late Night
7175,U0050,TikTok,Explore,Viral video,Entertainment,Distractive,16.5,4,Library,2025-11-02,Evening
7176,U0469,Twitter/X,Watch,Team meeting,Communication,Productive,54.9,1,Cafe,2025-02-10,Evening
7177,U0190,Gmail,Course Page,Story updates,Social Media,Distractive,42.9,4,Outdoors,2025-02-15,Afternoon
7178,U0421,Instagram,Feed,Shopping,Commerce,Distractive,8.2,3,College,2025-03-01,Afternoon
7179,U0329,WhatsApp,Notification,Football clip,Sports,Distractive,43,3,Outdoors,2025-12-07,Late Night
7180,U0420,YouTube,Feed,Startup news,Business,Productive,55.4,1,Outdoors,2025-08-30,Afternoon
7181,U0014,YouTube,Feed,Random scrolling,Social Media,Distractive,77.2,4,Office,2025-11-21,Evening
7182,U0291,TikTok,Feed,Viral video,Entertainment,Distractive,30.8,5,Home,2025-08-02,Late Night
7183,U0327,Flipkart,Search,Online certification,Education,Productive,51.8,2,Outdoors,2025-04-12,Night
7184,U0421,Instagram,Watch,Gaming,Entertainment,Distractive,79.6,5,Home,2025-03-30,Evening
7185,U0325,Udemy,Course Page,Work discussion,Communication,Productive,59.9,1,Library,2025-09-13,Late Night
7186,U0346,Instagram,Story,Match highlights,Sports,Distractive,81.2,2,Library,2025-01-29,Morning
7187,U0191,Slack,Explore,Freelance work,Business,Productive,17.7,1,Home,2025-05-13,Late Night
7188,U0430,Twitter/X,Reels/Shorts,Endless scrolling,Social Media,Distractive,23.1,4,Outdoors,2025-05-31,Evening
7189,U0495,TikTok,Story,Live score,Sports,Distractive,5.6,3,Outdoors,2025-02-20,Evening
7190,U0075,Zoom,Notification,Python tutorial,Education,Productive,31.4,2,Office,2025-08-12,Late Night
7191,U0208,YouTube,Search,Exam preparation,Education,Productive,43.3,1,College,2025-06-13,Afternoon
7192,U0054,Telegram,Course Page,Stock market,Business,Productive,34.8,2,Outdoors,2025-06-10,Night
7193,U0239,Facebook,Story,Flash deals,Commerce,Distractive,2.4,3,Home,2025-08-12,Late Night
7194,U0437,Slack,Course Page,Technology news,News,Productive,48.4,2,Cafe,2025-10-29,Afternoon
7195,U0102,Flipkart,Reels/Shorts,Current affairs,News,Productive,7.5,3,College,2025-09-10,Late Night
7196,U0355,Gmail,Reels/Shorts,Team meeting,Communication,Productive,54.5,2,Home,2025-10-30,Afternoon
7197,U0454,Udemy,Explore,Fashion trends,Commerce,Distractive,33.1,2,College,2025-09-27,Late Night
7198,U0488,TikTok,Feed,World news,News,Productive,25.8,2,Outdoors,2025-02-09,Afternoon
7199,U0412,Gmail,Story,Follower count check,Social Media,Distractive,49.1,4,Library,2025-11-09,Morning
7200,U0158,Telegram,Watch,Football clip,Sports,Distractive,85.6,2,Library,2025-05-19,Evening
7201,U0492,Snapchat,Notification,Political news,News,Productive,31.8,1,Commute,2025-10-31,Late Night
7202,U0161,Gmail,Reels/Shorts,Video call,Communication,Productive,29.8,2,Hostel,2025-07-13,Afternoon
7203,U0083,Twitter/X,Notification,Football clip,Sports,Distractive,7.1,2,Hostel,2025-09-24,Afternoon
7204,U0120,Twitter/X,Notification,Python tutorial,Education,Productive,44.3,2,Hostel,2025-06-18,Evening
7205,U0236,LinkedIn,Search,Live score,Sports,Distractive,86.8,2,Office,2025-09-26,Late Night
7206,U0254,Gmail,Explore,Networking,Business,Productive,6.3,2,Library,2025-06-08,Late Night
7207,U0187,LinkedIn,DM/Chat,Cricket update,Sports,Distractive,10.1,2,Hostel,2025-03-09,Evening
7208,U0069,Amazon,Course Page,Current affairs,News,Productive,7.3,1,Office,2025-07-19,Evening
7209,U0183,Instagram,Explore,Client proposal,Business,Productive,32.3,1,Hostel,2025-08-05,Night
7210,U0111,YouTube,Watch,Product review,Commerce,Distractive,17.3,3,College,2025-11-27,Morning
7211,U0500,Gmail,DM/Chat,Sports news,Sports,Distractive,38.8,4,Commute,2025-08-01,Night
7212,U0039,Snapchat,Watch,Email,Communication,Productive,36.9,1,Outdoors,2025-08-10,Evening
7213,U0043,Facebook,Reels/Shorts,Follower count check,Social Media,Distractive,61.4,5,College,2025-12-23,Late Night
7214,U0082,Slack,DM/Chat,Weather update,News,Productive,48.4,2,Home,2025-03-28,Late Night
7215,U0111,Snapchat,Search,Cricket update,Sports,Distractive,69.9,3,Outdoors,2025-02-13,Morning
7216,U0310,Twitter/X,Explore,Endless scrolling,Social Media,Distractive,37.7,4,Cafe,2025-11-08,Evening
7217,U0087,Telegram,Course Page,Client proposal,Business,Productive,29.4,1,Cafe,2025-09-09,Afternoon
7218,U0390,LinkedIn,Story,Trending challenge,Entertainment,Distractive,85.7,5,Commute,2025-05-19,Late Night
7219,U0036,Udemy,Search,Flash deals,Commerce,Distractive,89.2,3,Hostel,2025-01-22,Evening
7220,U0303,Udemy,Course Page,Market analysis,Business,Productive,7.5,1,College,2025-07-17,Late Night
7221,U0140,Snapchat,Notification,Music video,Entertainment,Distractive,17.7,5,Hostel,2025-04-20,Afternoon
7222,U0241,Google Classroom,Search,Live score,Sports,Distractive,53.1,2,Commute,2025-06-14,Evening
7223,U0022,YouTube,Course Page,Email,Communication,Productive,14.7,1,College,2025-07-16,Late Night
7224,U0201,Zoom,Search,SQL tutorial,Education,Productive,15.5,1,Outdoors,2025-11-23,Night
7225,U0360,Facebook,Notification,Sports news,Sports,Distractive,20.8,2,College,2025-10-10,Night
7226,U0263,Slack,Notification,Endless scrolling,Social Media,Distractive,27.8,5,College,2025-10-26,Evening
7227,U0206,Google Classroom,Reels/Shorts,Resume building,Business,Productive,4.9,2,Home,2025-04-29,Evening
7228,U0277,Instagram,Explore,Live score,Sports,Distractive,10.5,4,Hostel,2025-11-05,Afternoon
7229,U0435,Slack,Reels/Shorts,TV show clip,Entertainment,Distractive,3.6,4,Hostel,2025-05-06,Night
7230,U0034,WhatsApp,Notification,AI fundamentals,Education,Productive,23,1,Office,2025-03-12,Night
7231,U0499,YouTube,Story,Online sale,Commerce,Distractive,26.1,3,Cafe,2025-11-10,Late Night
7232,U0037,Udemy,Story,Endless scrolling,Social Media,Distractive,87.7,4,Cafe,2025-02-01,Morning
7233,U0281,Instagram,Watch,Sports news,Sports,Distractive,53.7,3,Library,2025-06-16,Night
7234,U0123,Facebook,Course Page,Client call,Communication,Productive,56.6,1,Home,2025-02-08,Evening
7235,U0466,Facebook,Notification,Weather update,News,Productive,15.1,2,Office,2025-11-01,Morning
7236,U0029,WhatsApp,Notification,Job search,Business,Productive,57.5,1,Cafe,2025-12-01,Morning
7237,U0492,Facebook,Explore,Sports news,Sports,Distractive,15.6,2,Cafe,2025-04-19,Afternoon
7238,U0243,TikTok,Feed,Local news,News,Productive,57.5,2,Library,2025-06-13,Night
7239,U0081,Zoom,Search,Startup news,Business,Productive,17.9,2,Outdoors,2025-03-30,Afternoon
7240,U0383,Facebook,Notification,Product review,Commerce,Distractive,77.9,3,Library,2025-04-23,Evening
7241,U0077,TikTok,Feed,Breaking news,News,Productive,46.6,3,Library,2025-04-03,Afternoon
7242,U0157,LinkedIn,Course Page,Sports news,Sports,Distractive,58.9,3,Commute,2025-09-28,Afternoon
7243,U0368,Coursera,Feed,Reels,Entertainment,Distractive,56.5,5,College,2025-09-21,Morning
7244,U0116,Zoom,Reels/Shorts,Resume building,Business,Productive,48.9,1,Office,2025-11-03,Night
7245,U0390,Snapchat,Search,DM chat casual,Social Media,Distractive,46.6,5,Library,2025-03-18,Morning
7246,U0313,Zoom,Notification,Weather update,News,Productive,3.1,2,Home,2025-11-07,Afternoon
7247,U0176,Gmail,Notification,Technology news,News,Productive,22.7,2,College,2025-05-22,Evening
7248,U0076,Zoom,Watch,Dance videos,Entertainment,Distractive,13.5,5,Outdoors,2025-04-24,Night
7249,U0104,Snapchat,DM/Chat,Flash deals,Commerce,Distractive,19.2,2,Cafe,2025-09-30,Afternoon
7250,U0497,Gmail,DM/Chat,Sports news,Sports,Distractive,44.8,3,Commute,2025-02-17,Afternoon
7251,U0178,TikTok,Story,Current affairs,News,Productive,13.7,1,Office,2025-08-04,Evening
7252,U0055,Gmail,Story,Wishlist browsing,Commerce,Distractive,75.7,3,Home,2025-07-01,Night
7253,U0188,WhatsApp,Notification,Live score,Sports,Distractive,20.9,3,Library,2025-04-26,Afternoon
7254,U0058,Amazon,Feed,Online sale,Commerce,Distractive,11.9,3,Commute,2025-10-10,Evening
7255,U0013,WhatsApp,Reels/Shorts,Language learning,Education,Productive,53.8,2,Outdoors,2025-04-09,Afternoon
7256,U0397,WhatsApp,Course Page,Networking,Business,Productive,14.5,1,Office,2025-03-06,Night
7257,U0319,Telegram,Explore,SQL tutorial,Education,Productive,14.6,2,Outdoors,2025-01-09,Late Night
7258,U0288,Telegram,DM/Chat,Discount coupons,Commerce,Distractive,83.1,3,Outdoors,2025-06-10,Night
7259,U0480,Amazon,Reels/Shorts,Family chat,Communication,Productive,6.1,1,Home,2025-03-07,Late Night
7260,U0189,Amazon,Feed,Comedy videos,Entertainment,Distractive,73.6,4,Library,2025-03-16,Night
7261,U0029,TikTok,Watch,Breaking news,News,Productive,51,3,Hostel,2025-04-08,Afternoon
7262,U0308,TikTok,Story,Team meeting,Communication,Productive,47,1,Library,2025-03-29,Afternoon
7263,U0038,LinkedIn,Notification,Discount coupons,Commerce,Distractive,34.6,2,Cafe,2025-12-16,Morning
7264,U0099,Google Classroom,Watch,Influencer content,Social Media,Distractive,83.3,5,Commute,2025-11-06,Afternoon
7265,U0008,Udemy,Notification,Discount coupons,Commerce,Distractive,14.5,3,Home,2025-01-27,Late Night
7266,U0424,Instagram,DM/Chat,History lecture,Education,Productive,12.1,2,Hostel,2025-01-21,Morning
7267,U0496,Twitter/X,Watch,Comedy videos,Entertainment,Distractive,56.1,4,Library,2025-03-02,Morning
7268,U0083,LinkedIn,Search,Trending hashtags,Social Media,Distractive,56.5,4,Home,2025-06-09,Evening
7269,U0465,LinkedIn,Explore,Job search,Business,Productive,3,2,College,2025-01-11,Late Night
7270,U0021,Twitter/X,Notification,Match highlights,Sports,Distractive,16.3,4,Office,2025-11-24,Morning
7271,U0289,Instagram,Explore,Voice message,Communication,Productive,58.4,1,Outdoors,2025-09-21,Evening
7272,U0433,Facebook,Feed,Live score,Sports,Distractive,52.8,3,Outdoors,2025-12-11,Night
7273,U0040,LinkedIn,Feed,Wishlist browsing,Commerce,Distractive,5.5,2,Cafe,2025-06-21,Afternoon
7274,U0041,Twitter/X,Explore,Memes,Entertainment,Distractive,30.1,4,Library,2025-03-26,Night
7275,U0117,Flipkart,Feed,TV show clip,Entertainment,Distractive,43.9,4,Hostel,2025-03-20,Afternoon
7276,U0043,YouTube,Watch,Client proposal,Business,Productive,54.5,2,Cafe,2025-09-21,Afternoon
7277,U0224,Twitter/X,Explore,Sports news,Sports,Distractive,1.8,4,College,2025-07-23,Morning
7278,U0247,Instagram,Course Page,Cricket update,Sports,Distractive,18.8,2,Office,2025-03-19,Evening
7279,U0422,TikTok,DM/Chat,Random scrolling,Social Media,Distractive,54.4,4,Outdoors,2025-01-17,Morning
7280,U0267,LinkedIn,Feed,World news,News,Productive,9.5,3,Commute,2025-08-15,Late Night
7281,U0443,Coursera,Story,Networking,Business,Productive,32.3,1,Office,2025-04-20,Evening
7282,U0155,Coursera,Watch,Investment tips,Business,Productive,54.6,1,Office,2025-03-15,Night
7283,U0186,Zoom,Watch,Video call,Communication,Productive,57.2,1,Office,2025-04-09,Morning
7284,U0324,Amazon,Course Page,Discount coupons,Commerce,Distractive,41.2,3,Home,2025-07-26,Morning
7285,U0278,Udemy,Watch,Freelance work,Business,Productive,15,1,Office,2025-03-05,Morning
7286,U0134,Instagram,DM/Chat,Prank videos,Entertainment,Distractive,63.7,4,Hostel,2025-11-06,Night
7287,U0177,Facebook,Explore,Fashion trends,Commerce,Distractive,60.2,2,Outdoors,2025-05-30,Late Night
7288,U0144,Gmail,Explore,Colleague message,Communication,Productive,40.1,1,Hostel,2025-02-28,Afternoon
7289,U0081,Amazon,Course Page,Cricket update,Sports,Distractive,34.6,4,Cafe,2025-08-08,Late Night
7290,U0211,Snapchat,Notification,Product review,Commerce,Distractive,85.9,2,Outdoors,2025-08-21,Evening
7291,U0416,Google Classroom,Story,Movie clips,Entertainment,Distractive,42.6,5,Library,2025-05-31,Evening
7292,U0262,YouTube,Feed,Football clip,Sports,Distractive,10.7,2,Outdoors,2025-12-06,Night
7293,U0089,Slack,Reels/Shorts,Political news,News,Productive,14.8,1,Office,2025-12-12,Evening
7294,U0336,Flipkart,DM/Chat,History lecture,Education,Productive,57.3,2,Commute,2025-03-23,Morning
7295,U0282,Udemy,Search,Live score,Sports,Distractive,34.6,3,Outdoors,2025-08-21,Late Night
7296,U0025,Facebook,Feed,Current affairs,News,Productive,12.3,1,Cafe,2025-04-08,Afternoon
7297,U0452,Instagram,Feed,Cricket update,Sports,Distractive,57.7,4,Office,2025-02-15,Evening
7298,U0006,Slack,Notification,Breaking news,News,Productive,19.2,1,Commute,2025-07-09,Evening
7299,U0037,Udemy,Reels/Shorts,Discount coupons,Commerce,Distractive,50.6,2,Home,2025-07-16,Afternoon
7300,U0072,YouTube,Explore,Random scrolling,Social Media,Distractive,35.6,5,Hostel,2025-05-19,Night
7301,U0446,WhatsApp,Explore,Web development course,Education,Productive,21.5,2,Office,2025-07-25,Evening
7302,U0187,Udemy,Feed,TV show clip,Entertainment,Distractive,25.3,4,College,2025-06-05,Morning
7303,U0291,Gmail,Notification,Job search,Business,Productive,30.1,2,Home,2025-01-14,Morning
7304,U0205,YouTube,Explore,Random scrolling,Social Media,Distractive,57.7,5,Library,2025-06-24,Night
7305,U0497,Slack,Reels/Shorts,Local news,News,Productive,12,1,Commute,2025-06-02,Afternoon
7306,U0067,TikTok,Search,Technology news,News,Productive,1.3,1,Outdoors,2025-07-31,Morning
7307,U0023,Gmail,DM/Chat,Physics lecture,Education,Productive,28.7,1,Hostel,2025-08-03,Late Night
7308,U0330,Gmail,Explore,Current affairs,News,Productive,2,2,Home,2025-05-18,Night
7309,U0297,Amazon,Story,Shopping,Commerce,Distractive,53.7,2,Library,2025-02-03,Late Night
7310,U0317,Zoom,Reels/Shorts,Comedy videos,Entertainment,Distractive,59.1,5,Hostel,2025-02-13,Evening
7311,U0471,Facebook,Explore,Online certification,Education,Productive,39.7,2,Office,2025-06-16,Evening
7312,U0020,LinkedIn,Watch,DM chat casual,Social Media,Distractive,65,5,Home,2025-09-24,Late Night
7313,U0364,Coursera,Explore,Fashion trends,Commerce,Distractive,21.7,2,Home,2025-10-26,Morning
7314,U0103,Twitter/X,Reels/Shorts,Shopping,Commerce,Distractive,22.8,3,Library,2025-05-08,Night
7315,U0132,Instagram,Watch,Trending challenge,Entertainment,Distractive,60.3,4,Library,2025-04-02,Night
7316,U0405,Slack,Reels/Shorts,Music video,Entertainment,Distractive,37.1,5,Cafe,2025-08-01,Morning
7317,U0239,LinkedIn,Story,Story updates,Social Media,Distractive,87.9,5,College,2025-07-05,Night
7318,U0343,Zoom,Reels/Shorts,Gaming,Entertainment,Distractive,40.1,5,Home,2025-08-05,Morning
7319,U0272,Gmail,Feed,Email,Communication,Productive,24.2,2,Office,2025-12-23,Late Night
7320,U0179,Gmail,Reels/Shorts,Networking,Business,Productive,19.4,2,Home,2025-07-29,Night
7321,U0348,YouTube,Feed,Discount coupons,Commerce,Distractive,70,3,Home,2025-04-04,Morning
7322,U0354,Telegram,Watch,Football clip,Sports,Distractive,71.9,3,Outdoors,2025-01-04,Evening
7323,U0224,WhatsApp,Explore,Wishlist browsing,Commerce,Distractive,31.4,2,College,2025-03-14,Evening
7324,U0406,Telegram,Story,Online sale,Commerce,Distractive,6.7,3,Commute,2025-02-04,Night
7325,U0417,Snapchat,Explore,Market analysis,Business,Productive,54.5,1,Cafe,2025-04-02,Afternoon
7326,U0492,TikTok,Course Page,TV show clip,Entertainment,Distractive,47.4,5,College,2025-04-18,Night
7327,U0352,Instagram,Watch,Family chat,Communication,Productive,16.7,2,Hostel,2025-04-29,Evening
7328,U0064,Gmail,Search,Machine Learning,Education,Productive,37,1,Outdoors,2025-02-22,Evening
7329,U0480,Snapchat,Feed,Email,Communication,Productive,58.7,1,Commute,2025-09-25,Late Night
7330,U0353,TikTok,Search,Reels,Entertainment,Distractive,34.4,4,Library,2025-02-16,Afternoon
7331,U0484,Instagram,Course Page,Music video,Entertainment,Distractive,46.6,5,Office,2025-11-16,Evening
7332,U0160,Amazon,Search,Business news,Business,Productive,8.9,1,Library,2025-03-04,Morning
7333,U0355,WhatsApp,Story,Job search,Business,Productive,52.5,1,Cafe,2025-09-05,Late Night
7334,U0339,Slack,DM/Chat,Live score,Sports,Distractive,8,3,Office,2025-01-09,Night
7335,U0178,Amazon,Watch,Science experiment,Education,Productive,15.4,1,Office,2025-09-21,Evening
7336,U0002,Gmail,Notification,Email,Communication,Productive,55.3,1,Cafe,2025-04-14,Morning
7337,U0092,WhatsApp,Watch,Sports news,Sports,Distractive,86.7,4,Outdoors,2025-08-01,Evening
7338,U0450,Instagram,Search,Match highlights,Sports,Distractive,5.6,2,College,2025-09-30,Late Night
7339,U0041,Twitter/X,Search,Live score,Sports,Distractive,67.8,3,Office,2025-05-20,Morning
7340,U0480,Slack,Feed,Work discussion,Communication,Productive,6.2,1,Hostel,2025-10-04,Morning
7341,U0233,Slack,Reels/Shorts,Match highlights,Sports,Distractive,73.5,2,Outdoors,2025-07-07,Morning
7342,U0465,Slack,Notification,Match highlights,Sports,Distractive,56.3,2,Home,2025-08-09,Night
7343,U0026,Telegram,Story,Endless scrolling,Social Media,Distractive,79.7,5,Library,2025-05-24,Morning
7344,U0163,WhatsApp,Explore,Project management,Business,Productive,5.1,2,Office,2025-08-23,Night
7345,U0049,Amazon,Watch,Local news,News,Productive,52.8,3,College,2025-12-24,Night
7346,U0260,Slack,Reels/Shorts,Conference call,Communication,Productive,53.1,2,Office,2025-11-30,Morning
7347,U0081,YouTube,Feed,Story updates,Social Media,Distractive,79.2,4,Cafe,2025-11-07,Afternoon
7348,U0275,TikTok,Reels/Shorts,Viral video,Entertainment,Distractive,37.3,5,Hostel,2025-03-05,Morning
7349,U0119,YouTube,Reels/Shorts,DM chat casual,Social Media,Distractive,75,4,Office,2025-01-31,Night
7350,U0173,Telegram,Explore,Football clip,Sports,Distractive,29.6,4,Outdoors,2025-03-01,Late Night
7351,U0416,YouTube,DM/Chat,DM chat casual,Social Media,Distractive,24.6,4,Library,2025-10-07,Night
7352,U0077,TikTok,Course Page,Influencer content,Social Media,Distractive,87.9,5,Library,2025-11-29,Night
7353,U0062,Instagram,Explore,Match highlights,Sports,Distractive,84.9,3,Commute,2025-11-10,Afternoon
7354,U0442,WhatsApp,Feed,Business news,Business,Productive,2.8,2,College,2025-03-31,Late Night
7355,U0098,Slack,Explore,LinkedIn post,Business,Productive,6.5,2,College,2025-02-19,Morning
7356,U0480,Gmail,Reels/Shorts,Endless scrolling,Social Media,Distractive,6,5,College,2025-03-27,Morning
7357,U0337,Slack,Course Page,Trending challenge,Entertainment,Distractive,55.1,4,Hostel,2025-04-26,Late Night
7358,U0197,Amazon,Watch,Trending challenge,Entertainment,Distractive,77.7,4,College,2025-11-14,Night
7359,U0239,Instagram,DM/Chat,Job search,Business,Productive,52.2,1,Library,2025-07-20,Afternoon
7360,U0450,Slack,Reels/Shorts,DM chat casual,Social Media,Distractive,30.5,4,Home,2025-08-22,Night
7361,U0204,Slack,Search,Breaking news,News,Productive,25.2,2,Cafe,2025-12-21,Evening
7362,U0479,Gmail,Story,Gossip,Entertainment,Distractive,80.4,5,College,2025-02-01,Morning
7363,U0228,Gmail,Watch,Project management,Business,Productive,51,2,Office,2025-08-31,Evening
7364,U0177,Snapchat,Story,Client call,Communication,Productive,21.6,1,College,2025-12-14,Night
7365,U0342,Udemy,Watch,World news,News,Productive,17.3,3,Cafe,2025-01-05,Morning
7366,U0185,Slack,Watch,Like notifications,Social Media,Distractive,83.4,5,Office,2025-08-16,Afternoon
7367,U0417,Slack,DM/Chat,Trending challenge,Entertainment,Distractive,75.7,4,Office,2025-05-21,Morning
7368,U0226,Slack,Reels/Shorts,Job search,Business,Productive,9,1,Cafe,2025-04-10,Late Night
7369,U0060,LinkedIn,Feed,Voice message,Communication,Productive,9.8,1,Library,2025-10-20,Evening
7370,U0320,YouTube,Watch,Memes,Entertainment,Distractive,4.6,4,Outdoors,2025-09-05,Evening
7371,U0004,Slack,DM/Chat,Family chat,Communication,Productive,9.3,1,Commute,2025-02-19,Morning
7372,U0296,Instagram,Search,Wishlist browsing,Commerce,Distractive,80,3,College,2025-02-07,Night
7373,U0312,Gmail,Notification,World news,News,Productive,46.3,2,Outdoors,2025-08-01,Afternoon
7374,U0076,TikTok,Course Page,Sports news,Sports,Distractive,55,4,Home,2025-12-22,Night
7375,U0380,WhatsApp,Search,Project update,Communication,Productive,29.5,1,Home,2025-01-29,Night
7376,U0339,Snapchat,Notification,Web series clip,Entertainment,Distractive,45.5,5,Library,2025-06-04,Evening
7377,U0045,Flipkart,Notification,Cricket update,Sports,Distractive,76.8,2,Outdoors,2025-04-09,Morning
7378,U0164,Google Classroom,Search,Team meeting,Communication,Productive,19.5,2,Hostel,2025-08-29,Evening
7379,U0448,Google Classroom,DM/Chat,Discount coupons,Commerce,Distractive,11.7,3,Office,2025-10-02,Morning
7380,U0319,Twitter/X,Explore,Like notifications,Social Media,Distractive,45.5,4,Library,2025-05-01,Afternoon
7381,U0500,Instagram,Notification,History lecture,Education,Productive,58.3,2,Hostel,2025-12-16,Night
7382,U0245,Facebook,Watch,Celebrity,Entertainment,Distractive,73.4,5,Home,2025-02-25,Late Night
7383,U0251,Instagram,Notification,Live score,Sports,Distractive,72.1,3,College,2025-06-13,Afternoon
7384,U0496,Flipkart,Search,Live score,Sports,Distractive,44.9,2,Home,2025-08-27,Afternoon
7385,U0430,Snapchat,Feed,Shopping,Commerce,Distractive,28,2,Hostel,2025-05-08,Afternoon
7386,U0480,Snapchat,Notification,Job search,Business,Productive,58.9,2,Outdoors,2025-10-16,Late Night
7387,U0409,Twitter/X,Feed,Group chat,Communication,Productive,29,1,Hostel,2025-07-18,Morning
7388,U0195,Gmail,Explore,Fashion trends,Commerce,Distractive,71,2,Outdoors,2025-09-26,Morning
7389,U0089,Udemy,Reels/Shorts,Project management,Business,Productive,45.7,2,College,2025-08-10,Late Night
7390,U0415,Udemy,Feed,Wishlist browsing,Commerce,Distractive,5.8,3,Library,2025-03-24,Morning
7391,U0456,Facebook,Reels/Shorts,Client proposal,Business,Productive,48.9,1,College,2025-11-14,Night
7392,U0426,Facebook,Course Page,Excel tutorial,Education,Productive,13.9,2,Hostel,2025-09-01,Afternoon
7393,U0257,Facebook,Explore,Memes,Entertainment,Distractive,44.5,5,Hostel,2025-02-17,Night
7394,U0209,Google Classroom,Notification,Gaming,Entertainment,Distractive,32,5,College,2025-03-07,Morning
7395,U0139,Slack,Course Page,Email,Communication,Productive,52.7,2,Outdoors,2025-01-07,Morning
7396,U0409,LinkedIn,Story,Funny compilation,Entertainment,Distractive,47.8,5,Office,2025-09-10,Late Night
7397,U0455,Slack,DM/Chat,Email,Communication,Productive,13.7,2,College,2025-10-30,Night
7398,U0466,Telegram,Watch,Technology news,News,Productive,10.4,3,Commute,2025-02-04,Morning
7399,U0365,WhatsApp,Feed,LinkedIn post,Business,Productive,35.7,2,College,2025-03-11,Late Night
7400,U0291,Amazon,Explore,Client proposal,Business,Productive,39.8,2,Commute,2025-04-08,Late Night
7401,U0083,Gmail,DM/Chat,Technology news,News,Productive,56.3,2,Office,2025-08-04,Evening
7402,U0420,Gmail,Course Page,Wishlist browsing,Commerce,Distractive,19.8,3,College,2025-05-15,Afternoon
7403,U0020,Facebook,Course Page,Political news,News,Productive,40.8,3,Cafe,2025-05-03,Evening
7404,U0133,TikTok,Search,Live score,Sports,Distractive,69.3,4,Outdoors,2025-07-25,Night
7405,U0497,Google Classroom,Notification,Football clip,Sports,Distractive,39.6,4,Commute,2025-07-16,Evening
7406,U0360,Instagram,Explore,Team meeting,Communication,Productive,24.7,1,Home,2025-03-20,Late Night
7407,U0308,Google Classroom,Story,Match highlights,Sports,Distractive,11.5,4,Commute,2025-07-30,Morning
7408,U0321,Slack,Feed,Exam preparation,Education,Productive,24.7,2,College,2025-01-30,Night
7409,U0117,Twitter/X,Explore,Follower count check,Social Media,Distractive,75.6,4,Office,2025-08-09,Afternoon
7410,U0499,Amazon,Watch,Sports news,Sports,Distractive,19.7,2,Office,2025-08-03,Morning
7411,U0105,TikTok,Search,Client proposal,Business,Productive,17.7,2,Home,2025-07-12,Late Night
7412,U0385,Zoom,Story,Sports news,Sports,Distractive,47.8,4,Home,2025-03-15,Afternoon
7413,U0231,YouTube,Story,Physics lecture,Education,Productive,23.2,1,Home,2025-01-12,Night
7414,U0147,Slack,Explore,Shorts,Entertainment,Distractive,45.1,5,Commute,2025-12-11,Afternoon
7415,U0170,Zoom,Reels/Shorts,Competitive exam tips,Education,Productive,19.6,2,Commute,2025-01-09,Night
7416,U0285,Google Classroom,Explore,Cricket update,Sports,Distractive,56.7,3,Office,2025-02-19,Evening
7417,U0206,Google Classroom,Search,Family chat,Communication,Productive,51,2,Home,2025-05-25,Afternoon
7418,U0328,WhatsApp,Reels/Shorts,Random scrolling,Social Media,Distractive,64.4,5,Hostel,2025-01-26,Morning
7419,U0253,Facebook,Explore,LinkedIn post,Business,Productive,41.2,1,Commute,2025-12-31,Night
7420,U0404,Facebook,Watch,Project management,Business,Productive,14.5,2,Cafe,2025-02-19,Night
7421,U0209,TikTok,Story,Client call,Communication,Productive,57.7,1,Hostel,2025-02-22,Evening
7422,U0385,WhatsApp,DM/Chat,Investment tips,Business,Productive,49.3,1,Hostel,2025-10-03,Night
7423,U0007,WhatsApp,Search,DM chat casual,Social Media,Distractive,81.7,5,Outdoors,2025-08-08,Night
7424,U0117,Udemy,Reels/Shorts,Music video,Entertainment,Distractive,49,5,Cafe,2025-12-04,Morning
7425,U0163,YouTube,Notification,Math tutorial,Education,Productive,55,1,Office,2025-09-24,Afternoon
7426,U0043,Google Classroom,Search,DM chat casual,Social Media,Distractive,42.6,4,Library,2025-02-12,Late Night
7427,U0110,Facebook,Story,LinkedIn post,Business,Productive,47.4,1,Commute,2025-04-28,Evening
7428,U0490,LinkedIn,Search,LinkedIn post,Business,Productive,51.9,2,Hostel,2025-07-26,Afternoon
7429,U0363,TikTok,Explore,Web development course,Education,Productive,47.1,2,Home,2025-11-11,Morning
7430,U0015,Google Classroom,Reels/Shorts,Market analysis,Business,Productive,5.1,2,College,2025-03-02,Afternoon
7431,U0369,Facebook,Explore,Voice message,Communication,Productive,52.8,1,Commute,2025-07-09,Evening
7432,U0070,WhatsApp,Watch,Client proposal,Business,Productive,4.8,2,Home,2025-06-09,Evening
7433,U0363,Telegram,Notification,Cricket update,Sports,Distractive,84.8,3,Home,2025-11-13,Morning
7434,U0426,TikTok,Feed,Trending challenge,Entertainment,Distractive,30.9,4,College,2025-09-14,Evening
7435,U0086,LinkedIn,DM/Chat,Web series clip,Entertainment,Distractive,44.3,5,College,2025-02-24,Afternoon
7436,U0259,Zoom,Notification,Current affairs,News,Productive,32.5,2,Library,2025-08-01,Night
7437,U0229,Flipkart,Watch,Online certification,Education,Productive,55.3,2,Commute,2025-10-16,Late Night
7438,U0072,Flipkart,Course Page,Story updates,Social Media,Distractive,4.4,5,Home,2025-06-27,Night
7439,U0219,Facebook,Feed,Dance videos,Entertainment,Distractive,64.2,4,College,2025-12-28,Morning
7440,U0047,Snapchat,DM/Chat,Excel tutorial,Education,Productive,34.4,2,Commute,2025-11-23,Night
7441,U0133,Amazon,Reels/Shorts,Technology news,News,Productive,1.5,1,Home,2025-04-15,Night
7442,U0356,Instagram,Explore,Business news,Business,Productive,55.8,1,Hostel,2025-01-19,Morning
7443,U0198,Amazon,Course Page,Cricket update,Sports,Distractive,83.4,4,Commute,2025-07-05,Evening
7444,U0033,Google Classroom,Course Page,LinkedIn post,Business,Productive,25.5,1,Hostel,2025-12-27,Late Night
7445,U0062,Slack,Story,Trending challenge,Entertainment,Distractive,56.1,5,Home,2025-10-24,Evening
7446,U0430,YouTube,Story,Interview preparation,Education,Productive,23.2,2,Library,2025-03-07,Night
7447,U0013,Amazon,Reels/Shorts,Discount coupons,Commerce,Distractive,5.9,2,College,2025-07-06,Afternoon
7448,U0248,Coursera,Feed,Live score,Sports,Distractive,76.5,2,Office,2025-05-22,Night
7449,U0481,Telegram,Notification,Cricket update,Sports,Distractive,59.1,4,Outdoors,2025-01-03,Night
7450,U0336,Slack,Feed,Reels,Entertainment,Distractive,88.5,4,College,2025-01-04,Night
7451,U0175,Udemy,Search,Startup news,Business,Productive,11.4,2,Commute,2025-06-29,Morning
7452,U0340,Zoom,DM/Chat,Live score,Sports,Distractive,89,2,College,2025-08-13,Morning
7453,U0117,Amazon,Course Page,Machine Learning,Education,Productive,57.9,1,Home,2025-06-21,Late Night
7454,U0031,Zoom,DM/Chat,Local news,News,Productive,37.9,2,Cafe,2025-09-09,Evening
7455,U0370,Amazon,DM/Chat,Online sale,Commerce,Distractive,51.2,3,Office,2025-09-17,Night
7456,U0071,Coursera,Watch,Technology news,News,Productive,59,3,College,2025-02-02,Evening
7457,U0109,LinkedIn,Explore,Like notifications,Social Media,Distractive,32.5,5,Home,2025-08-09,Evening
7458,U0190,Flipkart,Watch,World news,News,Productive,4.6,1,Hostel,2025-10-19,Night
7459,U0391,TikTok,Notification,Client call,Communication,Productive,11.4,1,Office,2025-06-23,Night
7460,U0143,YouTube,Feed,Weather update,News,Productive,35.3,1,Office,2025-12-16,Afternoon
7461,U0124,Udemy,Reels/Shorts,Group chat,Communication,Productive,22.7,2,Library,2025-08-08,Night
7462,U0473,Snapchat,Reels/Shorts,Project update,Communication,Productive,7.1,2,Office,2025-02-22,Late Night
7463,U0098,Telegram,Feed,Project management,Business,Productive,35.1,1,Outdoors,2025-01-21,Night
7464,U0276,Coursera,Reels/Shorts,Follower count check,Social Media,Distractive,3.1,4,Library,2025-11-19,Late Night
7465,U0005,Twitter/X,Story,Discount coupons,Commerce,Distractive,54,3,College,2025-03-14,Afternoon
7466,U0312,Gmail,Watch,Sports news,Sports,Distractive,28.8,3,Outdoors,2025-09-08,Morning
7467,U0015,Facebook,Story,Product review,Commerce,Distractive,37.8,2,Commute,2025-02-04,Night
7468,U0473,WhatsApp,Reels/Shorts,Current affairs,News,Productive,18.7,1,Office,2025-04-09,Late Night
7469,U0176,Zoom,Feed,Client call,Communication,Productive,15.4,2,Outdoors,2025-05-20,Morning
7470,U0038,Snapchat,Search,Viral video,Entertainment,Distractive,33.4,5,Office,2025-03-11,Night
7471,U0198,Udemy,Watch,Investment tips,Business,Productive,17.2,1,College,2025-05-31,Late Night
7472,U0267,Slack,DM/Chat,Startup news,Business,Productive,59,2,Cafe,2025-06-15,Afternoon
7473,U0460,Telegram,Explore,Email,Communication,Productive,48.6,1,Cafe,2025-12-23,Morning
7474,U0075,Telegram,Notification,Interview preparation,Education,Productive,44.3,1,Home,2025-02-03,Night
7475,U0032,Zoom,Course Page,Voice message,Communication,Productive,57.8,1,Cafe,2025-05-13,Morning
7476,U0365,Coursera,Reels/Shorts,Science experiment,Education,Productive,58.5,2,Office,2025-03-07,Afternoon
7477,U0399,Coursera,Search,Product review,Commerce,Distractive,40.4,2,Cafe,2025-11-21,Evening
7478,U0491,Slack,DM/Chat,Endless scrolling,Social Media,Distractive,28.1,4,Hostel,2025-12-01,Evening
7479,U0398,Facebook,Story,Story updates,Social Media,Distractive,18.7,4,Outdoors,2025-09-01,Evening
7480,U0063,Gmail,Reels/Shorts,Networking,Business,Productive,23.4,2,Cafe,2025-05-04,Evening
7481,U0258,TikTok,Search,Gossip,Entertainment,Distractive,35.7,5,Commute,2025-06-25,Afternoon
7482,U0290,Slack,Story,Follower count check,Social Media,Distractive,88.7,5,College,2025-11-22,Late Night
7483,U0296,Udemy,Course Page,Language learning,Education,Productive,41.4,2,Cafe,2025-05-21,Late Night
7484,U0413,LinkedIn,Reels/Shorts,Follower count check,Social Media,Distractive,68.1,4,College,2025-04-25,Morning
7485,U0215,WhatsApp,Search,Breaking news,News,Productive,7.2,3,Hostel,2025-02-21,Night
7486,U0076,Gmail,DM/Chat,Freelance work,Business,Productive,50.6,1,College,2025-11-24,Morning
7487,U0049,Facebook,Explore,Breaking news,News,Productive,20.2,1,Office,2025-12-01,Late Night
7488,U0183,Google Classroom,Notification,Machine Learning,Education,Productive,33.4,2,Outdoors,2025-02-08,Morning
7489,U0478,Zoom,DM/Chat,Dance videos,Entertainment,Distractive,78.6,4,Home,2025-01-30,Late Night
7490,U0319,Amazon,Notification,Fashion trends,Commerce,Distractive,86,3,College,2025-06-11,Afternoon
7491,U0397,Facebook,DM/Chat,Technology news,News,Productive,46.5,1,Library,2025-07-17,Evening
7492,U0464,Zoom,Watch,Flash deals,Commerce,Distractive,39.4,3,Commute,2025-12-23,Late Night
7493,U0462,Google Classroom,Notification,Stock market,Business,Productive,33.9,2,Commute,2025-01-27,Night
7494,U0085,Gmail,Reels/Shorts,Breaking news,News,Productive,25.1,2,Home,2025-09-04,Night
7495,U0314,Flipkart,Search,Flash deals,Commerce,Distractive,19.7,2,Office,2025-01-21,Late Night
7496,U0036,Gmail,Search,Fashion trends,Commerce,Distractive,31.3,2,Home,2025-09-07,Morning
7497,U0246,Google Classroom,Feed,Stock market,Business,Productive,29.1,1,Office,2025-03-08,Afternoon
7498,U0264,Slack,Story,Investment tips,Business,Productive,36,2,Library,2025-02-02,Night
7499,U0203,Twitter/X,Watch,DM chat casual,Social Media,Distractive,5.7,5,Commute,2025-04-30,Late Night
7500,U0227,Gmail,Feed,Cricket update,Sports,Distractive,61.1,3,Outdoors,2025-11-19,Afternoon
7501,U0474,YouTube,DM/Chat,Fashion trends,Commerce,Distractive,37.4,2,College,2025-12-30,Late Night
7502,U0075,YouTube,Reels/Shorts,Web series clip,Entertainment,Distractive,17.6,5,Commute,2025-09-05,Late Night
7503,U0223,Gmail,Feed,Job search,Business,Productive,55.6,2,Library,2025-06-06,Morning
7504,U0276,Flipkart,DM/Chat,Project management,Business,Productive,24.4,1,Cafe,2025-02-07,Evening
7505,U0275,Google Classroom,Story,Cricket update,Sports,Distractive,51.7,3,Cafe,2025-03-04,Late Night
7506,U0086,Instagram,Notification,Technology news,News,Productive,35.2,3,Home,2025-10-28,Afternoon
7507,U0487,Google Classroom,Watch,AI fundamentals,Education,Productive,43.8,2,College,2025-09-01,Evening
7508,U0469,Coursera,Reels/Shorts,Story updates,Social Media,Distractive,56.8,5,Commute,2025-06-14,Afternoon
7509,U0445,Twitter/X,Feed,Endless scrolling,Social Media,Distractive,49.4,4,Outdoors,2025-04-13,Night
7510,U0453,Udemy,Notification,Shopping,Commerce,Distractive,43.2,2,Library,2025-05-08,Afternoon
7511,U0362,Slack,DM/Chat,Colleague message,Communication,Productive,38.1,2,Library,2025-01-21,Afternoon
7512,U0012,Slack,Explore,Market analysis,Business,Productive,28.5,2,Cafe,2025-04-25,Night
7513,U0004,TikTok,Search,Prank videos,Entertainment,Distractive,66.5,4,College,2025-08-13,Evening
7514,U0265,Google Classroom,Course Page,Discount coupons,Commerce,Distractive,87.9,2,College,2025-10-01,Late Night
7515,U0290,WhatsApp,DM/Chat,SQL tutorial,Education,Productive,6,2,College,2025-05-22,Afternoon
7516,U0500,Instagram,Course Page,Fashion trends,Commerce,Distractive,23.5,2,Hostel,2025-04-15,Late Night
7517,U0088,WhatsApp,Feed,Product review,Commerce,Distractive,81,3,Outdoors,2025-10-08,Morning
7518,U0457,Zoom,Reels/Shorts,Cricket update,Sports,Distractive,42.9,4,Commute,2025-06-13,Late Night
7519,U0146,Telegram,Search,Job search,Business,Productive,29.5,1,Cafe,2025-11-16,Morning
7520,U0057,Telegram,Search,Conference call,Communication,Productive,15,2,Library,2025-09-30,Afternoon
7521,U0329,YouTube,Feed,Fashion trends,Commerce,Distractive,21.9,2,Office,2025-12-15,Evening
7522,U0027,Zoom,Reels/Shorts,Live score,Sports,Distractive,65.6,4,Commute,2025-02-14,Afternoon
7523,U0102,Flipkart,Search,Sports news,Sports,Distractive,84.5,3,Home,2025-11-22,Morning
7524,U0298,Flipkart,Course Page,Story updates,Social Media,Distractive,58.5,4,Home,2025-10-11,Afternoon
7525,U0255,Telegram,DM/Chat,Investment tips,Business,Productive,48.1,1,Home,2025-04-16,Morning
7526,U0400,WhatsApp,Explore,Local news,News,Productive,47.4,2,Office,2025-11-07,Evening
7527,U0097,Flipkart,Course Page,Shopping,Commerce,Distractive,55.3,2,College,2025-12-22,Afternoon
7528,U0308,Telegram,Feed,World news,News,Productive,49.7,1,Home,2025-10-04,Late Night
7529,U0464,TikTok,DM/Chat,Investment tips,Business,Productive,53.7,2,College,2025-02-14,Evening
7530,U0083,Flipkart,DM/Chat,Online certification,Education,Productive,59.6,1,Home,2025-05-25,Morning
7531,U0302,Gmail,Course Page,Cricket update,Sports,Distractive,49.6,2,College,2025-03-28,Late Night
7532,U0389,Coursera,Watch,Breaking news,News,Productive,56.3,1,Cafe,2025-03-12,Afternoon
7533,U0410,WhatsApp,Course Page,Local news,News,Productive,41.1,3,College,2025-07-18,Afternoon
7534,U0426,Udemy,Explore,Client call,Communication,Productive,22.4,1,Hostel,2025-06-23,Night
7535,U0443,Facebook,Reels/Shorts,Physics lecture,Education,Productive,41.7,2,College,2025-07-29,Afternoon
7536,U0063,WhatsApp,Watch,Endless scrolling,Social Media,Distractive,17.7,4,Home,2025-07-13,Morning
7537,U0350,TikTok,Watch,Reels,Entertainment,Distractive,29.6,4,Office,2025-01-04,Morning
7538,U0158,Zoom,Watch,Reels,Entertainment,Distractive,33,4,Hostel,2025-02-19,Late Night
7539,U0312,Gmail,Feed,Product review,Commerce,Distractive,56.6,2,Library,2025-09-19,Night
7540,U0500,Coursera,Search,World news,News,Productive,45.4,1,Library,2025-12-31,Night
7541,U0255,Flipkart,DM/Chat,Cricket update,Sports,Distractive,78.2,2,Office,2025-07-01,Morning
7542,U0062,Amazon,Notification,Data Science course,Education,Productive,32.5,1,College,2025-12-14,Afternoon
7543,U0242,Facebook,Watch,Follower count check,Social Media,Distractive,50.8,5,Library,2025-01-01,Late Night
7544,U0054,LinkedIn,Explore,Team meeting,Communication,Productive,6.4,1,Home,2025-06-08,Morning
7545,U0025,TikTok,Reels/Shorts,Business news,Business,Productive,3.9,1,Home,2025-08-06,Morning
7546,U0013,Udemy,Watch,LinkedIn post,Business,Productive,56.5,2,Outdoors,2025-08-13,Late Night
7547,U0357,Twitter/X,Reels/Shorts,Political news,News,Productive,26.7,3,Library,2025-11-01,Afternoon
7548,U0226,Flipkart,Course Page,Prank videos,Entertainment,Distractive,28.8,5,Home,2025-10-05,Evening
7549,U0268,Udemy,Course Page,TV show clip,Entertainment,Distractive,10.5,4,Commute,2025-07-29,Evening
7550,U0120,Facebook,Search,Product review,Commerce,Distractive,64.5,2,Hostel,2025-10-28,Night
7551,U0316,Amazon,Notification,Conference call,Communication,Productive,36.1,1,Hostel,2025-01-01,Late Night
7552,U0077,Snapchat,Explore,Local news,News,Productive,12.9,3,Library,2025-01-27,Late Night
7553,U0075,Google Classroom,Notification,Online sale,Commerce,Distractive,13,2,Home,2025-02-27,Evening
7554,U0356,LinkedIn,Feed,Project update,Communication,Productive,5,1,Outdoors,2025-05-03,Afternoon
7555,U0316,LinkedIn,Story,Resume building,Business,Productive,39.9,2,Commute,2025-10-13,Late Night
7556,U0399,Coursera,Feed,Discount coupons,Commerce,Distractive,17.9,3,Hostel,2025-10-19,Night
7557,U0124,Slack,Story,Market analysis,Business,Productive,39,1,Cafe,2025-01-20,Night
7558,U0142,Instagram,Notification,Prank videos,Entertainment,Distractive,32.6,4,Outdoors,2025-12-25,Afternoon
7559,U0169,Gmail,Story,Flash deals,Commerce,Distractive,61.9,3,Outdoors,2025-02-01,Morning
7560,U0234,Udemy,Feed,Memes,Entertainment,Distractive,56.2,4,Commute,2025-07-11,Night
7561,U0222,Amazon,DM/Chat,Stock market,Business,Productive,25.5,1,Home,2025-10-11,Late Night
7562,U0251,Coursera,Notification,Prank videos,Entertainment,Distractive,16.7,5,College,2025-10-04,Night
7563,U0190,Snapchat,Watch,Fashion trends,Commerce,Distractive,83.2,2,Cafe,2025-02-09,Morning
7564,U0459,LinkedIn,Search,Local news,News,Productive,42.5,1,Home,2025-08-16,Afternoon
7565,U0133,YouTube,Explore,Fashion trends,Commerce,Distractive,58.5,2,Office,2025-09-12,Afternoon
7566,U0222,Telegram,Course Page,Funny compilation,Entertainment,Distractive,24.1,4,Home,2025-08-21,Morning
7567,U0171,Flipkart,Search,Job search,Business,Productive,26.7,1,Commute,2025-12-12,Evening
7568,U0446,Telegram,Notification,Sports news,Sports,Distractive,11.9,3,Office,2025-01-04,Morning
7569,U0011,Amazon,Story,Like notifications,Social Media,Distractive,84.3,5,Home,2025-12-07,Evening
7570,U0335,Twitter/X,Notification,Sports news,Sports,Distractive,41.8,2,Outdoors,2025-01-05,Night
7571,U0129,Flipkart,Search,Trending hashtags,Social Media,Distractive,26.5,4,Library,2025-10-13,Evening
7572,U0104,Instagram,Reels/Shorts,Job search,Business,Productive,44.9,1,College,2025-01-19,Night
7573,U0300,LinkedIn,Notification,Football clip,Sports,Distractive,39.4,2,Library,2025-10-06,Afternoon
7574,U0069,Zoom,Story,Random scrolling,Social Media,Distractive,84.8,4,Outdoors,2025-12-22,Morning
7575,U0238,Slack,Watch,Celebrity,Entertainment,Distractive,68.1,4,Commute,2025-10-10,Late Night
7576,U0120,Twitter/X,Reels/Shorts,Math tutorial,Education,Productive,33.3,1,Outdoors,2025-04-23,Afternoon
7577,U0157,Amazon,Feed,Political news,News,Productive,37.3,1,Office,2025-04-07,Afternoon
7578,U0108,Coursera,Notification,Gaming,Entertainment,Distractive,66.1,5,Library,2025-05-05,Afternoon
7579,U0083,Twitter/X,DM/Chat,Football clip,Sports,Distractive,30.1,3,Home,2025-06-17,Late Night
7580,U0176,Slack,Notification,Influencer content,Social Media,Distractive,2.1,5,Commute,2025-02-04,Evening
7581,U0027,TikTok,Watch,Fashion trends,Commerce,Distractive,12.9,3,Office,2025-08-25,Afternoon
7582,U0031,TikTok,Watch,Web development course,Education,Productive,28.3,1,Cafe,2025-09-26,Night
7583,U0318,Zoom,Notification,Memes,Entertainment,Distractive,80.9,4,College,2025-11-06,Afternoon
7584,U0294,Telegram,DM/Chat,Music video,Entertainment,Distractive,18.4,5,Outdoors,2025-09-08,Late Night
7585,U0102,Zoom,Course Page,Weather update,News,Productive,47.3,1,College,2025-05-05,Morning
7586,U0290,Zoom,Reels/Shorts,Cricket update,Sports,Distractive,53.2,2,College,2025-09-10,Late Night
7587,U0375,Gmail,Course Page,Live score,Sports,Distractive,20.3,3,Home,2025-09-16,Morning
7588,U0249,Coursera,Explore,Client proposal,Business,Productive,10.8,1,Office,2025-06-12,Evening
7589,U0423,Coursera,Search,Reels,Entertainment,Distractive,12.4,4,College,2025-03-01,Afternoon
7590,U0407,TikTok,Explore,Flash deals,Commerce,Distractive,78,2,Outdoors,2025-01-08,Late Night
7591,U0175,Udemy,Search,Reels,Entertainment,Distractive,69.4,5,College,2025-07-30,Late Night
7592,U0498,TikTok,Notification,Gossip,Entertainment,Distractive,88,4,College,2025-11-17,Morning
7593,U0094,Instagram,Story,Trending hashtags,Social Media,Distractive,20.8,5,Outdoors,2025-05-27,Late Night
7594,U0208,WhatsApp,Feed,Current affairs,News,Productive,28.8,3,Library,2025-05-19,Evening
7595,U0426,Instagram,Course Page,Influencer content,Social Media,Distractive,86.8,4,Office,2025-07-18,Night
7596,U0432,Coursera,Explore,Trending challenge,Entertainment,Distractive,12.7,4,College,2025-08-14,Late Night
7597,U0247,LinkedIn,Story,Online certification,Education,Productive,12,2,Office,2025-08-20,Afternoon
7598,U0057,Telegram,DM/Chat,LinkedIn post,Business,Productive,54.2,1,Hostel,2025-02-27,Night
7599,U0403,Twitter/X,Notification,Flash deals,Commerce,Distractive,75.2,2,Commute,2025-09-27,Morning
7600,U0161,Instagram,Story,Football clip,Sports,Distractive,14.7,2,Commute,2025-01-07,Afternoon
7601,U0451,Flipkart,Watch,Football clip,Sports,Distractive,16.8,2,College,2025-12-27,Afternoon
7602,U0169,WhatsApp,Watch,DM chat casual,Social Media,Distractive,86.6,5,Cafe,2025-01-12,Morning
7603,U0084,Udemy,Notification,Football clip,Sports,Distractive,28,4,College,2025-06-24,Afternoon
7604,U0175,LinkedIn,Feed,Football clip,Sports,Distractive,61.4,2,Cafe,2025-08-11,Evening
7605,U0276,Coursera,Feed,SQL tutorial,Education,Productive,11.6,2,Home,2025-01-14,Night
7606,U0329,Snapchat,DM/Chat,Discount coupons,Commerce,Distractive,14.9,3,Cafe,2025-03-11,Morning
7607,U0268,Zoom,Course Page,Movie clips,Entertainment,Distractive,81.2,4,Home,2025-05-14,Afternoon
7608,U0011,WhatsApp,DM/Chat,Trending challenge,Entertainment,Distractive,36.9,4,Office,2025-06-01,Evening
7609,U0034,YouTube,Feed,Breaking news,News,Productive,32.1,3,Outdoors,2025-06-15,Afternoon
7610,U0011,Google Classroom,Watch,Breaking news,News,Productive,40,2,Cafe,2025-04-23,Morning
7611,U0471,Facebook,Feed,Startup news,Business,Productive,34.3,1,Hostel,2025-12-01,Evening
7612,U0070,Udemy,Reels/Shorts,Local news,News,Productive,39,2,Outdoors,2025-09-24,Night
7613,U0090,Gmail,Course Page,Chemistry notes,Education,Productive,37.3,1,Cafe,2025-10-12,Afternoon
7614,U0181,Zoom,Search,Gaming,Entertainment,Distractive,36.8,5,Home,2025-03-03,Night
7615,U0331,Udemy,Story,Data Science course,Education,Productive,17.4,2,Commute,2025-01-17,Afternoon
7616,U0343,Flipkart,Course Page,Work discussion,Communication,Productive,12.3,1,Hostel,2025-06-09,Morning
7617,U0493,LinkedIn,Search,Flash deals,Commerce,Distractive,3.3,2,Library,2025-10-17,Morning
7618,U0152,YouTube,Watch,Family chat,Communication,Productive,27.1,2,Commute,2025-11-15,Evening
7619,U0105,Instagram,DM/Chat,Celebrity,Entertainment,Distractive,72.4,5,Office,2025-02-04,Late Night
7620,U0009,Instagram,Notification,History lecture,Education,Productive,39.5,1,Office,2025-10-28,Night
7621,U0086,YouTube,Notification,Viral video,Entertainment,Distractive,45.4,4,Cafe,2025-04-23,Afternoon
7622,U0074,Coursera,Watch,Voice message,Communication,Productive,53.7,2,Outdoors,2025-08-04,Late Night
7623,U0469,Slack,Reels/Shorts,Story updates,Social Media,Distractive,31.5,4,Cafe,2025-08-31,Evening
7624,U0404,Flipkart,Story,Local news,News,Productive,48.6,1,Commute,2025-06-10,Afternoon
7625,U0406,Telegram,Story,Political news,News,Productive,42,1,Cafe,2025-02-06,Afternoon
7626,U0354,Zoom,DM/Chat,Physics lecture,Education,Productive,8.5,2,Outdoors,2025-10-19,Afternoon
7627,U0458,Snapchat,Reels/Shorts,Online certification,Education,Productive,46.6,1,Library,2025-12-14,Night
7628,U0346,Facebook,Notification,Language learning,Education,Productive,30.6,1,Outdoors,2025-01-31,Afternoon
7629,U0148,Flipkart,Search,Shopping,Commerce,Distractive,6.4,2,College,2025-01-16,Late Night
7630,U0458,Udemy,Course Page,Video call,Communication,Productive,41.5,2,Outdoors,2025-06-22,Afternoon
7631,U0060,Twitter/X,Course Page,Job search,Business,Productive,28.8,2,Hostel,2025-06-01,Afternoon
7632,U0203,Udemy,Search,Football clip,Sports,Distractive,77.4,3,Home,2025-05-17,Afternoon
7633,U0224,Snapchat,DM/Chat,Project update,Communication,Productive,33.7,2,Home,2025-11-29,Late Night
7634,U0164,Slack,Feed,Family chat,Communication,Productive,34.8,1,College,2025-08-31,Evening
7635,U0476,Amazon,DM/Chat,Story updates,Social Media,Distractive,45.1,5,Home,2025-01-13,Evening
7636,U0147,Twitter/X,DM/Chat,Video call,Communication,Productive,50.9,1,Office,2025-10-15,Night
7637,U0305,Facebook,Course Page,Group chat,Communication,Productive,28.8,2,Home,2025-05-05,Late Night
7638,U0298,WhatsApp,DM/Chat,Local news,News,Productive,57.1,3,Hostel,2025-12-02,Evening
7639,U0334,Amazon,Course Page,Language learning,Education,Productive,5.4,2,Outdoors,2025-03-17,Late Night
7640,U0492,Instagram,Reels/Shorts,Current affairs,News,Productive,3.3,3,College,2025-10-05,Evening
7641,U0446,Flipkart,Course Page,Random scrolling,Social Media,Distractive,68.1,4,Cafe,2025-09-22,Night
7642,U0308,Udemy,Reels/Shorts,Language learning,Education,Productive,29.5,1,Cafe,2025-09-05,Evening
7643,U0128,Coursera,Search,Physics lecture,Education,Productive,32,1,Library,2025-05-01,Night
7644,U0360,Instagram,Story,Online sale,Commerce,Distractive,68.6,2,Hostel,2025-03-19,Morning
7645,U0089,Telegram,DM/Chat,Match highlights,Sports,Distractive,11.9,3,Commute,2025-09-14,Evening
7646,U0298,Facebook,Story,Conference call,Communication,Productive,14.1,2,Commute,2025-07-19,Afternoon
7647,U0303,Snapchat,Search,TV show clip,Entertainment,Distractive,23.6,5,Cafe,2025-10-27,Morning
7648,U0449,Facebook,Explore,World news,News,Productive,45.5,2,Office,2025-07-29,Afternoon
7649,U0173,Twitter/X,Feed,Music video,Entertainment,Distractive,23.4,5,Home,2025-07-09,Evening
7650,U0256,Coursera,Course Page,Shopping,Commerce,Distractive,44.6,2,Office,2025-10-10,Night
7651,U0426,Instagram,Course Page,Like notifications,Social Media,Distractive,18.3,5,Commute,2025-12-23,Night
7652,U0434,LinkedIn,Course Page,Video call,Communication,Productive,31.3,2,Hostel,2025-06-30,Evening
7653,U0454,Google Classroom,Course Page,Online certification,Education,Productive,8.9,2,Library,2025-02-09,Evening
7654,U0250,Facebook,Feed,Wishlist browsing,Commerce,Distractive,14.5,3,Outdoors,2025-07-22,Evening
7655,U0393,Flipkart,Notification,Fashion trends,Commerce,Distractive,8.2,3,Library,2025-06-03,Afternoon
7656,U0198,Gmail,Explore,Music video,Entertainment,Distractive,67.5,5,Library,2025-07-23,Late Night
7657,U0494,Gmail,Notification,Wishlist browsing,Commerce,Distractive,81.2,2,Hostel,2025-03-03,Afternoon
7658,U0030,Udemy,Course Page,Math tutorial,Education,Productive,46.6,2,Outdoors,2025-11-25,Evening
7659,U0045,TikTok,Search,Gossip,Entertainment,Distractive,32.1,4,College,2025-11-06,Morning
7660,U0064,Amazon,Search,Follower count check,Social Media,Distractive,55.9,5,Office,2025-08-22,Late Night
7661,U0241,Zoom,Notification,Technology news,News,Productive,1.6,1,Cafe,2025-08-10,Night
7662,U0287,Coursera,Story,Breaking news,News,Productive,47.5,3,Home,2025-03-19,Night
7663,U0117,TikTok,DM/Chat,Wishlist browsing,Commerce,Distractive,76.3,2,College,2025-05-16,Morning
7664,U0419,Gmail,Notification,Endless scrolling,Social Media,Distractive,87.6,4,Commute,2025-02-11,Evening
7665,U0486,WhatsApp,Reels/Shorts,Email,Communication,Productive,46.2,1,Home,2025-07-17,Night
7666,U0475,Amazon,Search,Match highlights,Sports,Distractive,61.2,3,Outdoors,2025-11-25,Evening
7667,U0394,LinkedIn,Story,Cricket update,Sports,Distractive,31.5,2,Cafe,2025-10-27,Night
7668,U0435,Instagram,Feed,Weather update,News,Productive,31.6,2,College,2025-02-01,Evening
7669,U0247,Zoom,Feed,Business news,Business,Productive,40.3,1,Outdoors,2025-08-05,Night
7670,U0103,TikTok,Explore,Wishlist browsing,Commerce,Distractive,26.8,2,Library,2025-05-05,Late Night
7671,U0013,LinkedIn,Feed,Match highlights,Sports,Distractive,72.7,2,Cafe,2025-08-13,Night
7672,U0296,Udemy,Course Page,Current affairs,News,Productive,28,1,Commute,2025-05-07,Afternoon
7673,U0418,Zoom,Watch,Product review,Commerce,Distractive,9.1,2,Outdoors,2025-07-09,Night
7674,U0462,Facebook,Feed,Online certification,Education,Productive,37.2,2,Library,2025-06-19,Afternoon
7675,U0478,Instagram,Notification,Influencer content,Social Media,Distractive,41.4,4,Commute,2025-06-24,Evening
7676,U0068,Instagram,Watch,Fashion trends,Commerce,Distractive,43.2,2,Outdoors,2025-01-23,Morning
7677,U0276,YouTube,DM/Chat,Competitive exam tips,Education,Productive,17.2,2,College,2025-07-20,Afternoon
7678,U0100,WhatsApp,Feed,Shopping,Commerce,Distractive,48.2,2,Home,2025-02-22,Evening
7679,U0261,Instagram,Feed,Story updates,Social Media,Distractive,72.8,5,Commute,2025-07-29,Morning
7680,U0134,WhatsApp,Explore,Online sale,Commerce,Distractive,13.5,3,Cafe,2025-02-24,Late Night
7681,U0128,TikTok,Feed,Funny compilation,Entertainment,Distractive,65.3,5,Outdoors,2025-10-24,Afternoon
7682,U0311,Twitter/X,Story,Investment tips,Business,Productive,29.4,1,Commute,2025-04-11,Late Night
7683,U0043,TikTok,Search,Breaking news,News,Productive,42.3,2,College,2025-11-08,Evening
7684,U0195,Coursera,Reels/Shorts,Football clip,Sports,Distractive,49.4,3,Office,2025-08-26,Late Night
7685,U0373,TikTok,Course Page,Like notifications,Social Media,Distractive,63.5,5,Outdoors,2025-12-19,Late Night
7686,U0074,Slack,Story,Like notifications,Social Media,Distractive,66.8,4,Hostel,2025-08-12,Evening
7687,U0013,Google Classroom,Notification,Work discussion,Communication,Productive,29.1,1,Hostel,2025-05-18,Late Night
7688,U0473,LinkedIn,Reels/Shorts,Video call,Communication,Productive,30.8,2,Office,2025-12-05,Night
7689,U0123,Snapchat,Search,Shorts,Entertainment,Distractive,73.2,4,Home,2025-07-07,Late Night
7690,U0193,Slack,Feed,Follower count check,Social Media,Distractive,62.9,5,Library,2025-06-27,Afternoon
7691,U0364,Coursera,Notification,LinkedIn post,Business,Productive,11.6,2,Hostel,2025-01-09,Night
7692,U0374,Facebook,Story,Live score,Sports,Distractive,89.8,3,College,2025-12-10,Night
7693,U0467,LinkedIn,Notification,Project management,Business,Productive,42.8,1,Home,2025-11-08,Evening
7694,U0221,TikTok,DM/Chat,Wishlist browsing,Commerce,Distractive,65.5,2,Library,2025-03-12,Afternoon
7695,U0375,Amazon,Watch,Match highlights,Sports,Distractive,65.2,3,Home,2025-02-11,Late Night
7696,U0087,WhatsApp,Reels/Shorts,Match highlights,Sports,Distractive,69.5,2,Home,2025-03-14,Night
7697,U0436,Coursera,Reels/Shorts,Business news,Business,Productive,29.8,2,College,2025-11-13,Late Night
7698,U0365,Facebook,Course Page,Weather update,News,Productive,15.3,3,Cafe,2025-01-09,Late Night
7699,U0197,Amazon,Watch,Like notifications,Social Media,Distractive,39.9,4,Office,2025-05-08,Afternoon
7700,U0009,Facebook,Explore,Online sale,Commerce,Distractive,88,3,Hostel,2025-04-25,Late Night
7701,U0271,TikTok,Explore,Sports news,Sports,Distractive,19.1,2,College,2025-03-31,Afternoon
7702,U0413,Coursera,Course Page,Python tutorial,Education,Productive,4.3,1,Hostel,2025-01-11,Late Night
7703,U0082,WhatsApp,Course Page,Current affairs,News,Productive,40.5,2,Library,2025-07-19,Morning
7704,U0342,Twitter/X,Notification,Weather update,News,Productive,6.4,1,Cafe,2025-06-25,Evening
7705,U0225,Amazon,Search,Sports news,Sports,Distractive,22.5,2,Commute,2025-10-15,Late Night
7706,U0444,TikTok,Course Page,Freelance work,Business,Productive,43,1,Library,2025-03-14,Afternoon
7707,U0476,Instagram,Feed,Technology news,News,Productive,53.2,3,College,2025-05-03,Evening
7708,U0114,Coursera,Feed,Product review,Commerce,Distractive,63.5,3,Commute,2025-12-13,Afternoon
7709,U0271,Facebook,Explore,Trending hashtags,Social Media,Distractive,33.1,4,Home,2025-03-02,Afternoon
7710,U0392,Coursera,Explore,Conference call,Communication,Productive,18.7,2,Home,2025-05-07,Morning
7711,U0197,WhatsApp,DM/Chat,SQL tutorial,Education,Productive,17.8,2,Home,2025-07-15,Morning
7712,U0072,Facebook,Reels/Shorts,Like notifications,Social Media,Distractive,60.9,4,Outdoors,2025-06-09,Night
7713,U0471,Twitter/X,Watch,Fashion trends,Commerce,Distractive,76.6,2,Hostel,2025-10-04,Late Night
7714,U0200,Udemy,Story,Cricket update,Sports,Distractive,83,2,Library,2025-10-08,Night
7715,U0462,Twitter/X,Watch,Live score,Sports,Distractive,58.6,3,Office,2025-02-22,Late Night
7716,U0296,LinkedIn,Explore,Chemistry notes,Education,Productive,55.4,1,Office,2025-04-13,Night
7717,U0493,Facebook,Feed,Trending hashtags,Social Media,Distractive,30.3,5,Hostel,2025-09-15,Morning
7718,U0319,Snapchat,Explore,Match highlights,Sports,Distractive,41.1,3,Hostel,2025-06-30,Afternoon
7719,U0321,YouTube,DM/Chat,Skill development,Education,Productive,24.4,1,Home,2025-01-09,Evening
7720,U0368,Amazon,Reels/Shorts,Wishlist browsing,Commerce,Distractive,1.2,2,Home,2025-02-19,Late Night
7721,U0053,Udemy,Search,Endless scrolling,Social Media,Distractive,36.2,4,Hostel,2025-03-15,Night
7722,U0041,Facebook,Feed,Fashion trends,Commerce,Distractive,33.2,3,Library,2025-06-20,Evening
7723,U0077,Coursera,Course Page,DM chat casual,Social Media,Distractive,24.1,4,Cafe,2025-08-26,Evening
7724,U0273,Udemy,Watch,Influencer content,Social Media,Distractive,39.1,5,Commute,2025-02-15,Late Night
7725,U0407,TikTok,DM/Chat,Viral video,Entertainment,Distractive,82.2,5,College,2025-07-22,Morning
7726,U0156,Slack,Watch,Breaking news,News,Productive,40.6,3,Outdoors,2025-10-13,Late Night
7727,U0283,Telegram,DM/Chat,Project update,Communication,Productive,41.8,1,Commute,2025-03-10,Late Night
7728,U0340,Slack,Search,Market analysis,Business,Productive,51.8,1,College,2025-06-09,Afternoon
7729,U0320,Facebook,Feed,Coding practice,Education,Productive,1.7,2,Office,2025-10-22,Late Night
7730,U0454,Telegram,Notification,History lecture,Education,Productive,3.7,1,Outdoors,2025-10-06,Afternoon
7731,U0384,TikTok,Course Page,Trending hashtags,Social Media,Distractive,59.5,5,Outdoors,2025-12-05,Late Night
7732,U0482,WhatsApp,Explore,Endless scrolling,Social Media,Distractive,7,5,College,2025-11-30,Afternoon
7733,U0244,Telegram,Search,Project update,Communication,Productive,24.1,1,Hostel,2025-11-10,Late Night
7734,U0205,Coursera,DM/Chat,Memes,Entertainment,Distractive,82.9,4,Cafe,2025-06-05,Evening
7735,U0349,Amazon,Watch,Group chat,Communication,Productive,36,2,Commute,2025-08-23,Morning
7736,U0187,Google Classroom,Watch,Project update,Communication,Productive,39,1,Cafe,2025-11-29,Morning
7737,U0078,Zoom,Story,Technology news,News,Productive,51.4,1,Library,2025-02-07,Afternoon
7738,U0469,TikTok,Course Page,Colleague message,Communication,Productive,48.7,1,Cafe,2025-10-26,Morning
7739,U0239,Instagram,Feed,Like notifications,Social Media,Distractive,83.3,4,Office,2025-08-10,Morning
7740,U0148,WhatsApp,Explore,Flash deals,Commerce,Distractive,79.1,3,Cafe,2025-01-30,Night
7741,U0247,Google Classroom,Watch,Machine Learning,Education,Productive,21.5,2,Office,2025-09-15,Afternoon
7742,U0482,Snapchat,Notification,Startup news,Business,Productive,37.6,2,College,2025-02-26,Night
7743,U0408,Udemy,Search,Discount coupons,Commerce,Distractive,60.7,3,Library,2025-03-21,Evening
7744,U0181,Flipkart,Reels/Shorts,DM chat casual,Social Media,Distractive,68,5,Library,2025-04-16,Night
7745,U0046,Flipkart,Notification,Breaking news,News,Productive,12,2,Library,2025-10-08,Late Night
7746,U0454,Zoom,Explore,Live score,Sports,Distractive,67.3,3,Commute,2025-08-10,Late Night
7747,U0169,Google Classroom,Course Page,Startup news,Business,Productive,25,1,Home,2025-08-30,Afternoon
7748,U0097,Flipkart,Reels/Shorts,Football clip,Sports,Distractive,17.9,3,Commute,2025-05-23,Night
7749,U0076,Facebook,Reels/Shorts,Fashion trends,Commerce,Distractive,20.3,3,Hostel,2025-01-07,Night
7750,U0166,Gmail,Search,Music video,Entertainment,Distractive,71.1,5,Office,2025-06-09,Evening
7751,U0440,Udemy,Story,Cricket update,Sports,Distractive,7,4,Cafe,2025-09-28,Late Night
7752,U0419,Coursera,Explore,Local news,News,Productive,45.4,1,Library,2025-11-12,Late Night
7753,U0294,Google Classroom,Watch,Shopping,Commerce,Distractive,44.8,2,Commute,2025-12-17,Late Night
7754,U0187,WhatsApp,Watch,Cricket update,Sports,Distractive,83.5,4,Cafe,2025-06-18,Late Night
7755,U0145,YouTube,Course Page,Shopping,Commerce,Distractive,41.4,3,Cafe,2025-02-13,Late Night
7756,U0307,Zoom,Feed,Email,Communication,Productive,20.2,2,Library,2025-07-05,Afternoon
7757,U0167,Facebook,Course Page,World news,News,Productive,24.9,1,Outdoors,2025-04-08,Morning
7758,U0048,Slack,Explore,Match highlights,Sports,Distractive,25.8,2,Library,2025-03-08,Night
7759,U0143,Gmail,Watch,Flash deals,Commerce,Distractive,52,2,Library,2025-11-24,Late Night
7760,U0403,Gmail,Reels/Shorts,Story updates,Social Media,Distractive,47,4,Home,2025-07-01,Evening
7761,U0321,YouTube,Explore,TV show clip,Entertainment,Distractive,83.4,4,Outdoors,2025-05-02,Morning
7762,U0120,Facebook,Feed,Startup news,Business,Productive,49.2,2,Hostel,2025-11-28,Afternoon
7763,U0475,YouTube,Course Page,Discount coupons,Commerce,Distractive,37.3,3,Office,2025-08-15,Morning
7764,U0465,Telegram,DM/Chat,LinkedIn post,Business,Productive,8.2,1,Hostel,2025-10-07,Night
7765,U0370,YouTube,Course Page,Freelance work,Business,Productive,30.1,2,Cafe,2025-10-03,Late Night
7766,U0249,Instagram,Watch,Work discussion,Communication,Productive,13.7,1,College,2025-03-11,Night
7767,U0275,Gmail,Watch,Current affairs,News,Productive,41.1,2,Office,2025-12-14,Night
7768,U0401,Udemy,Search,Comedy videos,Entertainment,Distractive,25,5,Outdoors,2025-06-28,Late Night
7769,U0424,TikTok,Story,Client call,Communication,Productive,50.1,1,Commute,2025-10-07,Morning
7770,U0282,Telegram,Watch,Trending hashtags,Social Media,Distractive,40.3,4,Commute,2025-11-09,Evening
7771,U0326,Zoom,Feed,Sports news,Sports,Distractive,44,2,Library,2025-04-03,Late Night
7772,U0045,Slack,DM/Chat,Gossip,Entertainment,Distractive,13.8,5,College,2025-11-23,Night
7773,U0104,Facebook,Notification,Competitive exam tips,Education,Productive,8.1,1,Cafe,2025-01-29,Afternoon
7774,U0183,Flipkart,DM/Chat,TV show clip,Entertainment,Distractive,19.8,5,Outdoors,2025-10-05,Afternoon
7775,U0346,YouTube,Notification,Trending challenge,Entertainment,Distractive,37.5,5,College,2025-04-18,Late Night
7776,U0344,LinkedIn,Explore,Job search,Business,Productive,48.7,1,Outdoors,2025-12-31,Night
7777,U0127,Slack,DM/Chat,Funny compilation,Entertainment,Distractive,80,5,Commute,2025-07-13,Night
7778,U0464,Snapchat,Course Page,Market analysis,Business,Productive,1.5,1,Hostel,2025-12-14,Late Night
7779,U0403,Udemy,DM/Chat,Cricket update,Sports,Distractive,4,3,Cafe,2025-04-03,Late Night
7780,U0046,Gmail,Feed,Endless scrolling,Social Media,Distractive,57.6,5,Library,2025-08-10,Late Night
7781,U0454,Coursera,Explore,Math tutorial,Education,Productive,40.4,2,Office,2025-01-10,Morning
7782,U0275,WhatsApp,Search,Random scrolling,Social Media,Distractive,7.5,5,College,2025-03-31,Afternoon
7783,U0448,Twitter/X,Reels/Shorts,Wishlist browsing,Commerce,Distractive,60.1,3,Cafe,2025-03-03,Late Night
7784,U0029,Amazon,Reels/Shorts,Memes,Entertainment,Distractive,11.5,5,Commute,2025-12-25,Late Night
7785,U0007,Twitter/X,Reels/Shorts,Stock market,Business,Productive,20.1,1,Office,2025-02-21,Late Night
7786,U0381,Google Classroom,Search,Shopping,Commerce,Distractive,6.5,2,College,2025-10-09,Evening
7787,U0242,Udemy,DM/Chat,Political news,News,Productive,1.7,3,Home,2025-07-29,Evening
7788,U0436,Slack,Feed,Client proposal,Business,Productive,7.1,1,Commute,2025-10-10,Evening
7789,U0116,Snapchat,Watch,Like notifications,Social Media,Distractive,75.2,4,Cafe,2025-01-04,Evening
7790,U0426,Amazon,Explore,Shopping,Commerce,Distractive,46.1,3,Commute,2025-05-14,Morning
7791,U0297,Gmail,Course Page,Story updates,Social Media,Distractive,17.2,4,Hostel,2025-03-08,Afternoon
7792,U0039,Telegram,Course Page,Job search,Business,Productive,7.3,2,Cafe,2025-05-20,Night
7793,U0229,Gmail,Watch,Match highlights,Sports,Distractive,22.6,2,Outdoors,2025-07-21,Night
7794,U0467,LinkedIn,Notification,Gaming,Entertainment,Distractive,65.1,4,Cafe,2025-08-26,Night
7795,U0075,Twitter/X,Story,Flash deals,Commerce,Distractive,51.9,3,Home,2025-08-16,Morning
7796,U0196,Udemy,Explore,Celebrity,Entertainment,Distractive,32.9,5,Office,2025-01-15,Evening
7797,U0271,Gmail,Reels/Shorts,Networking,Business,Productive,32.4,2,Library,2025-11-23,Late Night
7798,U0096,Coursera,Course Page,Colleague message,Communication,Productive,7.1,2,Cafe,2025-06-12,Late Night
7799,U0355,YouTube,Feed,Shopping,Commerce,Distractive,65.8,3,Commute,2025-01-29,Night
7800,U0253,Snapchat,Reels/Shorts,Sports news,Sports,Distractive,41.6,2,Home,2025-07-31,Night
7801,U0205,WhatsApp,Notification,Sports news,Sports,Distractive,52.5,4,Library,2025-01-06,Morning
7802,U0451,Telegram,Notification,Local news,News,Productive,57.3,3,Cafe,2025-03-06,Night
7803,U0175,WhatsApp,Notification,Breaking news,News,Productive,51.5,2,College,2025-05-02,Evening
7804,U0337,Snapchat,Course Page,Product review,Commerce,Distractive,13.9,3,Outdoors,2025-10-10,Morning
7805,U0081,Gmail,Explore,Shorts,Entertainment,Distractive,17.5,5,Library,2025-09-18,Morning
7806,U0045,YouTube,Watch,Discount coupons,Commerce,Distractive,37.2,3,Hostel,2025-08-25,Night
7807,U0453,WhatsApp,Notification,Discount coupons,Commerce,Distractive,12,3,Hostel,2025-01-27,Evening
7808,U0460,Telegram,DM/Chat,Email,Communication,Productive,46.4,1,Office,2025-09-23,Morning
7809,U0249,Slack,Feed,Startup news,Business,Productive,47.3,2,College,2025-04-19,Evening
7810,U0177,Telegram,Course Page,LinkedIn post,Business,Productive,54.6,1,Hostel,2025-07-18,Night
7811,U0125,Flipkart,DM/Chat,Family chat,Communication,Productive,27.2,2,Hostel,2025-08-23,Morning
7812,U0346,WhatsApp,Watch,Client proposal,Business,Productive,14.7,2,Library,2025-11-12,Night
7813,U0390,Coursera,Feed,Endless scrolling,Social Media,Distractive,50,5,Library,2025-04-19,Night
7814,U0491,Telegram,Course Page,Data Science course,Education,Productive,55.2,2,Commute,2025-02-08,Morning
7815,U0314,Coursera,Search,Client proposal,Business,Productive,44.7,1,Office,2025-06-01,Late Night
7816,U0190,YouTube,Watch,Team meeting,Communication,Productive,53.4,2,Outdoors,2025-05-18,Evening
7817,U0255,Coursera,Watch,Cricket update,Sports,Distractive,2.6,3,College,2025-10-20,Afternoon
7818,U0096,Udemy,Course Page,Random scrolling,Social Media,Distractive,33.8,4,Cafe,2025-08-20,Late Night
7819,U0314,WhatsApp,Search,Client proposal,Business,Productive,16,1,Hostel,2025-08-26,Evening
7820,U0164,Twitter/X,DM/Chat,DM chat casual,Social Media,Distractive,43.2,5,College,2025-11-04,Afternoon
7821,U0240,Gmail,Reels/Shorts,Project update,Communication,Productive,25.6,1,Home,2025-09-28,Morning
7822,U0283,TikTok,Reels/Shorts,Research paper,Education,Productive,13.8,2,Office,2025-05-28,Afternoon
7823,U0153,Amazon,DM/Chat,Work discussion,Communication,Productive,48.4,2,Cafe,2025-06-11,Evening
7824,U0406,Facebook,Watch,Investment tips,Business,Productive,17.1,2,Outdoors,2025-06-27,Afternoon
7825,U0102,Facebook,Feed,Football clip,Sports,Distractive,9,4,Office,2025-11-10,Afternoon
7826,U0214,Flipkart,Explore,Football clip,Sports,Distractive,48.5,2,Commute,2025-01-05,Night
7827,U0042,TikTok,Story,Data Science course,Education,Productive,20.9,1,Hostel,2025-07-01,Morning
7828,U0345,Amazon,Story,Endless scrolling,Social Media,Distractive,33.9,4,College,2025-10-06,Morning
7829,U0328,Instagram,Story,Web development course,Education,Productive,26,2,Outdoors,2025-09-03,Afternoon
7830,U0018,Instagram,Feed,Team meeting,Communication,Productive,32.7,2,Cafe,2025-04-20,Late Night
7831,U0360,Coursera,Course Page,Web development course,Education,Productive,32.2,1,Library,2025-08-05,Late Night
7832,U0416,Slack,Course Page,Video call,Communication,Productive,11,2,College,2025-10-23,Morning
7833,U0016,LinkedIn,Explore,Online sale,Commerce,Distractive,30.4,2,Hostel,2025-10-06,Morning
7834,U0011,LinkedIn,Story,TV show clip,Entertainment,Distractive,18.7,4,Outdoors,2025-12-07,Morning
7835,U0027,Gmail,Reels/Shorts,Political news,News,Productive,29.6,3,Home,2025-04-06,Morning
7836,U0007,Instagram,Reels/Shorts,Follower count check,Social Media,Distractive,67.7,5,Outdoors,2025-09-28,Late Night
7837,U0451,Zoom,Search,Science experiment,Education,Productive,14.3,1,Commute,2025-06-27,Evening
7838,U0473,Zoom,Search,Local news,News,Productive,41.5,1,Library,2025-03-31,Morning
7839,U0112,Twitter/X,Feed,Investment tips,Business,Productive,9.3,2,Library,2025-05-07,Morning
7840,U0008,Coursera,Search,Wishlist browsing,Commerce,Distractive,13.4,2,Outdoors,2025-08-05,Late Night
7841,U0325,Google Classroom,Course Page,TV show clip,Entertainment,Distractive,81.1,5,Library,2025-01-07,Late Night
7842,U0247,Gmail,Notification,Group chat,Communication,Productive,1.8,1,Outdoors,2025-08-03,Night
7843,U0348,Twitter/X,Watch,Trending challenge,Entertainment,Distractive,57.8,4,Library,2025-05-05,Evening
7844,U0260,Coursera,Course Page,Football clip,Sports,Distractive,4.5,3,College,2025-12-14,Morning
7845,U0013,TikTok,Reels/Shorts,Research paper,Education,Productive,13.1,1,Library,2025-09-04,Evening
7846,U0203,YouTube,DM/Chat,Shopping,Commerce,Distractive,22.7,3,Commute,2025-02-19,Morning
7847,U0321,Udemy,Notification,World news,News,Productive,45.5,3,Cafe,2025-07-01,Night
7848,U0414,Flipkart,DM/Chat,Technology news,News,Productive,1.8,1,Cafe,2025-12-06,Afternoon
7849,U0456,Snapchat,Course Page,Discount coupons,Commerce,Distractive,75.4,2,Office,2025-03-07,Night
7850,U0382,Slack,Course Page,Client proposal,Business,Productive,2.5,1,Office,2025-11-06,Evening
7851,U0292,Amazon,Reels/Shorts,Python tutorial,Education,Productive,51,2,College,2025-01-02,Afternoon
7852,U0240,Zoom,Feed,Weather update,News,Productive,34.9,3,Hostel,2025-06-30,Night
7853,U0449,Flipkart,Notification,Like notifications,Social Media,Distractive,59.7,5,Outdoors,2025-02-02,Afternoon
7854,U0109,Facebook,Notification,Language learning,Education,Productive,18.2,1,Office,2025-03-27,Morning
7855,U0332,Facebook,Reels/Shorts,Comedy videos,Entertainment,Distractive,69.6,4,Library,2025-01-20,Morning
7856,U0102,Amazon,Explore,History lecture,Education,Productive,1.1,1,Home,2025-03-08,Late Night
7857,U0395,Slack,Course Page,Interview preparation,Education,Productive,38.9,2,Home,2025-03-28,Morning
7858,U0202,YouTube,Feed,Sports news,Sports,Distractive,75.6,2,Office,2025-06-16,Evening
7859,U0137,Telegram,Feed,Current affairs,News,Productive,26.7,3,Office,2025-04-25,Morning
7860,U0117,Google Classroom,Watch,Weather update,News,Productive,14.6,2,Library,2025-01-04,Evening
7861,U0196,Udemy,Explore,Like notifications,Social Media,Distractive,22,4,Home,2025-10-28,Night
7862,U0463,Snapchat,Story,World news,News,Productive,9.1,3,Library,2025-11-07,Night
7863,U0447,WhatsApp,DM/Chat,Fashion trends,Commerce,Distractive,85.4,3,College,2025-05-21,Afternoon
7864,U0128,Flipkart,Explore,Language learning,Education,Productive,37.3,2,Cafe,2025-02-02,Evening
7865,U0159,LinkedIn,DM/Chat,Client call,Communication,Productive,35.8,1,Outdoors,2025-12-24,Late Night
7866,U0475,Coursera,DM/Chat,Startup news,Business,Productive,43.5,2,Outdoors,2025-02-22,Late Night
7867,U0257,Instagram,Notification,Movie clips,Entertainment,Distractive,63.1,5,Commute,2025-07-30,Afternoon
7868,U0329,Facebook,Reels/Shorts,Online certification,Education,Productive,10,2,Home,2025-01-26,Evening
7869,U0439,Flipkart,Reels/Shorts,Work discussion,Communication,Productive,51.8,2,Commute,2025-06-30,Late Night
7870,U0238,YouTube,DM/Chat,Product review,Commerce,Distractive,78.4,3,Office,2025-03-03,Late Night
7871,U0342,YouTube,Notification,Language learning,Education,Productive,47.1,2,Cafe,2025-03-26,Afternoon
7872,U0036,Facebook,Reels/Shorts,Random scrolling,Social Media,Distractive,37.7,4,Home,2025-08-06,Late Night
7873,U0139,TikTok,DM/Chat,Political news,News,Productive,41.4,3,Hostel,2025-03-16,Afternoon
7874,U0337,Telegram,Story,Viral video,Entertainment,Distractive,33.4,4,College,2025-07-06,Night
7875,U0144,Amazon,Story,Match highlights,Sports,Distractive,76.7,2,Outdoors,2025-03-09,Night
7876,U0051,Gmail,Feed,Funny compilation,Entertainment,Distractive,80.1,4,Cafe,2025-05-23,Night
7877,U0376,Coursera,Explore,Match highlights,Sports,Distractive,6,3,Cafe,2025-05-29,Night
7878,U0198,Google Classroom,Feed,Web development course,Education,Productive,36.9,2,College,2025-12-17,Afternoon
7879,U0014,YouTube,Feed,Coding practice,Education,Productive,43.8,2,Outdoors,2025-02-03,Morning
7880,U0204,Facebook,DM/Chat,Product review,Commerce,Distractive,13.9,2,Commute,2025-12-11,Late Night
7881,U0135,Google Classroom,Notification,Machine Learning,Education,Productive,18.7,1,Cafe,2025-07-18,Evening
7882,U0393,Zoom,Search,Group chat,Communication,Productive,57.9,1,Hostel,2025-01-31,Night
7883,U0286,LinkedIn,Course Page,Team meeting,Communication,Productive,43,1,Commute,2025-03-15,Morning
7884,U0221,Slack,Search,Fashion trends,Commerce,Distractive,19.9,3,Hostel,2025-09-05,Evening
7885,U0286,Flipkart,Watch,Cricket update,Sports,Distractive,62,4,Hostel,2025-04-25,Night
7886,U0464,Amazon,Course Page,Football clip,Sports,Distractive,83.4,3,College,2025-09-25,Late Night
7887,U0102,Slack,Reels/Shorts,Match highlights,Sports,Distractive,48.2,3,Outdoors,2025-01-10,Night
7888,U0393,Gmail,Watch,Technology news,News,Productive,57.1,3,Office,2025-12-29,Night
7889,U0490,TikTok,Notification,Match highlights,Sports,Distractive,10.7,2,Hostel,2025-02-03,Evening
7890,U0486,YouTube,Course Page,Technology news,News,Productive,41.8,2,Office,2025-01-24,Afternoon
7891,U0210,Udemy,Watch,LinkedIn post,Business,Productive,38.1,1,Commute,2025-12-30,Late Night
7892,U0308,WhatsApp,DM/Chat,LinkedIn post,Business,Productive,55.4,2,Office,2025-05-24,Evening
7893,U0042,WhatsApp,Watch,Email,Communication,Productive,40,1,College,2025-05-19,Afternoon
7894,U0157,Zoom,Story,Story updates,Social Media,Distractive,66.5,5,College,2025-05-09,Afternoon
7895,U0461,Flipkart,Feed,Weather update,News,Productive,4.3,1,Hostel,2025-12-11,Late Night
7896,U0156,WhatsApp,Feed,Stock market,Business,Productive,12.4,2,College,2025-07-04,Late Night
7897,U0227,Google Classroom,Watch,LinkedIn post,Business,Productive,10,1,Library,2025-06-30,Afternoon
7898,U0427,Gmail,Course Page,Web development course,Education,Productive,39.2,1,College,2025-05-21,Late Night
7899,U0121,Facebook,DM/Chat,Cricket update,Sports,Distractive,36.2,3,College,2025-09-10,Morning
7900,U0301,Snapchat,DM/Chat,Resume building,Business,Productive,17.7,1,Outdoors,2025-12-01,Night
7901,U0161,LinkedIn,Course Page,LinkedIn post,Business,Productive,4.5,1,Commute,2025-03-25,Evening
7902,U0431,LinkedIn,Search,Shopping,Commerce,Distractive,68,2,College,2025-09-04,Afternoon
7903,U0139,Instagram,Search,Interview preparation,Education,Productive,27.2,2,Home,2025-11-26,Late Night
7904,U0268,Snapchat,Reels/Shorts,Current affairs,News,Productive,6.5,2,Outdoors,2025-03-04,Night
7905,U0124,Flipkart,Explore,Wishlist browsing,Commerce,Distractive,62.9,2,College,2025-07-08,Night
7906,U0146,Zoom,Explore,Flash deals,Commerce,Distractive,57.6,3,Commute,2025-11-28,Morning
7907,U0117,Instagram,Explore,Like notifications,Social Media,Distractive,83.8,5,Office,2025-09-23,Evening
7908,U0494,Google Classroom,Search,Discount coupons,Commerce,Distractive,50.7,3,College,2025-09-28,Night
7909,U0120,Telegram,DM/Chat,Group chat,Communication,Productive,21.7,1,Cafe,2025-04-08,Morning
7910,U0159,Facebook,Course Page,Current affairs,News,Productive,45,1,Hostel,2025-05-27,Evening
7911,U0010,Instagram,Watch,Football clip,Sports,Distractive,76.5,2,Outdoors,2025-11-07,Morning
7912,U0499,Twitter/X,DM/Chat,Current affairs,News,Productive,49.9,3,College,2025-07-27,Morning
7913,U0434,Gmail,Explore,Endless scrolling,Social Media,Distractive,40.1,4,Hostel,2025-05-12,Evening
7914,U0149,Instagram,Story,Excel tutorial,Education,Productive,29.4,1,Hostel,2025-11-29,Morning
7915,U0213,TikTok,Feed,SQL tutorial,Education,Productive,3.6,1,Cafe,2025-03-21,Late Night
7916,U0158,Zoom,Feed,Political news,News,Productive,49.2,2,Commute,2025-02-24,Night
7917,U0333,WhatsApp,DM/Chat,Dance videos,Entertainment,Distractive,88.6,5,Office,2025-06-11,Late Night
7918,U0126,Flipkart,Story,LinkedIn post,Business,Productive,9.5,1,Library,2025-08-24,Afternoon
7919,U0274,Udemy,Course Page,SQL tutorial,Education,Productive,37.4,1,Home,2025-05-25,Afternoon
7920,U0015,TikTok,DM/Chat,Video call,Communication,Productive,7.4,1,Commute,2025-11-02,Evening
7921,U0058,Zoom,Feed,Cricket update,Sports,Distractive,60.7,2,Hostel,2025-09-17,Night
7922,U0410,Udemy,DM/Chat,Flash deals,Commerce,Distractive,89.5,2,Library,2025-10-12,Afternoon
7923,U0370,YouTube,Feed,Video call,Communication,Productive,37.6,1,College,2025-05-23,Late Night
7924,U0099,Flipkart,Feed,Business news,Business,Productive,34.9,2,Cafe,2025-08-25,Late Night
7925,U0008,Zoom,Explore,Local news,News,Productive,36.5,2,Hostel,2025-11-21,Morning
7926,U0283,Coursera,Notification,Shopping,Commerce,Distractive,65.7,2,Office,2025-12-16,Afternoon
7927,U0070,Flipkart,DM/Chat,Networking,Business,Productive,28,1,Commute,2025-12-14,Night
7928,U0228,Facebook,Story,Live score,Sports,Distractive,3.5,3,College,2025-10-06,Late Night
7929,U0250,TikTok,Story,Stock market,Business,Productive,52.1,2,Outdoors,2025-09-12,Night
7930,U0419,Udemy,Reels/Shorts,Football clip,Sports,Distractive,17.9,4,Home,2025-09-20,Evening
7931,U0109,Facebook,Feed,Weather update,News,Productive,55.1,2,Hostel,2025-12-27,Night
7932,U0159,Telegram,Notification,Startup news,Business,Productive,34.2,2,Hostel,2025-07-01,Night
7933,U0002,Instagram,Explore,Technology news,News,Productive,45.2,2,Outdoors,2025-07-03,Morning
7934,U0436,Google Classroom,Feed,Weather update,News,Productive,16.2,1,Home,2025-02-15,Evening
7935,U0155,Instagram,Feed,Current affairs,News,Productive,45.4,2,Library,2025-07-09,Afternoon
7936,U0485,Amazon,Story,Random scrolling,Social Media,Distractive,36.4,4,Cafe,2025-02-02,Night
7937,U0245,TikTok,Feed,Comedy videos,Entertainment,Distractive,9.7,5,Library,2025-04-06,Evening
7938,U0388,Coursera,Story,Work discussion,Communication,Productive,9.8,2,Hostel,2025-10-31,Afternoon
7939,U0036,Snapchat,Story,Shopping,Commerce,Distractive,52,3,Home,2025-05-13,Morning
7940,U0144,Slack,Reels/Shorts,Weather update,News,Productive,42.7,2,Cafe,2025-05-01,Afternoon
7941,U0182,Google Classroom,DM/Chat,Gossip,Entertainment,Distractive,28.8,5,Office,2025-06-11,Late Night
7942,U0083,TikTok,Story,Email,Communication,Productive,9.4,1,Library,2025-11-19,Late Night
7943,U0350,Facebook,Notification,Video call,Communication,Productive,23.5,2,Commute,2025-03-11,Morning
7944,U0376,Coursera,Story,Machine Learning,Education,Productive,36.2,2,College,2025-04-14,Afternoon
7945,U0074,Google Classroom,Watch,DM chat casual,Social Media,Distractive,72.1,4,College,2025-05-13,Late Night
7946,U0286,Instagram,Search,Resume building,Business,Productive,53,1,Commute,2025-09-16,Late Night
7947,U0004,Twitter/X,DM/Chat,Follower count check,Social Media,Distractive,54.9,5,Cafe,2025-03-28,Night
7948,U0057,Facebook,Explore,Follower count check,Social Media,Distractive,15,4,Commute,2025-10-28,Late Night
7949,U0431,Twitter/X,Story,Prank videos,Entertainment,Distractive,85.3,5,Commute,2025-07-28,Late Night
7950,U0317,Instagram,Course Page,Project update,Communication,Productive,4.6,1,Hostel,2025-12-26,Night
7951,U0458,TikTok,DM/Chat,Technology news,News,Productive,54,1,Home,2025-02-19,Evening
7952,U0155,Twitter/X,Course Page,Client proposal,Business,Productive,17.7,2,College,2025-03-04,Late Night
7953,U0292,Flipkart,Search,TV show clip,Entertainment,Distractive,52.1,4,Cafe,2025-05-29,Morning
7954,U0166,Amazon,Story,Machine Learning,Education,Productive,55.8,1,Outdoors,2025-09-19,Afternoon
7955,U0389,Twitter/X,Feed,Match highlights,Sports,Distractive,17,2,Home,2025-04-29,Night
7956,U0103,Google Classroom,Feed,Local news,News,Productive,51.6,2,Commute,2025-11-24,Afternoon
7957,U0341,Telegram,Watch,Gaming,Entertainment,Distractive,87.5,4,Outdoors,2025-10-06,Evening
7958,U0472,Coursera,DM/Chat,Web development course,Education,Productive,30.5,1,Hostel,2025-06-30,Late Night
7959,U0134,Facebook,Reels/Shorts,Influencer content,Social Media,Distractive,73.4,4,Cafe,2025-07-25,Evening
7960,U0181,Snapchat,Search,Family chat,Communication,Productive,52.6,1,Home,2025-07-20,Morning
7961,U0309,Instagram,Reels/Shorts,Investment tips,Business,Productive,36.4,2,College,2025-08-13,Night
7962,U0094,Instagram,Watch,Football clip,Sports,Distractive,42.5,3,Home,2025-01-06,Night
7963,U0239,WhatsApp,Course Page,Freelance work,Business,Productive,49,1,Commute,2025-11-09,Morning
7964,U0329,Twitter/X,DM/Chat,Celebrity,Entertainment,Distractive,37.4,4,Home,2025-12-25,Evening
7965,U0316,Gmail,Feed,TV show clip,Entertainment,Distractive,38.3,4,Home,2025-07-03,Night
7966,U0082,Udemy,DM/Chat,Product review,Commerce,Distractive,52.4,2,Library,2025-02-06,Morning
7967,U0222,WhatsApp,Notification,Story updates,Social Media,Distractive,63.9,4,Outdoors,2025-01-05,Morning
7968,U0043,Zoom,Watch,Investment tips,Business,Productive,21.3,2,Hostel,2025-11-08,Night
7969,U0267,Coursera,Watch,Technology news,News,Productive,2.7,1,Cafe,2025-11-07,Night
7970,U0326,Amazon,Feed,Trending hashtags,Social Media,Distractive,72.2,4,Office,2025-11-17,Night
7971,U0162,LinkedIn,Reels/Shorts,Prank videos,Entertainment,Distractive,61.8,4,Hostel,2025-06-30,Evening
7972,U0315,Facebook,Feed,Gaming,Entertainment,Distractive,52.4,5,Commute,2025-03-09,Night
7973,U0404,Gmail,Search,Like notifications,Social Media,Distractive,32.5,4,Library,2025-04-08,Afternoon
7974,U0110,Telegram,Notification,Coding practice,Education,Productive,12,1,Office,2025-01-07,Evening
7975,U0422,LinkedIn,DM/Chat,Trending challenge,Entertainment,Distractive,23.3,4,Outdoors,2025-09-21,Evening
7976,U0282,Coursera,Search,Sports news,Sports,Distractive,34.6,2,College,2025-01-17,Afternoon
7977,U0191,Slack,Explore,Business news,Business,Productive,11.2,1,Commute,2025-01-23,Afternoon
7978,U0149,YouTube,Explore,Influencer content,Social Media,Distractive,74.1,4,Cafe,2025-04-03,Night
7979,U0037,Udemy,Feed,Cricket update,Sports,Distractive,20.5,2,Commute,2025-07-13,Afternoon
7980,U0292,Facebook,Course Page,Follower count check,Social Media,Distractive,80.8,5,Office,2025-02-26,Night
7981,U0374,Udemy,Story,Family chat,Communication,Productive,49.2,2,Cafe,2025-02-28,Late Night
7982,U0381,Zoom,Feed,Math tutorial,Education,Productive,26.7,2,Cafe,2025-09-12,Late Night
7983,U0038,Google Classroom,Feed,Startup news,Business,Productive,39.7,1,Hostel,2025-08-07,Night
7984,U0047,YouTube,Feed,Conference call,Communication,Productive,26.9,2,Home,2025-01-07,Night
7985,U0441,Twitter/X,Reels/Shorts,Coding practice,Education,Productive,23,1,Hostel,2025-08-26,Night
7986,U0376,Telegram,DM/Chat,Story updates,Social Media,Distractive,33.7,4,Office,2025-11-17,Evening
7987,U0271,Instagram,Course Page,Dance videos,Entertainment,Distractive,39.7,5,Commute,2025-06-06,Night
7988,U0442,Coursera,Notification,Voice message,Communication,Productive,35.5,2,Outdoors,2025-07-05,Morning
7989,U0059,Slack,Feed,Memes,Entertainment,Distractive,45.3,5,Cafe,2025-03-16,Afternoon
7990,U0155,Udemy,DM/Chat,Stock market,Business,Productive,48.1,1,Home,2025-01-06,Morning
7991,U0327,Snapchat,DM/Chat,Story updates,Social Media,Distractive,12.7,4,College,2025-05-28,Afternoon
7992,U0150,Udemy,DM/Chat,Math tutorial,Education,Productive,43.4,1,Commute,2025-04-23,Late Night
7993,U0014,WhatsApp,Notification,Current affairs,News,Productive,18.9,2,Hostel,2025-01-06,Late Night
7994,U0050,LinkedIn,Watch,Local news,News,Productive,36.2,2,Library,2025-04-22,Afternoon
7995,U0076,TikTok,Feed,Weather update,News,Productive,54.5,1,Commute,2025-12-24,Night
7996,U0351,WhatsApp,Reels/Shorts,AI fundamentals,Education,Productive,22.3,1,Hostel,2025-09-08,Night
7997,U0363,Flipkart,Notification,Job search,Business,Productive,8.8,2,Library,2025-01-14,Morning
7998,U0416,Slack,Feed,Discount coupons,Commerce,Distractive,17.8,2,Library,2025-09-26,Night
7999,U0184,Twitter/X,Watch,Movie clips,Entertainment,Distractive,1.7,5,Commute,2025-05-31,Night
8000,U0421,TikTok,Notification,Influencer content,Social Media,Distractive,21,5,Office,2025-04-06,Late Night
8001,U0415,Snapchat,Notification,Conference call,Communication,Productive,52.7,1,Home,2025-11-08,Morning
8002,U0331,Instagram,Reels/Shorts,Project update,Communication,Productive,34.9,2,Office,2025-09-07,Night
8003,U0063,TikTok,Course Page,Project update,Communication,Productive,31.6,2,Outdoors,2025-07-23,Night
8004,U0177,Udemy,Watch,Business news,Business,Productive,59.6,2,Cafe,2025-06-09,Morning
8005,U0271,Google Classroom,DM/Chat,Product review,Commerce,Distractive,85.3,3,Outdoors,2025-06-21,Late Night
8006,U0402,Twitter/X,Search,Resume building,Business,Productive,55.6,1,College,2025-09-16,Morning
8007,U0476,Flipkart,Notification,Email,Communication,Productive,17.1,2,Cafe,2025-06-12,Night
8008,U0436,TikTok,Watch,Political news,News,Productive,3.1,1,Outdoors,2025-02-25,Evening
8009,U0160,YouTube,Watch,Team meeting,Communication,Productive,26.5,1,Commute,2025-03-15,Night
8010,U0295,Telegram,Watch,Math tutorial,Education,Productive,19.9,2,Library,2025-02-04,Afternoon
8011,U0294,Telegram,Story,Language learning,Education,Productive,6.9,1,Cafe,2025-08-19,Afternoon
8012,U0063,Twitter/X,Course Page,Project management,Business,Productive,2.9,1,Home,2025-11-03,Evening
8013,U0284,Snapchat,Search,Team meeting,Communication,Productive,10.2,1,Hostel,2025-02-20,Evening
8014,U0477,WhatsApp,Reels/Shorts,Memes,Entertainment,Distractive,82,5,Outdoors,2025-12-21,Evening
8015,U0088,LinkedIn,Notification,Networking,Business,Productive,20.4,1,Library,2025-02-14,Afternoon
8016,U0438,Instagram,DM/Chat,Sports news,Sports,Distractive,26.9,3,Home,2025-11-15,Night
8017,U0327,Zoom,Notification,Conference call,Communication,Productive,22.8,1,Library,2025-07-25,Afternoon
8018,U0448,LinkedIn,Notification,Sports news,Sports,Distractive,42.3,4,College,2025-09-03,Late Night
8019,U0282,Telegram,Watch,Story updates,Social Media,Distractive,15.4,5,Cafe,2025-12-02,Night
8020,U0417,TikTok,Reels/Shorts,Influencer content,Social Media,Distractive,44.4,4,Commute,2025-12-18,Late Night
8021,U0115,Gmail,Watch,Discount coupons,Commerce,Distractive,15.3,2,Home,2025-11-26,Morning
8022,U0251,YouTube,Search,Work discussion,Communication,Productive,31.2,1,College,2025-02-24,Morning
8023,U0154,Google Classroom,Course Page,History lecture,Education,Productive,33.1,1,Outdoors,2025-04-28,Night
8024,U0470,LinkedIn,Course Page,Skill development,Education,Productive,44,1,Office,2025-01-24,Night
8025,U0067,YouTube,Reels/Shorts,Weather update,News,Productive,25.6,2,Library,2025-03-05,Night
8026,U0223,Gmail,Course Page,Influencer content,Social Media,Distractive,11,4,Hostel,2025-12-03,Night
8027,U0281,TikTok,Explore,Sports news,Sports,Distractive,89.2,2,Home,2025-07-27,Evening
8028,U0383,Zoom,Search,Random scrolling,Social Media,Distractive,26.5,5,Home,2025-05-20,Late Night
8029,U0089,Coursera,Notification,Product review,Commerce,Distractive,38.6,3,Cafe,2025-06-11,Morning
8030,U0176,Udemy,Explore,Product review,Commerce,Distractive,38.5,2,Outdoors,2025-05-02,Morning
8031,U0041,Zoom,Reels/Shorts,Story updates,Social Media,Distractive,62.9,5,Library,2025-04-04,Morning
8032,U0167,Telegram,Notification,Project management,Business,Productive,22.8,1,Hostel,2025-04-20,Evening
8033,U0259,Udemy,Reels/Shorts,Like notifications,Social Media,Distractive,1.1,5,Commute,2025-12-01,Night
8034,U0316,Google Classroom,Search,Project management,Business,Productive,49.2,1,Office,2025-04-16,Evening
8035,U0202,Instagram,Feed,Market analysis,Business,Productive,20.6,2,Commute,2025-02-12,Afternoon
8036,U0095,Amazon,Notification,Client proposal,Business,Productive,56.7,1,Hostel,2025-03-02,Late Night
8037,U0212,Instagram,Notification,Group chat,Communication,Productive,17.1,2,Outdoors,2025-05-13,Afternoon
8038,U0242,Gmail,Reels/Shorts,Voice message,Communication,Productive,48.3,2,College,2025-07-12,Afternoon
8039,U0058,Coursera,Search,DM chat casual,Social Media,Distractive,87.9,4,Home,2025-08-04,Morning
8040,U0006,Flipkart,Search,Technology news,News,Productive,37.2,3,Outdoors,2025-05-26,Late Night
8041,U0349,Coursera,Story,LinkedIn post,Business,Productive,10.4,1,Commute,2025-09-22,Evening
8042,U0299,Twitter/X,Notification,Like notifications,Social Media,Distractive,28.4,4,Home,2025-08-19,Evening
8043,U0220,Amazon,Story,Work discussion,Communication,Productive,20.1,1,College,2025-04-10,Late Night
8044,U0138,Amazon,Reels/Shorts,History lecture,Education,Productive,51.4,2,Home,2025-05-29,Afternoon
8045,U0406,TikTok,Story,Freelance work,Business,Productive,31.6,2,Library,2025-04-13,Afternoon
8046,U0422,Gmail,Explore,DM chat casual,Social Media,Distractive,49.7,4,Commute,2025-04-09,Late Night
8047,U0315,Slack,Watch,Music video,Entertainment,Distractive,67,4,Outdoors,2025-03-17,Night
8048,U0001,Instagram,Search,Match highlights,Sports,Distractive,45.3,4,Outdoors,2025-02-07,Evening
8049,U0222,Zoom,Feed,History lecture,Education,Productive,32.1,2,College,2025-08-31,Afternoon
8050,U0200,Gmail,Story,Conference call,Communication,Productive,9.8,2,Commute,2025-03-24,Morning
8051,U0397,WhatsApp,Reels/Shorts,Movie clips,Entertainment,Distractive,66.4,4,Home,2025-09-26,Afternoon
8052,U0058,Facebook,Reels/Shorts,Random scrolling,Social Media,Distractive,66.1,5,College,2025-11-30,Afternoon
8053,U0344,Coursera,DM/Chat,Random scrolling,Social Media,Distractive,23,5,College,2025-08-31,Late Night
8054,U0319,Telegram,Feed,Memes,Entertainment,Distractive,10,5,Outdoors,2025-01-14,Night
8055,U0195,Twitter/X,Course Page,Science experiment,Education,Productive,4.6,1,College,2025-11-03,Afternoon
8056,U0209,Slack,Explore,Weather update,News,Productive,44.3,3,College,2025-05-13,Afternoon
8057,U0302,TikTok,Feed,Viral video,Entertainment,Distractive,31.7,4,Commute,2025-04-03,Morning
8058,U0006,TikTok,Course Page,Interview preparation,Education,Productive,8.3,1,Commute,2025-10-02,Evening
8059,U0127,YouTube,Notification,TV show clip,Entertainment,Distractive,87.5,5,Library,2025-01-14,Night
8060,U0031,YouTube,Feed,Random scrolling,Social Media,Distractive,67.2,5,Outdoors,2025-12-28,Evening
8061,U0496,Flipkart,Explore,Cricket update,Sports,Distractive,25,4,Office,2025-06-10,Evening
8062,U0031,Slack,Explore,Breaking news,News,Productive,34.5,2,Cafe,2025-07-28,Late Night
8063,U0036,Instagram,Course Page,Coding practice,Education,Productive,25.9,1,Hostel,2025-07-05,Afternoon
8064,U0423,Amazon,Explore,Sports news,Sports,Distractive,12.8,4,Outdoors,2025-05-16,Afternoon
8065,U0327,LinkedIn,Search,Breaking news,News,Productive,33.2,2,Library,2025-05-28,Afternoon
8066,U0245,Gmail,Story,Live score,Sports,Distractive,17.6,2,Hostel,2025-09-20,Evening
8067,U0401,TikTok,Reels/Shorts,Trending hashtags,Social Media,Distractive,17.8,4,Cafe,2025-07-14,Late Night
8068,U0319,Udemy,Explore,Breaking news,News,Productive,24.4,1,College,2025-07-12,Afternoon
8069,U0090,Gmail,Search,Shorts,Entertainment,Distractive,69.8,4,Office,2025-06-23,Morning
8070,U0222,Slack,Reels/Shorts,DM chat casual,Social Media,Distractive,77.6,5,Library,2025-04-02,Evening
8071,U0180,Slack,Reels/Shorts,SQL tutorial,Education,Productive,37.9,1,Home,2025-09-27,Evening
8072,U0028,TikTok,Feed,Movie clips,Entertainment,Distractive,55.3,4,Library,2025-11-09,Night
8073,U0454,Twitter/X,Story,Physics lecture,Education,Productive,46.3,2,Home,2025-07-25,Morning
8074,U0058,Twitter/X,Notification,Cricket update,Sports,Distractive,12.9,2,Outdoors,2025-06-29,Morning
8075,U0058,Telegram,Story,Political news,News,Productive,58.9,3,Hostel,2025-12-28,Late Night
8076,U0114,YouTube,Search,Language learning,Education,Productive,10.6,1,Home,2025-02-20,Night
8077,U0074,Amazon,Story,Market analysis,Business,Productive,45.7,1,Cafe,2025-04-18,Morning
8078,U0125,Zoom,Feed,Viral video,Entertainment,Distractive,63.3,5,Cafe,2025-01-04,Evening
8079,U0368,Google Classroom,Reels/Shorts,Football clip,Sports,Distractive,11.4,2,Commute,2025-09-28,Night
8080,U0019,Telegram,DM/Chat,Technology news,News,Productive,16.6,1,Commute,2025-02-10,Afternoon
8081,U0500,Snapchat,DM/Chat,Skill development,Education,Productive,34.4,2,Library,2025-04-06,Night
8082,U0215,Coursera,DM/Chat,Conference call,Communication,Productive,49.3,1,Hostel,2025-09-06,Morning
8083,U0148,WhatsApp,Course Page,Startup news,Business,Productive,46.7,2,Cafe,2025-10-12,Morning
8084,U0162,Coursera,Story,Memes,Entertainment,Distractive,73.4,4,Office,2025-12-08,Morning
8085,U0487,Twitter/X,Search,Shopping,Commerce,Distractive,27.8,2,Outdoors,2025-06-06,Night
8086,U0240,Udemy,Reels/Shorts,Football clip,Sports,Distractive,50,2,Commute,2025-02-06,Afternoon
8087,U0260,Gmail,Course Page,Research paper,Education,Productive,52.2,2,Home,2025-10-14,Night
8088,U0316,Slack,Explore,Shorts,Entertainment,Distractive,89.6,5,Outdoors,2025-11-13,Afternoon
8089,U0016,Coursera,Watch,Technology news,News,Productive,44.6,3,Commute,2025-09-09,Afternoon
8090,U0061,Amazon,Search,Stock market,Business,Productive,8.2,1,Cafe,2025-10-04,Morning
8091,U0109,Coursera,Notification,Viral video,Entertainment,Distractive,76.5,4,Library,2025-05-05,Morning
8092,U0101,Facebook,DM/Chat,Online sale,Commerce,Distractive,71.5,3,Office,2025-05-23,Late Night
8093,U0429,Zoom,Reels/Shorts,Live score,Sports,Distractive,42.4,2,Office,2025-10-12,Evening
8094,U0117,Instagram,Reels/Shorts,Video call,Communication,Productive,25.3,1,Home,2025-05-17,Morning
8095,U0019,LinkedIn,Reels/Shorts,Cricket update,Sports,Distractive,48,2,Home,2025-08-12,Late Night
8096,U0463,LinkedIn,Watch,Prank videos,Entertainment,Distractive,58.6,4,Office,2025-02-05,Late Night
8097,U0271,TikTok,Search,Email,Communication,Productive,48.9,1,Cafe,2025-05-28,Morning
8098,U0310,Telegram,Explore,Endless scrolling,Social Media,Distractive,66.1,4,College,2025-06-24,Morning
8099,U0130,TikTok,Notification,DM chat casual,Social Media,Distractive,74.5,5,College,2025-11-28,Afternoon
8100,U0119,Coursera,Search,Current affairs,News,Productive,36.5,2,College,2025-05-13,Late Night
8101,U0457,Snapchat,DM/Chat,LinkedIn post,Business,Productive,22.7,1,Hostel,2025-05-05,Evening
8102,U0293,Snapchat,Watch,Match highlights,Sports,Distractive,75.5,3,College,2025-11-01,Afternoon
8103,U0279,Snapchat,Course Page,Work discussion,Communication,Productive,40.8,2,Outdoors,2025-04-12,Morning
8104,U0007,Zoom,Feed,Match highlights,Sports,Distractive,21.8,4,Cafe,2025-09-26,Morning
8105,U0343,Google Classroom,Feed,Investment tips,Business,Productive,26.5,2,Cafe,2025-11-18,Night
8106,U0387,WhatsApp,Course Page,Cricket update,Sports,Distractive,14,3,Outdoors,2025-12-29,Evening
8107,U0223,LinkedIn,Search,Breaking news,News,Productive,13,3,Hostel,2025-06-16,Evening
8108,U0001,Zoom,DM/Chat,Music video,Entertainment,Distractive,1.4,4,College,2025-07-08,Late Night
8109,U0115,Zoom,Feed,Weather update,News,Productive,15,1,Office,2025-03-12,Late Night
8110,U0304,Zoom,Watch,Comedy videos,Entertainment,Distractive,33.9,5,Hostel,2025-04-13,Morning
8111,U0010,Amazon,Notification,SQL tutorial,Education,Productive,4.1,2,Cafe,2025-11-10,Evening
8112,U0049,Google Classroom,Explore,Fashion trends,Commerce,Distractive,76.7,3,College,2025-06-19,Night
8113,U0104,Coursera,Feed,Football clip,Sports,Distractive,2.1,2,Office,2025-09-27,Late Night
8114,U0431,Google Classroom,Story,Memes,Entertainment,Distractive,30.2,5,Home,2025-09-01,Evening
8115,U0027,Instagram,DM/Chat,Startup news,Business,Productive,43,1,Cafe,2025-05-18,Morning
8116,U0026,Amazon,Explore,Exam preparation,Education,Productive,32.3,1,Outdoors,2025-08-31,Late Night
8117,U0428,Zoom,Explore,Local news,News,Productive,18.9,2,Office,2025-12-09,Afternoon
8118,U0299,Slack,Search,Work discussion,Communication,Productive,42,2,Hostel,2025-10-16,Night
8119,U0496,Google Classroom,Notification,Football clip,Sports,Distractive,78.4,2,Commute,2025-11-14,Night
8120,U0065,Udemy,Search,World news,News,Productive,8.6,2,Library,2025-02-13,Evening
8121,U0272,Gmail,Watch,Shopping,Commerce,Distractive,49.7,3,Commute,2025-08-23,Evening
8122,U0092,WhatsApp,Story,Video call,Communication,Productive,19.1,1,Outdoors,2025-07-04,Morning
8123,U0361,Coursera,Course Page,Gossip,Entertainment,Distractive,61.4,5,Cafe,2025-09-19,Morning
8124,U0227,Coursera,Search,Coding practice,Education,Productive,51.4,1,Outdoors,2025-11-26,Morning
8125,U0192,Udemy,Notification,Wishlist browsing,Commerce,Distractive,65.4,2,Library,2025-03-18,Afternoon
8126,U0095,Flipkart,Story,Excel tutorial,Education,Productive,27.7,1,Office,2025-04-02,Afternoon
8127,U0202,TikTok,Feed,Local news,News,Productive,6.3,1,Commute,2025-05-27,Afternoon
8128,U0097,WhatsApp,Search,Breaking news,News,Productive,17.1,1,Library,2025-06-09,Late Night
8129,U0074,Slack,Watch,Web development course,Education,Productive,46.4,1,Hostel,2025-12-23,Night
8130,U0424,Udemy,DM/Chat,Football clip,Sports,Distractive,3.1,3,Library,2025-12-05,Late Night
8131,U0331,Gmail,Reels/Shorts,Dance videos,Entertainment,Distractive,24.9,5,Outdoors,2025-04-30,Afternoon
8132,U0109,LinkedIn,DM/Chat,Excel tutorial,Education,Productive,45.1,1,Home,2025-02-27,Late Night
8133,U0328,Instagram,DM/Chat,Client proposal,Business,Productive,58.5,2,Hostel,2025-10-30,Evening
8134,U0334,Zoom,Reels/Shorts,Sports news,Sports,Distractive,48.9,2,College,2025-07-04,Night
8135,U0206,WhatsApp,Story,Discount coupons,Commerce,Distractive,81.4,3,Office,2025-02-19,Late Night
8136,U0389,WhatsApp,Watch,Trending challenge,Entertainment,Distractive,11.4,4,College,2025-09-01,Night
8137,U0155,WhatsApp,Notification,Weather update,News,Productive,39.6,2,Home,2025-10-08,Evening
8138,U0169,Twitter/X,Search,Language learning,Education,Productive,58.6,1,Library,2025-07-09,Evening
8139,U0002,Snapchat,Feed,Trending hashtags,Social Media,Distractive,69.5,5,Commute,2025-07-31,Morning
8140,U0252,Facebook,Feed,Wishlist browsing,Commerce,Distractive,55,3,Office,2025-07-05,Late Night
8141,U0362,Gmail,Feed,Weather update,News,Productive,27.3,2,College,2025-01-22,Night
8142,U0128,Coursera,Feed,Data Science course,Education,Productive,14.2,1,Office,2025-04-19,Afternoon
8143,U0420,Twitter/X,Course Page,Random scrolling,Social Media,Distractive,65.1,4,Cafe,2025-06-13,Afternoon
8144,U0452,TikTok,Feed,Wishlist browsing,Commerce,Distractive,71.4,3,Hostel,2025-09-01,Evening
8145,U0299,TikTok,DM/Chat,Email,Communication,Productive,57.9,1,Office,2025-05-09,Evening
8146,U0219,Coursera,Course Page,Online sale,Commerce,Distractive,13.7,2,Cafe,2025-04-22,Late Night
8147,U0488,YouTube,Course Page,Excel tutorial,Education,Productive,35.4,2,College,2025-01-03,Evening
8148,U0212,Gmail,Reels/Shorts,Voice message,Communication,Productive,38,1,Home,2025-09-29,Morning
8149,U0032,Flipkart,Reels/Shorts,Trending hashtags,Social Media,Distractive,69.9,5,Library,2025-11-17,Afternoon
8150,U0170,Flipkart,DM/Chat,Market analysis,Business,Productive,17.1,1,Cafe,2025-11-24,Late Night
8151,U0429,Snapchat,Notification,Exam preparation,Education,Productive,57.7,2,Home,2025-08-02,Evening
8152,U0138,Gmail,Course Page,Shopping,Commerce,Distractive,71.7,3,Library,2025-12-13,Afternoon
8153,U0317,Zoom,Search,Wishlist browsing,Commerce,Distractive,85.5,3,Hostel,2025-04-13,Late Night
8154,U0099,LinkedIn,Search,Flash deals,Commerce,Distractive,64.2,2,Hostel,2025-10-19,Late Night
8155,U0140,Google Classroom,Course Page,Machine Learning,Education,Productive,24.8,2,Office,2025-05-28,Late Night
8156,U0043,WhatsApp,Notification,Memes,Entertainment,Distractive,80.3,4,Office,2025-06-22,Evening
8157,U0311,WhatsApp,Course Page,Project management,Business,Productive,39.2,2,Office,2025-08-13,Afternoon
8158,U0220,Coursera,Explore,Match highlights,Sports,Distractive,55.8,2,Home,2025-10-13,Night
8159,U0365,TikTok,DM/Chat,Online certification,Education,Productive,5.4,1,Commute,2025-01-25,Morning
8160,U0455,Google Classroom,Feed,Resume building,Business,Productive,45.2,1,Library,2025-06-09,Morning
8161,U0432,Udemy,Reels/Shorts,Cricket update,Sports,Distractive,18.8,2,Outdoors,2025-09-02,Night
8162,U0023,Google Classroom,Feed,Weather update,News,Productive,16.4,2,Home,2025-05-20,Afternoon
8163,U0358,Google Classroom,Course Page,Discount coupons,Commerce,Distractive,67.1,3,Hostel,2025-04-07,Evening
8164,U0125,WhatsApp,Search,Prank videos,Entertainment,Distractive,12.5,4,Cafe,2025-03-02,Evening
8165,U0386,LinkedIn,Notification,Random scrolling,Social Media,Distractive,42.9,4,Home,2025-11-27,Evening
8166,U0444,Facebook,Reels/Shorts,Excel tutorial,Education,Productive,45.5,1,Office,2025-07-11,Late Night
8167,U0456,Zoom,Feed,Breaking news,News,Productive,42.7,1,Cafe,2025-11-21,Morning
8168,U0451,Twitter/X,Notification,Sports news,Sports,Distractive,22.6,4,College,2025-07-28,Afternoon
8169,U0072,Amazon,Search,World news,News,Productive,31.1,1,Cafe,2025-06-07,Morning
8170,U0491,Facebook,Search,Team meeting,Communication,Productive,29.2,1,Home,2025-04-16,Late Night
8171,U0481,Telegram,Story,Business news,Business,Productive,30.5,1,Home,2025-07-18,Evening
8172,U0260,Flipkart,Story,Local news,News,Productive,44.7,3,Office,2025-11-11,Late Night
8173,U0411,LinkedIn,Notification,Fashion trends,Commerce,Distractive,61.8,2,Commute,2025-09-18,Afternoon
8174,U0429,TikTok,Feed,Excel tutorial,Education,Productive,47.3,2,Cafe,2025-07-12,Afternoon
8175,U0173,Udemy,DM/Chat,Endless scrolling,Social Media,Distractive,86.3,5,College,2025-10-08,Late Night
8176,U0327,Gmail,Story,World news,News,Productive,15.2,2,Commute,2025-11-01,Evening
8177,U0101,Coursera,DM/Chat,Interview preparation,Education,Productive,54.7,2,Cafe,2025-12-14,Afternoon
8178,U0318,Slack,Watch,Endless scrolling,Social Media,Distractive,77.9,5,Library,2025-04-22,Late Night
8179,U0003,Zoom,Course Page,Online certification,Education,Productive,45.1,2,Office,2025-08-31,Late Night
8180,U0354,Google Classroom,Notification,Fashion trends,Commerce,Distractive,33.5,3,Hostel,2025-09-05,Late Night
8181,U0246,TikTok,Notification,Flash deals,Commerce,Distractive,32.7,2,Commute,2025-02-26,Afternoon
8182,U0007,Slack,DM/Chat,Data Science course,Education,Productive,25.8,1,Hostel,2025-04-26,Night
8183,U0321,Flipkart,Explore,Follower count check,Social Media,Distractive,64.3,5,College,2025-06-21,Evening
8184,U0312,Coursera,Notification,Client call,Communication,Productive,25.7,1,Cafe,2025-06-11,Morning
8185,U0044,Snapchat,Search,Shorts,Entertainment,Distractive,72.3,4,College,2025-05-17,Morning
8186,U0343,Instagram,Story,Data Science course,Education,Productive,3,1,Cafe,2025-06-07,Afternoon
8187,U0056,Amazon,Notification,Work discussion,Communication,Productive,41.6,2,Home,2025-11-29,Late Night
8188,U0098,Amazon,Story,SQL tutorial,Education,Productive,7,1,Outdoors,2025-03-15,Night
8189,U0214,Amazon,Explore,Music video,Entertainment,Distractive,34.1,5,Office,2025-05-29,Night
8190,U0190,Zoom,Story,LinkedIn post,Business,Productive,35.8,2,Office,2025-03-18,Morning
8191,U0155,TikTok,Feed,Data Science course,Education,Productive,2.3,1,Office,2025-08-08,Late Night
8192,U0297,Udemy,Explore,Fashion trends,Commerce,Distractive,67,3,Office,2025-01-25,Afternoon
8193,U0319,Gmail,Course Page,Cricket update,Sports,Distractive,31.4,2,Commute,2025-12-06,Night
8194,U0205,Twitter/X,Explore,Prank videos,Entertainment,Distractive,88.2,4,Outdoors,2025-02-17,Morning
8195,U0086,Amazon,Search,Freelance work,Business,Productive,9,1,Library,2025-10-14,Night
8196,U0325,Twitter/X,Course Page,Conference call,Communication,Productive,21.1,2,Library,2025-11-17,Night
8197,U0074,LinkedIn,DM/Chat,Client proposal,Business,Productive,5.6,2,Commute,2025-09-24,Night
8198,U0499,Twitter/X,Notification,Physics lecture,Education,Productive,34.7,1,Cafe,2025-09-01,Night
8199,U0141,Gmail,Watch,Random scrolling,Social Media,Distractive,81.9,4,Library,2025-11-11,Afternoon
8200,U0332,Twitter/X,Explore,Group chat,Communication,Productive,18.7,1,Hostel,2025-12-21,Afternoon
8201,U0236,TikTok,Course Page,Endless scrolling,Social Media,Distractive,62.3,5,Home,2025-07-23,Evening
8202,U0460,Flipkart,Feed,Gaming,Entertainment,Distractive,20.9,5,Commute,2025-01-07,Morning
8203,U0439,Flipkart,Course Page,Shopping,Commerce,Distractive,67.4,3,Cafe,2025-09-03,Late Night
8204,U0363,Coursera,Course Page,Live score,Sports,Distractive,65.9,2,Office,2025-10-12,Night
8205,U0212,TikTok,Notification,Political news,News,Productive,22.1,2,Cafe,2025-03-19,Late Night
8206,U0411,Amazon,Watch,Trending hashtags,Social Media,Distractive,43,4,Outdoors,2025-12-20,Night
8207,U0318,Slack,Explore,Shorts,Entertainment,Distractive,44.4,5,Cafe,2025-09-27,Late Night
8208,U0486,LinkedIn,Explore,Shopping,Commerce,Distractive,2.3,3,Home,2025-05-11,Evening
8209,U0214,Coursera,Story,Political news,News,Productive,43.5,3,College,2025-01-01,Morning
8210,U0010,Gmail,Explore,Live score,Sports,Distractive,3.2,4,Cafe,2025-07-07,Afternoon
8211,U0380,Zoom,Reels/Shorts,AI fundamentals,Education,Productive,22.2,1,Outdoors,2025-05-22,Afternoon
8212,U0029,Coursera,DM/Chat,Email,Communication,Productive,57.5,1,Cafe,2025-05-04,Late Night
8213,U0451,Udemy,Story,Conference call,Communication,Productive,46.5,1,Outdoors,2025-06-02,Morning
8214,U0137,Instagram,Feed,LinkedIn post,Business,Productive,55.8,2,Hostel,2025-11-20,Night
8215,U0443,Slack,Watch,Like notifications,Social Media,Distractive,12.6,4,Home,2025-07-16,Afternoon
8216,U0399,Instagram,Search,Funny compilation,Entertainment,Distractive,67.8,4,Office,2025-06-28,Afternoon
8217,U0434,Facebook,Search,Product review,Commerce,Distractive,2.9,3,Library,2025-10-03,Evening
8218,U0425,Snapchat,Story,Language learning,Education,Productive,7,1,Outdoors,2025-03-01,Night
8219,U0390,Google Classroom,Explore,Family chat,Communication,Productive,28,2,Library,2025-11-02,Morning
8220,U0498,Flipkart,Feed,Dance videos,Entertainment,Distractive,40.5,4,College,2025-04-17,Late Night
8221,U0237,Flipkart,Reels/Shorts,World news,News,Productive,16.4,3,Library,2025-07-04,Evening
8222,U0001,Amazon,Watch,Product review,Commerce,Distractive,69.6,3,Outdoors,2025-07-29,Afternoon
8223,U0009,Google Classroom,Notification,Flash deals,Commerce,Distractive,79.1,2,Outdoors,2025-04-19,Night
8224,U0406,TikTok,Reels/Shorts,Business news,Business,Productive,29.2,2,Cafe,2025-04-13,Afternoon
8225,U0062,Udemy,Search,Product review,Commerce,Distractive,72.2,2,Office,2025-07-04,Evening
8226,U0006,Instagram,Reels/Shorts,Gossip,Entertainment,Distractive,49.3,5,Home,2025-11-10,Morning
8227,U0309,TikTok,DM/Chat,Video call,Communication,Productive,52.3,1,Home,2025-01-07,Morning
8228,U0442,Zoom,Notification,AI fundamentals,Education,Productive,45.6,1,Library,2025-06-06,Morning
8229,U0480,Telegram,Feed,Weather update,News,Productive,27.7,1,Outdoors,2025-02-03,Late Night
8230,U0280,Udemy,Feed,Match highlights,Sports,Distractive,17.9,4,Commute,2025-01-29,Evening
8231,U0146,Snapchat,Watch,Investment tips,Business,Productive,15.9,1,Hostel,2025-12-10,Late Night
8232,U0304,Udemy,Watch,Weather update,News,Productive,11.7,3,Commute,2025-09-09,Night
8233,U0476,Facebook,Reels/Shorts,Current affairs,News,Productive,17.2,2,Library,2025-09-18,Afternoon
8234,U0112,WhatsApp,DM/Chat,Breaking news,News,Productive,43.4,1,Home,2025-02-05,Late Night
8235,U0216,Facebook,Explore,Wishlist browsing,Commerce,Distractive,42.5,2,Office,2025-05-07,Evening
8236,U0071,Twitter/X,Explore,Group chat,Communication,Productive,6.8,2,Outdoors,2025-06-17,Night
8237,U0479,Facebook,DM/Chat,Football clip,Sports,Distractive,32.8,4,Library,2025-02-06,Late Night
8238,U0103,TikTok,Feed,Dance videos,Entertainment,Distractive,27.6,5,Library,2025-06-21,Night
8239,U0235,Telegram,Notification,TV show clip,Entertainment,Distractive,58.3,4,Home,2025-02-24,Night
8240,U0027,TikTok,Story,Video call,Communication,Productive,16.4,2,Hostel,2025-07-05,Morning
8241,U0233,TikTok,Watch,Job search,Business,Productive,47.1,2,Cafe,2025-01-18,Night
8242,U0098,WhatsApp,Feed,Client call,Communication,Productive,19.7,1,Library,2025-06-19,Morning
8243,U0294,Coursera,Watch,Live score,Sports,Distractive,80.3,4,Outdoors,2025-12-25,Late Night
8244,U0445,YouTube,Notification,Networking,Business,Productive,52.5,1,Outdoors,2025-08-17,Late Night
8245,U0223,Snapchat,Notification,Follower count check,Social Media,Distractive,53.4,4,Office,2025-03-02,Night
8246,U0221,Coursera,Notification,Discount coupons,Commerce,Distractive,78.4,2,Cafe,2025-09-09,Late Night
8247,U0035,Telegram,Reels/Shorts,Project management,Business,Productive,43.6,2,College,2025-06-19,Morning
8248,U0490,Instagram,DM/Chat,Shopping,Commerce,Distractive,30.1,3,Home,2025-11-16,Morning
8249,U0221,WhatsApp,Reels/Shorts,Football clip,Sports,Distractive,63.1,3,Cafe,2025-01-12,Night
8250,U0248,Google Classroom,Course Page,Live score,Sports,Distractive,2.8,2,Office,2025-07-22,Afternoon
8251,U0134,TikTok,Search,Viral video,Entertainment,Distractive,13.1,5,Commute,2025-01-23,Night
8252,U0381,WhatsApp,Notification,Cricket update,Sports,Distractive,75.6,2,Library,2025-10-06,Afternoon
8253,U0032,WhatsApp,Explore,Trending hashtags,Social Media,Distractive,46.1,4,Cafe,2025-10-17,Night
8254,U0040,Facebook,Story,Live score,Sports,Distractive,44,4,College,2025-02-22,Night
8255,U0227,Twitter/X,Watch,Dance videos,Entertainment,Distractive,16.8,4,Outdoors,2025-06-13,Night
8256,U0473,LinkedIn,Feed,Local news,News,Productive,8.4,1,Hostel,2025-07-17,Morning
8257,U0263,Facebook,Explore,Client proposal,Business,Productive,5.5,1,Cafe,2025-01-19,Late Night
8258,U0063,Instagram,DM/Chat,Like notifications,Social Media,Distractive,53.5,4,Library,2025-06-02,Late Night
8259,U0057,Twitter/X,Watch,Machine Learning,Education,Productive,38.7,1,Library,2025-10-21,Afternoon
8260,U0050,Facebook,Search,Sports news,Sports,Distractive,9.3,4,Commute,2025-10-26,Late Night
8261,U0335,WhatsApp,DM/Chat,Voice message,Communication,Productive,23.8,2,Outdoors,2025-12-07,Late Night
8262,U0343,Facebook,Notification,Trending hashtags,Social Media,Distractive,6.3,5,Library,2025-11-13,Night
8263,U0048,Udemy,Search,Resume building,Business,Productive,37.2,1,College,2025-04-22,Morning
8264,U0048,YouTube,Notification,Story updates,Social Media,Distractive,27,5,Library,2025-05-23,Afternoon
8265,U0133,Snapchat,Notification,Email,Communication,Productive,32,1,Office,2025-10-28,Morning
8266,U0091,YouTube,Story,Random scrolling,Social Media,Distractive,83,5,Cafe,2025-05-08,Afternoon
8267,U0379,Flipkart,Watch,Email,Communication,Productive,12.3,2,Cafe,2025-05-30,Afternoon
8268,U0371,Gmail,Notification,Networking,Business,Productive,58.3,1,College,2025-01-13,Evening
8269,U0083,YouTube,Notification,Competitive exam tips,Education,Productive,41.6,2,College,2025-07-27,Night
8270,U0263,TikTok,DM/Chat,World news,News,Productive,23,1,Home,2025-08-26,Afternoon
8271,U0456,Twitter/X,Watch,Influencer content,Social Media,Distractive,56.9,5,Commute,2025-08-06,Night
8272,U0228,Google Classroom,Feed,Reels,Entertainment,Distractive,80.2,5,Cafe,2025-08-03,Morning
8273,U0249,Telegram,DM/Chat,Gossip,Entertainment,Distractive,71.7,5,Home,2025-03-03,Late Night
8274,U0304,Coursera,Feed,Voice message,Communication,Productive,1.3,1,Library,2025-06-01,Morning
8275,U0392,Snapchat,Search,Discount coupons,Commerce,Distractive,34.5,2,Office,2025-12-17,Afternoon
8276,U0474,Flipkart,Course Page,Shopping,Commerce,Distractive,53.8,2,Outdoors,2025-07-28,Evening
8277,U0329,Slack,Notification,Job search,Business,Productive,19.7,2,Outdoors,2025-10-16,Morning
8278,U0355,Flipkart,Search,Funny compilation,Entertainment,Distractive,18.5,5,Home,2025-05-05,Afternoon
8279,U0386,Snapchat,DM/Chat,Endless scrolling,Social Media,Distractive,15.9,4,Home,2025-01-26,Morning
8280,U0466,Coursera,Watch,Email,Communication,Productive,7.3,2,Commute,2025-12-18,Late Night
8281,U0023,Snapchat,Reels/Shorts,Networking,Business,Productive,45.4,1,Commute,2025-02-08,Morning
8282,U0176,YouTube,Explore,Excel tutorial,Education,Productive,25,2,Commute,2025-11-04,Afternoon
8283,U0067,Zoom,Feed,Discount coupons,Commerce,Distractive,3.2,2,College,2025-06-04,Evening
8284,U0371,Facebook,Reels/Shorts,Shopping,Commerce,Distractive,44,3,Cafe,2025-05-15,Night
8285,U0332,Amazon,Search,Physics lecture,Education,Productive,9.2,2,Cafe,2025-12-05,Late Night
8286,U0148,LinkedIn,Explore,Cricket update,Sports,Distractive,3.7,2,Outdoors,2025-07-22,Late Night
8287,U0475,Gmail,Feed,Work discussion,Communication,Productive,45.2,2,College,2025-06-28,Afternoon
8288,U0323,Coursera,Story,Endless scrolling,Social Media,Distractive,27.4,5,Hostel,2025-08-16,Late Night
8289,U0263,Zoom,Watch,Trending hashtags,Social Media,Distractive,28.9,4,Outdoors,2025-06-26,Late Night
8290,U0005,Coursera,Search,Conference call,Communication,Productive,38.8,2,Library,2025-04-12,Evening
8291,U0216,Facebook,Course Page,Influencer content,Social Media,Distractive,24.1,4,College,2025-07-16,Afternoon
8292,U0289,Amazon,Explore,Story updates,Social Media,Distractive,60.3,4,Home,2025-06-20,Late Night
8293,U0106,WhatsApp,Course Page,Breaking news,News,Productive,46.3,3,Hostel,2025-07-11,Night
8294,U0047,YouTube,Search,Freelance work,Business,Productive,46.6,2,Outdoors,2025-11-23,Night
8295,U0332,WhatsApp,DM/Chat,Cricket update,Sports,Distractive,46.1,4,College,2025-01-12,Afternoon
8296,U0331,Google Classroom,Feed,Competitive exam tips,Education,Productive,11.3,2,Library,2025-08-03,Evening
8297,U0082,WhatsApp,Feed,Machine Learning,Education,Productive,32.4,1,Outdoors,2025-10-12,Late Night
8298,U0413,Snapchat,Feed,Random scrolling,Social Media,Distractive,46.6,4,Hostel,2025-07-02,Afternoon
8299,U0385,Google Classroom,Notification,AI fundamentals,Education,Productive,58.4,2,Home,2025-04-03,Evening
8300,U0351,Slack,Reels/Shorts,Online sale,Commerce,Distractive,9,3,Hostel,2025-10-29,Morning
8301,U0387,Coursera,Search,Match highlights,Sports,Distractive,59.4,3,Commute,2025-07-10,Night
8302,U0085,Zoom,Notification,Football clip,Sports,Distractive,83.9,3,Home,2025-09-25,Evening
8303,U0194,WhatsApp,Notification,Market analysis,Business,Productive,8.4,2,Office,2025-07-29,Morning
8304,U0268,Slack,Search,DM chat casual,Social Media,Distractive,69.3,5,Hostel,2025-08-29,Afternoon
8305,U0135,Gmail,Notification,Resume building,Business,Productive,44,1,Hostel,2025-09-17,Morning
8306,U0356,Slack,Search,Market analysis,Business,Productive,20.3,2,Hostel,2025-08-14,Afternoon
8307,U0224,Google Classroom,Reels/Shorts,Shorts,Entertainment,Distractive,56.6,5,Outdoors,2025-02-05,Night
8308,U0220,Gmail,Search,Project management,Business,Productive,48.6,2,Office,2025-07-04,Night
8309,U0259,WhatsApp,Watch,Follower count check,Social Media,Distractive,39.3,5,Commute,2025-11-07,Late Night
8310,U0053,Twitter/X,Feed,Current affairs,News,Productive,36.1,2,Commute,2025-04-28,Afternoon
8311,U0279,Flipkart,DM/Chat,Current affairs,News,Productive,3.8,3,Hostel,2025-07-08,Evening
8312,U0054,Slack,Notification,World news,News,Productive,3.6,1,Outdoors,2025-02-25,Late Night
8313,U0382,Flipkart,Reels/Shorts,Sports news,Sports,Distractive,46.7,2,Hostel,2025-11-16,Night
8314,U0444,Udemy,Reels/Shorts,Like notifications,Social Media,Distractive,75.1,5,Outdoors,2025-12-02,Evening
8315,U0118,Gmail,Story,Resume building,Business,Productive,31.5,1,College,2025-05-07,Late Night
8316,U0277,Flipkart,Feed,TV show clip,Entertainment,Distractive,88.9,5,Cafe,2025-06-06,Morning
8317,U0266,Telegram,Feed,Endless scrolling,Social Media,Distractive,18.2,4,Outdoors,2025-12-02,Late Night
8318,U0164,Coursera,Watch,Prank videos,Entertainment,Distractive,47.8,5,College,2025-06-15,Night
8319,U0310,Google Classroom,Feed,Football clip,Sports,Distractive,81.1,2,Cafe,2025-10-11,Night
8320,U0268,Zoom,Reels/Shorts,Weather update,News,Productive,12.8,3,Outdoors,2025-01-09,Night
8321,U0058,Twitter/X,Feed,Live score,Sports,Distractive,69.1,2,College,2025-05-24,Morning
8322,U0243,Telegram,Feed,Project management,Business,Productive,46.9,1,Office,2025-12-31,Morning
8323,U0461,TikTok,Course Page,Cricket update,Sports,Distractive,2.8,3,Commute,2025-09-12,Evening
8324,U0271,YouTube,Feed,Stock market,Business,Productive,32.5,2,Home,2025-01-19,Morning
8325,U0309,TikTok,Search,Project management,Business,Productive,4.7,1,College,2025-03-04,Late Night
8326,U0077,Instagram,Feed,SQL tutorial,Education,Productive,35.4,2,Cafe,2025-03-25,Afternoon
8327,U0325,Coursera,Watch,Wishlist browsing,Commerce,Distractive,32.1,3,Cafe,2025-06-23,Morning
8328,U0086,Google Classroom,Search,Celebrity,Entertainment,Distractive,58.3,5,Office,2025-03-06,Morning
8329,U0176,Facebook,Feed,Team meeting,Communication,Productive,28.9,2,Hostel,2025-05-15,Afternoon
8330,U0021,Telegram,Reels/Shorts,Breaking news,News,Productive,55.5,2,Library,2025-12-19,Night
8331,U0060,Udemy,Watch,Voice message,Communication,Productive,19.3,2,Hostel,2025-08-05,Afternoon
8332,U0355,Slack,Watch,Trending challenge,Entertainment,Distractive,43.7,5,College,2025-08-07,Late Night
8333,U0345,LinkedIn,Course Page,Technology news,News,Productive,40.9,3,Hostel,2025-10-11,Afternoon
8334,U0471,Zoom,Reels/Shorts,Flash deals,Commerce,Distractive,84.8,2,Commute,2025-12-04,Morning
8335,U0441,Amazon,Course Page,Colleague message,Communication,Productive,1.8,2,Cafe,2025-12-12,Morning
8336,U0270,Coursera,Course Page,Project update,Communication,Productive,20.7,1,College,2025-02-22,Afternoon
8337,U0169,Coursera,Reels/Shorts,Wishlist browsing,Commerce,Distractive,68.8,2,Library,2025-11-09,Evening
8338,U0318,Telegram,Feed,Live score,Sports,Distractive,9.7,2,College,2025-12-05,Late Night
8339,U0231,Flipkart,DM/Chat,Random scrolling,Social Media,Distractive,29.9,4,Office,2025-07-04,Afternoon
8340,U0425,Facebook,Feed,Excel tutorial,Education,Productive,50.1,2,Hostel,2025-07-03,Late Night
8341,U0080,Instagram,Notification,Random scrolling,Social Media,Distractive,89.3,5,Commute,2025-10-14,Late Night
8342,U0312,Google Classroom,Explore,Business news,Business,Productive,12.2,2,Home,2025-09-16,Afternoon
8343,U0489,Amazon,Reels/Shorts,Cricket update,Sports,Distractive,90,2,Library,2025-04-10,Late Night
8344,U0280,WhatsApp,Feed,Trending hashtags,Social Media,Distractive,16.9,5,Hostel,2025-04-26,Late Night
8345,U0174,Flipkart,Watch,Product review,Commerce,Distractive,24,2,Outdoors,2025-01-07,Night
8346,U0332,Twitter/X,Notification,Random scrolling,Social Media,Distractive,49.6,5,Office,2025-03-21,Afternoon
8347,U0462,Gmail,Feed,Gaming,Entertainment,Distractive,70,4,Commute,2025-09-06,Evening
8348,U0298,Telegram,Course Page,Weather update,News,Productive,32.2,1,Office,2025-08-14,Evening
8349,U0063,YouTube,Course Page,Cricket update,Sports,Distractive,52.2,4,College,2025-01-24,Evening
8350,U0193,Telegram,Search,Current affairs,News,Productive,35.3,2,Library,2025-04-15,Late Night
8351,U0077,Slack,Course Page,Political news,News,Productive,11,2,Hostel,2025-05-08,Night
8352,U0369,LinkedIn,Watch,Random scrolling,Social Media,Distractive,76.1,4,Outdoors,2025-07-04,Late Night
8353,U0155,Telegram,Notification,Match highlights,Sports,Distractive,47.8,4,Commute,2025-01-25,Night
8354,U0383,Amazon,Search,Influencer content,Social Media,Distractive,27.1,4,College,2025-09-27,Night
8355,U0338,Instagram,DM/Chat,Video call,Communication,Productive,1.1,1,Home,2025-05-06,Evening
8356,U0114,Amazon,Reels/Shorts,Investment tips,Business,Productive,28.4,2,Office,2025-09-29,Night
8357,U0368,Udemy,Notification,Resume building,Business,Productive,59.4,2,Library,2025-08-06,Morning
8358,U0152,Flipkart,Story,Coding practice,Education,Productive,44.2,2,Office,2025-09-16,Morning
8359,U0285,Gmail,Search,Wishlist browsing,Commerce,Distractive,75.7,2,Outdoors,2025-01-16,Morning
8360,U0126,Facebook,Reels/Shorts,Team meeting,Communication,Productive,29.6,2,Office,2025-12-17,Late Night
8361,U0253,TikTok,Explore,Shopping,Commerce,Distractive,76.5,3,Cafe,2025-05-09,Late Night
8362,U0209,Gmail,DM/Chat,Prank videos,Entertainment,Distractive,18.6,4,Office,2025-03-08,Morning
8363,U0429,Gmail,Search,Resume building,Business,Productive,52.7,1,Cafe,2025-04-22,Evening
8364,U0457,Facebook,Notification,Like notifications,Social Media,Distractive,87.1,4,Cafe,2025-12-26,Afternoon
8365,U0181,Amazon,Feed,Memes,Entertainment,Distractive,15.5,4,Home,2025-10-26,Morning
8366,U0007,Google Classroom,Story,Competitive exam tips,Education,Productive,4.4,1,Outdoors,2025-04-30,Evening
8367,U0242,Snapchat,Story,Investment tips,Business,Productive,42.1,2,Office,2025-08-07,Morning
8368,U0478,Zoom,Reels/Shorts,Influencer content,Social Media,Distractive,47.6,5,Office,2025-12-30,Afternoon
8369,U0111,Facebook,Reels/Shorts,Live score,Sports,Distractive,77.8,2,Hostel,2025-11-30,Morning
8370,U0169,Twitter/X,Notification,Job search,Business,Productive,43.1,1,Cafe,2025-12-13,Evening
8371,U0215,Gmail,Explore,Email,Communication,Productive,39.4,1,Home,2025-08-19,Late Night
8372,U0020,TikTok,Watch,Shopping,Commerce,Distractive,26.7,3,Office,2025-01-02,Night
8373,U0046,Coursera,Story,Cricket update,Sports,Distractive,61.1,2,Office,2025-05-01,Afternoon
8374,U0178,LinkedIn,Reels/Shorts,Market analysis,Business,Productive,31,2,Hostel,2025-12-13,Morning
8375,U0399,WhatsApp,Reels/Shorts,Memes,Entertainment,Distractive,59.3,4,Hostel,2025-03-13,Evening
8376,U0367,Zoom,Explore,Sports news,Sports,Distractive,36.7,4,Outdoors,2025-06-06,Night
8377,U0119,Flipkart,Course Page,Follower count check,Social Media,Distractive,28.9,4,College,2025-10-19,Evening
8378,U0485,Zoom,Notification,Memes,Entertainment,Distractive,13.5,5,Commute,2025-12-07,Morning
8379,U0441,Flipkart,Watch,Influencer content,Social Media,Distractive,71.6,4,Cafe,2025-08-19,Evening
8380,U0335,Flipkart,DM/Chat,History lecture,Education,Productive,16.1,2,Office,2025-06-24,Evening
8381,U0332,Coursera,Search,Networking,Business,Productive,25.9,1,Office,2025-10-19,Night
8382,U0476,Gmail,Explore,Gaming,Entertainment,Distractive,62.6,5,Outdoors,2025-12-09,Afternoon
8383,U0044,Snapchat,Feed,World news,News,Productive,6.9,2,Outdoors,2025-07-22,Morning
8384,U0218,Telegram,DM/Chat,Excel tutorial,Education,Productive,59.5,2,Office,2025-09-23,Night
8385,U0459,WhatsApp,Notification,Trending hashtags,Social Media,Distractive,75,5,Commute,2025-08-26,Late Night
8386,U0085,Snapchat,Reels/Shorts,Colleague message,Communication,Productive,16.7,2,Hostel,2025-10-13,Late Night
8387,U0398,Flipkart,Story,Weather update,News,Productive,8.1,3,Commute,2025-02-22,Morning
8388,U0340,Telegram,Course Page,Political news,News,Productive,14.9,2,Home,2025-05-14,Late Night
8389,U0221,Snapchat,Course Page,Chemistry notes,Education,Productive,46.5,1,Office,2025-09-10,Evening
8390,U0499,LinkedIn,Reels/Shorts,Machine Learning,Education,Productive,22.6,1,Hostel,2025-05-01,Morning
8391,U0427,Flipkart,Story,Video call,Communication,Productive,27.9,2,Library,2025-11-05,Afternoon
8392,U0299,Instagram,Reels/Shorts,Email,Communication,Productive,48,2,Outdoors,2025-07-27,Night
8393,U0154,Telegram,Reels/Shorts,Product review,Commerce,Distractive,74.7,3,College,2025-01-14,Morning
8394,U0345,LinkedIn,Course Page,Story updates,Social Media,Distractive,60.1,5,Home,2025-05-21,Afternoon
8395,U0038,Slack,Course Page,Group chat,Communication,Productive,52.8,1,Home,2025-10-16,Afternoon
8396,U0316,Udemy,DM/Chat,Web development course,Education,Productive,21.1,1,Commute,2025-12-07,Late Night
8397,U0148,Udemy,Course Page,Live score,Sports,Distractive,14.9,3,College,2025-08-08,Night
8398,U0138,Snapchat,Story,Exam preparation,Education,Productive,34.3,2,Library,2025-05-11,Evening
8399,U0388,Facebook,Notification,Football clip,Sports,Distractive,81.3,3,Home,2025-09-14,Late Night
8400,U0370,Amazon,Story,Technology news,News,Productive,58.8,1,Hostel,2025-02-24,Night
8401,U0468,Amazon,Feed,World news,News,Productive,7.2,2,College,2025-12-11,Morning
8402,U0204,Coursera,Explore,Client proposal,Business,Productive,52.5,1,Hostel,2025-06-30,Night
8403,U0418,Flipkart,Search,Colleague message,Communication,Productive,49,1,Office,2025-04-08,Night
8404,U0089,Amazon,Watch,Random scrolling,Social Media,Distractive,43,4,Home,2025-03-02,Evening
8405,U0467,Udemy,Watch,Discount coupons,Commerce,Distractive,48.5,2,Library,2025-06-22,Late Night
8406,U0293,Zoom,Course Page,Weather update,News,Productive,36.3,2,Hostel,2025-07-24,Evening
8407,U0064,Zoom,Story,Client call,Communication,Productive,2,2,Library,2025-04-02,Afternoon
8408,U0259,Zoom,Search,Resume building,Business,Productive,29.8,1,Office,2025-12-15,Evening
8409,U0235,Amazon,Watch,Voice message,Communication,Productive,20.5,2,Office,2025-09-04,Afternoon
8410,U0086,LinkedIn,Explore,Stock market,Business,Productive,30.9,2,Library,2025-11-08,Evening
8411,U0011,Instagram,Watch,Shorts,Entertainment,Distractive,47.7,5,Home,2025-01-06,Night
8412,U0261,Slack,Course Page,Fashion trends,Commerce,Distractive,88.9,2,Office,2025-05-18,Morning
8413,U0119,Twitter/X,Feed,Market analysis,Business,Productive,2.8,1,Office,2025-08-29,Afternoon
8414,U0081,Amazon,Course Page,Story updates,Social Media,Distractive,3.2,4,Office,2025-07-24,Night
8415,U0252,Flipkart,Course Page,Conference call,Communication,Productive,54.4,1,College,2025-07-04,Night
8416,U0228,Udemy,Story,Local news,News,Productive,15.2,1,Hostel,2025-04-27,Late Night
8417,U0371,Coursera,Explore,Wishlist browsing,Commerce,Distractive,11.4,2,Cafe,2025-05-03,Late Night
8418,U0038,Snapchat,Notification,Flash deals,Commerce,Distractive,59.3,2,Library,2025-07-30,Late Night
8419,U0355,Udemy,Notification,DM chat casual,Social Media,Distractive,85.4,4,Library,2025-01-06,Morning
8420,U0305,Flipkart,Explore,Current affairs,News,Productive,19.2,3,College,2025-06-14,Late Night
8421,U0378,Google Classroom,Notification,Flash deals,Commerce,Distractive,14.2,3,Outdoors,2025-06-12,Late Night
8422,U0010,Twitter/X,Reels/Shorts,Local news,News,Productive,59.9,3,Library,2025-12-10,Late Night
8423,U0490,Udemy,DM/Chat,Business news,Business,Productive,49,2,Office,2025-01-04,Late Night
8424,U0302,LinkedIn,Explore,Local news,News,Productive,42.5,2,Office,2025-09-15,Night
8425,U0267,WhatsApp,Reels/Shorts,TV show clip,Entertainment,Distractive,77.5,4,Office,2025-01-31,Evening
8426,U0352,WhatsApp,DM/Chat,Work discussion,Communication,Productive,15.7,1,Office,2025-10-13,Late Night
8427,U0292,LinkedIn,Story,DM chat casual,Social Media,Distractive,49.4,4,Hostel,2025-08-30,Morning
8428,U0461,Telegram,DM/Chat,Product review,Commerce,Distractive,76.8,2,Home,2025-03-26,Night
8429,U0382,Twitter/X,Search,Flash deals,Commerce,Distractive,58.2,2,Outdoors,2025-04-18,Late Night
8430,U0035,Snapchat,Feed,Fashion trends,Commerce,Distractive,52.4,3,Library,2025-08-22,Evening
8431,U0385,WhatsApp,Course Page,Market analysis,Business,Productive,21.3,1,Hostel,2025-09-06,Afternoon
8432,U0012,Facebook,Feed,Endless scrolling,Social Media,Distractive,76,4,Cafe,2025-09-10,Afternoon
8433,U0091,Zoom,Feed,Family chat,Communication,Productive,51.1,1,Cafe,2025-09-19,Late Night
8434,U0348,Twitter/X,Story,Shorts,Entertainment,Distractive,38.3,4,Office,2025-01-16,Night
8435,U0240,LinkedIn,Watch,Colleague message,Communication,Productive,42.8,1,Library,2025-05-22,Afternoon
8436,U0337,Slack,Story,Networking,Business,Productive,32.7,1,Home,2025-11-11,Morning
8437,U0010,Gmail,Watch,Voice message,Communication,Productive,40.1,1,Hostel,2025-03-09,Afternoon
8438,U0306,Udemy,DM/Chat,Flash deals,Commerce,Distractive,37.5,3,Cafe,2025-05-03,Late Night
8439,U0448,Snapchat,DM/Chat,Reels,Entertainment,Distractive,32.8,5,Office,2025-11-27,Morning
8440,U0186,WhatsApp,Explore,Startup news,Business,Productive,43.2,1,Hostel,2025-07-08,Morning
8441,U0108,Udemy,Course Page,Project update,Communication,Productive,58.1,2,Office,2025-05-05,Evening
8442,U0466,Google Classroom,Course Page,Fashion trends,Commerce,Distractive,56.3,3,Cafe,2025-11-20,Night
8443,U0360,Coursera,Story,Endless scrolling,Social Media,Distractive,2.7,4,Hostel,2025-09-16,Morning
8444,U0019,Gmail,Explore,Voice message,Communication,Productive,21.6,1,Hostel,2025-01-18,Afternoon
8445,U0329,Slack,Story,Sports news,Sports,Distractive,37.4,4,Library,2025-12-23,Late Night
8446,U0462,Snapchat,Reels/Shorts,Online sale,Commerce,Distractive,55.1,2,Commute,2025-12-21,Night
8447,U0126,Twitter/X,DM/Chat,Online sale,Commerce,Distractive,54.2,3,Outdoors,2025-02-05,Afternoon
8448,U0331,Telegram,Reels/Shorts,Online sale,Commerce,Distractive,55,2,Outdoors,2025-12-08,Night
8449,U0282,Slack,Course Page,SQL tutorial,Education,Productive,52.3,1,Home,2025-11-25,Morning
8450,U0437,TikTok,DM/Chat,Live score,Sports,Distractive,24.8,3,College,2025-01-29,Evening
8451,U0018,Snapchat,Watch,Like notifications,Social Media,Distractive,12.4,5,Outdoors,2025-05-21,Afternoon
8452,U0099,Snapchat,Course Page,Football clip,Sports,Distractive,11.5,3,Outdoors,2025-12-09,Morning
8453,U0424,Google Classroom,Notification,Sports news,Sports,Distractive,87.5,3,Outdoors,2025-02-27,Evening
8454,U0483,Coursera,Explore,Technology news,News,Productive,5.9,2,Outdoors,2025-06-11,Late Night
8455,U0285,Instagram,Feed,Chemistry notes,Education,Productive,52,2,Commute,2025-02-25,Late Night
8456,U0135,TikTok,Feed,Market analysis,Business,Productive,10.9,1,Commute,2025-05-08,Afternoon
8457,U0069,Instagram,Search,Reels,Entertainment,Distractive,16.5,4,College,2025-04-25,Late Night
8458,U0380,Facebook,Search,Work discussion,Communication,Productive,55.2,1,Library,2025-08-23,Morning
8459,U0462,Coursera,DM/Chat,Match highlights,Sports,Distractive,14.2,3,Library,2025-04-24,Morning
8460,U0138,Snapchat,Notification,Coding practice,Education,Productive,42,1,Office,2025-03-03,Afternoon
8461,U0208,Facebook,Search,Machine Learning,Education,Productive,17,2,Outdoors,2025-06-05,Late Night
8462,U0354,Zoom,Notification,Python tutorial,Education,Productive,30.7,2,Office,2025-05-09,Night
8463,U0300,Snapchat,Feed,Flash deals,Commerce,Distractive,77.9,2,Office,2025-08-26,Night
8464,U0068,YouTube,Notification,Math tutorial,Education,Productive,12,2,Office,2025-08-10,Late Night
8465,U0270,Udemy,Search,Football clip,Sports,Distractive,78,2,Commute,2025-04-20,Late Night
8466,U0383,Google Classroom,Story,Local news,News,Productive,14.3,2,Cafe,2025-01-27,Morning
8467,U0332,YouTube,Notification,Project management,Business,Productive,21.3,2,Cafe,2025-04-12,Afternoon
8468,U0390,Coursera,Reels/Shorts,Web development course,Education,Productive,9.6,2,Cafe,2025-09-23,Afternoon
8469,U0122,TikTok,Story,Client proposal,Business,Productive,58.3,1,Cafe,2025-06-22,Night
8470,U0196,LinkedIn,DM/Chat,Trending challenge,Entertainment,Distractive,75.7,5,Office,2025-04-30,Night
8471,U0112,Flipkart,Search,Work discussion,Communication,Productive,14.2,1,College,2025-11-02,Night
8472,U0399,Zoom,Watch,Local news,News,Productive,20.7,3,Home,2025-05-09,Evening
8473,U0332,YouTube,Story,Resume building,Business,Productive,10.8,1,Outdoors,2025-04-14,Late Night
8474,U0117,LinkedIn,DM/Chat,AI fundamentals,Education,Productive,8.1,2,Outdoors,2025-12-26,Night
8475,U0450,Instagram,Search,Random scrolling,Social Media,Distractive,73.7,4,Home,2025-12-28,Afternoon
8476,U0251,Telegram,Story,Discount coupons,Commerce,Distractive,10.1,3,Outdoors,2025-01-01,Evening
8477,U0465,Twitter/X,Feed,Online certification,Education,Productive,46.5,2,Library,2025-09-23,Afternoon
8478,U0287,YouTube,DM/Chat,Machine Learning,Education,Productive,35.7,1,College,2025-02-26,Morning
8479,U0432,Snapchat,Reels/Shorts,Machine Learning,Education,Productive,46.6,1,Home,2025-04-12,Late Night
8480,U0298,Amazon,Reels/Shorts,Football clip,Sports,Distractive,80.3,2,College,2025-08-27,Late Night
8481,U0444,Google Classroom,Feed,Project management,Business,Productive,48.1,2,Hostel,2025-04-01,Evening
8482,U0245,Flipkart,Story,Startup news,Business,Productive,55.1,2,Outdoors,2025-01-26,Late Night
8483,U0339,Snapchat,Search,Voice message,Communication,Productive,55.3,2,Home,2025-07-04,Late Night
8484,U0169,Slack,DM/Chat,Breaking news,News,Productive,28.7,3,Commute,2025-09-29,Night
8485,U0208,Twitter/X,Search,Music video,Entertainment,Distractive,24.6,5,Office,2025-05-30,Night
8486,U0429,Snapchat,Watch,History lecture,Education,Productive,31.1,2,Office,2025-04-05,Morning
8487,U0223,Google Classroom,DM/Chat,Python tutorial,Education,Productive,47.1,1,College,2025-01-21,Morning
8488,U0006,Instagram,Explore,Excel tutorial,Education,Productive,28.1,2,Home,2025-05-11,Afternoon
8489,U0431,Twitter/X,Story,Resume building,Business,Productive,2.8,1,Home,2025-07-09,Evening
8490,U0389,Flipkart,Course Page,Job search,Business,Productive,17.7,1,Commute,2025-03-03,Late Night
8491,U0337,Snapchat,Notification,Team meeting,Communication,Productive,38.7,2,College,2025-07-05,Morning
8492,U0422,Instagram,Story,Funny compilation,Entertainment,Distractive,20.9,4,College,2025-06-26,Evening
8493,U0217,Udemy,Explore,Match highlights,Sports,Distractive,50,4,College,2025-09-25,Morning
8494,U0134,TikTok,Reels/Shorts,LinkedIn post,Business,Productive,48.7,1,Library,2025-07-21,Afternoon
8495,U0164,LinkedIn,Reels/Shorts,Local news,News,Productive,28.3,2,Library,2025-12-26,Late Night
8496,U0138,Flipkart,Watch,Breaking news,News,Productive,16.7,3,Home,2025-06-21,Evening
8497,U0398,WhatsApp,Notification,Online sale,Commerce,Distractive,17.2,2,Home,2025-01-06,Night
8498,U0215,LinkedIn,Feed,Project management,Business,Productive,33.9,2,Cafe,2025-06-02,Night
8499,U0256,Slack,Notification,Physics lecture,Education,Productive,34.2,2,Office,2025-09-24,Night
8500,U0389,Twitter/X,Notification,Comedy videos,Entertainment,Distractive,67.1,4,Commute,2025-03-21,Evening
8501,U0448,Snapchat,Story,History lecture,Education,Productive,10.8,2,Commute,2025-10-13,Morning
8502,U0373,Amazon,DM/Chat,Local news,News,Productive,36.6,1,Commute,2025-04-21,Morning
8503,U0174,Flipkart,Search,Current affairs,News,Productive,4.9,1,Commute,2025-12-05,Night
8504,U0066,Coursera,Reels/Shorts,Project update,Communication,Productive,36.8,2,Office,2025-11-19,Night
8505,U0333,Coursera,Reels/Shorts,Family chat,Communication,Productive,18.6,2,Outdoors,2025-04-03,Night
8506,U0292,Amazon,Notification,Random scrolling,Social Media,Distractive,59.6,4,Hostel,2025-01-02,Morning
8507,U0153,LinkedIn,Explore,Web series clip,Entertainment,Distractive,1,4,College,2025-01-10,Night
8508,U0022,Google Classroom,Notification,Story updates,Social Media,Distractive,84.5,5,Hostel,2025-03-02,Evening
8509,U0206,WhatsApp,Feed,Follower count check,Social Media,Distractive,77.6,4,Home,2025-04-10,Morning
8510,U0239,Udemy,Reels/Shorts,Voice message,Communication,Productive,4.6,2,Commute,2025-08-26,Late Night
8511,U0328,LinkedIn,DM/Chat,Language learning,Education,Productive,45.4,2,College,2025-10-27,Evening
8512,U0470,WhatsApp,Feed,LinkedIn post,Business,Productive,4.6,2,Hostel,2025-07-17,Night
8513,U0286,Facebook,Notification,Web development course,Education,Productive,42.5,1,Outdoors,2025-11-14,Late Night
8514,U0326,Amazon,Explore,Voice message,Communication,Productive,58.2,2,Home,2025-07-21,Late Night
8515,U0355,Amazon,Search,Follower count check,Social Media,Distractive,68,4,Cafe,2025-04-03,Night
8516,U0457,LinkedIn,Explore,Endless scrolling,Social Media,Distractive,72.6,4,College,2025-06-22,Afternoon
8517,U0430,Coursera,Reels/Shorts,Product review,Commerce,Distractive,34.9,3,Library,2025-01-08,Morning
8518,U0386,Google Classroom,Story,Current affairs,News,Productive,46.8,1,Office,2025-01-23,Late Night
8519,U0149,Instagram,Explore,Job search,Business,Productive,31.3,2,Library,2025-02-04,Morning
8520,U0337,Udemy,Explore,Online sale,Commerce,Distractive,49.2,3,Cafe,2025-05-21,Morning
8521,U0256,Udemy,Feed,Business news,Business,Productive,23.5,1,Office,2025-11-17,Morning
8522,U0012,Instagram,DM/Chat,Memes,Entertainment,Distractive,14.4,5,Home,2025-04-19,Late Night
8523,U0260,Amazon,Watch,Startup news,Business,Productive,9,1,Cafe,2025-12-25,Afternoon
8524,U0253,LinkedIn,Reels/Shorts,World news,News,Productive,9.4,3,Home,2025-06-21,Late Night
8525,U0358,Zoom,Watch,Exam preparation,Education,Productive,53.8,1,Library,2025-07-23,Morning
8526,U0306,Udemy,DM/Chat,Freelance work,Business,Productive,59.1,2,Office,2025-12-24,Afternoon
8527,U0424,Snapchat,DM/Chat,Project update,Communication,Productive,44,1,Home,2025-11-03,Evening
8528,U0214,Twitter/X,Watch,Random scrolling,Social Media,Distractive,21.4,4,Hostel,2025-09-19,Late Night
8529,U0352,Twitter/X,Feed,Client call,Communication,Productive,24.1,1,Hostel,2025-07-10,Night
8530,U0213,Instagram,Feed,Current affairs,News,Productive,15.6,3,Outdoors,2025-06-13,Evening
8531,U0496,Coursera,Watch,Cricket update,Sports,Distractive,17.2,2,Office,2025-04-29,Afternoon
8532,U0069,Instagram,Watch,Music video,Entertainment,Distractive,43.2,4,Cafe,2025-03-30,Night
8533,U0447,Twitter/X,Story,Skill development,Education,Productive,17.8,1,College,2025-05-29,Late Night
8534,U0472,WhatsApp,Reels/Shorts,Work discussion,Communication,Productive,9.8,1,Cafe,2025-03-17,Evening
8535,U0382,TikTok,Search,Wishlist browsing,Commerce,Distractive,80.4,2,Office,2025-11-22,Night
8536,U0343,WhatsApp,DM/Chat,Online sale,Commerce,Distractive,42.6,3,Office,2025-08-31,Night
8537,U0106,Flipkart,Feed,Skill development,Education,Productive,52.3,2,Cafe,2025-12-04,Late Night
8538,U0469,Zoom,Watch,Video call,Communication,Productive,25.2,1,Cafe,2025-04-21,Morning
8539,U0258,Slack,Search,Sports news,Sports,Distractive,5.2,4,Outdoors,2025-11-27,Night
8540,U0076,Slack,Notification,Email,Communication,Productive,31.5,2,Home,2025-02-04,Afternoon
8541,U0388,WhatsApp,Feed,Flash deals,Commerce,Distractive,76.2,3,Hostel,2025-03-28,Late Night
8542,U0217,Instagram,Story,Dance videos,Entertainment,Distractive,16.4,4,Home,2025-04-13,Morning
8543,U0260,Facebook,Notification,DM chat casual,Social Media,Distractive,45.4,4,Library,2025-04-22,Evening
8544,U0151,WhatsApp,DM/Chat,Competitive exam tips,Education,Productive,59.5,1,Home,2025-06-07,Late Night
8545,U0093,Facebook,Reels/Shorts,Sports news,Sports,Distractive,25.6,4,Commute,2025-05-15,Late Night
8546,U0087,Instagram,Watch,Live score,Sports,Distractive,29.4,4,Hostel,2025-10-26,Afternoon
8547,U0060,Google Classroom,Course Page,Online sale,Commerce,Distractive,84.2,3,Home,2025-09-04,Afternoon
8548,U0408,Flipkart,Feed,Cricket update,Sports,Distractive,32.3,4,Home,2025-05-15,Evening
8549,U0185,Gmail,Watch,World news,News,Productive,50.9,1,Hostel,2025-05-07,Late Night
8550,U0123,YouTube,Course Page,Physics lecture,Education,Productive,56,1,Home,2025-08-28,Afternoon
8551,U0341,LinkedIn,Feed,Match highlights,Sports,Distractive,70.4,3,Home,2025-10-25,Afternoon
8552,U0444,Telegram,Notification,Current affairs,News,Productive,50.7,3,Commute,2025-10-22,Morning
8553,U0035,TikTok,Explore,Web series clip,Entertainment,Distractive,86.5,4,Hostel,2025-04-29,Late Night
8554,U0394,Slack,Feed,Machine Learning,Education,Productive,53.4,1,Library,2025-11-18,Afternoon
8555,U0355,LinkedIn,Watch,Conference call,Communication,Productive,38.9,2,College,2025-11-11,Night
8556,U0161,TikTok,Feed,Political news,News,Productive,27.7,3,College,2025-08-21,Night
8557,U0281,Udemy,Story,Gossip,Entertainment,Distractive,83.9,4,Hostel,2025-09-15,Night
8558,U0287,Udemy,Feed,History lecture,Education,Productive,47.1,2,Home,2025-02-14,Afternoon
8559,U0498,WhatsApp,Reels/Shorts,DM chat casual,Social Media,Distractive,23.2,5,Office,2025-02-02,Morning
8560,U0487,Amazon,Watch,Live score,Sports,Distractive,35.6,4,Hostel,2025-02-24,Evening
8561,U0269,Twitter/X,Notification,Football clip,Sports,Distractive,52.7,3,Hostel,2025-11-02,Evening
8562,U0324,Flipkart,Search,Team meeting,Communication,Productive,35.8,1,Commute,2025-05-23,Morning
8563,U0369,Amazon,DM/Chat,Skill development,Education,Productive,2.6,2,Office,2025-02-25,Evening
8564,U0204,Telegram,Explore,World news,News,Productive,21.6,1,Cafe,2025-01-13,Afternoon
8565,U0195,WhatsApp,Explore,Celebrity,Entertainment,Distractive,46,4,Library,2025-04-19,Afternoon
8566,U0137,Instagram,DM/Chat,Business news,Business,Productive,40.6,1,Commute,2025-09-18,Late Night
8567,U0054,LinkedIn,Story,Match highlights,Sports,Distractive,34,4,Commute,2025-12-07,Afternoon
8568,U0393,Facebook,DM/Chat,Technology news,News,Productive,54.9,3,Home,2025-10-02,Morning
8569,U0065,TikTok,Feed,Match highlights,Sports,Distractive,84.5,4,Outdoors,2025-08-09,Morning
8570,U0433,Google Classroom,Watch,Memes,Entertainment,Distractive,7.8,4,Hostel,2025-10-05,Afternoon
8571,U0408,Udemy,Watch,Physics lecture,Education,Productive,34.7,1,Cafe,2025-11-19,Morning
8572,U0231,TikTok,Explore,Conference call,Communication,Productive,11.7,1,Library,2025-12-28,Night
8573,U0445,Flipkart,Explore,Celebrity,Entertainment,Distractive,89.4,5,Home,2025-01-16,Afternoon
8574,U0109,Udemy,Feed,Startup news,Business,Productive,14.2,2,Library,2025-06-27,Evening
8575,U0305,TikTok,Feed,Shorts,Entertainment,Distractive,43.8,5,Outdoors,2025-07-21,Night
8576,U0480,LinkedIn,Story,Technology news,News,Productive,12,3,Cafe,2025-07-12,Afternoon
8577,U0321,Gmail,Watch,TV show clip,Entertainment,Distractive,10.3,5,Cafe,2025-08-08,Afternoon
8578,U0015,Google Classroom,Reels/Shorts,Political news,News,Productive,37.1,3,College,2025-04-01,Late Night
8579,U0459,Google Classroom,DM/Chat,Startup news,Business,Productive,49.9,1,Cafe,2025-03-16,Morning
8580,U0178,YouTube,Reels/Shorts,Sports news,Sports,Distractive,30.9,4,Outdoors,2025-03-26,Morning
8581,U0010,Snapchat,Course Page,Product review,Commerce,Distractive,79.4,2,Office,2025-08-03,Late Night
8582,U0271,YouTube,Explore,Sports news,Sports,Distractive,41.7,2,Library,2025-04-16,Late Night
8583,U0327,Coursera,DM/Chat,Web development course,Education,Productive,32.2,2,Outdoors,2025-09-18,Late Night
8584,U0381,Facebook,DM/Chat,Colleague message,Communication,Productive,56.5,2,Commute,2025-04-04,Late Night
8585,U0051,Twitter/X,Explore,Voice message,Communication,Productive,36.2,1,Office,2025-09-16,Night
8586,U0035,Twitter/X,Course Page,Python tutorial,Education,Productive,51.5,1,Home,2025-05-18,Afternoon
8587,U0313,Flipkart,Reels/Shorts,Political news,News,Productive,25,2,Library,2025-04-02,Late Night
8588,U0388,Flipkart,Course Page,Live score,Sports,Distractive,29.6,2,College,2025-03-01,Morning
8589,U0282,Telegram,Explore,Excel tutorial,Education,Productive,49.3,1,Home,2025-10-07,Late Night
8590,U0122,Slack,Reels/Shorts,Group chat,Communication,Productive,18.7,1,Outdoors,2025-02-20,Evening
8591,U0101,WhatsApp,Story,Celebrity,Entertainment,Distractive,73.6,4,Cafe,2025-01-15,Afternoon
8592,U0318,YouTube,Course Page,Like notifications,Social Media,Distractive,4.5,4,Commute,2025-04-15,Morning
8593,U0031,Gmail,Reels/Shorts,Online sale,Commerce,Distractive,50.2,3,Hostel,2025-10-02,Afternoon
8594,U0456,Telegram,Search,Project update,Communication,Productive,24.9,2,Cafe,2025-11-15,Afternoon
8595,U0282,Coursera,Course Page,Sports news,Sports,Distractive,54.4,3,Hostel,2025-11-13,Night
8596,U0231,TikTok,Search,Project management,Business,Productive,34.1,1,Home,2025-06-07,Morning
8597,U0197,Coursera,DM/Chat,Trending hashtags,Social Media,Distractive,31.4,4,Home,2025-04-21,Night
8598,U0285,Snapchat,Notification,Shopping,Commerce,Distractive,78.2,2,Commute,2025-01-31,Afternoon
8599,U0482,Instagram,Explore,Funny compilation,Entertainment,Distractive,46.9,4,Outdoors,2025-04-10,Morning
8600,U0365,Gmail,Search,Match highlights,Sports,Distractive,23.2,3,College,2025-01-30,Morning
8601,U0056,Flipkart,Course Page,Excel tutorial,Education,Productive,21.9,2,College,2025-05-08,Morning
8602,U0496,Coursera,Feed,Stock market,Business,Productive,50.4,2,College,2025-07-12,Afternoon
8603,U0332,Instagram,Story,Shorts,Entertainment,Distractive,2.8,4,Outdoors,2025-03-27,Evening
8604,U0400,Telegram,Reels/Shorts,Cricket update,Sports,Distractive,77.2,2,Commute,2025-09-30,Evening
8605,U0410,Snapchat,Course Page,Technology news,News,Productive,12.2,1,Commute,2025-10-15,Evening
8606,U0440,Google Classroom,Notification,Resume building,Business,Productive,52.3,1,Office,2025-09-26,Morning
8607,U0210,Snapchat,DM/Chat,DM chat casual,Social Media,Distractive,35.3,5,Library,2025-10-22,Morning
8608,U0173,Instagram,Search,Team meeting,Communication,Productive,19.3,2,Commute,2025-06-12,Afternoon
8609,U0180,YouTube,Notification,Flash deals,Commerce,Distractive,48.7,3,Hostel,2025-12-23,Afternoon
8610,U0123,Slack,Notification,Match highlights,Sports,Distractive,14.1,4,Commute,2025-06-06,Morning
8611,U0119,Snapchat,Reels/Shorts,Match highlights,Sports,Distractive,16.7,4,College,2025-07-24,Evening
8612,U0136,Amazon,Notification,Colleague message,Communication,Productive,55.7,2,Home,2025-07-30,Late Night
8613,U0075,Telegram,Feed,Colleague message,Communication,Productive,52.5,1,Home,2025-02-02,Afternoon
8614,U0416,Google Classroom,Course Page,Email,Communication,Productive,46.3,2,Library,2025-09-26,Night
8615,U0024,Telegram,Notification,Dance videos,Entertainment,Distractive,2.4,4,Office,2025-03-27,Evening
8616,U0093,Gmail,Notification,Team meeting,Communication,Productive,47,2,Library,2025-08-29,Evening
8617,U0032,Amazon,Course Page,Client call,Communication,Productive,2.3,1,Commute,2025-03-09,Morning
8618,U0057,Amazon,Notification,Web series clip,Entertainment,Distractive,53.8,4,Office,2025-07-27,Morning
8619,U0294,Udemy,Explore,History lecture,Education,Productive,40.5,2,College,2025-12-26,Evening
8620,U0052,Instagram,Story,Comedy videos,Entertainment,Distractive,6.5,5,Library,2025-08-01,Late Night
8621,U0162,Amazon,Watch,Gossip,Entertainment,Distractive,63.6,5,Commute,2025-03-28,Afternoon
8622,U0036,Amazon,Story,DM chat casual,Social Media,Distractive,1.3,4,Commute,2025-03-17,Evening
8623,U0478,WhatsApp,Story,Video call,Communication,Productive,19,2,Office,2025-03-30,Late Night
8624,U0284,TikTok,Search,Political news,News,Productive,36.2,2,Office,2025-07-07,Evening
8625,U0266,Flipkart,Story,Political news,News,Productive,27.8,2,Hostel,2025-04-17,Evening
8626,U0483,YouTube,Search,Follower count check,Social Media,Distractive,23.2,4,Home,2025-11-08,Night
8627,U0294,Gmail,Notification,Startup news,Business,Productive,52.7,2,Hostel,2025-07-13,Morning
8628,U0328,Instagram,Watch,Market analysis,Business,Productive,3.4,2,Office,2025-01-28,Late Night
8629,U0402,LinkedIn,Feed,Prank videos,Entertainment,Distractive,82.3,5,Library,2025-01-09,Morning
8630,U0307,LinkedIn,Reels/Shorts,Current affairs,News,Productive,15.4,3,Hostel,2025-05-04,Afternoon
8631,U0495,Telegram,Explore,Flash deals,Commerce,Distractive,38.1,3,Hostel,2025-09-05,Afternoon
8632,U0131,Coursera,Reels/Shorts,Shorts,Entertainment,Distractive,17.3,5,College,2025-11-04,Morning
8633,U0138,TikTok,Feed,Local news,News,Productive,54.8,3,Hostel,2025-10-20,Morning
8634,U0155,Google Classroom,Watch,Technology news,News,Productive,16.2,3,Hostel,2025-11-12,Evening
8635,U0327,WhatsApp,Feed,Investment tips,Business,Productive,25.2,1,Home,2025-11-12,Late Night
8636,U0324,YouTube,DM/Chat,Skill development,Education,Productive,11.1,1,College,2025-06-23,Morning
8637,U0134,Zoom,Feed,Live score,Sports,Distractive,61.2,2,Cafe,2025-05-22,Night
8638,U0378,Facebook,Notification,Online sale,Commerce,Distractive,28.5,2,College,2025-06-07,Evening
8639,U0032,Amazon,Course Page,Football clip,Sports,Distractive,86.1,2,Library,2025-06-16,Late Night
8640,U0020,Telegram,DM/Chat,Random scrolling,Social Media,Distractive,10.3,4,Office,2025-08-16,Evening
8641,U0489,LinkedIn,Story,Web development course,Education,Productive,12.2,1,Home,2025-12-16,Morning
8642,U0430,Udemy,Watch,Endless scrolling,Social Media,Distractive,69.3,5,College,2025-08-17,Late Night
8643,U0399,YouTube,DM/Chat,Research paper,Education,Productive,53,1,Library,2025-09-05,Evening
8644,U0361,LinkedIn,Search,Team meeting,Communication,Productive,6.3,1,Home,2025-11-09,Late Night
8645,U0032,Gmail,Reels/Shorts,Dance videos,Entertainment,Distractive,49,5,Library,2025-05-11,Morning
8646,U0392,Telegram,Reels/Shorts,Startup news,Business,Productive,54,1,College,2025-12-30,Late Night
8647,U0447,WhatsApp,Feed,Trending hashtags,Social Media,Distractive,37.9,5,Home,2025-08-28,Night
8648,U0413,Snapchat,Story,Fashion trends,Commerce,Distractive,63.9,2,College,2025-03-08,Night
8649,U0274,Coursera,Search,Project update,Communication,Productive,24.5,2,Commute,2025-11-26,Night
8650,U0411,Facebook,Notification,Video call,Communication,Productive,36,2,College,2025-07-29,Late Night
8651,U0340,WhatsApp,Notification,Discount coupons,Commerce,Distractive,86.5,2,Commute,2025-07-10,Afternoon
8652,U0473,TikTok,Course Page,Like notifications,Social Media,Distractive,49,5,Home,2025-06-14,Evening
8653,U0011,TikTok,Reels/Shorts,Group chat,Communication,Productive,6.1,2,Commute,2025-04-17,Evening
8654,U0404,Facebook,Explore,Story updates,Social Media,Distractive,86.6,5,Hostel,2025-12-05,Late Night
8655,U0286,Telegram,Notification,Flash deals,Commerce,Distractive,39,3,Home,2025-01-27,Night
8656,U0444,TikTok,Feed,Market analysis,Business,Productive,16.4,1,Library,2025-09-11,Late Night
8657,U0002,Google Classroom,Course Page,Product review,Commerce,Distractive,4.8,2,Library,2025-06-06,Morning
8658,U0276,WhatsApp,Story,Current affairs,News,Productive,22,1,Outdoors,2025-01-28,Morning
8659,U0385,Udemy,Notification,Current affairs,News,Productive,19,3,Home,2025-09-16,Afternoon
8660,U0482,Instagram,Watch,Gossip,Entertainment,Distractive,82.9,5,Office,2025-01-13,Morning
8661,U0139,Facebook,DM/Chat,Current affairs,News,Productive,34.6,1,Library,2025-11-29,Evening
8662,U0494,Gmail,Reels/Shorts,Language learning,Education,Productive,14.8,2,Library,2025-10-14,Evening
8663,U0466,Gmail,Notification,TV show clip,Entertainment,Distractive,7.5,4,College,2025-11-02,Night
8664,U0025,Flipkart,Reels/Shorts,DM chat casual,Social Media,Distractive,29.7,4,Cafe,2025-10-18,Night
8665,U0140,Gmail,Explore,Fashion trends,Commerce,Distractive,37.5,2,Outdoors,2025-02-16,Afternoon
8666,U0234,TikTok,Notification,Political news,News,Productive,14,3,Commute,2025-06-01,Late Night
8667,U0119,Udemy,Notification,Influencer content,Social Media,Distractive,75.4,5,Home,2025-06-10,Late Night
8668,U0225,Coursera,Explore,Project management,Business,Productive,4.1,2,Library,2025-01-31,Morning
8669,U0455,YouTube,Story,LinkedIn post,Business,Productive,37.8,1,Outdoors,2025-10-11,Afternoon
8670,U0060,Amazon,Explore,Breaking news,News,Productive,49.6,3,Library,2025-05-15,Evening
8671,U0111,YouTube,Explore,Work discussion,Communication,Productive,21.4,1,Commute,2025-12-01,Morning
8672,U0262,Telegram,Search,Networking,Business,Productive,37.3,1,Library,2025-07-14,Evening
8673,U0279,TikTok,Feed,World news,News,Productive,20.6,2,Home,2025-06-04,Late Night
8674,U0257,TikTok,Course Page,Freelance work,Business,Productive,41.2,1,College,2025-04-09,Late Night
8675,U0427,Slack,Explore,Influencer content,Social Media,Distractive,52.3,5,Home,2025-11-10,Evening
8676,U0274,Slack,Search,Live score,Sports,Distractive,54,4,College,2025-11-22,Night
8677,U0378,Telegram,Reels/Shorts,Physics lecture,Education,Productive,55.7,2,Cafe,2025-07-03,Late Night
8678,U0161,Slack,Course Page,Web development course,Education,Productive,4.1,1,College,2025-04-21,Night
8679,U0309,Instagram,Reels/Shorts,Email,Communication,Productive,25.8,1,Commute,2025-08-17,Night
8680,U0421,Google Classroom,Course Page,Team meeting,Communication,Productive,11.8,2,Commute,2025-10-31,Late Night
8681,U0272,Snapchat,Reels/Shorts,Like notifications,Social Media,Distractive,65,5,Office,2025-09-20,Late Night
8682,U0129,Zoom,Reels/Shorts,Trending hashtags,Social Media,Distractive,24.2,5,Home,2025-02-18,Late Night
8683,U0182,Coursera,Explore,Project management,Business,Productive,12.4,2,Office,2025-06-16,Morning
8684,U0114,Zoom,DM/Chat,Current affairs,News,Productive,2.4,1,Home,2025-05-30,Evening
8685,U0151,Snapchat,Story,Video call,Communication,Productive,37,1,Cafe,2025-08-18,Evening
8686,U0165,WhatsApp,Course Page,Cricket update,Sports,Distractive,10.7,4,Library,2025-06-26,Late Night
8687,U0074,Telegram,Reels/Shorts,Colleague message,Communication,Productive,28.9,2,Cafe,2025-08-31,Morning
8688,U0423,Facebook,Course Page,Live score,Sports,Distractive,16.2,4,Cafe,2025-02-13,Late Night
8689,U0495,Coursera,DM/Chat,Football clip,Sports,Distractive,19.8,2,Hostel,2025-07-06,Evening
8690,U0467,Coursera,Story,Cricket update,Sports,Distractive,31.5,2,Office,2025-01-03,Afternoon
8691,U0417,LinkedIn,Course Page,Client proposal,Business,Productive,28,2,Home,2025-01-18,Morning
8692,U0139,Flipkart,Story,Market analysis,Business,Productive,41.8,1,Outdoors,2025-04-04,Late Night
8693,U0186,LinkedIn,Reels/Shorts,Breaking news,News,Productive,34.2,3,Hostel,2025-10-09,Afternoon
8694,U0013,Facebook,Story,Celebrity,Entertainment,Distractive,58.2,5,Cafe,2025-01-11,Night
8695,U0282,Twitter/X,Search,Like notifications,Social Media,Distractive,79.1,5,Home,2025-01-26,Late Night
8696,U0392,Amazon,Course Page,Endless scrolling,Social Media,Distractive,61.9,4,Outdoors,2025-06-16,Morning
8697,U0007,Telegram,Search,Wishlist browsing,Commerce,Distractive,14.6,2,Office,2025-03-24,Evening
8698,U0137,Amazon,DM/Chat,Trending hashtags,Social Media,Distractive,9.3,5,Library,2025-06-11,Late Night
8699,U0365,Zoom,Reels/Shorts,Memes,Entertainment,Distractive,47.6,4,Cafe,2025-05-22,Night
8700,U0240,Snapchat,Watch,Stock market,Business,Productive,20.9,2,Outdoors,2025-11-22,Late Night
8701,U0056,WhatsApp,DM/Chat,Client proposal,Business,Productive,54.2,1,Office,2025-12-30,Morning
8702,U0469,Coursera,Notification,Chemistry notes,Education,Productive,3.1,1,Cafe,2025-04-20,Late Night
8703,U0172,YouTube,DM/Chat,DM chat casual,Social Media,Distractive,83.1,4,College,2025-12-04,Night
8704,U0038,Telegram,Course Page,Voice message,Communication,Productive,15,2,Library,2025-08-13,Night
8705,U0493,Gmail,Course Page,AI fundamentals,Education,Productive,39.9,1,Outdoors,2025-08-02,Evening
8706,U0009,Google Classroom,Explore,Match highlights,Sports,Distractive,3.4,2,Outdoors,2025-01-19,Evening
8707,U0203,LinkedIn,Search,LinkedIn post,Business,Productive,20.5,1,Commute,2025-09-19,Afternoon
8708,U0336,Gmail,Feed,Freelance work,Business,Productive,38.6,1,Cafe,2025-11-29,Evening
8709,U0098,Gmail,Watch,Story updates,Social Media,Distractive,39.7,5,Library,2025-05-27,Evening
8710,U0095,Twitter/X,Course Page,Networking,Business,Productive,50.1,1,College,2025-04-11,Morning
8711,U0007,Facebook,Feed,Match highlights,Sports,Distractive,27.8,2,Cafe,2025-01-05,Morning
8712,U0493,Google Classroom,Watch,Gossip,Entertainment,Distractive,25.4,4,Office,2025-03-28,Night
8713,U0135,Udemy,Search,Market analysis,Business,Productive,29.6,1,Cafe,2025-05-05,Afternoon
8714,U0489,Instagram,Watch,Cricket update,Sports,Distractive,77.8,2,Cafe,2025-05-27,Afternoon
8715,U0287,Facebook,Story,Cricket update,Sports,Distractive,61.4,2,Cafe,2025-10-13,Evening
8716,U0129,Flipkart,Explore,LinkedIn post,Business,Productive,22.5,2,Outdoors,2025-08-11,Late Night
8717,U0217,Instagram,Notification,Team meeting,Communication,Productive,48.2,1,Outdoors,2025-02-17,Morning
8718,U0344,LinkedIn,Explore,Job search,Business,Productive,34.3,2,College,2025-09-16,Afternoon
8719,U0344,Google Classroom,Story,Music video,Entertainment,Distractive,76.1,5,Hostel,2025-12-25,Night
8720,U0144,Instagram,Search,Like notifications,Social Media,Distractive,60.1,5,Outdoors,2025-08-07,Afternoon
8721,U0150,YouTube,Explore,Influencer content,Social Media,Distractive,11,4,Office,2025-08-24,Afternoon
8722,U0085,Google Classroom,Reels/Shorts,DM chat casual,Social Media,Distractive,69.4,5,Cafe,2025-12-19,Evening
8723,U0450,Amazon,DM/Chat,Product review,Commerce,Distractive,40.2,3,Home,2025-07-08,Night
8724,U0063,WhatsApp,Story,Random scrolling,Social Media,Distractive,46.6,5,Cafe,2025-05-19,Late Night
8725,U0379,Facebook,Search,Endless scrolling,Social Media,Distractive,66,4,Commute,2025-02-04,Late Night
8726,U0425,Slack,Reels/Shorts,DM chat casual,Social Media,Distractive,7.7,5,Commute,2025-06-30,Morning
8727,U0143,Slack,Course Page,Client call,Communication,Productive,25.9,1,College,2025-07-10,Night
8728,U0443,Slack,Explore,Machine Learning,Education,Productive,56.3,2,Home,2025-09-26,Morning
8729,U0159,Slack,Search,Project management,Business,Productive,10.5,2,Home,2025-11-05,Afternoon
8730,U0259,Gmail,Notification,Client proposal,Business,Productive,18.4,2,Commute,2025-03-29,Afternoon
8731,U0120,WhatsApp,Story,Voice message,Communication,Productive,25,2,Cafe,2025-11-11,Late Night
8732,U0208,Amazon,Search,Match highlights,Sports,Distractive,4.1,4,Library,2025-01-18,Morning
8733,U0308,Telegram,DM/Chat,History lecture,Education,Productive,45.2,1,Outdoors,2025-07-09,Late Night
8734,U0235,Slack,Watch,Match highlights,Sports,Distractive,35.8,4,Commute,2025-09-18,Evening
8735,U0377,Instagram,Story,Shopping,Commerce,Distractive,42.8,3,Outdoors,2025-07-04,Afternoon
8736,U0257,Slack,Reels/Shorts,Startup news,Business,Productive,37.7,1,Home,2025-06-26,Evening
8737,U0027,Snapchat,Reels/Shorts,Viral video,Entertainment,Distractive,63.5,5,Library,2025-07-04,Late Night
8738,U0463,Gmail,Explore,Trending hashtags,Social Media,Distractive,73.4,4,Office,2025-12-14,Morning
8739,U0362,TikTok,Feed,Random scrolling,Social Media,Distractive,13.6,4,Cafe,2025-05-22,Afternoon
8740,U0135,Coursera,Notification,Group chat,Communication,Productive,17.6,2,Hostel,2025-03-20,Night
8741,U0018,Telegram,Notification,Local news,News,Productive,56.8,3,Cafe,2025-10-05,Evening
8742,U0372,Coursera,Watch,Live score,Sports,Distractive,13.4,2,Office,2025-04-27,Evening
8743,U0067,Google Classroom,Feed,Endless scrolling,Social Media,Distractive,34.1,5,College,2025-01-27,Night
8744,U0046,Facebook,Feed,Chemistry notes,Education,Productive,7.7,1,College,2025-01-27,Evening
8745,U0330,YouTube,Watch,Freelance work,Business,Productive,36.3,2,Hostel,2025-01-01,Afternoon
8746,U0203,Snapchat,Feed,Freelance work,Business,Productive,8.3,1,Commute,2025-06-22,Afternoon
8747,U0067,Slack,Search,Project update,Communication,Productive,29.9,1,Office,2025-07-12,Morning
8748,U0231,Udemy,Explore,Story updates,Social Media,Distractive,83.7,5,Cafe,2025-01-24,Afternoon
8749,U0076,Instagram,Reels/Shorts,Conference call,Communication,Productive,1.7,1,Cafe,2025-10-26,Evening
8750,U0261,Instagram,DM/Chat,Random scrolling,Social Media,Distractive,33.4,4,College,2025-12-06,Late Night
8751,U0227,Amazon,Course Page,Political news,News,Productive,23.7,3,Cafe,2025-10-16,Evening
8752,U0200,TikTok,Reels/Shorts,Football clip,Sports,Distractive,8.4,2,College,2025-07-30,Evening
8753,U0070,Snapchat,Explore,Fashion trends,Commerce,Distractive,39.3,2,College,2025-09-20,Late Night
8754,U0267,Gmail,Explore,Football clip,Sports,Distractive,49.3,4,Office,2025-05-30,Evening
8755,U0226,TikTok,Explore,Trending challenge,Entertainment,Distractive,80,4,Hostel,2025-04-25,Evening
8756,U0212,Amazon,Search,Random scrolling,Social Media,Distractive,27.7,5,Commute,2025-05-17,Morning
8757,U0336,LinkedIn,Watch,World news,News,Productive,11.5,1,Cafe,2025-08-28,Afternoon
8758,U0154,YouTube,DM/Chat,World news,News,Productive,10.3,3,Home,2025-06-16,Evening
8759,U0115,Udemy,Watch,Gaming,Entertainment,Distractive,81.9,4,College,2025-03-30,Evening
8760,U0331,Slack,Search,Stock market,Business,Productive,2.7,2,Outdoors,2025-11-09,Morning
8761,U0213,Telegram,Reels/Shorts,Memes,Entertainment,Distractive,61.4,5,Library,2025-07-14,Night
8762,U0312,Slack,Story,Political news,News,Productive,8.8,3,Commute,2025-12-17,Afternoon
8763,U0377,LinkedIn,Search,Endless scrolling,Social Media,Distractive,3.3,4,Library,2025-03-28,Night
8764,U0244,Flipkart,Explore,Flash deals,Commerce,Distractive,29.7,3,Office,2025-02-09,Morning
8765,U0494,Instagram,Search,Football clip,Sports,Distractive,45.5,2,Home,2025-06-13,Late Night
8766,U0342,Coursera,Feed,Weather update,News,Productive,23.3,1,College,2025-07-12,Night
8767,U0459,Google Classroom,Search,Online certification,Education,Productive,48.5,1,Home,2025-08-28,Late Night
8768,U0067,LinkedIn,Feed,Political news,News,Productive,28.2,1,Office,2025-06-29,Morning
8769,U0101,Twitter/X,Feed,Video call,Communication,Productive,38.4,2,Home,2025-09-19,Evening
8770,U0263,Coursera,Story,Startup news,Business,Productive,53.9,1,Cafe,2025-02-16,Morning
8771,U0239,Zoom,Search,Match highlights,Sports,Distractive,89.6,3,Library,2025-04-29,Morning
8772,U0304,Twitter/X,Explore,Like notifications,Social Media,Distractive,88.6,4,College,2025-02-28,Evening
8773,U0031,Flipkart,Watch,Wishlist browsing,Commerce,Distractive,81.6,3,College,2025-08-23,Late Night
8774,U0115,TikTok,DM/Chat,Follower count check,Social Media,Distractive,24.3,5,Hostel,2025-04-05,Evening
8775,U0112,Instagram,Search,Work discussion,Communication,Productive,42.2,2,Outdoors,2025-04-29,Late Night
8776,U0220,Gmail,Watch,Math tutorial,Education,Productive,6.7,2,Office,2025-11-11,Late Night
8777,U0401,Udemy,Feed,Language learning,Education,Productive,51.5,2,Cafe,2025-03-21,Evening
8778,U0481,Instagram,Search,Current affairs,News,Productive,30.1,2,Outdoors,2025-03-30,Morning
8779,U0393,Udemy,Search,Football clip,Sports,Distractive,49.1,4,Outdoors,2025-09-18,Afternoon
8780,U0446,YouTube,DM/Chat,Product review,Commerce,Distractive,8,2,Office,2025-04-17,Evening
8781,U0282,Telegram,Search,Prank videos,Entertainment,Distractive,29.3,5,Hostel,2025-09-09,Morning
8782,U0292,Amazon,DM/Chat,Breaking news,News,Productive,1.3,1,College,2025-06-24,Evening
8783,U0493,Twitter/X,DM/Chat,Story updates,Social Media,Distractive,84.5,4,Commute,2025-11-02,Morning
8784,U0261,Amazon,Feed,Skill development,Education,Productive,39.6,1,Outdoors,2025-03-06,Afternoon
8785,U0470,Slack,Course Page,Video call,Communication,Productive,1.5,1,Commute,2025-01-25,Morning
8786,U0012,LinkedIn,DM/Chat,Language learning,Education,Productive,8.6,1,Home,2025-04-29,Night
8787,U0206,Coursera,Course Page,Shopping,Commerce,Distractive,25.6,2,Hostel,2025-02-06,Afternoon
8788,U0429,Slack,Feed,AI fundamentals,Education,Productive,55.6,1,Library,2025-12-22,Evening
8789,U0391,Instagram,Reels/Shorts,Viral video,Entertainment,Distractive,5.3,5,Library,2025-02-10,Late Night
8790,U0253,Slack,Feed,Technology news,News,Productive,17,3,Hostel,2025-01-02,Morning
8791,U0249,Snapchat,DM/Chat,Family chat,Communication,Productive,20.5,2,Office,2025-01-31,Afternoon
8792,U0394,Google Classroom,Course Page,Local news,News,Productive,32.2,1,Home,2025-06-18,Evening
8793,U0250,Zoom,DM/Chat,Data Science course,Education,Productive,1.2,2,College,2025-02-04,Night
8794,U0102,Facebook,Reels/Shorts,Skill development,Education,Productive,4.4,1,Commute,2025-05-06,Evening
8795,U0191,Coursera,Explore,Random scrolling,Social Media,Distractive,33.9,4,Library,2025-09-03,Evening
8796,U0291,Snapchat,Explore,Shorts,Entertainment,Distractive,71.6,4,Cafe,2025-04-04,Evening
8797,U0336,TikTok,Reels/Shorts,Client call,Communication,Productive,30.9,2,Cafe,2025-07-27,Evening
8798,U0043,Coursera,Notification,Random scrolling,Social Media,Distractive,84.4,5,Library,2025-11-29,Morning
8799,U0436,Udemy,Search,Shopping,Commerce,Distractive,27.5,2,Hostel,2025-03-08,Late Night
8800,U0397,Instagram,Course Page,Group chat,Communication,Productive,8.1,2,Office,2025-04-16,Afternoon
8801,U0497,WhatsApp,Watch,Project update,Communication,Productive,23.4,1,Outdoors,2025-06-12,Afternoon
8802,U0141,Udemy,Feed,Exam preparation,Education,Productive,20.5,2,Outdoors,2025-01-19,Morning
8803,U0337,Instagram,Search,World news,News,Productive,46.2,3,Hostel,2025-08-20,Late Night
8804,U0066,Zoom,Watch,Colleague message,Communication,Productive,1.5,1,Office,2025-09-30,Afternoon
8805,U0065,YouTube,Story,Movie clips,Entertainment,Distractive,24.7,4,Home,2025-09-18,Evening
8806,U0370,Telegram,Course Page,Football clip,Sports,Distractive,35.9,4,Office,2025-07-30,Afternoon
8807,U0451,LinkedIn,DM/Chat,Local news,News,Productive,10.3,1,Hostel,2025-04-03,Morning
8808,U0189,Zoom,Reels/Shorts,Investment tips,Business,Productive,53.8,2,Cafe,2025-01-07,Evening
8809,U0208,Gmail,Course Page,Work discussion,Communication,Productive,54.9,1,Office,2025-11-10,Morning
8810,U0450,Coursera,Watch,Colleague message,Communication,Productive,35,2,Hostel,2025-02-14,Night
8811,U0439,Gmail,Notification,Web series clip,Entertainment,Distractive,17.6,5,Outdoors,2025-12-04,Late Night
8812,U0141,Udemy,Story,Story updates,Social Media,Distractive,43,4,Cafe,2025-11-18,Night
8813,U0214,WhatsApp,Story,Local news,News,Productive,13.4,2,Home,2025-04-09,Night
8814,U0130,Udemy,Watch,Local news,News,Productive,48.7,1,College,2025-07-29,Night
8815,U0436,LinkedIn,Notification,Current affairs,News,Productive,11.6,1,Office,2025-06-28,Late Night
8816,U0246,Google Classroom,Course Page,Fashion trends,Commerce,Distractive,29.2,2,Library,2025-11-27,Morning
8817,U0430,Zoom,Course Page,Reels,Entertainment,Distractive,80.1,5,Commute,2025-07-12,Morning
8818,U0220,Flipkart,Watch,Voice message,Communication,Productive,59.4,2,Commute,2025-08-21,Late Night
8819,U0359,Facebook,Notification,Colleague message,Communication,Productive,56.2,2,Library,2025-05-21,Afternoon
8820,U0346,Slack,Notification,Stock market,Business,Productive,25.9,2,Office,2025-03-20,Afternoon
8821,U0215,Snapchat,Search,Trending hashtags,Social Media,Distractive,11.6,5,Office,2025-12-30,Late Night
8822,U0296,Udemy,DM/Chat,Football clip,Sports,Distractive,15.6,4,Hostel,2025-01-27,Late Night
8823,U0493,Google Classroom,Course Page,World news,News,Productive,22.1,3,Commute,2025-11-14,Late Night
8824,U0132,Coursera,Search,Political news,News,Productive,44.5,2,Home,2025-02-20,Late Night
8825,U0251,Flipkart,Reels/Shorts,Excel tutorial,Education,Productive,26.9,2,Home,2025-12-25,Morning
8826,U0128,Slack,Watch,Voice message,Communication,Productive,34.4,2,Commute,2025-01-28,Evening
8827,U0445,Telegram,Feed,Online sale,Commerce,Distractive,40.3,2,Hostel,2025-10-12,Afternoon
8828,U0129,Google Classroom,Feed,Online sale,Commerce,Distractive,35,3,Commute,2025-10-19,Night
8829,U0314,WhatsApp,Story,Product review,Commerce,Distractive,78.1,2,Office,2025-05-28,Late Night
8830,U0466,Amazon,Watch,Like notifications,Social Media,Distractive,38.6,5,Library,2025-11-02,Late Night
8831,U0210,Instagram,Course Page,Football clip,Sports,Distractive,83.3,2,Home,2025-05-24,Night
8832,U0415,Snapchat,Search,Shopping,Commerce,Distractive,63.3,3,Hostel,2025-02-22,Afternoon
8833,U0364,Twitter/X,Feed,TV show clip,Entertainment,Distractive,30.4,4,Home,2025-07-22,Evening
8834,U0289,WhatsApp,Course Page,Interview preparation,Education,Productive,44.6,1,Home,2025-07-23,Night
8835,U0435,Slack,Reels/Shorts,Political news,News,Productive,42.6,2,Home,2025-03-24,Morning
8836,U0462,WhatsApp,Story,Client call,Communication,Productive,19.5,1,College,2025-07-25,Night
8837,U0100,Coursera,Course Page,Weather update,News,Productive,1.1,1,Cafe,2025-11-11,Late Night
8838,U0409,Snapchat,Course Page,Like notifications,Social Media,Distractive,42.9,4,Library,2025-07-27,Morning
8839,U0219,Slack,Course Page,Breaking news,News,Productive,21.2,3,Office,2025-06-12,Night
8840,U0472,Snapchat,Explore,Sports news,Sports,Distractive,24.7,4,Outdoors,2025-11-02,Night
8841,U0428,Amazon,Watch,Sports news,Sports,Distractive,12.6,2,Outdoors,2025-02-16,Late Night
8842,U0355,Amazon,Notification,Work discussion,Communication,Productive,55.4,2,Hostel,2025-04-22,Evening
8843,U0289,Amazon,DM/Chat,Trending challenge,Entertainment,Distractive,78.1,4,Commute,2025-11-26,Evening
8844,U0004,LinkedIn,Reels/Shorts,Math tutorial,Education,Productive,42.9,2,College,2025-01-06,Morning
8845,U0103,Instagram,Story,Match highlights,Sports,Distractive,80.3,3,Cafe,2025-08-19,Morning
8846,U0192,Facebook,Explore,Match highlights,Sports,Distractive,74.4,4,Hostel,2025-08-06,Late Night
8847,U0362,Udemy,Feed,Colleague message,Communication,Productive,12.3,1,Cafe,2025-09-11,Afternoon
8848,U0290,Zoom,Course Page,Email,Communication,Productive,3.7,2,Commute,2025-02-18,Evening
8849,U0249,Google Classroom,Feed,Cricket update,Sports,Distractive,6.1,3,Office,2025-09-30,Night
8850,U0185,Instagram,Course Page,Shorts,Entertainment,Distractive,22.3,5,College,2025-10-26,Late Night
8851,U0451,Facebook,Story,Math tutorial,Education,Productive,22.4,2,Hostel,2025-02-23,Afternoon
8852,U0327,Slack,Search,Resume building,Business,Productive,33.7,1,Outdoors,2025-03-09,Night
8853,U0229,Google Classroom,Course Page,Celebrity,Entertainment,Distractive,73.1,5,Home,2025-09-30,Late Night
8854,U0488,WhatsApp,Explore,Math tutorial,Education,Productive,40.2,2,Outdoors,2025-12-26,Afternoon
8855,U0380,Flipkart,Notification,Coding practice,Education,Productive,30.3,2,Cafe,2025-04-08,Afternoon
8856,U0200,Instagram,Feed,Skill development,Education,Productive,47,1,Cafe,2025-12-10,Afternoon
8857,U0089,Udemy,Story,Like notifications,Social Media,Distractive,25.8,4,Commute,2025-05-15,Afternoon
8858,U0228,Instagram,Explore,Breaking news,News,Productive,59.6,2,Cafe,2025-04-09,Evening
8859,U0360,Coursera,Search,Startup news,Business,Productive,55.9,2,Commute,2025-03-08,Late Night
8860,U0377,Gmail,Feed,Like notifications,Social Media,Distractive,84.8,4,Commute,2025-05-18,Late Night
8861,U0129,Telegram,Watch,Conference call,Communication,Productive,36.6,1,Home,2025-12-14,Late Night
8862,U0018,Google Classroom,Course Page,Email,Communication,Productive,9.2,2,Hostel,2025-04-15,Afternoon
8863,U0260,Google Classroom,Feed,Political news,News,Productive,35.6,2,Cafe,2025-04-09,Morning
8864,U0171,Telegram,Explore,Prank videos,Entertainment,Distractive,64.2,5,Outdoors,2025-12-11,Morning
8865,U0185,TikTok,Reels/Shorts,TV show clip,Entertainment,Distractive,21,4,Home,2025-08-12,Late Night
8866,U0246,LinkedIn,DM/Chat,Live score,Sports,Distractive,2.7,3,Home,2025-03-21,Late Night
8867,U0173,Facebook,Watch,Story updates,Social Media,Distractive,28.6,5,Home,2025-08-02,Late Night
8868,U0261,WhatsApp,Course Page,Political news,News,Productive,5.7,3,College,2025-03-03,Late Night
8869,U0105,Coursera,Reels/Shorts,Networking,Business,Productive,27.2,1,Library,2025-07-12,Morning
8870,U0474,Instagram,Feed,Investment tips,Business,Productive,46.1,1,Commute,2025-11-08,Evening
8871,U0228,Zoom,Story,Chemistry notes,Education,Productive,2.8,2,Library,2025-05-11,Night
8872,U0031,Gmail,DM/Chat,Skill development,Education,Productive,24.2,2,Cafe,2025-02-27,Evening
8873,U0140,Flipkart,Explore,Networking,Business,Productive,48.5,2,Office,2025-01-03,Late Night
8874,U0257,YouTube,Search,Web series clip,Entertainment,Distractive,47.8,4,Office,2025-04-22,Late Night
8875,U0324,Udemy,Search,Comedy videos,Entertainment,Distractive,86.4,5,College,2025-09-19,Afternoon
8876,U0329,WhatsApp,Course Page,Conference call,Communication,Productive,19.5,2,Library,2025-01-18,Late Night
8877,U0281,Instagram,Watch,Match highlights,Sports,Distractive,45.5,4,Hostel,2025-10-03,Morning
8878,U0494,WhatsApp,Search,Stock market,Business,Productive,58.1,2,Office,2025-06-19,Morning
8879,U0188,Snapchat,Reels/Shorts,Discount coupons,Commerce,Distractive,83.2,2,Cafe,2025-12-26,Evening
8880,U0381,Twitter/X,Reels/Shorts,Discount coupons,Commerce,Distractive,28.6,3,Outdoors,2025-01-04,Evening
8881,U0313,LinkedIn,Explore,Group chat,Communication,Productive,42.7,2,Commute,2025-06-10,Afternoon
8882,U0488,LinkedIn,Search,Business news,Business,Productive,58,1,Hostel,2025-05-09,Late Night
8883,U0296,Udemy,Feed,AI fundamentals,Education,Productive,47.9,1,Outdoors,2025-05-01,Morning
8884,U0071,Snapchat,Search,Weather update,News,Productive,32.1,1,College,2025-11-22,Morning
8885,U0364,Twitter/X,Watch,Voice message,Communication,Productive,41.5,1,Cafe,2025-03-04,Night
8886,U0308,Facebook,Search,Family chat,Communication,Productive,20.5,1,College,2025-08-13,Night
8887,U0116,YouTube,Explore,Conference call,Communication,Productive,19.1,2,Outdoors,2025-12-23,Night
8888,U0363,TikTok,Feed,Stock market,Business,Productive,53.2,1,College,2025-05-29,Late Night
8889,U0326,Gmail,Notification,Live score,Sports,Distractive,65,2,Cafe,2025-07-11,Night
8890,U0346,Telegram,DM/Chat,Wishlist browsing,Commerce,Distractive,11.6,3,Cafe,2025-03-03,Afternoon
8891,U0384,Twitter/X,Search,Family chat,Communication,Productive,11.5,1,Library,2025-10-27,Evening
8892,U0185,YouTube,Feed,Football clip,Sports,Distractive,32.4,2,Hostel,2025-08-13,Morning
8893,U0270,Twitter/X,Explore,Wishlist browsing,Commerce,Distractive,48.4,3,Commute,2025-08-09,Late Night
8894,U0142,Udemy,DM/Chat,Exam preparation,Education,Productive,16.5,1,Office,2025-11-14,Morning
8895,U0102,Udemy,DM/Chat,Endless scrolling,Social Media,Distractive,12.4,5,Hostel,2025-11-21,Night
8896,U0438,Facebook,Story,Skill development,Education,Productive,45.2,2,Outdoors,2025-03-17,Afternoon
8897,U0459,LinkedIn,Watch,Technology news,News,Productive,19.3,1,Cafe,2025-06-22,Late Night
8898,U0320,Telegram,Feed,Current affairs,News,Productive,18,3,Hostel,2025-12-05,Morning
8899,U0076,Instagram,Course Page,Team meeting,Communication,Productive,28.3,1,Hostel,2025-03-12,Late Night
8900,U0072,Google Classroom,Story,Sports news,Sports,Distractive,21.7,2,Office,2025-12-22,Late Night
8901,U0099,Facebook,Story,Gossip,Entertainment,Distractive,41.9,4,Commute,2025-09-20,Late Night
8902,U0045,LinkedIn,Feed,Match highlights,Sports,Distractive,48.7,3,Hostel,2025-08-12,Evening
8903,U0118,Amazon,Story,Match highlights,Sports,Distractive,81.5,4,Commute,2025-12-01,Evening
8904,U0151,Zoom,Story,Gossip,Entertainment,Distractive,16,4,Commute,2025-03-28,Morning
8905,U0368,WhatsApp,Reels/Shorts,Discount coupons,Commerce,Distractive,6.2,2,Commute,2025-06-27,Late Night
8906,U0126,Zoom,Search,Football clip,Sports,Distractive,16.2,4,Library,2025-05-22,Morning
8907,U0059,Telegram,Search,Resume building,Business,Productive,31,1,Library,2025-07-12,Evening
8908,U0179,Zoom,Story,Like notifications,Social Media,Distractive,62.6,5,Hostel,2025-01-04,Afternoon
8909,U0246,Udemy,DM/Chat,Fashion trends,Commerce,Distractive,52.3,2,Hostel,2025-05-14,Morning
8910,U0089,Gmail,Feed,Wishlist browsing,Commerce,Distractive,44,3,Cafe,2025-10-25,Morning
8911,U0248,Facebook,Story,Machine Learning,Education,Productive,53.4,1,Hostel,2025-07-12,Afternoon
8912,U0214,Telegram,Notification,Online certification,Education,Productive,29.1,1,College,2025-03-19,Night
8913,U0252,Twitter/X,Notification,Live score,Sports,Distractive,13.1,3,Library,2025-08-30,Late Night
8914,U0448,Snapchat,Course Page,Team meeting,Communication,Productive,5.2,1,Commute,2025-02-15,Afternoon
8915,U0255,YouTube,Reels/Shorts,Breaking news,News,Productive,33,2,Library,2025-08-04,Afternoon
8916,U0092,Udemy,Watch,Discount coupons,Commerce,Distractive,15.3,2,Hostel,2025-01-25,Morning
8917,U0139,Facebook,Watch,Family chat,Communication,Productive,49.6,1,College,2025-07-26,Evening
8918,U0325,Slack,Notification,Football clip,Sports,Distractive,15,3,Library,2025-03-09,Afternoon
8919,U0074,Google Classroom,Notification,Project update,Communication,Productive,28.8,2,Cafe,2025-02-27,Evening
8920,U0498,Google Classroom,Course Page,Research paper,Education,Productive,23.1,1,Cafe,2025-12-14,Late Night
8921,U0320,Udemy,Watch,SQL tutorial,Education,Productive,29.9,1,Library,2025-07-22,Night
8922,U0272,Slack,DM/Chat,TV show clip,Entertainment,Distractive,81.7,4,Cafe,2025-11-12,Late Night
8923,U0351,Gmail,Search,Like notifications,Social Media,Distractive,32.6,5,Library,2025-08-06,Evening
8924,U0266,Instagram,Story,Follower count check,Social Media,Distractive,88.9,5,Office,2025-04-08,Afternoon
8925,U0491,Telegram,Reels/Shorts,Freelance work,Business,Productive,52.2,1,Home,2025-08-02,Late Night
8926,U0131,Snapchat,Search,Current affairs,News,Productive,54.7,3,Commute,2025-01-18,Afternoon
8927,U0183,YouTube,Course Page,Team meeting,Communication,Productive,45,2,Hostel,2025-08-27,Morning
8928,U0468,Flipkart,Notification,Voice message,Communication,Productive,44.2,1,Office,2025-02-27,Night
8929,U0461,Slack,Reels/Shorts,Python tutorial,Education,Productive,12.5,2,Office,2025-11-10,Late Night
8930,U0311,LinkedIn,Notification,Group chat,Communication,Productive,53,1,Office,2025-11-25,Night
8931,U0313,Slack,Search,Celebrity,Entertainment,Distractive,44.8,5,Cafe,2025-07-07,Late Night
8932,U0409,YouTube,Notification,Product review,Commerce,Distractive,32.7,2,Office,2025-05-18,Evening
8933,U0107,LinkedIn,Explore,Endless scrolling,Social Media,Distractive,71.6,4,Home,2025-09-05,Afternoon
8934,U0254,Flipkart,Reels/Shorts,Follower count check,Social Media,Distractive,12.8,5,Office,2025-06-28,Afternoon
8935,U0440,Slack,Search,Wishlist browsing,Commerce,Distractive,80.3,3,Office,2025-12-11,Evening
8936,U0045,Facebook,Feed,Video call,Communication,Productive,39.9,2,College,2025-11-27,Morning
8937,U0179,Coursera,Reels/Shorts,Like notifications,Social Media,Distractive,47.6,4,Home,2025-11-20,Night
8938,U0411,Zoom,Watch,Cricket update,Sports,Distractive,56.2,4,Office,2025-03-16,Late Night
8939,U0310,Udemy,Watch,Breaking news,News,Productive,10.6,1,Library,2025-03-18,Late Night
8940,U0153,YouTube,Watch,Current affairs,News,Productive,34.9,3,Home,2025-08-03,Late Night
8941,U0391,Twitter/X,Course Page,Celebrity,Entertainment,Distractive,13.3,5,Library,2025-08-10,Night
8942,U0083,Snapchat,Search,Voice message,Communication,Productive,17,1,Hostel,2025-05-06,Late Night
8943,U0189,LinkedIn,Explore,Like notifications,Social Media,Distractive,54.5,5,College,2025-08-21,Evening
8944,U0036,Twitter/X,Feed,Reels,Entertainment,Distractive,46.8,4,Commute,2025-12-13,Morning
8945,U0374,WhatsApp,Feed,Current affairs,News,Productive,55.6,1,Commute,2025-10-10,Late Night
8946,U0340,Zoom,DM/Chat,Group chat,Communication,Productive,18.7,2,Office,2025-05-09,Late Night
8947,U0193,TikTok,Reels/Shorts,Reels,Entertainment,Distractive,18.2,5,Commute,2025-06-07,Night
8948,U0161,Gmail,DM/Chat,Weather update,News,Productive,49,1,Outdoors,2025-06-22,Night
8949,U0003,WhatsApp,Search,Shopping,Commerce,Distractive,88.9,2,Cafe,2025-11-28,Late Night
8950,U0315,Facebook,Course Page,Celebrity,Entertainment,Distractive,13.2,4,Cafe,2025-12-17,Morning
8951,U0284,Facebook,Notification,Sports news,Sports,Distractive,50.5,2,Outdoors,2025-04-12,Afternoon
8952,U0489,Flipkart,Watch,Project update,Communication,Productive,37.4,2,Commute,2025-07-31,Afternoon
8953,U0327,Udemy,Course Page,Sports news,Sports,Distractive,60.3,3,Library,2025-03-28,Morning
8954,U0103,Twitter/X,Course Page,Fashion trends,Commerce,Distractive,14.2,2,Commute,2025-08-10,Late Night
8955,U0422,YouTube,Watch,Match highlights,Sports,Distractive,29,2,Hostel,2025-07-09,Evening
8956,U0113,Udemy,Notification,Voice message,Communication,Productive,46.1,1,Office,2025-08-14,Afternoon
8957,U0316,LinkedIn,Watch,Endless scrolling,Social Media,Distractive,15.6,4,Outdoors,2025-03-10,Morning
8958,U0132,Facebook,Search,Job search,Business,Productive,16.1,2,Office,2025-04-11,Evening
8959,U0081,Gmail,Reels/Shorts,Startup news,Business,Productive,11.3,1,Office,2025-05-03,Morning
8960,U0437,Instagram,Course Page,Trending hashtags,Social Media,Distractive,87.8,4,Library,2025-03-17,Evening
8961,U0446,Zoom,Feed,Music video,Entertainment,Distractive,82,5,College,2025-04-12,Night
8962,U0240,Flipkart,Story,Funny compilation,Entertainment,Distractive,23.7,4,Home,2025-01-24,Evening
8963,U0266,Zoom,Watch,Freelance work,Business,Productive,37.3,1,Home,2025-10-20,Late Night
8964,U0398,Facebook,Reels/Shorts,Job search,Business,Productive,21.6,1,Office,2025-09-23,Afternoon
8965,U0203,YouTube,Reels/Shorts,Breaking news,News,Productive,30.8,1,College,2025-07-12,Afternoon
8966,U0486,YouTube,Notification,Gossip,Entertainment,Distractive,4.8,5,Outdoors,2025-03-06,Morning
8967,U0135,Udemy,Feed,Team meeting,Communication,Productive,19.1,2,Office,2025-03-27,Night
8968,U0453,YouTube,DM/Chat,Current affairs,News,Productive,31.3,3,Office,2025-11-12,Evening
8969,U0234,Coursera,Reels/Shorts,Trending hashtags,Social Media,Distractive,31.9,5,Outdoors,2025-11-25,Afternoon
8970,U0110,Gmail,Course Page,Language learning,Education,Productive,8.6,2,Hostel,2025-01-02,Afternoon
8971,U0328,Instagram,Explore,World news,News,Productive,12.4,2,Home,2025-07-16,Night
8972,U0009,LinkedIn,Course Page,Coding practice,Education,Productive,46.3,1,Home,2025-09-27,Morning
8973,U0209,Facebook,Reels/Shorts,Trending hashtags,Social Media,Distractive,39.7,5,Office,2025-03-07,Late Night
8974,U0244,LinkedIn,Reels/Shorts,Story updates,Social Media,Distractive,85.8,4,Hostel,2025-06-09,Evening
8975,U0359,Zoom,Reels/Shorts,Team meeting,Communication,Productive,31.7,1,Office,2025-11-04,Morning
8976,U0433,YouTube,Explore,Discount coupons,Commerce,Distractive,17.1,3,Library,2025-08-02,Morning
8977,U0256,LinkedIn,Notification,Local news,News,Productive,16.9,3,Outdoors,2025-09-27,Night
8978,U0125,WhatsApp,Feed,Cricket update,Sports,Distractive,78.5,2,Home,2025-12-15,Late Night
8979,U0093,Snapchat,Feed,Local news,News,Productive,56.8,3,Outdoors,2025-11-18,Night
8980,U0165,WhatsApp,Explore,DM chat casual,Social Media,Distractive,54.7,4,Hostel,2025-03-19,Late Night
8981,U0009,Flipkart,Notification,Work discussion,Communication,Productive,39.6,1,Home,2025-11-14,Morning
8982,U0093,Telegram,Course Page,Language learning,Education,Productive,47.9,2,Home,2025-11-21,Late Night
8983,U0396,Udemy,Course Page,Match highlights,Sports,Distractive,54,2,Outdoors,2025-12-17,Late Night
8984,U0242,Flipkart,Notification,Current affairs,News,Productive,52.4,3,Library,2025-07-27,Evening
8985,U0336,Slack,Story,Trending challenge,Entertainment,Distractive,49.1,5,Outdoors,2025-12-25,Afternoon
8986,U0492,Google Classroom,Watch,Freelance work,Business,Productive,14.6,2,Outdoors,2025-12-24,Afternoon
8987,U0366,Zoom,Search,Political news,News,Productive,36,1,College,2025-02-10,Late Night
8988,U0310,Snapchat,Reels/Shorts,Wishlist browsing,Commerce,Distractive,9.6,3,Library,2025-09-08,Evening
8989,U0103,Snapchat,Feed,Product review,Commerce,Distractive,34.6,3,Outdoors,2025-12-04,Afternoon
8990,U0298,Slack,Search,Memes,Entertainment,Distractive,36.3,4,Commute,2025-12-11,Evening
8991,U0049,Instagram,DM/Chat,Machine Learning,Education,Productive,54.5,1,Home,2025-02-21,Afternoon
8992,U0117,TikTok,DM/Chat,Resume building,Business,Productive,12.8,2,Office,2025-10-20,Night
8993,U0398,Google Classroom,Feed,Story updates,Social Media,Distractive,82.1,5,Library,2025-11-07,Afternoon
8994,U0134,Slack,DM/Chat,Team meeting,Communication,Productive,50.3,1,Home,2025-07-30,Late Night
8995,U0419,WhatsApp,Story,Machine Learning,Education,Productive,23.7,2,Library,2025-07-07,Morning
8996,U0335,Google Classroom,Search,Current affairs,News,Productive,44.3,1,College,2025-04-08,Afternoon
8997,U0284,Facebook,Search,Research paper,Education,Productive,33,2,Commute,2025-12-26,Morning
8998,U0364,Facebook,Story,Resume building,Business,Productive,55.7,1,Hostel,2025-06-23,Morning
8999,U0205,Google Classroom,Story,Dance videos,Entertainment,Distractive,33.1,5,Home,2025-04-20,Afternoon
9000,U0154,Coursera,Reels/Shorts,Random scrolling,Social Media,Distractive,57.7,5,Outdoors,2025-06-07,Afternoon
9001,U0105,Flipkart,Explore,Football clip,Sports,Distractive,27.2,3,Library,2025-03-21,Night
9002,U0332,TikTok,Feed,Breaking news,News,Productive,17.4,3,Library,2025-03-30,Morning
9003,U0391,Facebook,Reels/Shorts,Shopping,Commerce,Distractive,86.6,2,Outdoors,2025-01-05,Evening
9004,U0396,Telegram,Story,Technology news,News,Productive,2.5,3,Cafe,2025-04-13,Afternoon
9005,U0282,LinkedIn,Course Page,Match highlights,Sports,Distractive,28.4,3,Home,2025-11-11,Night
9006,U0148,LinkedIn,Course Page,Client proposal,Business,Productive,41.5,2,College,2025-12-03,Night
9007,U0344,Zoom,DM/Chat,Stock market,Business,Productive,59.6,2,Commute,2025-12-16,Morning
9008,U0023,Slack,Watch,Cricket update,Sports,Distractive,85.4,3,Office,2025-07-07,Morning
9009,U0293,Slack,Notification,Work discussion,Communication,Productive,29.5,2,Outdoors,2025-02-09,Morning
9010,U0453,Zoom,Course Page,Discount coupons,Commerce,Distractive,77.4,3,Outdoors,2025-06-24,Afternoon
9011,U0306,Gmail,Course Page,Work discussion,Communication,Productive,3.5,1,Hostel,2025-10-19,Late Night
9012,U0077,Amazon,Watch,Follower count check,Social Media,Distractive,6.3,4,Office,2025-10-10,Late Night
9013,U0287,Gmail,Story,Online sale,Commerce,Distractive,22.4,3,Hostel,2025-07-30,Night
9014,U0191,Telegram,Reels/Shorts,Online certification,Education,Productive,41.9,2,Commute,2025-06-12,Evening
9015,U0294,Amazon,Story,Group chat,Communication,Productive,47,2,Commute,2025-09-21,Afternoon
9016,U0157,Gmail,Feed,Business news,Business,Productive,35.9,2,Commute,2025-11-23,Night
9017,U0165,TikTok,Course Page,Online sale,Commerce,Distractive,17.4,3,Home,2025-09-17,Evening
9018,U0391,Telegram,Watch,Dance videos,Entertainment,Distractive,86.9,4,Library,2025-09-02,Evening
9019,U0400,Slack,Course Page,Football clip,Sports,Distractive,67.2,2,Hostel,2025-10-04,Late Night
9020,U0225,Zoom,Reels/Shorts,Weather update,News,Productive,26.3,3,Outdoors,2025-03-03,Evening
9021,U0373,Google Classroom,Notification,Wishlist browsing,Commerce,Distractive,3.6,2,Library,2025-04-21,Evening
9022,U0482,Facebook,Explore,Conference call,Communication,Productive,47.3,2,Outdoors,2025-09-08,Late Night
9023,U0090,Telegram,Course Page,Interview preparation,Education,Productive,23.5,1,College,2025-08-23,Night
9024,U0012,Coursera,Reels/Shorts,Python tutorial,Education,Productive,37.4,1,Home,2025-03-24,Morning
9025,U0470,YouTube,Reels/Shorts,Client call,Communication,Productive,49.6,2,Hostel,2025-03-11,Evening
9026,U0235,Instagram,Feed,Dance videos,Entertainment,Distractive,21.3,4,Office,2025-03-08,Evening
9027,U0484,Google Classroom,DM/Chat,Resume building,Business,Productive,4.1,1,Hostel,2025-10-28,Night
9028,U0291,Facebook,DM/Chat,Science experiment,Education,Productive,55.8,1,Home,2025-07-24,Night
9029,U0196,TikTok,DM/Chat,Investment tips,Business,Productive,35.2,2,Commute,2025-06-22,Evening
9030,U0308,TikTok,Feed,Movie clips,Entertainment,Distractive,85,4,College,2025-08-18,Evening
9031,U0375,WhatsApp,Feed,Live score,Sports,Distractive,46,2,Cafe,2025-08-23,Late Night
9032,U0433,WhatsApp,Story,Celebrity,Entertainment,Distractive,47.3,5,Office,2025-07-10,Late Night
9033,U0142,Snapchat,Course Page,Email,Communication,Productive,10.7,1,College,2025-11-26,Morning
9034,U0118,YouTube,Explore,Work discussion,Communication,Productive,21.6,2,Outdoors,2025-04-08,Morning
9035,U0267,WhatsApp,Story,Market analysis,Business,Productive,23.1,2,Outdoors,2025-05-16,Afternoon
9036,U0500,Gmail,Reels/Shorts,Fashion trends,Commerce,Distractive,58.3,3,Home,2025-03-30,Afternoon
9037,U0281,TikTok,Notification,World news,News,Productive,9.8,3,Outdoors,2025-09-29,Morning
9038,U0304,Google Classroom,Course Page,Live score,Sports,Distractive,15,3,Home,2025-06-25,Afternoon
9039,U0255,Flipkart,Feed,Project update,Communication,Productive,32.8,2,Library,2025-11-14,Afternoon
9040,U0314,Zoom,DM/Chat,Cricket update,Sports,Distractive,12,4,Office,2025-05-27,Morning
9041,U0146,Zoom,DM/Chat,Discount coupons,Commerce,Distractive,36.5,2,Commute,2025-09-10,Morning
9042,U0428,Coursera,Story,Group chat,Communication,Productive,26,2,Office,2025-04-27,Morning
9043,U0204,Snapchat,Reels/Shorts,Discount coupons,Commerce,Distractive,55.9,3,Hostel,2025-05-05,Evening
9044,U0479,Amazon,Notification,Video call,Communication,Productive,24.3,2,Outdoors,2025-10-02,Night
9045,U0485,Snapchat,Watch,Weather update,News,Productive,3.1,1,Outdoors,2025-12-11,Late Night
9046,U0027,Zoom,Notification,Project management,Business,Productive,15,1,Commute,2025-02-14,Night
9047,U0301,Google Classroom,Feed,Wishlist browsing,Commerce,Distractive,78.4,2,Library,2025-06-17,Morning
9048,U0068,YouTube,Feed,DM chat casual,Social Media,Distractive,56.1,4,Cafe,2025-07-30,Evening
9049,U0500,Twitter/X,Reels/Shorts,Prank videos,Entertainment,Distractive,8.2,5,Cafe,2025-07-09,Morning
9050,U0078,Coursera,DM/Chat,Product review,Commerce,Distractive,27.7,3,Commute,2025-07-28,Late Night
9051,U0490,Coursera,Notification,Gaming,Entertainment,Distractive,86.6,4,Commute,2025-11-04,Late Night
9052,U0360,Telegram,Notification,Discount coupons,Commerce,Distractive,80.8,3,Cafe,2025-09-24,Morning
9053,U0073,Snapchat,Watch,Story updates,Social Media,Distractive,46.8,4,Cafe,2025-11-22,Afternoon
9054,U0044,Slack,Search,Technology news,News,Productive,19.5,1,Commute,2025-11-27,Evening
9055,U0390,TikTok,Notification,Client call,Communication,Productive,43.8,1,Cafe,2025-01-27,Morning
9056,U0037,Google Classroom,Course Page,SQL tutorial,Education,Productive,42.1,2,College,2025-10-21,Late Night
9057,U0446,WhatsApp,Reels/Shorts,Stock market,Business,Productive,51.2,1,Office,2025-09-25,Afternoon
9058,U0298,TikTok,Watch,Skill development,Education,Productive,7.8,2,Home,2025-11-30,Afternoon
9059,U0008,Udemy,Feed,Live score,Sports,Distractive,86.2,4,Office,2025-03-30,Morning
9060,U0469,Snapchat,Reels/Shorts,Like notifications,Social Media,Distractive,54.1,4,Outdoors,2025-12-22,Evening
9061,U0464,Udemy,Feed,Freelance work,Business,Productive,27,2,Library,2025-07-06,Late Night
9062,U0440,Facebook,Story,Music video,Entertainment,Distractive,9.8,5,Office,2025-12-24,Morning
9063,U0054,Flipkart,Story,Stock market,Business,Productive,1.3,2,Home,2025-09-03,Morning
9064,U0454,Flipkart,Notification,Comedy videos,Entertainment,Distractive,28,4,College,2025-07-25,Afternoon
9065,U0370,Amazon,Reels/Shorts,Music video,Entertainment,Distractive,76.2,4,Hostel,2025-02-19,Afternoon
9066,U0093,Telegram,Feed,Celebrity,Entertainment,Distractive,12,4,Office,2025-08-29,Late Night
9067,U0005,LinkedIn,Course Page,Live score,Sports,Distractive,38.9,4,Office,2025-12-17,Evening
9068,U0175,Coursera,Story,LinkedIn post,Business,Productive,46.4,2,Outdoors,2025-10-30,Evening
9069,U0217,YouTube,Feed,Startup news,Business,Productive,49.3,1,Office,2025-11-02,Morning
9070,U0432,Twitter/X,Search,Fashion trends,Commerce,Distractive,89,2,Outdoors,2025-10-11,Afternoon
9071,U0024,Google Classroom,Feed,Endless scrolling,Social Media,Distractive,69.9,4,Home,2025-02-13,Night
9072,U0193,Google Classroom,Feed,Funny compilation,Entertainment,Distractive,2.1,5,College,2025-07-12,Morning
9073,U0115,Telegram,Reels/Shorts,Research paper,Education,Productive,51.7,1,Cafe,2025-05-14,Afternoon
9074,U0247,Flipkart,Explore,Sports news,Sports,Distractive,46.1,4,Hostel,2025-09-17,Afternoon
9075,U0170,YouTube,Course Page,Political news,News,Productive,9.2,2,Cafe,2025-08-10,Afternoon
9076,U0430,Telegram,Notification,Football clip,Sports,Distractive,71.1,4,Office,2025-01-31,Evening
9077,U0268,Udemy,Search,Endless scrolling,Social Media,Distractive,46.4,5,Library,2025-07-18,Morning
9078,U0363,Twitter/X,DM/Chat,Political news,News,Productive,36,1,Hostel,2025-03-12,Night
9079,U0125,Udemy,Watch,Live score,Sports,Distractive,87.4,2,Office,2025-10-03,Afternoon
9080,U0367,Gmail,Reels/Shorts,Team meeting,Communication,Productive,9.1,1,Home,2025-08-11,Evening
9081,U0357,Flipkart,Reels/Shorts,Trending hashtags,Social Media,Distractive,40.9,4,Cafe,2025-10-26,Night
9082,U0156,Telegram,Course Page,Web series clip,Entertainment,Distractive,10.3,5,Cafe,2025-08-22,Morning
9083,U0087,Flipkart,Reels/Shorts,Local news,News,Productive,39.9,3,Hostel,2025-03-01,Night
9084,U0430,Coursera,Watch,Gaming,Entertainment,Distractive,41.7,5,Office,2025-11-23,Afternoon
9085,U0220,Twitter/X,Explore,Team meeting,Communication,Productive,6.8,1,Library,2025-05-29,Evening
9086,U0359,WhatsApp,Reels/Shorts,Web series clip,Entertainment,Distractive,31.3,5,Commute,2025-09-03,Afternoon
9087,U0299,Zoom,Reels/Shorts,Research paper,Education,Productive,23.5,1,Cafe,2025-07-17,Afternoon
9088,U0162,Amazon,Feed,Physics lecture,Education,Productive,5.5,1,Cafe,2025-03-13,Night
9089,U0043,Coursera,Story,Story updates,Social Media,Distractive,24.2,5,Commute,2025-09-12,Morning
9090,U0237,Snapchat,Watch,Technology news,News,Productive,36.4,1,Cafe,2025-12-26,Evening
9091,U0134,Telegram,Reels/Shorts,Voice message,Communication,Productive,49.9,2,Office,2025-06-24,Morning
9092,U0468,LinkedIn,Course Page,Shopping,Commerce,Distractive,7.9,3,Office,2025-09-09,Morning
9093,U0289,WhatsApp,Notification,TV show clip,Entertainment,Distractive,29.5,4,Library,2025-01-08,Night
9094,U0285,WhatsApp,DM/Chat,Web development course,Education,Productive,6.7,2,College,2025-03-07,Late Night
9095,U0069,TikTok,Notification,Sports news,Sports,Distractive,22.1,3,College,2025-07-14,Morning
9096,U0305,LinkedIn,Reels/Shorts,Political news,News,Productive,34.9,2,Hostel,2025-04-15,Afternoon
9097,U0078,YouTube,Explore,Current affairs,News,Productive,54.3,3,Commute,2025-09-24,Afternoon
9098,U0284,Instagram,Watch,World news,News,Productive,23.8,1,Cafe,2025-09-29,Morning
9099,U0351,Amazon,Explore,Flash deals,Commerce,Distractive,83.8,3,College,2025-08-12,Late Night
9100,U0284,Facebook,Reels/Shorts,Client call,Communication,Productive,11.1,1,Home,2025-04-14,Morning
9101,U0174,Twitter/X,Explore,Investment tips,Business,Productive,49.2,2,Library,2025-12-02,Night
9102,U0304,TikTok,Explore,Fashion trends,Commerce,Distractive,32.4,3,Cafe,2025-04-03,Morning
9103,U0495,Gmail,Story,Story updates,Social Media,Distractive,1.7,4,Cafe,2025-05-28,Night
9104,U0433,YouTube,Reels/Shorts,Like notifications,Social Media,Distractive,63.1,5,Office,2025-12-10,Late Night
9105,U0455,TikTok,Story,Random scrolling,Social Media,Distractive,47.6,4,Cafe,2025-10-30,Morning
9106,U0093,TikTok,Notification,Dance videos,Entertainment,Distractive,76,4,Hostel,2025-01-10,Evening
9107,U0021,Zoom,Notification,DM chat casual,Social Media,Distractive,85.5,4,Commute,2025-01-07,Afternoon
9108,U0426,Facebook,Watch,Weather update,News,Productive,16.9,3,Home,2025-01-05,Late Night
9109,U0108,Snapchat,Search,Voice message,Communication,Productive,5.8,2,Cafe,2025-04-12,Afternoon
9110,U0406,Slack,Course Page,Physics lecture,Education,Productive,18,2,Commute,2025-04-07,Evening
9111,U0464,Gmail,Watch,Data Science course,Education,Productive,34.6,1,Home,2025-03-17,Evening
9112,U0210,Flipkart,Course Page,Match highlights,Sports,Distractive,56.8,4,Home,2025-06-04,Night
9113,U0409,Google Classroom,DM/Chat,Sports news,Sports,Distractive,13,3,College,2025-07-12,Evening
9114,U0446,Udemy,Feed,Sports news,Sports,Distractive,80.4,2,Outdoors,2025-03-22,Afternoon
9115,U0265,TikTok,Explore,DM chat casual,Social Media,Distractive,37.4,4,Commute,2025-03-17,Evening
9116,U0106,Coursera,Watch,Trending hashtags,Social Media,Distractive,39,4,Hostel,2025-12-19,Night
9117,U0422,Instagram,Feed,Math tutorial,Education,Productive,37.8,1,Library,2025-07-12,Evening
9118,U0396,Udemy,Search,Fashion trends,Commerce,Distractive,54.8,2,Office,2025-07-31,Late Night
9119,U0160,Facebook,Notification,Cricket update,Sports,Distractive,87.3,2,Cafe,2025-05-20,Morning
9120,U0309,Coursera,Explore,Freelance work,Business,Productive,2.1,1,Office,2025-10-10,Night
9121,U0102,Udemy,Story,Competitive exam tips,Education,Productive,58.3,2,Outdoors,2025-09-30,Night
9122,U0476,Telegram,DM/Chat,Random scrolling,Social Media,Distractive,87.7,5,Office,2025-09-14,Evening
9123,U0175,Google Classroom,Explore,Political news,News,Productive,10.2,2,Home,2025-08-07,Night
9124,U0261,Amazon,Explore,Client proposal,Business,Productive,20.1,1,Office,2025-09-29,Late Night
9125,U0323,Udemy,Explore,Machine Learning,Education,Productive,35.3,1,Hostel,2025-07-21,Night
9126,U0071,Telegram,DM/Chat,Live score,Sports,Distractive,80.2,3,Outdoors,2025-07-06,Late Night
9127,U0088,Gmail,Explore,DM chat casual,Social Media,Distractive,34.9,5,Home,2025-01-18,Morning
9128,U0069,Coursera,Course Page,Match highlights,Sports,Distractive,13.3,2,Hostel,2025-06-19,Morning
9129,U0488,Udemy,Search,Follower count check,Social Media,Distractive,79.2,5,Office,2025-05-07,Evening
9130,U0405,LinkedIn,Feed,Online certification,Education,Productive,24.6,1,Library,2025-08-07,Late Night
9131,U0084,Google Classroom,Watch,Cricket update,Sports,Distractive,76,4,Outdoors,2025-05-27,Late Night
9132,U0194,Twitter/X,Reels/Shorts,Skill development,Education,Productive,34,1,Office,2025-09-05,Afternoon
9133,U0269,Telegram,Course Page,Business news,Business,Productive,43.1,1,Outdoors,2025-02-12,Morning
9134,U0101,Gmail,DM/Chat,Fashion trends,Commerce,Distractive,82.9,3,Home,2025-03-07,Late Night
9135,U0242,Udemy,Notification,Client proposal,Business,Productive,35.3,1,Commute,2025-12-11,Afternoon
9136,U0088,Twitter/X,Feed,Flash deals,Commerce,Distractive,57.4,2,Cafe,2025-06-26,Morning
9137,U0039,LinkedIn,Explore,Football clip,Sports,Distractive,66.7,4,Outdoors,2025-02-17,Night
9138,U0362,LinkedIn,Notification,Technology news,News,Productive,41,1,College,2025-02-19,Morning
9139,U0074,Flipkart,Search,Match highlights,Sports,Distractive,76,3,Cafe,2025-07-08,Morning
9140,U0347,Flipkart,DM/Chat,Live score,Sports,Distractive,60.7,2,Library,2025-06-07,Late Night
9141,U0228,Zoom,Reels/Shorts,Cricket update,Sports,Distractive,31.9,4,Hostel,2025-09-01,Late Night
9142,U0294,Google Classroom,Course Page,Chemistry notes,Education,Productive,25,2,Commute,2025-12-23,Late Night
9143,U0355,Coursera,DM/Chat,Fashion trends,Commerce,Distractive,28.2,2,Hostel,2025-11-29,Morning
9144,U0031,LinkedIn,Course Page,Football clip,Sports,Distractive,43.4,4,Home,2025-12-14,Afternoon
9145,U0351,Telegram,Watch,Technology news,News,Productive,7.5,3,College,2025-10-05,Late Night
9146,U0207,Udemy,Reels/Shorts,Funny compilation,Entertainment,Distractive,41.7,5,Library,2025-09-27,Late Night
9147,U0228,Coursera,Notification,TV show clip,Entertainment,Distractive,15.3,5,Hostel,2025-11-02,Late Night
9148,U0249,Flipkart,Story,Colleague message,Communication,Productive,4.9,2,Library,2025-02-13,Afternoon
9149,U0474,Amazon,Search,Match highlights,Sports,Distractive,71.8,2,College,2025-07-03,Late Night
9150,U0364,TikTok,Reels/Shorts,Math tutorial,Education,Productive,44.7,1,Office,2025-10-31,Morning
9151,U0357,Twitter/X,Watch,Influencer content,Social Media,Distractive,31.3,5,Office,2025-10-07,Evening
9152,U0402,Slack,Notification,Team meeting,Communication,Productive,51,1,Outdoors,2025-11-15,Morning
9153,U0489,Facebook,Watch,Voice message,Communication,Productive,57.8,2,Library,2025-05-29,Afternoon
9154,U0121,Google Classroom,Reels/Shorts,Web development course,Education,Productive,24.3,2,Outdoors,2025-03-01,Afternoon
9155,U0101,TikTok,Notification,Team meeting,Communication,Productive,32.4,2,Outdoors,2025-04-01,Evening
9156,U0375,Twitter/X,Explore,Match highlights,Sports,Distractive,67,3,Commute,2025-03-06,Afternoon
9157,U0422,Gmail,Reels/Shorts,Like notifications,Social Media,Distractive,2.4,4,Outdoors,2025-04-08,Afternoon
9158,U0040,Twitter/X,Feed,Like notifications,Social Media,Distractive,48.4,4,Office,2025-05-30,Night
9159,U0422,Twitter/X,Feed,Trending hashtags,Social Media,Distractive,87.8,5,Outdoors,2025-08-19,Afternoon
9160,U0419,LinkedIn,Explore,Conference call,Communication,Productive,40.1,2,Cafe,2025-06-10,Night
9161,U0097,Google Classroom,Reels/Shorts,Prank videos,Entertainment,Distractive,20.2,5,Library,2025-03-04,Afternoon
9162,U0460,Udemy,Notification,Viral video,Entertainment,Distractive,75.2,4,Library,2025-08-15,Morning
9163,U0261,Udemy,Reels/Shorts,Email,Communication,Productive,55.5,2,College,2025-01-25,Afternoon
9164,U0331,Coursera,Reels/Shorts,Local news,News,Productive,5.8,1,Outdoors,2025-11-07,Night
9165,U0212,Snapchat,Course Page,Music video,Entertainment,Distractive,74,5,Hostel,2025-12-08,Late Night
9166,U0206,Google Classroom,Search,Wishlist browsing,Commerce,Distractive,46.2,2,Library,2025-09-08,Night
9167,U0053,Coursera,Reels/Shorts,Technology news,News,Productive,14.1,3,Hostel,2025-08-04,Night
9168,U0288,Udemy,Notification,Investment tips,Business,Productive,25.2,1,Cafe,2025-04-25,Afternoon
9169,U0360,Telegram,Watch,World news,News,Productive,50.3,3,Commute,2025-12-05,Evening
9170,U0049,Flipkart,Watch,Client proposal,Business,Productive,33.4,1,College,2025-08-01,Night
9171,U0259,Instagram,Notification,TV show clip,Entertainment,Distractive,66.9,4,Office,2025-11-13,Night
9172,U0056,Google Classroom,Story,Startup news,Business,Productive,36.2,1,Cafe,2025-08-29,Afternoon
9173,U0444,Coursera,Search,Follower count check,Social Media,Distractive,76.8,5,Commute,2025-03-17,Evening
9174,U0129,Facebook,Watch,Story updates,Social Media,Distractive,6.3,4,Library,2025-09-14,Morning
9175,U0344,Gmail,DM/Chat,Math tutorial,Education,Productive,6.1,1,Library,2025-02-25,Afternoon
9176,U0122,TikTok,DM/Chat,Like notifications,Social Media,Distractive,59.3,4,Cafe,2025-09-15,Late Night
9177,U0085,Flipkart,Story,Product review,Commerce,Distractive,80.4,3,Home,2025-02-11,Night
9178,U0356,Twitter/X,Notification,Football clip,Sports,Distractive,64.3,3,Outdoors,2025-05-15,Evening
9179,U0145,Zoom,Reels/Shorts,Match highlights,Sports,Distractive,23.3,3,Office,2025-10-01,Night
9180,U0373,Instagram,Reels/Shorts,Data Science course,Education,Productive,39.8,1,Home,2025-01-25,Afternoon
9181,U0069,Telegram,DM/Chat,Video call,Communication,Productive,55.7,2,Hostel,2025-11-07,Morning
9182,U0362,Instagram,DM/Chat,Science experiment,Education,Productive,11.9,1,Office,2025-02-23,Afternoon
9183,U0482,Flipkart,Search,Story updates,Social Media,Distractive,67.3,5,Home,2025-03-08,Late Night
9184,U0070,Facebook,Notification,Team meeting,Communication,Productive,39.4,2,Library,2025-09-23,Late Night
9185,U0481,Telegram,Course Page,Follower count check,Social Media,Distractive,55.9,5,Library,2025-01-28,Afternoon
9186,U0029,Slack,Notification,World news,News,Productive,41,2,Hostel,2025-01-01,Morning
9187,U0445,TikTok,Notification,Python tutorial,Education,Productive,12.9,2,Office,2025-12-30,Evening
9188,U0380,YouTube,Course Page,Colleague message,Communication,Productive,25.7,2,Office,2025-12-24,Afternoon
9189,U0289,YouTube,Reels/Shorts,Political news,News,Productive,35.2,2,Hostel,2025-06-13,Morning
9190,U0230,TikTok,Story,Startup news,Business,Productive,56.1,1,College,2025-06-29,Afternoon
9191,U0475,Udemy,Watch,Data Science course,Education,Productive,1.1,1,College,2025-03-16,Late Night
9192,U0212,Telegram,Watch,Wishlist browsing,Commerce,Distractive,13,3,Commute,2025-06-03,Night
9193,U0085,Facebook,Search,Live score,Sports,Distractive,74.5,4,Outdoors,2025-10-04,Afternoon
9194,U0050,Facebook,Story,Colleague message,Communication,Productive,33.2,1,Home,2025-09-13,Night
9195,U0476,Udemy,Feed,Startup news,Business,Productive,26.3,1,Commute,2025-04-26,Night
9196,U0079,WhatsApp,Reels/Shorts,Shopping,Commerce,Distractive,71.4,2,Library,2025-08-25,Late Night
9197,U0238,Facebook,Search,Client call,Communication,Productive,45.9,1,Library,2025-06-22,Late Night
9198,U0127,Zoom,Reels/Shorts,Funny compilation,Entertainment,Distractive,59.3,5,Cafe,2025-01-09,Evening
9199,U0278,Coursera,Story,Movie clips,Entertainment,Distractive,67.4,4,College,2025-02-11,Evening
9200,U0189,Snapchat,Watch,Client proposal,Business,Productive,38.2,1,Commute,2025-03-26,Late Night
9201,U0039,Google Classroom,Explore,Job search,Business,Productive,48.3,2,Library,2025-03-29,Morning
9202,U0337,Udemy,Feed,Family chat,Communication,Productive,5,2,College,2025-09-11,Afternoon
9203,U0356,Coursera,Reels/Shorts,Weather update,News,Productive,43.1,2,Home,2025-12-15,Morning
9204,U0237,Facebook,DM/Chat,AI fundamentals,Education,Productive,30,2,Commute,2025-06-27,Night
9205,U0079,YouTube,Reels/Shorts,Email,Communication,Productive,26.7,1,Cafe,2025-04-26,Morning
9206,U0301,Telegram,Explore,Email,Communication,Productive,14.9,1,Hostel,2025-08-20,Afternoon
9207,U0139,Facebook,Notification,Random scrolling,Social Media,Distractive,62.9,4,Cafe,2025-12-20,Night
9208,U0398,Telegram,DM/Chat,Email,Communication,Productive,2.6,2,Hostel,2025-09-16,Afternoon
9209,U0222,Coursera,DM/Chat,Market analysis,Business,Productive,4.8,1,Outdoors,2025-09-11,Afternoon
9210,U0423,Amazon,Watch,Prank videos,Entertainment,Distractive,36.1,4,College,2025-08-31,Evening
9211,U0194,Udemy,Notification,DM chat casual,Social Media,Distractive,5.2,5,Hostel,2025-09-17,Night
9212,U0275,Flipkart,Feed,Excel tutorial,Education,Productive,29.5,2,Hostel,2025-08-03,Afternoon
9213,U0340,Coursera,DM/Chat,Wishlist browsing,Commerce,Distractive,48.5,2,Cafe,2025-02-08,Morning
9214,U0028,Instagram,Watch,Project update,Communication,Productive,36.7,2,Commute,2025-08-01,Night
9215,U0398,Snapchat,DM/Chat,Political news,News,Productive,41.1,2,Home,2025-03-20,Evening
9216,U0342,WhatsApp,Course Page,Follower count check,Social Media,Distractive,53.7,5,Hostel,2025-04-09,Afternoon
9217,U0105,Telegram,Course Page,Influencer content,Social Media,Distractive,28.5,5,Home,2025-11-30,Afternoon
9218,U0327,LinkedIn,Feed,Sports news,Sports,Distractive,89.7,3,Office,2025-05-23,Evening
9219,U0237,WhatsApp,Explore,Online sale,Commerce,Distractive,78.6,3,Outdoors,2025-05-20,Late Night
9220,U0071,TikTok,Feed,Gossip,Entertainment,Distractive,71.1,4,Library,2025-02-27,Late Night
9221,U0436,Google Classroom,Notification,Group chat,Communication,Productive,54.2,1,Home,2025-08-05,Morning
9222,U0362,Telegram,DM/Chat,Football clip,Sports,Distractive,23.6,4,Cafe,2025-01-12,Night
9223,U0085,Google Classroom,Course Page,Chemistry notes,Education,Productive,40.3,1,Office,2025-12-01,Afternoon
9224,U0367,Instagram,Reels/Shorts,Football clip,Sports,Distractive,40.7,2,Office,2025-12-15,Afternoon
9225,U0246,YouTube,Notification,Local news,News,Productive,21.8,3,Commute,2025-04-25,Afternoon
9226,U0047,YouTube,Story,Cricket update,Sports,Distractive,34.1,3,Home,2025-04-18,Night
9227,U0350,Facebook,Watch,Colleague message,Communication,Productive,53.9,2,Outdoors,2025-08-07,Night
9228,U0129,Twitter/X,Watch,Endless scrolling,Social Media,Distractive,68.6,5,Outdoors,2025-07-02,Night
9229,U0129,YouTube,Reels/Shorts,Trending challenge,Entertainment,Distractive,57.2,4,Commute,2025-10-19,Late Night
9230,U0090,Zoom,Story,Follower count check,Social Media,Distractive,83.9,5,Hostel,2025-03-11,Afternoon
9231,U0368,Zoom,Feed,Project update,Communication,Productive,7.1,1,Hostel,2025-05-12,Afternoon
9232,U0395,Telegram,Reels/Shorts,DM chat casual,Social Media,Distractive,45.3,4,Office,2025-11-04,Night
9233,U0223,YouTube,Search,Client proposal,Business,Productive,34.8,1,Commute,2025-06-24,Evening
9234,U0476,WhatsApp,Watch,Match highlights,Sports,Distractive,13.7,3,Cafe,2025-09-24,Afternoon
9235,U0202,Flipkart,Course Page,Shorts,Entertainment,Distractive,15.3,5,Home,2025-10-12,Late Night
9236,U0048,Telegram,Watch,Colleague message,Communication,Productive,17.2,1,Hostel,2025-06-28,Evening
9237,U0104,Facebook,DM/Chat,Match highlights,Sports,Distractive,26.3,3,Library,2025-09-17,Afternoon
9238,U0362,Amazon,Notification,Freelance work,Business,Productive,15.9,2,Hostel,2025-04-12,Night
9239,U0468,Slack,Course Page,Wishlist browsing,Commerce,Distractive,25.3,2,Office,2025-11-24,Evening
9240,U0180,Coursera,Story,Comedy videos,Entertainment,Distractive,51.6,5,College,2025-09-30,Morning
9241,U0248,Zoom,Course Page,Chemistry notes,Education,Productive,26.1,2,Hostel,2025-11-18,Afternoon
9242,U0342,Facebook,Watch,Weather update,News,Productive,33.5,2,Hostel,2025-04-08,Evening
9243,U0208,Telegram,DM/Chat,Networking,Business,Productive,14.3,1,Commute,2025-12-07,Afternoon
9244,U0439,Snapchat,Explore,Client call,Communication,Productive,57.5,1,Commute,2025-04-22,Night
9245,U0322,Google Classroom,Feed,Flash deals,Commerce,Distractive,55.3,2,College,2025-11-05,Evening
9246,U0323,Amazon,Watch,Email,Communication,Productive,58.9,1,Home,2025-05-05,Evening
9247,U0421,Snapchat,Explore,World news,News,Productive,41.9,1,Office,2025-10-11,Late Night
9248,U0496,Zoom,Watch,Business news,Business,Productive,37.5,2,Commute,2025-11-09,Late Night
9249,U0035,Facebook,Reels/Shorts,Fashion trends,Commerce,Distractive,10.5,2,College,2025-10-21,Night
9250,U0240,Instagram,Feed,Match highlights,Sports,Distractive,7.4,4,Office,2025-11-03,Afternoon
9251,U0384,Facebook,Feed,Conference call,Communication,Productive,35.2,1,Cafe,2025-05-16,Night
9252,U0364,Udemy,Story,Sports news,Sports,Distractive,3.5,2,Cafe,2025-07-26,Morning
9253,U0254,Zoom,Course Page,Investment tips,Business,Productive,7.4,1,College,2025-02-09,Night
9254,U0042,Telegram,Watch,World news,News,Productive,21.1,3,Hostel,2025-09-13,Night
9255,U0299,LinkedIn,Course Page,Web series clip,Entertainment,Distractive,70.3,4,Hostel,2025-10-20,Night
9256,U0438,LinkedIn,Feed,Weather update,News,Productive,37,1,Library,2025-12-20,Late Night
9257,U0050,Amazon,Search,Match highlights,Sports,Distractive,41.7,4,Hostel,2025-09-04,Evening
9258,U0380,Zoom,Story,Current affairs,News,Productive,1.1,3,Cafe,2025-08-21,Evening
9259,U0002,Twitter/X,Notification,Memes,Entertainment,Distractive,21.3,5,Outdoors,2025-05-03,Late Night
9260,U0493,Twitter/X,Explore,Physics lecture,Education,Productive,42,1,College,2025-11-18,Morning
9261,U0144,Amazon,Story,Shopping,Commerce,Distractive,24.1,2,Hostel,2025-10-24,Evening
9262,U0165,Udemy,Search,Live score,Sports,Distractive,73.7,2,Commute,2025-11-08,Evening
9263,U0086,Snapchat,Story,Video call,Communication,Productive,42.9,2,Commute,2025-08-21,Morning
9264,U0067,Snapchat,Search,Football clip,Sports,Distractive,86.6,4,Cafe,2025-08-22,Night
9265,U0446,Zoom,Search,Market analysis,Business,Productive,33.9,1,Library,2025-02-20,Morning
9266,U0292,Gmail,Story,Viral video,Entertainment,Distractive,51.9,4,Office,2025-08-02,Evening
9267,U0455,Gmail,Notification,Weather update,News,Productive,32.6,3,Commute,2025-10-14,Late Night
9268,U0454,Slack,Notification,Market analysis,Business,Productive,35.6,1,Hostel,2025-08-21,Afternoon
9269,U0128,Amazon,Feed,Live score,Sports,Distractive,60.2,4,College,2025-06-09,Night
9270,U0331,Flipkart,Course Page,Endless scrolling,Social Media,Distractive,53.6,4,Hostel,2025-04-16,Afternoon
9271,U0364,Slack,Reels/Shorts,Investment tips,Business,Productive,5.4,1,Hostel,2025-03-29,Evening
9272,U0370,LinkedIn,Reels/Shorts,Weather update,News,Productive,43.1,1,Home,2025-12-31,Afternoon
9273,U0335,Twitter/X,Feed,Product review,Commerce,Distractive,35.5,2,Hostel,2025-07-27,Evening
9274,U0393,LinkedIn,Notification,DM chat casual,Social Media,Distractive,83.8,5,Office,2025-04-13,Late Night
9275,U0067,Instagram,Explore,Client call,Communication,Productive,24.9,1,Hostel,2025-05-04,Afternoon
9276,U0299,Instagram,Search,Influencer content,Social Media,Distractive,85.1,5,Library,2025-09-02,Night
9277,U0068,Flipkart,Watch,Gossip,Entertainment,Distractive,81.2,4,Commute,2025-03-27,Afternoon
9278,U0177,Google Classroom,Search,Web series clip,Entertainment,Distractive,13.6,5,Commute,2025-12-17,Late Night
9279,U0490,Flipkart,Reels/Shorts,Client proposal,Business,Productive,14.7,2,Library,2025-12-12,Night
9280,U0032,Udemy,Search,Breaking news,News,Productive,34.4,3,College,2025-12-31,Evening
9281,U0384,Telegram,Notification,Investment tips,Business,Productive,2.9,1,College,2025-05-28,Night
9282,U0146,Instagram,Explore,Political news,News,Productive,39.4,2,Hostel,2025-08-06,Evening
9283,U0322,Coursera,Course Page,Physics lecture,Education,Productive,57.1,1,Home,2025-06-21,Night
9284,U0468,Snapchat,Course Page,Group chat,Communication,Productive,39.4,1,Office,2025-04-30,Evening
9285,U0271,Amazon,Course Page,Fashion trends,Commerce,Distractive,50.7,2,Office,2025-02-04,Night
9286,U0102,TikTok,Story,Dance videos,Entertainment,Distractive,29.9,5,Home,2025-02-20,Afternoon
9287,U0425,Udemy,DM/Chat,Stock market,Business,Productive,58.5,2,College,2025-12-24,Late Night
9288,U0060,YouTube,Course Page,Celebrity,Entertainment,Distractive,10.9,4,Outdoors,2025-08-30,Night
9289,U0424,Telegram,Watch,Video call,Communication,Productive,39.4,1,Home,2025-09-28,Afternoon
9290,U0172,Gmail,Search,Business news,Business,Productive,54.4,1,Commute,2025-12-05,Night
9291,U0084,Snapchat,Course Page,Story updates,Social Media,Distractive,39.4,4,Library,2025-04-16,Morning
9292,U0042,Instagram,Notification,Startup news,Business,Productive,18.1,1,Commute,2025-02-16,Morning
9293,U0495,Facebook,Reels/Shorts,Shopping,Commerce,Distractive,39.6,3,Cafe,2025-04-01,Morning
9294,U0275,Slack,DM/Chat,Client proposal,Business,Productive,12.1,1,Office,2025-06-09,Evening
9295,U0331,Udemy,Search,Trending hashtags,Social Media,Distractive,39,4,Office,2025-02-11,Evening
9296,U0257,WhatsApp,Search,Like notifications,Social Media,Distractive,83.7,5,College,2025-04-03,Evening
9297,U0467,Gmail,Reels/Shorts,Dance videos,Entertainment,Distractive,83.3,4,Commute,2025-05-27,Evening
9298,U0098,TikTok,Reels/Shorts,World news,News,Productive,32.6,3,Home,2025-09-08,Late Night
9299,U0369,Coursera,Watch,Voice message,Communication,Productive,34.3,1,Library,2025-12-17,Night
9300,U0268,LinkedIn,Reels/Shorts,Project management,Business,Productive,53.4,2,Office,2025-01-08,Evening
9301,U0092,Zoom,Notification,Trending hashtags,Social Media,Distractive,33.4,5,Home,2025-05-15,Late Night
9302,U0106,Google Classroom,Search,Cricket update,Sports,Distractive,84.7,4,Library,2025-07-28,Late Night
9303,U0318,Google Classroom,Course Page,Excel tutorial,Education,Productive,11.6,1,Home,2025-10-14,Morning
9304,U0169,Gmail,DM/Chat,Email,Communication,Productive,30.3,2,Office,2025-03-03,Morning
9305,U0170,Twitter/X,Notification,Fashion trends,Commerce,Distractive,89.3,2,Home,2025-08-03,Night
9306,U0100,Udemy,Feed,Freelance work,Business,Productive,21.2,2,Commute,2025-04-14,Evening
9307,U0163,TikTok,Story,Trending hashtags,Social Media,Distractive,6.4,5,Hostel,2025-09-05,Morning
9308,U0461,Amazon,Story,Local news,News,Productive,29.4,2,Cafe,2025-01-04,Evening
9309,U0032,WhatsApp,Reels/Shorts,Movie clips,Entertainment,Distractive,5,5,Library,2025-09-04,Late Night
9310,U0235,YouTube,Watch,Football clip,Sports,Distractive,88.7,4,Hostel,2025-07-06,Night
9311,U0342,Telegram,Watch,Weather update,News,Productive,58.7,2,Home,2025-01-13,Morning
9312,U0452,YouTube,Story,Freelance work,Business,Productive,52.8,1,Library,2025-04-06,Morning
9313,U0491,Telegram,Feed,Like notifications,Social Media,Distractive,71.7,4,Home,2025-12-21,Afternoon
9314,U0487,Udemy,Reels/Shorts,Gossip,Entertainment,Distractive,53.7,4,Cafe,2025-10-19,Evening
9315,U0211,WhatsApp,Story,Story updates,Social Media,Distractive,21.4,4,Library,2025-09-15,Late Night
9316,U0103,Flipkart,Search,Data Science course,Education,Productive,33.4,1,Office,2025-08-14,Evening
9317,U0327,Flipkart,Explore,Trending challenge,Entertainment,Distractive,42.5,5,Cafe,2025-12-06,Evening
9318,U0354,Snapchat,Search,Technology news,News,Productive,48.6,1,Home,2025-04-25,Afternoon
9319,U0362,Udemy,Notification,Web series clip,Entertainment,Distractive,81.8,5,College,2025-09-13,Afternoon
9320,U0264,Flipkart,Course Page,Networking,Business,Productive,5.8,2,College,2025-06-01,Morning
9321,U0162,Udemy,Course Page,Match highlights,Sports,Distractive,42.5,3,Cafe,2025-03-19,Night
9322,U0245,Google Classroom,DM/Chat,Football clip,Sports,Distractive,34.7,4,Office,2025-01-18,Morning
9323,U0286,WhatsApp,Watch,Colleague message,Communication,Productive,12,1,Home,2025-10-14,Morning
9324,U0370,Gmail,Search,Local news,News,Productive,50.8,3,Hostel,2025-01-31,Afternoon
9325,U0207,LinkedIn,Course Page,Web series clip,Entertainment,Distractive,46.8,4,Home,2025-04-03,Afternoon
9326,U0371,Telegram,DM/Chat,Match highlights,Sports,Distractive,39.8,4,Hostel,2025-11-08,Morning
9327,U0104,YouTube,Feed,Football clip,Sports,Distractive,10.1,3,Outdoors,2025-05-17,Evening
9328,U0075,WhatsApp,Course Page,Breaking news,News,Productive,51.6,1,Home,2025-03-20,Late Night
9329,U0031,Zoom,DM/Chat,Current affairs,News,Productive,2.7,2,Commute,2025-12-22,Late Night
9330,U0179,Slack,Reels/Shorts,Conference call,Communication,Productive,58,1,Office,2025-03-05,Morning
9331,U0214,Coursera,Notification,Online certification,Education,Productive,5.1,2,Home,2025-06-07,Evening
9332,U0454,Amazon,DM/Chat,Football clip,Sports,Distractive,62.6,3,Hostel,2025-06-22,Evening
9333,U0455,WhatsApp,Notification,Follower count check,Social Media,Distractive,61.8,4,Home,2025-10-08,Evening
9334,U0114,Slack,Explore,Random scrolling,Social Media,Distractive,22,5,Outdoors,2025-02-02,Late Night
9335,U0300,YouTube,Explore,Startup news,Business,Productive,39.9,2,College,2025-01-25,Late Night
9336,U0445,Udemy,Explore,Trending challenge,Entertainment,Distractive,8.8,4,Home,2025-03-30,Evening
9337,U0112,Twitter/X,Watch,Client proposal,Business,Productive,5.6,2,Cafe,2025-03-06,Evening
9338,U0119,Slack,Reels/Shorts,Endless scrolling,Social Media,Distractive,79.3,5,Cafe,2025-10-06,Evening
9339,U0326,WhatsApp,Notification,Flash deals,Commerce,Distractive,33.5,2,Office,2025-05-24,Late Night
9340,U0010,Coursera,Course Page,Political news,News,Productive,8.7,2,Outdoors,2025-08-16,Afternoon
9341,U0199,Flipkart,Explore,Online sale,Commerce,Distractive,7.1,3,Home,2025-10-04,Morning
9342,U0193,Snapchat,Story,Local news,News,Productive,33.3,2,Outdoors,2025-08-13,Afternoon
9343,U0479,Telegram,Search,Freelance work,Business,Productive,8.8,2,Outdoors,2025-09-14,Afternoon
9344,U0088,Google Classroom,Story,Reels,Entertainment,Distractive,84.9,4,Commute,2025-04-27,Night
9345,U0177,YouTube,Search,Memes,Entertainment,Distractive,86.3,4,Hostel,2025-11-20,Late Night
9346,U0269,Udemy,Feed,Market analysis,Business,Productive,29.5,1,Outdoors,2025-02-05,Late Night
9347,U0074,Snapchat,Search,Voice message,Communication,Productive,57.8,2,Library,2025-07-05,Night
9348,U0375,Telegram,Story,Follower count check,Social Media,Distractive,88.4,4,Library,2025-05-15,Late Night
9349,U0049,Udemy,DM/Chat,Fashion trends,Commerce,Distractive,46.1,2,Library,2025-11-20,Late Night
9350,U0435,LinkedIn,Feed,Email,Communication,Productive,7.5,1,Home,2025-02-14,Afternoon
9351,U0127,Instagram,Explore,Skill development,Education,Productive,12.4,1,Outdoors,2025-03-12,Evening
9352,U0428,Zoom,Notification,Music video,Entertainment,Distractive,51.1,4,Office,2025-02-15,Night
9353,U0243,Gmail,Watch,Match highlights,Sports,Distractive,77.4,2,Outdoors,2025-03-08,Afternoon
9354,U0119,Coursera,Reels/Shorts,Wishlist browsing,Commerce,Distractive,10.9,3,Office,2025-03-27,Late Night
9355,U0168,Facebook,Notification,Sports news,Sports,Distractive,68.8,2,Home,2025-05-11,Late Night
9356,U0436,Udemy,Search,Trending hashtags,Social Media,Distractive,82.7,5,Hostel,2025-02-23,Late Night
9357,U0449,WhatsApp,Explore,Flash deals,Commerce,Distractive,48,3,Outdoors,2025-12-26,Night
9358,U0304,WhatsApp,Notification,Random scrolling,Social Media,Distractive,27.2,4,Outdoors,2025-07-22,Afternoon
9359,U0248,Zoom,Course Page,Sports news,Sports,Distractive,67.2,4,College,2025-07-27,Morning
9360,U0414,Gmail,Explore,Video call,Communication,Productive,58.1,1,Library,2025-01-08,Late Night
9361,U0097,Udemy,DM/Chat,Data Science course,Education,Productive,44.1,2,Cafe,2025-07-03,Afternoon
9362,U0149,Twitter/X,Watch,Family chat,Communication,Productive,40.1,1,Outdoors,2025-06-10,Night
9363,U0454,TikTok,Explore,Discount coupons,Commerce,Distractive,29.4,3,Cafe,2025-03-16,Morning
9364,U0254,Google Classroom,Story,Fashion trends,Commerce,Distractive,86.4,3,Home,2025-08-13,Morning
9365,U0082,WhatsApp,Watch,Current affairs,News,Productive,16.8,3,Office,2025-02-06,Morning
9366,U0358,WhatsApp,Explore,Interview preparation,Education,Productive,28.9,1,Cafe,2025-04-18,Night
9367,U0221,Amazon,DM/Chat,Family chat,Communication,Productive,31.8,1,Office,2025-06-01,Morning
9368,U0095,Twitter/X,Story,Trending hashtags,Social Media,Distractive,83.1,4,Office,2025-05-10,Night
9369,U0170,Snapchat,Reels/Shorts,Funny compilation,Entertainment,Distractive,61.2,4,Outdoors,2025-01-30,Afternoon
9370,U0052,Coursera,Explore,Weather update,News,Productive,49.5,3,Outdoors,2025-08-20,Late Night
9371,U0260,Facebook,Feed,Excel tutorial,Education,Productive,34.1,1,Hostel,2025-10-21,Evening
9372,U0188,WhatsApp,Course Page,Investment tips,Business,Productive,42.5,2,College,2025-05-17,Evening
9373,U0161,Google Classroom,Explore,Freelance work,Business,Productive,1.6,1,College,2025-02-18,Late Night
9374,U0153,LinkedIn,DM/Chat,Job search,Business,Productive,30,2,Outdoors,2025-06-11,Afternoon
9375,U0177,WhatsApp,Search,Resume building,Business,Productive,52.8,2,Library,2025-07-14,Late Night
9376,U0481,Twitter/X,DM/Chat,Wishlist browsing,Commerce,Distractive,11.2,3,Cafe,2025-07-11,Late Night
9377,U0271,Facebook,Feed,Weather update,News,Productive,46.3,3,Outdoors,2025-09-02,Morning
9378,U0015,Zoom,Feed,Weather update,News,Productive,26.5,2,Commute,2025-02-19,Night
9379,U0277,Flipkart,Watch,Reels,Entertainment,Distractive,85,5,Library,2025-01-27,Afternoon
9380,U0489,Amazon,Story,Shopping,Commerce,Distractive,8.8,3,College,2025-03-09,Morning
9381,U0469,TikTok,Explore,Celebrity,Entertainment,Distractive,45,5,Home,2025-05-30,Late Night
9382,U0377,Google Classroom,DM/Chat,AI fundamentals,Education,Productive,12.4,1,College,2025-07-26,Morning
9383,U0405,YouTube,Search,Discount coupons,Commerce,Distractive,33.2,2,Library,2025-07-18,Night
9384,U0424,YouTube,Explore,Investment tips,Business,Productive,56.6,2,Library,2025-09-23,Afternoon
9385,U0465,WhatsApp,Reels/Shorts,Viral video,Entertainment,Distractive,44.5,5,Commute,2025-04-27,Late Night
9386,U0119,Slack,Course Page,Cricket update,Sports,Distractive,57.1,3,Cafe,2025-05-26,Afternoon
9387,U0012,Zoom,Course Page,Email,Communication,Productive,40.8,2,Hostel,2025-01-10,Late Night
9388,U0468,Udemy,Explore,AI fundamentals,Education,Productive,11,1,Cafe,2025-03-04,Evening
9389,U0097,YouTube,Search,Family chat,Communication,Productive,19.6,1,Outdoors,2025-10-02,Evening
9390,U0245,Coursera,Story,Match highlights,Sports,Distractive,1.4,4,Office,2025-01-07,Night
9391,U0397,Gmail,Notification,Job search,Business,Productive,7.2,1,Hostel,2025-11-02,Night
9392,U0158,WhatsApp,Watch,Cricket update,Sports,Distractive,51.5,3,Library,2025-10-10,Night
9393,U0433,Slack,Course Page,Football clip,Sports,Distractive,63.9,4,Library,2025-09-17,Morning
9394,U0331,TikTok,Story,Startup news,Business,Productive,59.5,2,Outdoors,2025-08-02,Morning
9395,U0308,Facebook,Watch,Resume building,Business,Productive,25.1,1,Home,2025-03-25,Evening
9396,U0137,Telegram,Explore,Discount coupons,Commerce,Distractive,27.9,2,Home,2025-02-11,Night
9397,U0354,LinkedIn,DM/Chat,Interview preparation,Education,Productive,2.4,1,Office,2025-10-14,Night
9398,U0158,YouTube,Explore,Breaking news,News,Productive,49.5,1,Outdoors,2025-12-27,Morning
9399,U0393,YouTube,DM/Chat,Discount coupons,Commerce,Distractive,69,3,Office,2025-09-19,Night
9400,U0178,Facebook,Reels/Shorts,Colleague message,Communication,Productive,17.5,1,Outdoors,2025-06-25,Afternoon
9401,U0491,Coursera,Notification,LinkedIn post,Business,Productive,26.2,2,Office,2025-03-15,Afternoon
9402,U0005,Flipkart,Feed,Project update,Communication,Productive,27.1,1,Commute,2025-08-24,Late Night
9403,U0444,WhatsApp,Search,TV show clip,Entertainment,Distractive,70.1,5,Cafe,2025-03-07,Late Night
9404,U0397,YouTube,Story,Football clip,Sports,Distractive,66.8,3,Library,2025-03-15,Night
9405,U0279,YouTube,Reels/Shorts,Fashion trends,Commerce,Distractive,37.9,3,Hostel,2025-12-20,Morning
9406,U0345,TikTok,Search,Client call,Communication,Productive,9,2,College,2025-05-14,Night
9407,U0014,Facebook,Explore,Group chat,Communication,Productive,47.5,2,Commute,2025-04-07,Afternoon
9408,U0244,Gmail,DM/Chat,Discount coupons,Commerce,Distractive,56.1,3,Commute,2025-05-26,Evening
9409,U0344,Slack,Search,Follower count check,Social Media,Distractive,79.5,5,Cafe,2025-03-22,Night
9410,U0009,Amazon,Story,Live score,Sports,Distractive,7.9,4,Outdoors,2025-09-07,Morning
9411,U0207,Zoom,Story,Conference call,Communication,Productive,26.4,2,Home,2025-04-25,Evening
9412,U0253,WhatsApp,Story,Cricket update,Sports,Distractive,38.1,2,Home,2025-06-12,Late Night
9413,U0474,Snapchat,Search,Political news,News,Productive,22.2,1,Library,2025-10-02,Night
9414,U0421,Gmail,DM/Chat,Colleague message,Communication,Productive,8.2,1,Library,2025-01-27,Late Night
9415,U0062,TikTok,Notification,Online certification,Education,Productive,5.5,1,Library,2025-08-08,Late Night
9416,U0382,LinkedIn,DM/Chat,Resume building,Business,Productive,46,2,Library,2025-10-15,Late Night
9417,U0132,YouTube,Feed,Match highlights,Sports,Distractive,71.2,3,Cafe,2025-05-04,Afternoon
9418,U0329,Zoom,Reels/Shorts,Science experiment,Education,Productive,6.9,1,Home,2025-10-05,Morning
9419,U0094,Gmail,Search,Team meeting,Communication,Productive,56.5,2,College,2025-08-18,Evening
9420,U0055,Amazon,Watch,Investment tips,Business,Productive,34,2,Commute,2025-02-27,Morning
9421,U0259,LinkedIn,DM/Chat,Coding practice,Education,Productive,40.4,1,Cafe,2025-01-21,Night
9422,U0097,Telegram,Explore,Client call,Communication,Productive,15.6,1,Outdoors,2025-06-10,Late Night
9423,U0277,Flipkart,DM/Chat,TV show clip,Entertainment,Distractive,86,5,Commute,2025-11-13,Night
9424,U0219,Telegram,DM/Chat,Football clip,Sports,Distractive,15.2,4,Library,2025-09-25,Night
9425,U0443,Zoom,Search,Movie clips,Entertainment,Distractive,85.1,5,Cafe,2025-06-09,Morning
9426,U0439,Telegram,Course Page,Sports news,Sports,Distractive,42.5,2,Library,2025-07-31,Afternoon
9427,U0413,Udemy,DM/Chat,Video call,Communication,Productive,45.1,1,College,2025-01-31,Night
9428,U0448,Udemy,Story,Coding practice,Education,Productive,25.1,2,Home,2025-12-25,Night
9429,U0432,WhatsApp,Watch,Live score,Sports,Distractive,43.9,2,Cafe,2025-07-04,Evening
9430,U0115,Facebook,DM/Chat,Exam preparation,Education,Productive,48.2,2,Outdoors,2025-11-07,Late Night
9431,U0029,Amazon,Course Page,Conference call,Communication,Productive,20.1,2,Library,2025-02-14,Night
9432,U0293,TikTok,Course Page,Fashion trends,Commerce,Distractive,76.7,2,Hostel,2025-01-09,Night
9433,U0165,Facebook,Notification,Flash deals,Commerce,Distractive,35,3,Home,2025-10-01,Afternoon
9434,U0420,YouTube,Feed,Local news,News,Productive,21.7,3,Library,2025-02-02,Night
9435,U0130,YouTube,Watch,Live score,Sports,Distractive,77.4,3,Office,2025-03-27,Afternoon
9436,U0488,Telegram,Feed,Web development course,Education,Productive,46.9,2,Hostel,2025-05-10,Morning
9437,U0265,Snapchat,Course Page,Product review,Commerce,Distractive,47.9,3,Hostel,2025-07-28,Afternoon
9438,U0353,Twitter/X,Reels/Shorts,Python tutorial,Education,Productive,12.4,1,Outdoors,2025-07-08,Late Night
9439,U0277,Gmail,Course Page,Football clip,Sports,Distractive,35.5,2,Outdoors,2025-12-07,Evening
9440,U0296,WhatsApp,Search,Current affairs,News,Productive,35.7,1,Commute,2025-06-21,Afternoon
9441,U0184,Slack,Explore,Product review,Commerce,Distractive,89.1,2,College,2025-04-15,Late Night
9442,U0167,Google Classroom,Feed,Random scrolling,Social Media,Distractive,29.9,4,College,2025-07-25,Afternoon
9443,U0387,Udemy,Notification,Endless scrolling,Social Media,Distractive,36.7,4,Outdoors,2025-09-02,Afternoon
9444,U0182,Instagram,Story,Match highlights,Sports,Distractive,10.4,3,College,2025-01-01,Afternoon
9445,U0470,Coursera,Story,Political news,News,Productive,8.9,3,Home,2025-01-27,Morning
9446,U0371,Slack,Feed,Online sale,Commerce,Distractive,70.5,2,Home,2025-10-21,Late Night
9447,U0500,WhatsApp,Explore,Online sale,Commerce,Distractive,35.7,2,Commute,2025-11-14,Afternoon
9448,U0006,YouTube,Reels/Shorts,Match highlights,Sports,Distractive,3.9,3,Library,2025-09-23,Morning
9449,U0423,Slack,Course Page,Shopping,Commerce,Distractive,18.7,3,College,2025-11-05,Afternoon
9450,U0152,Snapchat,DM/Chat,Music video,Entertainment,Distractive,25.8,4,Office,2025-03-19,Afternoon
9451,U0263,Amazon,Reels/Shorts,Live score,Sports,Distractive,29.4,3,Commute,2025-11-21,Afternoon
9452,U0325,Slack,Course Page,Random scrolling,Social Media,Distractive,65.7,5,College,2025-11-15,Night
9453,U0497,Coursera,Notification,Coding practice,Education,Productive,26,1,Hostel,2025-02-05,Morning
9454,U0074,Udemy,Story,Weather update,News,Productive,9.6,2,Outdoors,2025-12-13,Morning
9455,U0196,Google Classroom,Feed,Math tutorial,Education,Productive,31.8,1,Office,2025-09-12,Evening
9456,U0104,Telegram,Watch,Family chat,Communication,Productive,18.5,1,Library,2025-11-24,Night
9457,U0025,YouTube,Feed,Excel tutorial,Education,Productive,24.6,1,College,2025-04-26,Late Night
9458,U0239,Zoom,Feed,Shorts,Entertainment,Distractive,35.8,4,Library,2025-02-27,Evening
9459,U0480,Instagram,Feed,Fashion trends,Commerce,Distractive,65.2,2,College,2025-07-27,Evening
9460,U0319,Amazon,Notification,Shopping,Commerce,Distractive,62.8,2,Library,2025-01-20,Late Night
9461,U0419,Zoom,Explore,Discount coupons,Commerce,Distractive,22.7,3,Cafe,2025-06-25,Afternoon
9462,U0367,Facebook,Reels/Shorts,Local news,News,Productive,36.8,2,Library,2025-07-29,Morning
9463,U0223,Coursera,Notification,Product review,Commerce,Distractive,27.3,3,College,2025-11-28,Afternoon
9464,U0168,Telegram,Search,Breaking news,News,Productive,14.6,3,Hostel,2025-04-15,Evening
9465,U0360,Telegram,DM/Chat,Discount coupons,Commerce,Distractive,80.6,2,Library,2025-06-20,Afternoon
9466,U0212,Zoom,Notification,Client proposal,Business,Productive,51.7,2,Outdoors,2025-08-06,Night
9467,U0137,Amazon,Watch,Interview preparation,Education,Productive,21.9,2,Office,2025-11-23,Evening
9468,U0094,Gmail,Explore,Trending challenge,Entertainment,Distractive,27.4,4,Cafe,2025-10-29,Afternoon
9469,U0004,Zoom,Notification,Match highlights,Sports,Distractive,80.5,4,Outdoors,2025-08-03,Morning
9470,U0450,Facebook,Course Page,Science experiment,Education,Productive,55.9,2,Hostel,2025-11-02,Morning
9471,U0078,WhatsApp,Course Page,Live score,Sports,Distractive,14.9,2,Commute,2025-09-20,Morning
9472,U0461,YouTube,Explore,Chemistry notes,Education,Productive,18.2,1,Home,2025-03-08,Late Night
9473,U0420,Flipkart,Course Page,Technology news,News,Productive,32.5,3,Home,2025-02-15,Evening
9474,U0221,Twitter/X,Notification,Math tutorial,Education,Productive,55.2,1,College,2025-12-01,Late Night
9475,U0364,Instagram,Watch,Fashion trends,Commerce,Distractive,27.7,3,Cafe,2025-11-20,Afternoon
9476,U0488,Snapchat,Feed,Physics lecture,Education,Productive,56.7,2,Home,2025-04-06,Late Night
9477,U0235,Coursera,Notification,LinkedIn post,Business,Productive,3.7,2,Commute,2025-04-26,Night
9478,U0365,Twitter/X,Feed,Funny compilation,Entertainment,Distractive,26.7,5,Commute,2025-02-06,Morning
9479,U0072,Google Classroom,Notification,Trending hashtags,Social Media,Distractive,39.2,5,Home,2025-07-11,Evening
9480,U0252,Slack,Feed,Influencer content,Social Media,Distractive,72.7,5,Commute,2025-06-29,Morning
9481,U0377,Zoom,DM/Chat,Football clip,Sports,Distractive,52.6,4,Commute,2025-12-02,Morning
9482,U0430,Google Classroom,Notification,Conference call,Communication,Productive,53.7,1,Library,2025-06-18,Morning
9483,U0230,Facebook,Notification,Project management,Business,Productive,52.4,2,Home,2025-06-14,Late Night
9484,U0381,Gmail,Course Page,Current affairs,News,Productive,29.8,3,College,2025-01-25,Late Night
9485,U0005,Flipkart,Course Page,Team meeting,Communication,Productive,21.1,1,Cafe,2025-02-21,Morning
9486,U0101,TikTok,Search,Current affairs,News,Productive,5.5,2,Library,2025-10-21,Afternoon
9487,U0310,WhatsApp,Watch,Work discussion,Communication,Productive,58.3,2,Cafe,2025-04-19,Afternoon
9488,U0106,Slack,Watch,Movie clips,Entertainment,Distractive,87.6,4,Hostel,2025-05-31,Evening
9489,U0469,Flipkart,Search,Weather update,News,Productive,57.8,2,Outdoors,2025-11-07,Late Night
9490,U0433,Twitter/X,Story,Shorts,Entertainment,Distractive,84,5,College,2025-10-02,Late Night
9491,U0179,Twitter/X,DM/Chat,Market analysis,Business,Productive,49.3,2,Library,2025-02-22,Late Night
9492,U0249,Amazon,Watch,Email,Communication,Productive,48.7,1,Outdoors,2025-10-05,Late Night
9493,U0005,Google Classroom,Explore,Chemistry notes,Education,Productive,29.8,2,Cafe,2025-01-31,Late Night
9494,U0431,Twitter/X,Story,Shopping,Commerce,Distractive,76,3,Hostel,2025-12-13,Afternoon
9495,U0452,Coursera,Search,Video call,Communication,Productive,38.7,1,College,2025-02-26,Morning
9496,U0153,Google Classroom,Notification,Endless scrolling,Social Media,Distractive,38.3,4,College,2025-11-22,Morning
9497,U0269,Flipkart,Story,Work discussion,Communication,Productive,48.2,1,Commute,2025-09-05,Late Night
9498,U0288,Flipkart,Course Page,Reels,Entertainment,Distractive,26.5,5,Library,2025-06-26,Evening
9499,U0156,Amazon,Course Page,Football clip,Sports,Distractive,35.3,4,College,2025-07-17,Afternoon
9500,U0452,Gmail,DM/Chat,TV show clip,Entertainment,Distractive,18.8,5,College,2025-10-21,Night
9501,U0239,Coursera,Feed,DM chat casual,Social Media,Distractive,85.3,5,Cafe,2025-06-16,Afternoon
9502,U0211,Udemy,Reels/Shorts,Physics lecture,Education,Productive,13.5,2,Cafe,2025-04-22,Late Night
9503,U0325,Facebook,Notification,Project management,Business,Productive,55.1,1,Office,2025-12-15,Night
9504,U0400,Flipkart,Feed,Current affairs,News,Productive,16.4,2,Commute,2025-08-27,Morning
9505,U0016,LinkedIn,Watch,Sports news,Sports,Distractive,76.8,4,Outdoors,2025-06-07,Evening
9506,U0191,Amazon,Story,Colleague message,Communication,Productive,45.9,1,Library,2025-02-06,Late Night
9507,U0405,Gmail,Story,Live score,Sports,Distractive,73.6,4,Hostel,2025-05-17,Evening
9508,U0442,Google Classroom,Watch,Football clip,Sports,Distractive,84,3,Outdoors,2025-07-13,Afternoon
9509,U0452,Zoom,Notification,Video call,Communication,Productive,57.5,2,Commute,2025-12-30,Evening
9510,U0007,LinkedIn,DM/Chat,Stock market,Business,Productive,56,2,Commute,2025-02-25,Late Night
9511,U0268,LinkedIn,Notification,TV show clip,Entertainment,Distractive,39.5,5,Outdoors,2025-04-27,Morning
9512,U0483,TikTok,Search,Like notifications,Social Media,Distractive,21.1,4,Office,2025-05-17,Morning
9513,U0053,Google Classroom,Feed,Influencer content,Social Media,Distractive,8.4,4,Cafe,2025-11-07,Night
9514,U0267,Telegram,Watch,Local news,News,Productive,5.6,3,Commute,2025-05-18,Morning
9515,U0244,TikTok,Watch,Endless scrolling,Social Media,Distractive,50.2,4,Outdoors,2025-04-14,Late Night
9516,U0186,Gmail,DM/Chat,Product review,Commerce,Distractive,84.5,2,Commute,2025-12-23,Afternoon
9517,U0232,Google Classroom,Course Page,Investment tips,Business,Productive,1.6,2,Cafe,2025-07-14,Evening
9518,U0390,Coursera,Course Page,Colleague message,Communication,Productive,57,2,College,2025-07-04,Night
9519,U0009,Coursera,Feed,Match highlights,Sports,Distractive,35.8,4,College,2025-11-11,Afternoon
9520,U0088,Telegram,DM/Chat,Weather update,News,Productive,49.2,1,Commute,2025-12-26,Afternoon
9521,U0409,Instagram,Search,DM chat casual,Social Media,Distractive,12.9,5,Office,2025-11-21,Evening
9522,U0336,LinkedIn,Explore,Viral video,Entertainment,Distractive,69.8,5,Hostel,2025-07-15,Late Night
9523,U0046,Slack,DM/Chat,Trending challenge,Entertainment,Distractive,68.4,5,Home,2025-09-02,Evening
9524,U0075,LinkedIn,Watch,Weather update,News,Productive,41.5,3,Cafe,2025-12-23,Afternoon
9525,U0050,Zoom,Course Page,Sports news,Sports,Distractive,36.7,2,Office,2025-10-30,Night
9526,U0447,LinkedIn,DM/Chat,Colleague message,Communication,Productive,37.2,2,Home,2025-10-11,Afternoon
9527,U0497,Telegram,Search,Business news,Business,Productive,42.8,2,Office,2025-05-23,Morning
9528,U0168,Udemy,DM/Chat,Product review,Commerce,Distractive,85.8,3,Hostel,2025-10-11,Morning
9529,U0219,TikTok,Search,Shopping,Commerce,Distractive,12.1,2,Commute,2025-08-03,Afternoon
9530,U0193,Coursera,DM/Chat,Job search,Business,Productive,4.9,1,Cafe,2025-08-03,Night
9531,U0156,Twitter/X,Course Page,Cricket update,Sports,Distractive,52.2,4,Home,2025-01-02,Late Night
9532,U0459,Flipkart,Reels/Shorts,Weather update,News,Productive,22.7,2,Hostel,2025-11-01,Late Night
9533,U0476,Snapchat,Reels/Shorts,Team meeting,Communication,Productive,10.9,1,Commute,2025-05-21,Afternoon
9534,U0143,Twitter/X,Search,Startup news,Business,Productive,20.7,1,Hostel,2025-02-25,Evening
9535,U0170,Instagram,Story,World news,News,Productive,5.2,3,Commute,2025-09-16,Late Night
9536,U0485,Slack,DM/Chat,Client proposal,Business,Productive,45.9,2,Home,2025-05-28,Night
9537,U0360,Google Classroom,Explore,Product review,Commerce,Distractive,74.4,2,Library,2025-09-21,Afternoon
9538,U0355,Telegram,Explore,Job search,Business,Productive,32.6,1,Hostel,2025-07-20,Afternoon
9539,U0148,Udemy,Reels/Shorts,Voice message,Communication,Productive,49.5,1,Outdoors,2025-07-31,Night
9540,U0136,YouTube,DM/Chat,Fashion trends,Commerce,Distractive,30.9,2,Hostel,2025-02-01,Late Night
9541,U0212,Flipkart,Story,Web series clip,Entertainment,Distractive,5.4,5,Cafe,2025-09-01,Late Night
9542,U0328,Flipkart,Course Page,Project management,Business,Productive,32.2,1,Outdoors,2025-07-28,Morning
9543,U0279,TikTok,Notification,Wishlist browsing,Commerce,Distractive,55.5,2,College,2025-10-16,Afternoon
9544,U0203,LinkedIn,Course Page,Video call,Communication,Productive,38.3,2,Office,2025-03-01,Evening
9545,U0447,Snapchat,Search,Like notifications,Social Media,Distractive,82.6,4,Library,2025-05-24,Night
9546,U0228,WhatsApp,DM/Chat,Client call,Communication,Productive,24.3,1,College,2025-12-12,Night
9547,U0494,Instagram,Reels/Shorts,Online sale,Commerce,Distractive,83,3,Library,2025-07-04,Night
9548,U0005,Instagram,Notification,Shorts,Entertainment,Distractive,43.9,5,College,2025-05-13,Evening
9549,U0189,Instagram,Watch,Discount coupons,Commerce,Distractive,36.1,3,Commute,2025-08-31,Evening
9550,U0235,Telegram,Explore,Story updates,Social Media,Distractive,36.3,5,College,2025-06-17,Evening
9551,U0237,YouTube,Course Page,Excel tutorial,Education,Productive,49.7,1,Cafe,2025-06-27,Morning
9552,U0170,Slack,Feed,Comedy videos,Entertainment,Distractive,23.5,4,Home,2025-01-07,Late Night
9553,U0416,Google Classroom,Watch,Discount coupons,Commerce,Distractive,64.3,2,Library,2025-03-18,Afternoon
9554,U0387,WhatsApp,Story,Project update,Communication,Productive,6.1,2,Hostel,2025-07-30,Morning
9555,U0210,Telegram,DM/Chat,Sports news,Sports,Distractive,85.2,4,College,2025-12-05,Afternoon
9556,U0027,Snapchat,Reels/Shorts,Comedy videos,Entertainment,Distractive,57.8,5,Outdoors,2025-07-14,Evening
9557,U0402,Facebook,Course Page,Weather update,News,Productive,41.8,1,Outdoors,2025-12-23,Evening
9558,U0218,LinkedIn,Watch,Client call,Communication,Productive,20.4,1,Outdoors,2025-09-24,Morning
9559,U0230,Flipkart,Search,Wishlist browsing,Commerce,Distractive,4.5,3,Hostel,2025-04-02,Morning
9560,U0049,Facebook,Reels/Shorts,Fashion trends,Commerce,Distractive,40.7,3,Home,2025-12-10,Morning
9561,U0271,Gmail,Notification,Funny compilation,Entertainment,Distractive,36.3,5,College,2025-09-17,Morning
9562,U0065,Coursera,Explore,Colleague message,Communication,Productive,3.2,2,Home,2025-10-21,Night
9563,U0483,YouTube,Watch,Flash deals,Commerce,Distractive,74.3,3,Home,2025-11-05,Late Night
9564,U0262,YouTube,Explore,Sports news,Sports,Distractive,11.4,3,Commute,2025-02-19,Night
9565,U0405,Google Classroom,DM/Chat,Online sale,Commerce,Distractive,88.7,2,Outdoors,2025-09-21,Late Night
9566,U0096,Slack,Reels/Shorts,Colleague message,Communication,Productive,18.4,2,Home,2025-10-03,Late Night
9567,U0228,Facebook,Story,Discount coupons,Commerce,Distractive,40.7,3,Hostel,2025-11-02,Morning
9568,U0109,Google Classroom,Notification,Job search,Business,Productive,41.5,2,Cafe,2025-09-29,Night
9569,U0375,Gmail,Reels/Shorts,Gaming,Entertainment,Distractive,42.4,5,Commute,2025-08-21,Evening
9570,U0092,Zoom,Explore,World news,News,Productive,12.8,3,Library,2025-02-02,Evening
9571,U0072,Flipkart,Notification,Competitive exam tips,Education,Productive,3.9,1,Office,2025-10-30,Late Night
9572,U0380,Snapchat,Notification,Influencer content,Social Media,Distractive,8.4,5,Hostel,2025-08-22,Afternoon
9573,U0069,TikTok,Watch,Football clip,Sports,Distractive,7.3,3,Home,2025-01-26,Morning
9574,U0436,Zoom,Search,Local news,News,Productive,4.7,2,Outdoors,2025-11-18,Afternoon
9575,U0254,Udemy,Feed,Video call,Communication,Productive,57,1,Home,2025-06-23,Afternoon
9576,U0277,Amazon,Reels/Shorts,Football clip,Sports,Distractive,55.3,4,Hostel,2025-07-03,Afternoon
9577,U0278,Google Classroom,Feed,Dance videos,Entertainment,Distractive,35,5,Outdoors,2025-08-28,Night
9578,U0153,YouTube,DM/Chat,Football clip,Sports,Distractive,14.1,4,Library,2025-12-26,Late Night
9579,U0376,Instagram,Feed,Family chat,Communication,Productive,1.6,2,Commute,2025-12-24,Late Night
9580,U0455,Flipkart,Watch,Flash deals,Commerce,Distractive,8.4,2,Library,2025-03-31,Morning
9581,U0209,Amazon,Story,Technology news,News,Productive,10.9,2,Hostel,2025-08-04,Afternoon
9582,U0302,Gmail,Reels/Shorts,Comedy videos,Entertainment,Distractive,89.6,5,Outdoors,2025-12-22,Late Night
9583,U0069,YouTube,DM/Chat,Technology news,News,Productive,50.9,3,Outdoors,2025-03-13,Night
9584,U0475,Twitter/X,Reels/Shorts,Project update,Communication,Productive,48.3,1,Cafe,2025-06-07,Late Night
9585,U0379,Gmail,Explore,Football clip,Sports,Distractive,54.4,3,Library,2025-03-14,Evening
9586,U0181,YouTube,Watch,Match highlights,Sports,Distractive,80.8,3,Home,2025-11-16,Afternoon
9587,U0284,Slack,Feed,Investment tips,Business,Productive,14.5,1,Home,2025-10-18,Late Night
9588,U0227,Coursera,Story,Coding practice,Education,Productive,9.5,2,Cafe,2025-10-11,Evening
9589,U0222,Google Classroom,Course Page,Email,Communication,Productive,29.5,2,Outdoors,2025-11-18,Afternoon
9590,U0122,Flipkart,Feed,Like notifications,Social Media,Distractive,85.2,5,Office,2025-09-23,Evening
9591,U0082,Coursera,Watch,History lecture,Education,Productive,9.9,2,Hostel,2025-05-16,Evening
9592,U0053,Google Classroom,Notification,Stock market,Business,Productive,3.5,1,Commute,2025-05-08,Afternoon
9593,U0165,Udemy,Notification,Random scrolling,Social Media,Distractive,75.5,4,Hostel,2025-11-24,Afternoon
9594,U0171,Amazon,Search,Trending challenge,Entertainment,Distractive,8.9,4,Commute,2025-08-22,Late Night
9595,U0436,TikTok,Feed,Cricket update,Sports,Distractive,85.4,3,Cafe,2025-05-25,Morning
9596,U0264,Twitter/X,Search,Group chat,Communication,Productive,45.8,2,Commute,2025-05-19,Late Night
9597,U0153,Snapchat,Reels/Shorts,Language learning,Education,Productive,30,2,Outdoors,2025-10-14,Evening
9598,U0482,Flipkart,Explore,Voice message,Communication,Productive,33.9,1,Office,2025-10-13,Night
9599,U0171,Amazon,Search,Physics lecture,Education,Productive,34.4,2,Hostel,2025-08-24,Evening
9600,U0353,Coursera,Search,Memes,Entertainment,Distractive,28.5,4,Office,2025-11-23,Morning
9601,U0289,Udemy,Story,Project update,Communication,Productive,40.4,1,Office,2025-07-11,Late Night
9602,U0151,Snapchat,Story,Weather update,News,Productive,34.7,2,Office,2025-04-28,Night
9603,U0206,Snapchat,Reels/Shorts,Group chat,Communication,Productive,15.6,1,Commute,2025-03-01,Morning
9604,U0023,Zoom,Course Page,Match highlights,Sports,Distractive,39.4,3,Office,2025-11-19,Afternoon
9605,U0350,Zoom,Watch,Business news,Business,Productive,8.6,2,Library,2025-11-25,Evening
9606,U0336,Zoom,DM/Chat,Sports news,Sports,Distractive,42.4,4,Home,2025-03-06,Night
9607,U0285,Instagram,Search,SQL tutorial,Education,Productive,10.7,1,Commute,2025-02-21,Evening
9608,U0083,Twitter/X,Feed,Follower count check,Social Media,Distractive,24,4,College,2025-12-23,Evening
9609,U0086,Twitter/X,Course Page,Web series clip,Entertainment,Distractive,9.6,5,Hostel,2025-05-20,Morning
9610,U0303,WhatsApp,Reels/Shorts,Gossip,Entertainment,Distractive,11.9,5,Office,2025-10-25,Morning
9611,U0352,Telegram,Watch,Sports news,Sports,Distractive,11.3,2,College,2025-02-15,Night
9612,U0063,Telegram,Explore,Job search,Business,Productive,2,2,Home,2025-10-18,Morning
9613,U0029,Udemy,Reels/Shorts,World news,News,Productive,31.8,1,Outdoors,2025-02-16,Late Night
9614,U0055,WhatsApp,DM/Chat,Technology news,News,Productive,42.9,1,Outdoors,2025-11-07,Afternoon
9615,U0263,Slack,Course Page,Language learning,Education,Productive,47,1,College,2025-09-04,Morning
9616,U0095,TikTok,Course Page,Like notifications,Social Media,Distractive,11.2,4,College,2025-07-06,Afternoon
9617,U0101,Udemy,DM/Chat,Data Science course,Education,Productive,46.7,1,Commute,2025-07-02,Late Night
9618,U0154,Facebook,Reels/Shorts,Video call,Communication,Productive,10.5,2,College,2025-07-31,Late Night
9619,U0422,Coursera,Explore,Math tutorial,Education,Productive,20.6,2,Home,2025-10-04,Late Night
9620,U0032,Twitter/X,Reels/Shorts,Startup news,Business,Productive,58.5,1,Hostel,2025-01-05,Late Night
9621,U0208,TikTok,Explore,Work discussion,Communication,Productive,21.2,2,Home,2025-10-13,Evening
9622,U0316,Amazon,Story,Resume building,Business,Productive,12.6,2,College,2025-12-16,Morning
9623,U0453,Slack,Story,Math tutorial,Education,Productive,24.4,1,Commute,2025-02-18,Afternoon
9624,U0426,Snapchat,Course Page,Football clip,Sports,Distractive,29.8,3,Cafe,2025-07-01,Late Night
9625,U0429,Instagram,Search,Client call,Communication,Productive,12.4,1,Cafe,2025-06-28,Late Night
9626,U0274,TikTok,Explore,Client proposal,Business,Productive,11.1,2,College,2025-07-29,Night
9627,U0060,Gmail,Explore,Follower count check,Social Media,Distractive,1.5,5,Outdoors,2025-10-11,Late Night
9628,U0065,Instagram,Search,Cricket update,Sports,Distractive,54.8,2,Cafe,2025-01-18,Late Night
9629,U0431,Flipkart,Notification,Conference call,Communication,Productive,46.2,2,Home,2025-07-26,Evening
9630,U0321,WhatsApp,Notification,Like notifications,Social Media,Distractive,87.6,4,Outdoors,2025-11-24,Morning
9631,U0224,Slack,Search,Football clip,Sports,Distractive,18,4,Commute,2025-02-27,Late Night
9632,U0171,Slack,Explore,Interview preparation,Education,Productive,54.5,2,Commute,2025-12-12,Morning
9633,U0245,Gmail,Reels/Shorts,Influencer content,Social Media,Distractive,14.8,5,Commute,2025-02-28,Evening
9634,U0396,LinkedIn,Story,Trending hashtags,Social Media,Distractive,49,4,Cafe,2025-10-19,Morning
9635,U0239,YouTube,Watch,Market analysis,Business,Productive,6.9,1,College,2025-01-24,Late Night
9636,U0009,TikTok,Search,Startup news,Business,Productive,19.9,1,Cafe,2025-01-17,Evening
9637,U0285,Gmail,DM/Chat,World news,News,Productive,58.5,1,Office,2025-07-16,Morning
9638,U0207,Gmail,Search,Chemistry notes,Education,Productive,46.4,1,Commute,2025-07-26,Evening
9639,U0112,Slack,Explore,Product review,Commerce,Distractive,67.7,3,Home,2025-03-08,Night
9640,U0425,Slack,Feed,Discount coupons,Commerce,Distractive,2.1,3,Cafe,2025-10-09,Late Night
9641,U0043,Google Classroom,Reels/Shorts,Work discussion,Communication,Productive,56.4,2,Commute,2025-11-30,Morning
9642,U0448,Twitter/X,Reels/Shorts,Discount coupons,Commerce,Distractive,51.2,2,Library,2025-04-26,Morning
9643,U0180,Udemy,Course Page,Flash deals,Commerce,Distractive,40.3,2,Home,2025-06-03,Afternoon
9644,U0216,Snapchat,Feed,Family chat,Communication,Productive,15,2,Hostel,2025-11-07,Evening
9645,U0112,Google Classroom,Reels/Shorts,Gossip,Entertainment,Distractive,28.8,5,College,2025-09-29,Night
9646,U0173,Flipkart,Notification,Product review,Commerce,Distractive,31.9,2,Cafe,2025-05-03,Evening
9647,U0144,LinkedIn,DM/Chat,Stock market,Business,Productive,18.3,1,Office,2025-01-29,Afternoon
9648,U0323,Slack,DM/Chat,Online sale,Commerce,Distractive,17.1,2,Home,2025-04-04,Late Night
9649,U0428,Coursera,Watch,Match highlights,Sports,Distractive,11.9,3,Outdoors,2025-05-01,Night
9650,U0333,Flipkart,Notification,Project update,Communication,Productive,29.9,2,Commute,2025-10-09,Night
9651,U0144,Udemy,Watch,Market analysis,Business,Productive,12.5,2,College,2025-02-26,Night
9652,U0426,TikTok,Reels/Shorts,Football clip,Sports,Distractive,6.1,4,Library,2025-08-07,Morning
9653,U0240,Twitter/X,DM/Chat,Sports news,Sports,Distractive,52.4,4,Home,2025-11-13,Morning
9654,U0208,Coursera,DM/Chat,Endless scrolling,Social Media,Distractive,9.6,5,Outdoors,2025-01-04,Evening
9655,U0382,Amazon,DM/Chat,Market analysis,Business,Productive,57.5,1,Hostel,2025-09-16,Late Night
9656,U0197,LinkedIn,Explore,Current affairs,News,Productive,44.8,1,Hostel,2025-05-24,Morning
9657,U0479,Coursera,Story,Flash deals,Commerce,Distractive,65.7,2,Outdoors,2025-12-12,Night
9658,U0127,LinkedIn,Course Page,World news,News,Productive,47.4,1,Office,2025-03-03,Late Night
9659,U0043,Slack,Notification,Work discussion,Communication,Productive,28.5,1,Commute,2025-05-04,Evening
9660,U0364,Twitter/X,Notification,Football clip,Sports,Distractive,31.1,3,Cafe,2025-08-22,Night
9661,U0473,Gmail,Story,Investment tips,Business,Productive,51.2,2,Library,2025-06-14,Evening
9662,U0493,Twitter/X,Search,Science experiment,Education,Productive,19.8,1,Outdoors,2025-06-27,Late Night
9663,U0092,Udemy,Explore,Sports news,Sports,Distractive,54.5,4,Home,2025-06-06,Afternoon
9664,U0366,Zoom,Story,Online certification,Education,Productive,40.1,2,Home,2025-03-29,Afternoon
9665,U0440,Facebook,Watch,Live score,Sports,Distractive,3.7,4,Cafe,2025-11-28,Morning
9666,U0286,Udemy,Notification,Football clip,Sports,Distractive,29.9,4,Office,2025-09-26,Night
9667,U0046,Zoom,Reels/Shorts,Fashion trends,Commerce,Distractive,79.7,2,Hostel,2025-10-13,Morning
9668,U0185,Instagram,Reels/Shorts,Follower count check,Social Media,Distractive,57.5,4,Cafe,2025-12-11,Afternoon
9669,U0266,Instagram,Story,Project management,Business,Productive,50.8,2,Outdoors,2025-11-11,Evening
9670,U0468,Udemy,Story,Business news,Business,Productive,35.2,1,Office,2025-02-25,Evening
9671,U0210,Udemy,Story,Online sale,Commerce,Distractive,87,2,College,2025-08-16,Night
9672,U0176,YouTube,Course Page,Product review,Commerce,Distractive,12.6,2,Library,2025-03-27,Afternoon
9673,U0059,Snapchat,Notification,DM chat casual,Social Media,Distractive,29.5,4,Outdoors,2025-02-22,Afternoon
9674,U0149,Flipkart,Feed,DM chat casual,Social Media,Distractive,57.8,5,Hostel,2025-10-09,Morning
9675,U0465,Google Classroom,Search,Sports news,Sports,Distractive,63,2,Hostel,2025-12-21,Late Night
9676,U0471,Udemy,Explore,Business news,Business,Productive,27.7,2,Outdoors,2025-09-09,Morning
9677,U0326,Coursera,Feed,Sports news,Sports,Distractive,76,4,Home,2025-07-15,Morning
9678,U0397,Zoom,Watch,Cricket update,Sports,Distractive,23.7,4,College,2025-12-06,Night
9679,U0417,Twitter/X,Explore,Language learning,Education,Productive,43.9,1,Outdoors,2025-04-25,Afternoon
9680,U0465,Zoom,DM/Chat,Group chat,Communication,Productive,51.9,2,Home,2025-02-28,Afternoon
9681,U0393,Udemy,Watch,Team meeting,Communication,Productive,11.6,2,Office,2025-09-10,Evening
9682,U0013,Google Classroom,Reels/Shorts,Political news,News,Productive,18.1,1,Cafe,2025-01-10,Morning
9683,U0092,Google Classroom,Watch,Gaming,Entertainment,Distractive,48.2,5,Home,2025-02-27,Late Night
9684,U0326,Gmail,Notification,Cricket update,Sports,Distractive,35.8,2,Office,2025-06-12,Morning
9685,U0495,WhatsApp,Watch,Memes,Entertainment,Distractive,32.6,5,College,2025-05-11,Afternoon
9686,U0353,Instagram,Explore,Machine Learning,Education,Productive,12.1,2,Hostel,2025-12-01,Late Night
9687,U0130,Amazon,Reels/Shorts,Funny compilation,Entertainment,Distractive,46.6,5,Commute,2025-07-13,Morning
9688,U0173,Zoom,Watch,Research paper,Education,Productive,2.5,2,Hostel,2025-01-15,Morning
9689,U0036,Udemy,Watch,Breaking news,News,Productive,58.9,2,Hostel,2025-11-16,Night
9690,U0126,Telegram,Notification,Business news,Business,Productive,50.2,1,Commute,2025-08-27,Night
9691,U0323,Zoom,Reels/Shorts,Football clip,Sports,Distractive,17.5,2,Outdoors,2025-01-27,Late Night
9692,U0490,Udemy,DM/Chat,Political news,News,Productive,1.4,2,College,2025-02-23,Morning
9693,U0120,TikTok,Story,Freelance work,Business,Productive,27.5,1,Library,2025-10-15,Night
9694,U0131,Gmail,Search,Political news,News,Productive,44.8,1,Home,2025-06-30,Morning
9695,U0053,Zoom,Explore,Product review,Commerce,Distractive,35.9,3,Hostel,2025-03-15,Night
9696,U0126,Google Classroom,Feed,Current affairs,News,Productive,7.4,1,Office,2025-07-23,Evening
9697,U0093,Gmail,Notification,Match highlights,Sports,Distractive,33.7,2,Library,2025-08-13,Evening
9698,U0195,Flipkart,Watch,Breaking news,News,Productive,37.9,2,Office,2025-01-22,Late Night
9699,U0345,LinkedIn,DM/Chat,Sports news,Sports,Distractive,18.4,2,Cafe,2025-06-05,Afternoon
9700,U0165,Amazon,DM/Chat,Product review,Commerce,Distractive,14.9,2,Hostel,2025-04-15,Late Night
9701,U0142,WhatsApp,Watch,Wishlist browsing,Commerce,Distractive,58.9,3,Library,2025-09-05,Morning
9702,U0496,Twitter/X,Reels/Shorts,Follower count check,Social Media,Distractive,74.9,4,Library,2025-09-28,Evening
9703,U0354,TikTok,Reels/Shorts,Local news,News,Productive,52,2,College,2025-04-10,Evening
9704,U0233,Gmail,Story,Gossip,Entertainment,Distractive,3.2,5,Office,2025-11-19,Late Night
9705,U0433,WhatsApp,Reels/Shorts,Endless scrolling,Social Media,Distractive,7.5,4,College,2025-10-20,Evening
9706,U0080,Amazon,Notification,Skill development,Education,Productive,55.9,1,Library,2025-01-23,Late Night
9707,U0427,WhatsApp,Feed,Video call,Communication,Productive,30.9,2,Outdoors,2025-09-10,Late Night
9708,U0228,Google Classroom,Story,Competitive exam tips,Education,Productive,25,2,Cafe,2025-08-29,Afternoon
9709,U0118,YouTube,Feed,LinkedIn post,Business,Productive,34.8,1,Home,2025-08-03,Afternoon
9710,U0342,Telegram,Feed,Wishlist browsing,Commerce,Distractive,14.7,2,Office,2025-08-19,Evening
9711,U0227,Udemy,Notification,LinkedIn post,Business,Productive,53.8,1,Office,2025-12-23,Night
9712,U0362,Instagram,Reels/Shorts,Video call,Communication,Productive,42.5,2,Library,2025-03-28,Evening
9713,U0128,WhatsApp,DM/Chat,Influencer content,Social Media,Distractive,65,4,Library,2025-01-25,Late Night
9714,U0073,Twitter/X,Watch,Weather update,News,Productive,26.5,1,Office,2025-07-29,Evening
9715,U0052,LinkedIn,Course Page,Gaming,Entertainment,Distractive,25.8,4,Office,2025-07-05,Late Night
9716,U0244,Coursera,Notification,Music video,Entertainment,Distractive,18.8,5,Library,2025-04-19,Night
9717,U0175,Snapchat,Notification,AI fundamentals,Education,Productive,2.1,2,Commute,2025-07-28,Morning
9718,U0010,Instagram,Notification,Resume building,Business,Productive,38.3,2,Outdoors,2025-08-15,Morning
9719,U0346,Amazon,Course Page,Coding practice,Education,Productive,33.9,2,Hostel,2025-10-04,Night
9720,U0408,LinkedIn,Explore,Football clip,Sports,Distractive,26,2,Home,2025-03-06,Evening
9721,U0467,Telegram,Explore,Local news,News,Productive,20.6,3,Hostel,2025-12-01,Night
9722,U0388,Gmail,Search,Online sale,Commerce,Distractive,64.5,2,Outdoors,2025-03-08,Night
9723,U0405,LinkedIn,Notification,DM chat casual,Social Media,Distractive,78,4,College,2025-04-12,Morning
9724,U0493,TikTok,Feed,Breaking news,News,Productive,27.5,3,Office,2025-09-07,Evening
9725,U0462,Snapchat,Search,Wishlist browsing,Commerce,Distractive,13,2,Cafe,2025-06-04,Night
9726,U0199,Twitter/X,Search,Weather update,News,Productive,23.4,2,College,2025-11-04,Night
9727,U0288,Instagram,Search,Online sale,Commerce,Distractive,72.7,2,College,2025-06-10,Late Night
9728,U0457,Gmail,Watch,Music video,Entertainment,Distractive,48.6,5,Cafe,2025-08-20,Morning
9729,U0157,TikTok,Watch,Fashion trends,Commerce,Distractive,69,3,Commute,2025-11-23,Night
9730,U0168,Instagram,Notification,World news,News,Productive,30.7,3,Home,2025-10-09,Morning
9731,U0334,Google Classroom,Feed,Endless scrolling,Social Media,Distractive,73.6,5,Library,2025-12-05,Evening
9732,U0360,Telegram,Watch,Wishlist browsing,Commerce,Distractive,61.4,2,Home,2025-09-30,Evening
9733,U0194,Google Classroom,Story,Follower count check,Social Media,Distractive,41.5,4,Office,2025-10-15,Morning
9734,U0303,YouTube,Story,Science experiment,Education,Productive,9.2,2,Outdoors,2025-02-10,Night
9735,U0281,WhatsApp,Course Page,Cricket update,Sports,Distractive,35.7,4,Library,2025-03-04,Evening
9736,U0344,Udemy,Story,Email,Communication,Productive,53.3,2,Hostel,2025-01-21,Evening
9737,U0093,TikTok,Story,Coding practice,Education,Productive,4.7,1,Outdoors,2025-03-13,Morning
9738,U0404,Flipkart,DM/Chat,Shorts,Entertainment,Distractive,34.6,4,Hostel,2025-04-14,Late Night
9739,U0177,Telegram,Feed,Online sale,Commerce,Distractive,33.3,3,Library,2025-07-13,Afternoon
9740,U0056,Flipkart,Watch,Wishlist browsing,Commerce,Distractive,47.4,3,College,2025-10-28,Morning
9741,U0216,Udemy,Notification,Project update,Communication,Productive,54.2,1,College,2025-02-24,Night
9742,U0355,YouTube,Explore,Prank videos,Entertainment,Distractive,42.7,5,Office,2025-05-16,Night
9743,U0378,WhatsApp,Search,Endless scrolling,Social Media,Distractive,55.9,5,Office,2025-07-01,Late Night
9744,U0078,Facebook,Search,Live score,Sports,Distractive,88.2,2,Outdoors,2025-07-01,Evening
9745,U0154,TikTok,Course Page,Python tutorial,Education,Productive,18.9,2,Office,2025-11-28,Late Night
9746,U0242,YouTube,Watch,Current affairs,News,Productive,17,2,Library,2025-10-17,Morning
9747,U0280,YouTube,Feed,World news,News,Productive,34,3,Commute,2025-12-13,Night
9748,U0485,YouTube,Watch,Football clip,Sports,Distractive,9.6,3,Commute,2025-08-31,Evening
9749,U0075,Twitter/X,Search,Startup news,Business,Productive,5.5,2,Hostel,2025-08-03,Late Night
9750,U0248,YouTube,Course Page,Client proposal,Business,Productive,15.7,1,Library,2025-08-18,Morning
9751,U0305,Amazon,Explore,Political news,News,Productive,29.5,3,Cafe,2025-11-29,Late Night
9752,U0252,Zoom,DM/Chat,Machine Learning,Education,Productive,27,2,Outdoors,2025-10-17,Afternoon
9753,U0029,Flipkart,DM/Chat,Chemistry notes,Education,Productive,44.5,2,Hostel,2025-07-21,Evening
9754,U0228,Zoom,Notification,Prank videos,Entertainment,Distractive,26.9,5,Hostel,2025-02-26,Morning
9755,U0464,Facebook,DM/Chat,Live score,Sports,Distractive,6,3,Cafe,2025-09-19,Afternoon
9756,U0173,YouTube,Search,Team meeting,Communication,Productive,43.3,1,Office,2025-07-02,Night
9757,U0454,Snapchat,Story,Networking,Business,Productive,19.7,2,Library,2025-03-02,Evening
9758,U0308,Twitter/X,Feed,LinkedIn post,Business,Productive,52.5,1,College,2025-02-19,Night
9759,U0136,LinkedIn,Watch,Flash deals,Commerce,Distractive,32.1,3,Home,2025-10-08,Evening
9760,U0056,Telegram,Explore,Email,Communication,Productive,34.1,2,Home,2025-12-19,Morning
9761,U0158,LinkedIn,Watch,Like notifications,Social Media,Distractive,19.9,4,Outdoors,2025-01-10,Morning
9762,U0164,Snapchat,Feed,Weather update,News,Productive,43.4,3,Cafe,2025-07-26,Afternoon
9763,U0246,WhatsApp,Feed,Story updates,Social Media,Distractive,11.9,4,Office,2025-01-29,Night
9764,U0113,Udemy,Search,Skill development,Education,Productive,59.9,2,Outdoors,2025-07-11,Afternoon
9765,U0157,Amazon,Explore,World news,News,Productive,22.5,3,Library,2025-03-20,Late Night
9766,U0488,Facebook,Notification,Shopping,Commerce,Distractive,74.7,2,Cafe,2025-06-25,Afternoon
9767,U0301,Coursera,Notification,Wishlist browsing,Commerce,Distractive,55.6,2,Outdoors,2025-04-03,Night
9768,U0336,Snapchat,Course Page,Live score,Sports,Distractive,56.5,3,Outdoors,2025-05-04,Afternoon
9769,U0288,WhatsApp,Explore,Weather update,News,Productive,36.8,3,Commute,2025-01-31,Night
9770,U0311,Slack,Explore,Local news,News,Productive,51.4,3,Commute,2025-06-28,Late Night
9771,U0468,Amazon,Watch,Colleague message,Communication,Productive,24.5,1,Hostel,2025-11-26,Evening
9772,U0218,Amazon,DM/Chat,Networking,Business,Productive,43.4,2,Hostel,2025-10-15,Late Night
9773,U0379,Snapchat,Story,Exam preparation,Education,Productive,24.5,1,Office,2025-11-14,Late Night
9774,U0500,Gmail,Reels/Shorts,Cricket update,Sports,Distractive,26.2,4,Hostel,2025-11-21,Afternoon
9775,U0458,Amazon,Watch,Client proposal,Business,Productive,56.3,2,Commute,2025-07-08,Evening
9776,U0284,Zoom,Notification,Competitive exam tips,Education,Productive,17.3,1,Library,2025-07-22,Afternoon
9777,U0247,Google Classroom,Watch,Follower count check,Social Media,Distractive,43.9,5,Office,2025-09-30,Late Night
9778,U0052,TikTok,Notification,Interview preparation,Education,Productive,34.5,1,College,2025-03-15,Morning
9779,U0485,Twitter/X,Search,Follower count check,Social Media,Distractive,76.1,4,Commute,2025-08-13,Late Night
9780,U0459,Instagram,Story,Discount coupons,Commerce,Distractive,59.8,3,Office,2025-06-13,Night
9781,U0057,Instagram,Feed,Current affairs,News,Productive,54.6,3,Home,2025-05-02,Late Night
9782,U0046,LinkedIn,Search,AI fundamentals,Education,Productive,26.6,2,Home,2025-01-05,Late Night
9783,U0351,Facebook,Notification,Language learning,Education,Productive,3.7,1,Office,2025-11-01,Late Night
9784,U0402,Zoom,Explore,Dance videos,Entertainment,Distractive,85.6,5,Office,2025-04-01,Night
9785,U0262,Udemy,Explore,Product review,Commerce,Distractive,22.6,2,Hostel,2025-04-25,Morning
9786,U0007,Zoom,Story,Discount coupons,Commerce,Distractive,65,2,Commute,2025-06-05,Night
9787,U0482,Slack,Feed,Shopping,Commerce,Distractive,33.6,3,Home,2025-08-15,Morning
9788,U0461,Instagram,Reels/Shorts,Startup news,Business,Productive,5.8,2,Hostel,2025-03-15,Morning
9789,U0380,WhatsApp,Watch,DM chat casual,Social Media,Distractive,29.5,4,Home,2025-12-04,Afternoon
9790,U0101,Facebook,DM/Chat,Current affairs,News,Productive,58.7,2,Office,2025-12-15,Evening
9791,U0124,WhatsApp,Search,Networking,Business,Productive,41.3,1,Cafe,2025-11-07,Late Night
9792,U0386,Instagram,Reels/Shorts,Family chat,Communication,Productive,56.7,1,Office,2025-09-20,Evening
9793,U0250,Facebook,DM/Chat,Data Science course,Education,Productive,16.4,2,Cafe,2025-07-21,Night
9794,U0044,YouTube,Notification,Story updates,Social Media,Distractive,81.4,5,Office,2025-07-26,Late Night
9795,U0312,Coursera,Notification,Random scrolling,Social Media,Distractive,17,4,College,2025-10-30,Night
9796,U0060,WhatsApp,Course Page,Math tutorial,Education,Productive,59.7,1,Home,2025-11-29,Morning
9797,U0487,Gmail,Feed,Influencer content,Social Media,Distractive,70.4,5,Cafe,2025-05-19,Afternoon
9798,U0060,WhatsApp,Course Page,TV show clip,Entertainment,Distractive,61.1,4,Library,2025-10-12,Late Night
9799,U0009,Instagram,Story,Gossip,Entertainment,Distractive,37.6,5,Cafe,2025-11-25,Afternoon
9800,U0298,Telegram,Watch,Resume building,Business,Productive,55.2,2,Office,2025-09-25,Evening
9801,U0403,Snapchat,Search,Story updates,Social Media,Distractive,85.7,5,Cafe,2025-03-11,Morning
9802,U0327,Flipkart,Notification,History lecture,Education,Productive,58.7,1,Cafe,2025-04-30,Afternoon
9803,U0056,YouTube,Course Page,Team meeting,Communication,Productive,30.2,2,Office,2025-05-21,Evening
9804,U0113,Twitter/X,Search,Web series clip,Entertainment,Distractive,89,4,Cafe,2025-06-14,Late Night
9805,U0251,Telegram,Notification,Science experiment,Education,Productive,29.8,1,Commute,2025-03-19,Evening
9806,U0387,Flipkart,Notification,Resume building,Business,Productive,28.7,1,Cafe,2025-01-11,Morning
9807,U0142,Zoom,Explore,Flash deals,Commerce,Distractive,55.6,3,College,2025-07-29,Evening
9808,U0445,Gmail,Feed,LinkedIn post,Business,Productive,5.7,1,Cafe,2025-02-05,Evening
9809,U0481,Flipkart,Reels/Shorts,Influencer content,Social Media,Distractive,89,4,Outdoors,2025-06-18,Night
9810,U0082,Coursera,Story,Shopping,Commerce,Distractive,75,2,Outdoors,2025-07-13,Night
9811,U0120,WhatsApp,Reels/Shorts,Flash deals,Commerce,Distractive,78.9,2,Hostel,2025-05-04,Afternoon
9812,U0449,Flipkart,DM/Chat,Discount coupons,Commerce,Distractive,40,2,Hostel,2025-04-19,Morning
9813,U0490,Twitter/X,Reels/Shorts,Live score,Sports,Distractive,61,2,Hostel,2025-10-13,Late Night
9814,U0218,Coursera,DM/Chat,Football clip,Sports,Distractive,59.9,2,Office,2025-04-29,Morning
9815,U0282,Zoom,Reels/Shorts,Trending challenge,Entertainment,Distractive,74,5,Outdoors,2025-01-19,Evening
9816,U0019,Udemy,Reels/Shorts,Research paper,Education,Productive,43.7,1,Hostel,2025-01-21,Morning
9817,U0391,Zoom,Watch,DM chat casual,Social Media,Distractive,6.6,4,College,2025-11-18,Morning
9818,U0190,Coursera,Feed,Weather update,News,Productive,54.8,2,Library,2025-02-09,Morning
9819,U0005,WhatsApp,Watch,Family chat,Communication,Productive,44.4,2,Hostel,2025-10-26,Morning
9820,U0096,Coursera,Search,Cricket update,Sports,Distractive,36.8,3,Library,2025-02-23,Evening
9821,U0054,Facebook,Watch,Prank videos,Entertainment,Distractive,64.8,4,Office,2025-10-21,Evening
9822,U0308,LinkedIn,Feed,Trending hashtags,Social Media,Distractive,70.4,5,Office,2025-06-09,Morning
9823,U0379,TikTok,Feed,Sports news,Sports,Distractive,62.4,2,Hostel,2025-07-08,Evening
9824,U0151,Coursera,Feed,Current affairs,News,Productive,37.7,1,Library,2025-08-14,Night
9825,U0160,Snapchat,Search,Exam preparation,Education,Productive,31,2,Office,2025-03-31,Morning
9826,U0483,Instagram,Feed,Breaking news,News,Productive,23.9,3,Office,2025-04-29,Morning
9827,U0158,Gmail,Notification,Endless scrolling,Social Media,Distractive,13.4,5,Outdoors,2025-09-08,Afternoon
9828,U0380,Google Classroom,Explore,DM chat casual,Social Media,Distractive,60.8,4,Office,2025-08-10,Night
9829,U0208,WhatsApp,Reels/Shorts,Prank videos,Entertainment,Distractive,41,5,Library,2025-08-27,Night
9830,U0164,Flipkart,DM/Chat,Web development course,Education,Productive,47.1,1,Outdoors,2025-03-23,Evening
9831,U0270,LinkedIn,Story,Sports news,Sports,Distractive,19.7,3,Hostel,2025-07-22,Morning
9832,U0046,Slack,Watch,Shopping,Commerce,Distractive,1.5,3,College,2025-10-14,Evening
9833,U0045,Twitter/X,Explore,Viral video,Entertainment,Distractive,49.3,5,Cafe,2025-06-12,Night
9834,U0358,Twitter/X,Reels/Shorts,Team meeting,Communication,Productive,43.7,2,Outdoors,2025-07-08,Evening
9835,U0194,Instagram,DM/Chat,Research paper,Education,Productive,32.2,1,Office,2025-11-13,Evening
9836,U0292,Udemy,DM/Chat,Technology news,News,Productive,45.1,3,Hostel,2025-09-06,Late Night
9837,U0051,Snapchat,Search,Data Science course,Education,Productive,13,2,Cafe,2025-03-08,Morning
9838,U0001,Zoom,Feed,Freelance work,Business,Productive,17.2,1,Cafe,2025-05-19,Evening
9839,U0457,WhatsApp,Reels/Shorts,Match highlights,Sports,Distractive,86.4,2,Commute,2025-10-28,Night
9840,U0366,Flipkart,Explore,Discount coupons,Commerce,Distractive,9.7,3,Library,2025-11-09,Afternoon
9841,U0171,WhatsApp,DM/Chat,Trending hashtags,Social Media,Distractive,71.1,4,Library,2025-04-20,Late Night
9842,U0368,Udemy,Notification,Sports news,Sports,Distractive,54.5,3,Outdoors,2025-12-16,Night
9843,U0082,Gmail,Explore,Shopping,Commerce,Distractive,33.1,2,Cafe,2025-12-21,Late Night
9844,U0263,YouTube,Explore,Shorts,Entertainment,Distractive,54.8,4,Home,2025-05-20,Morning
9845,U0425,Telegram,Explore,Colleague message,Communication,Productive,52.4,1,Home,2025-07-29,Night
9846,U0059,Snapchat,Feed,Shopping,Commerce,Distractive,8.2,2,Outdoors,2025-05-20,Evening
9847,U0208,Gmail,DM/Chat,Political news,News,Productive,5.2,2,College,2025-02-10,Morning
9848,U0023,Instagram,Notification,Python tutorial,Education,Productive,20.7,1,Outdoors,2025-04-25,Night
9849,U0468,Zoom,Story,Shopping,Commerce,Distractive,33.7,2,College,2025-10-24,Evening
9850,U0457,Snapchat,Search,Team meeting,Communication,Productive,25.9,1,Commute,2025-01-22,Late Night
9851,U0144,YouTube,Story,Data Science course,Education,Productive,25.6,2,Cafe,2025-11-03,Morning
9852,U0090,Udemy,Reels/Shorts,DM chat casual,Social Media,Distractive,24,5,Library,2025-07-01,Morning
9853,U0114,Flipkart,Reels/Shorts,Machine Learning,Education,Productive,19.6,2,Office,2025-10-08,Evening
9854,U0421,Slack,Story,Product review,Commerce,Distractive,65.2,3,Hostel,2025-11-14,Night
9855,U0372,Instagram,Search,Music video,Entertainment,Distractive,41.2,4,College,2025-02-09,Night
9856,U0135,LinkedIn,Notification,Trending challenge,Entertainment,Distractive,30.6,5,Office,2025-01-12,Evening
9857,U0068,Google Classroom,Story,Math tutorial,Education,Productive,38.8,1,Outdoors,2025-08-06,Late Night
9858,U0244,Coursera,Search,Random scrolling,Social Media,Distractive,7.5,4,Hostel,2025-01-19,Night
9859,U0376,Twitter/X,DM/Chat,Conference call,Communication,Productive,37.3,2,Commute,2025-11-28,Night
9860,U0136,Flipkart,Feed,Funny compilation,Entertainment,Distractive,31.3,5,Outdoors,2025-07-12,Night
9861,U0065,WhatsApp,DM/Chat,Trending challenge,Entertainment,Distractive,82.3,4,Hostel,2025-09-03,Late Night
9862,U0421,Udemy,Notification,Technology news,News,Productive,17,1,Office,2025-11-21,Afternoon
9863,U0247,Amazon,Reels/Shorts,Sports news,Sports,Distractive,43.3,2,College,2025-08-13,Evening
9864,U0009,Twitter/X,Explore,Breaking news,News,Productive,7.5,1,College,2025-06-07,Afternoon
9865,U0248,Coursera,Watch,Coding practice,Education,Productive,43.6,2,Library,2025-07-29,Afternoon
9866,U0114,Flipkart,Search,Like notifications,Social Media,Distractive,12.4,4,Cafe,2025-03-06,Late Night
9867,U0217,Zoom,Story,Project management,Business,Productive,48.2,2,Home,2025-09-23,Afternoon
9868,U0224,Slack,Reels/Shorts,Physics lecture,Education,Productive,27.3,2,Library,2025-02-08,Morning
9869,U0215,Google Classroom,Feed,Exam preparation,Education,Productive,45.9,1,Hostel,2025-01-28,Afternoon
9870,U0142,Udemy,Notification,Competitive exam tips,Education,Productive,7.6,1,Outdoors,2025-07-03,Late Night
9871,U0108,Flipkart,Search,Sports news,Sports,Distractive,47.5,4,College,2025-01-23,Late Night
9872,U0048,Slack,Explore,Family chat,Communication,Productive,14.4,1,Commute,2025-04-06,Afternoon
9873,U0430,Slack,Explore,Breaking news,News,Productive,11.4,2,Commute,2025-01-10,Afternoon
9874,U0041,Zoom,Notification,Endless scrolling,Social Media,Distractive,34.9,5,Home,2025-02-24,Morning
9875,U0054,Facebook,Feed,Wishlist browsing,Commerce,Distractive,1.1,2,Cafe,2025-12-15,Afternoon
9876,U0215,YouTube,Course Page,Weather update,News,Productive,12.4,2,College,2025-04-04,Evening
9877,U0080,Facebook,Feed,Shopping,Commerce,Distractive,35.2,3,College,2025-05-16,Morning
9878,U0165,Facebook,Reels/Shorts,Prank videos,Entertainment,Distractive,82.5,5,College,2025-12-03,Morning
9879,U0325,LinkedIn,Search,Networking,Business,Productive,32.7,1,Cafe,2025-02-16,Evening
9880,U0486,TikTok,Story,Client proposal,Business,Productive,43.7,2,Commute,2025-10-19,Afternoon
9881,U0183,Zoom,Search,Trending hashtags,Social Media,Distractive,29.2,4,Cafe,2025-12-22,Night
9882,U0319,Snapchat,Watch,DM chat casual,Social Media,Distractive,74.2,5,Office,2025-11-01,Late Night
9883,U0228,Slack,Course Page,Wishlist browsing,Commerce,Distractive,30.2,2,Office,2025-09-22,Morning
9884,U0151,Facebook,Watch,Online certification,Education,Productive,19.6,2,Commute,2025-03-07,Afternoon
9885,U0461,Gmail,Search,Current affairs,News,Productive,4.1,2,Library,2025-10-11,Late Night
9886,U0312,Instagram,Notification,Viral video,Entertainment,Distractive,37.3,4,Office,2025-07-28,Evening
9887,U0457,Instagram,Explore,Family chat,Communication,Productive,53.7,2,Cafe,2025-03-11,Evening
9888,U0117,TikTok,Search,Skill development,Education,Productive,35.2,2,Commute,2025-07-10,Late Night
9889,U0174,LinkedIn,Explore,Weather update,News,Productive,10.8,2,Commute,2025-12-18,Morning
9890,U0238,Telegram,Course Page,Trending hashtags,Social Media,Distractive,32.1,5,Library,2025-09-25,Evening
9891,U0470,Snapchat,Course Page,Technology news,News,Productive,44.4,2,Hostel,2025-02-02,Morning
9892,U0384,Udemy,Explore,Current affairs,News,Productive,45.8,3,College,2025-06-18,Late Night
9893,U0084,Zoom,Notification,Product review,Commerce,Distractive,82.9,2,Home,2025-10-12,Night
9894,U0338,Instagram,Explore,Celebrity,Entertainment,Distractive,42.7,4,Hostel,2025-05-21,Evening
9895,U0269,Telegram,Feed,Celebrity,Entertainment,Distractive,84,5,Office,2025-01-30,Morning
9896,U0029,Amazon,Explore,Match highlights,Sports,Distractive,30.1,2,Home,2025-11-24,Late Night
9897,U0078,Flipkart,DM/Chat,Trending hashtags,Social Media,Distractive,25,4,Commute,2025-01-15,Afternoon
9898,U0257,Instagram,Course Page,Gaming,Entertainment,Distractive,89.3,4,Library,2025-01-23,Late Night
9899,U0390,Coursera,Watch,Random scrolling,Social Media,Distractive,68.7,4,Library,2025-08-30,Night
9900,U0366,Amazon,Explore,Weather update,News,Productive,4,3,Outdoors,2025-11-18,Afternoon
9901,U0329,Udemy,Course Page,Product review,Commerce,Distractive,23.3,3,Home,2025-02-11,Morning
9902,U0182,Twitter/X,Feed,Competitive exam tips,Education,Productive,50.9,2,Hostel,2025-11-17,Afternoon
9903,U0104,Zoom,Explore,Sports news,Sports,Distractive,2.8,2,Home,2025-03-13,Evening
9904,U0296,Slack,Watch,Python tutorial,Education,Productive,3.3,2,Cafe,2025-06-06,Late Night
9905,U0489,Zoom,Feed,Family chat,Communication,Productive,7.8,2,Outdoors,2025-08-25,Evening
9906,U0370,Amazon,Watch,Endless scrolling,Social Media,Distractive,23.6,4,Office,2025-06-10,Afternoon
9907,U0403,Twitter/X,Story,Science experiment,Education,Productive,22.7,1,Office,2025-12-03,Night
9908,U0320,Twitter/X,Notification,Gaming,Entertainment,Distractive,59.5,4,Outdoors,2025-06-29,Evening
9909,U0217,TikTok,Explore,Flash deals,Commerce,Distractive,38.8,2,Cafe,2025-04-11,Morning
9910,U0329,Udemy,Story,Match highlights,Sports,Distractive,4.6,4,Outdoors,2025-10-07,Night
9911,U0462,Snapchat,Reels/Shorts,World news,News,Productive,33.4,2,College,2025-08-18,Night
9912,U0194,Slack,Watch,Trending challenge,Entertainment,Distractive,81.3,5,College,2025-02-12,Night
9913,U0309,Zoom,Course Page,Project update,Communication,Productive,18.2,1,Office,2025-02-07,Late Night
9914,U0226,LinkedIn,Story,Client call,Communication,Productive,52.6,1,Home,2025-12-12,Late Night
9915,U0146,YouTube,Search,Physics lecture,Education,Productive,38.7,1,Office,2025-11-26,Afternoon
9916,U0435,TikTok,Reels/Shorts,Freelance work,Business,Productive,33.4,1,Library,2025-01-10,Afternoon
9917,U0419,Coursera,Search,Online sale,Commerce,Distractive,49.4,2,Cafe,2025-01-22,Morning
9918,U0402,Telegram,DM/Chat,Football clip,Sports,Distractive,87,2,Library,2025-03-29,Evening
9919,U0301,YouTube,Feed,Family chat,Communication,Productive,41.2,1,Office,2025-03-07,Evening
9920,U0010,Twitter/X,Watch,Work discussion,Communication,Productive,20.8,1,Cafe,2025-04-04,Morning
9921,U0383,WhatsApp,Notification,Follower count check,Social Media,Distractive,21.8,4,Home,2025-04-27,Morning
9922,U0157,Instagram,DM/Chat,Story updates,Social Media,Distractive,23.5,5,College,2025-10-01,Evening
9923,U0492,Slack,Feed,History lecture,Education,Productive,30.3,1,Commute,2025-07-03,Evening
9924,U0074,Amazon,Notification,Science experiment,Education,Productive,23.1,2,Cafe,2025-05-16,Evening
9925,U0449,Flipkart,Feed,Product review,Commerce,Distractive,43.3,3,Library,2025-02-16,Afternoon
9926,U0113,Telegram,Search,Shorts,Entertainment,Distractive,88.2,4,Cafe,2025-05-21,Late Night
9927,U0026,Coursera,Reels/Shorts,DM chat casual,Social Media,Distractive,89.6,5,Home,2025-09-27,Morning
9928,U0380,Coursera,DM/Chat,Project management,Business,Productive,13.3,1,Hostel,2025-02-12,Late Night
9929,U0229,Facebook,Feed,Current affairs,News,Productive,27.3,1,Home,2025-07-18,Evening
9930,U0157,Amazon,Notification,World news,News,Productive,3.1,3,College,2025-09-01,Evening
9931,U0415,YouTube,Course Page,Group chat,Communication,Productive,10.3,2,Library,2025-01-13,Late Night
9932,U0237,Telegram,Search,Web series clip,Entertainment,Distractive,56.2,5,College,2025-10-28,Late Night
9933,U0390,Zoom,DM/Chat,Political news,News,Productive,17.3,3,College,2025-08-29,Night
9934,U0011,Telegram,Feed,Endless scrolling,Social Media,Distractive,15.8,4,College,2025-11-05,Afternoon
9935,U0396,Gmail,Reels/Shorts,Influencer content,Social Media,Distractive,54.5,4,College,2025-01-31,Late Night
9936,U0069,Amazon,Search,Music video,Entertainment,Distractive,28.1,5,Office,2025-08-07,Evening
9937,U0376,YouTube,Watch,Political news,News,Productive,3.5,1,Library,2025-03-07,Evening
9938,U0370,TikTok,Reels/Shorts,Startup news,Business,Productive,1.8,2,Commute,2025-03-23,Evening
9939,U0358,Google Classroom,Course Page,Voice message,Communication,Productive,37.6,2,Commute,2025-09-24,Morning
9940,U0211,Snapchat,Feed,Endless scrolling,Social Media,Distractive,47.7,4,Office,2025-02-20,Morning
9941,U0269,Instagram,Reels/Shorts,Political news,News,Productive,50.9,2,Commute,2025-05-09,Morning
9942,U0414,Slack,Watch,Local news,News,Productive,8.8,3,Library,2025-11-18,Night
9943,U0157,Telegram,Reels/Shorts,Current affairs,News,Productive,34.5,2,Library,2025-01-06,Morning
9944,U0211,YouTube,Watch,Group chat,Communication,Productive,40.6,1,Home,2025-12-08,Evening
9945,U0031,Amazon,Notification,Football clip,Sports,Distractive,79.3,4,Cafe,2025-12-18,Late Night
9946,U0332,LinkedIn,Notification,Football clip,Sports,Distractive,28.5,3,Home,2025-05-19,Afternoon
9947,U0205,Twitter/X,DM/Chat,Group chat,Communication,Productive,17.1,2,Home,2025-03-04,Night
9948,U0039,Coursera,DM/Chat,Breaking news,News,Productive,14,1,Outdoors,2025-04-10,Night
9949,U0464,Google Classroom,Watch,Football clip,Sports,Distractive,57.9,4,Library,2025-07-10,Late Night
9950,U0392,Zoom,Notification,Sports news,Sports,Distractive,31.3,4,College,2025-03-13,Evening
9951,U0146,LinkedIn,Explore,Project update,Communication,Productive,18.2,2,Outdoors,2025-11-24,Morning
9952,U0103,Instagram,Feed,Wishlist browsing,Commerce,Distractive,11.2,3,Cafe,2025-10-29,Morning
9953,U0057,Zoom,Course Page,Technology news,News,Productive,55.6,1,Office,2025-07-22,Afternoon
9954,U0237,WhatsApp,Story,Discount coupons,Commerce,Distractive,42.7,2,Hostel,2025-02-14,Evening
9955,U0123,Amazon,Reels/Shorts,Prank videos,Entertainment,Distractive,87.1,5,Hostel,2025-05-12,Late Night
9956,U0159,Google Classroom,Story,Data Science course,Education,Productive,53.2,2,Hostel,2025-08-14,Afternoon
9957,U0051,Udemy,Feed,Political news,News,Productive,5.8,3,Office,2025-08-19,Late Night
9958,U0426,Udemy,Watch,Online certification,Education,Productive,52.9,2,Office,2025-09-17,Late Night
9959,U0032,YouTube,Watch,SQL tutorial,Education,Productive,25.3,2,Hostel,2025-05-26,Afternoon
9960,U0452,Telegram,Course Page,Music video,Entertainment,Distractive,83.7,5,Outdoors,2025-11-27,Morning
9961,U0090,YouTube,Explore,DM chat casual,Social Media,Distractive,44.5,5,Home,2025-01-10,Morning
9962,U0314,Google Classroom,DM/Chat,Python tutorial,Education,Productive,5.1,1,College,2025-01-19,Morning
9963,U0377,Twitter/X,DM/Chat,LinkedIn post,Business,Productive,19.4,2,Hostel,2025-06-23,Late Night
9964,U0197,Snapchat,Notification,Funny compilation,Entertainment,Distractive,12,4,Hostel,2025-04-05,Afternoon
9965,U0231,Gmail,Course Page,Follower count check,Social Media,Distractive,6.6,5,Hostel,2025-09-20,Evening
9966,U0456,Snapchat,Notification,Dance videos,Entertainment,Distractive,49.4,5,Office,2025-06-13,Morning
9967,U0451,TikTok,Course Page,World news,News,Productive,31.6,1,Office,2025-03-26,Night
9968,U0211,Gmail,Course Page,Political news,News,Productive,27.4,2,Outdoors,2025-03-19,Evening
9969,U0435,Udemy,Watch,World news,News,Productive,25.4,3,Hostel,2025-05-06,Late Night
9970,U0291,Amazon,DM/Chat,Celebrity,Entertainment,Distractive,44.3,5,Commute,2025-09-27,Afternoon
9971,U0024,Twitter/X,Watch,Local news,News,Productive,48.7,1,Library,2025-12-24,Night
9972,U0125,Udemy,Course Page,Match highlights,Sports,Distractive,8,4,Home,2025-07-19,Morning
9973,U0322,YouTube,Feed,SQL tutorial,Education,Productive,45.6,2,Office,2025-09-20,Late Night
9974,U0149,Twitter/X,Notification,Physics lecture,Education,Productive,14.5,1,Home,2025-05-25,Morning
9975,U0191,WhatsApp,Explore,Football clip,Sports,Distractive,85.8,3,Office,2025-04-27,Night
9976,U0381,Twitter/X,DM/Chat,Market analysis,Business,Productive,51.3,1,Commute,2025-09-10,Evening
9977,U0115,Flipkart,Notification,Sports news,Sports,Distractive,15.3,3,Outdoors,2025-05-18,Afternoon
9978,U0107,Instagram,Watch,Cricket update,Sports,Distractive,83.8,2,Library,2025-05-24,Evening
9979,U0353,LinkedIn,Watch,Language learning,Education,Productive,24,2,Outdoors,2025-09-26,Night
9980,U0101,Instagram,DM/Chat,Team meeting,Communication,Productive,41,2,Commute,2025-05-18,Afternoon
9981,U0310,Slack,Reels/Shorts,Fashion trends,Commerce,Distractive,55.3,3,Library,2025-03-29,Morning
9982,U0488,Snapchat,Reels/Shorts,Fashion trends,Commerce,Distractive,38.8,3,Commute,2025-12-14,Night
9983,U0463,Twitter/X,Watch,DM chat casual,Social Media,Distractive,41.7,5,Commute,2025-01-04,Late Night
9984,U0335,WhatsApp,Feed,Chemistry notes,Education,Productive,19.4,2,Outdoors,2025-03-19,Night
9985,U0117,TikTok,Reels/Shorts,Story updates,Social Media,Distractive,29.9,5,Hostel,2025-06-14,Evening
9986,U0277,WhatsApp,Feed,Video call,Communication,Productive,26.3,2,Hostel,2025-11-28,Late Night
9987,U0171,Coursera,Notification,Wishlist browsing,Commerce,Distractive,78.9,3,Office,2025-03-27,Night
9988,U0092,LinkedIn,Search,Trending hashtags,Social Media,Distractive,55.5,4,Library,2025-03-03,Evening
9989,U0074,Instagram,Story,World news,News,Productive,54.7,1,Hostel,2025-07-30,Evening
9990,U0315,WhatsApp,Watch,Political news,News,Productive,23.3,1,Outdoors,2025-05-30,Late Night
9991,U0382,Slack,Watch,Work discussion,Communication,Productive,49.8,2,Hostel,2025-04-06,Evening
9992,U0039,Google Classroom,DM/Chat,Local news,News,Productive,20.6,1,Home,2025-05-03,Evening
9993,U0077,Snapchat,Story,Client call,Communication,Productive,52.6,2,Commute,2025-05-23,Morning
9994,U0500,Twitter/X,Feed,Excel tutorial,Education,Productive,21,2,Commute,2025-04-19,Evening
9995,U0046,Telegram,Course Page,Python tutorial,Education,Productive,17.8,2,Home,2025-05-21,Morning
9996,U0183,Flipkart,DM/Chat,Trending challenge,Entertainment,Distractive,20.7,5,Commute,2025-12-11,Morning
9997,U0436,Instagram,Explore,Sports news,Sports,Distractive,74.4,3,Outdoors,2025-09-15,Morning
9998,U0250,Zoom,Explore,Current affairs,News,Productive,55.8,1,Commute,2025-04-12,Morning
9999,U0488,Flipkart,Story,LinkedIn post,Business,Productive,59.8,1,College,2025-06-10,Night
10000,U0187,LinkedIn,Watch,LinkedIn post,Business,Productive,33.9,1,Outdoors,2025-11-19,Evening
