User_ID,Category,Rating,Reviews,Size_MB,Installs,Type,Price_USD,Content_Rating,Genres,Last_Updated,Current_Ver,Android_Ver
USR00001,ART_AND_DESIGN,4.1,159,19,10000,Free,0,Everyone,Art & Design,2018-01-07,1.0.0,4.0.3 and up
USR00002,ART_AND_DESIGN,3.9,967,14,500000,Free,0,Everyone,Art & Design;Pretend Play,2018-01-15,2.0.0,4.0.3 and up
USR00003,ART_AND_DESIGN,4.7,87510,8.7,5000000,Free,0,Everyone,Art & Design,2018-08-01,1.2.4,4.0.3 and up
USR00004,ART_AND_DESIGN,4.5,215644,25,50000000,Free,0,Teen,Art & Design,2018-06-08,Varies with device,4.2 and up
USR00005,ART_AND_DESIGN,4.3,967,2.8,100000,Free,0,Everyone,Art & Design;Creativity,2018-06-20,1.1,4.4 and up
USR00006,ART_AND_DESIGN,4.4,167,5.6,50000,Free,0,Everyone,Art & Design,2017-03-26,1,2.3 and up
USR00007,ART_AND_DESIGN,3.8,178,19,50000,Free,0,Everyone,Art & Design,2018-04-26,1.1,4.0.3 and up
USR00008,ART_AND_DESIGN,4.1,36815,29,1000000,Free,0,Everyone,Art & Design,2018-06-14,6.1.61.1,4.2 and up
USR00009,ART_AND_DESIGN,4.4,13791,33,1000000,Free,0,Everyone,Art & Design,2017-09-20,2.9.2,3.0 and up
USR00010,ART_AND_DESIGN,4.7,121,3.1,10000,Free,0,Everyone,Art & Design;Creativity,2018-07-03,2.8,4.0.3 and up
USR00011,ART_AND_DESIGN,4.4,13880,28,1000000,Free,0,Everyone,Art & Design,2017-10-27,1.0.4,4.1 and up
USR00012,ART_AND_DESIGN,4.4,8788,12,1000000,Free,0,Everyone,Art & Design,2018-07-31,1.0.15,4.0 and up
USR00013,ART_AND_DESIGN,4.2,44829,20,10000000,Free,0,Teen,Art & Design,2018-04-02,3.8,4.1 and up
USR00014,ART_AND_DESIGN,4.6,4326,21,100000,Free,0,Everyone,Art & Design,2018-06-26,1.0.4,4.4 and up
USR00015,ART_AND_DESIGN,4.4,1518,37,100000,Free,0,Everyone,Art & Design,2018-08-03,1.2.3,2.3 and up
USR00016,ART_AND_DESIGN,4.4,1518,37,100000,Free,0,Everyone,,2018-07-31,3.1,4.1 and up
USR00017,ART_AND_DESIGN,4.7,3632,5.5,500000,Free,0,Everyone,Art & Design,2018-07-31,3.1,4.1 and up
USR00018,ART_AND_DESIGN,4.5,27,17,10000,Free,0,Everyone,Art & Design,2017-11-07,1,2.3 and up
USR00019,ART_AND_DESIGN,4.3,194216,39,5000000,Free,0,Everyone,Art & Design,2018-08-03,2.2.5,4.0.3 and up
USR00020,ART_AND_DESIGN,4.6,224399,31,10000000,Free,0,Everyone,Art & Design,2018-07-30,5.5.4,4.1 and up
USR00021,ART_AND_DESIGN,4,450,14,100000,Free,0,Everyone,Art & Design,2018-04-20,4,4.1 and up
USR00022,ART_AND_DESIGN,4.1,654,12,100000,Free,0,Everyone,Art & Design,2018-03-20,1.1,4.0.3 and up
USR00023,ART_AND_DESIGN,4.7,7699,4.2,500000,Free,0,Everyone 10+,Art & Design,2018-07-12,2.2.6.2,4.0.3 and up
USR00024,ART_AND_DESIGN,4.7,118,23,50000,Free,0,Everyone,Art & Design,2018-07-07,1.1.3,4.1 and up
USR00025,ART_AND_DESIGN,4.8,192,6,10000,Free,0,Everyone,Art & Design,2018-04-25,1.5,3.0 and up
USR00026,ART_AND_DESIGN,4.7,20260,25,500000,Free,0,Everyone,Art & Design;Creativity,2017-10-11,1.0.8,4.0.3 and up
USR00027,ART_AND_DESIGN,4.1,203,6.1,100000,Free,0,Everyone,Art & Design,2018-03-21,1.03,4.0.3 and up
USR00028,ART_AND_DESIGN,3.9,136,4.6,10000,Free,0,Everyone,Art & Design,2018-07-12,6,2.3 and up
USR00029,ART_AND_DESIGN,4.1,223,4.2,100000,Free,0,Everyone,Art & Design,2017-08-22,1,2.3 and up
USR00030,ART_AND_DESIGN,4.2,1120,9.2,100000,Free,0,Everyone,Art & Design,2018-07-12,6.7.12.2018,4.0.3 and up
USR00031,ART_AND_DESIGN,4.1,227,5.2,50000,Free,0,Everyone,Art & Design,2018-05-31,1.2,2.3 and up
USR00032,ART_AND_DESIGN,4.5,5035,11,100000,Free,0,Everyone,Art & Design,2018-07-19,2.2,4.0 and up
USR00033,ART_AND_DESIGN,4.2,1015,11,100000,Free,0,Everyone,Art & Design,2018-01-06,1.1.0,4.1 and up
USR00034,ART_AND_DESIGN,4.7,353,4.2,10000,Free,0,Teen,Art & Design,2018-04-27,1.6,4.1 and up
USR00035,ART_AND_DESIGN,3.8,564,9.2,100000,Free,0,Everyone,Art & Design,2018-07-11,2.1,4.1 and up
USR00036,ART_AND_DESIGN,4.7,8145,24,500000,Free,0,Everyone,Art & Design;Creativity,2018-08-02,1.0.9,4.4 and up
USR00037,ART_AND_DESIGN,4.1,36639,,5000000,Free,0,Everyone,Art & Design,2018-07-14,Varies with device,2.3.3 and up
USR00038,ART_AND_DESIGN,4.7,158,11,10000,Free,0,Everyone,Art & Design,2017-11-29,1.3,4.0.3 and up
USR00039,ART_AND_DESIGN,4,591,9.4,500000,Free,0,Everyone,Art & Design,2018-03-31,1,4.0 and up
USR00040,ART_AND_DESIGN,4.2,117,15,10000,Free,0,Everyone,Art & Design,2018-07-20,2.0.1,4.0.3 and up
USR00041,ART_AND_DESIGN,4.5,176,10,100000,Free,0,Everyone,Art & Design,2018-04-02,1,4.0.3 and up
USR00042,ART_AND_DESIGN,4.4,295221,,10000000,Free,0,Everyone,Art & Design,2018-07-30,Varies with device,Varies with device
USR00043,ART_AND_DESIGN,3.8,2206,1.2,100000,Free,0,Everyone,Art & Design;Creativity,2018-04-15,1.46,4.1 and up
USR00044,ART_AND_DESIGN,4.2,26,12,10000,Free,0,Everyone,Art & Design,2018-01-03,1.0.0,4.1 and up
USR00045,ART_AND_DESIGN,4.7,174531,24,10000000,Free,0,Everyone,Art & Design,2018-07-31,1.6.1,4.1 and up
USR00046,ART_AND_DESIGN,4.6,1070,26,100000,Free,0,Everyone,Art & Design,2017-11-14,1.6,4.1 and up
USR00047,ART_AND_DESIGN,4.2,85,8,100000,Free,0,Everyone,Art & Design,2017-12-17,2.0.0,4.1 and up
USR00048,ART_AND_DESIGN,4.3,845,7.9,100000,Free,0,Everyone,Art & Design,2018-05-28,1,2.3 and up
USR00049,AUTO_AND_VEHICLES,4.2,367,25,100000,Free,0,Everyone,Auto & Vehicles,2018-05-10,1,4.0.3 and up
USR00050,AUTO_AND_VEHICLES,4,1598,56,1000000,Free,0,Everyone,Auto & Vehicles,2018-07-26,11,4.1 and up
USR00051,AUTO_AND_VEHICLES,3.8,284,57,100000,Free,0,Everyone,Auto & Vehicles,2018-07-26,3,4.1 and up
USR00052,AUTO_AND_VEHICLES,4.6,17057,,1000000,Free,0,Everyone,Auto & Vehicles,2018-07-30,Varies with device,Varies with device
USR00053,AUTO_AND_VEHICLES,3.9,129,35,100000,Free,0,Everyone,Auto & Vehicles,2018-07-26,3,4.1 and up
USR00054,AUTO_AND_VEHICLES,4.3,542,33,100000,Free,0,Everyone,Auto & Vehicles,2018-07-31,4,4.1 and up
USR00055,AUTO_AND_VEHICLES,4.9,10479,33,100000,Free,0,Everyone,Auto & Vehicles,2018-07-18,1.7.1,4.0 and up
USR00056,AUTO_AND_VEHICLES,4.4,805,5.6,50000,Free,0,Everyone,Auto & Vehicles,2018-07-29,2.5.1,4.4 and up
USR00057,AUTO_AND_VEHICLES,4.2,129,54,100000,Free,0,Everyone,Auto & Vehicles,2018-07-26,3,4.1 and up
USR00058,AUTO_AND_VEHICLES,4,1403,0.196,100000,Free,0,Everyone,Auto & Vehicles,2014-08-26,1.0.1,2.2 and up
USR00059,AUTO_AND_VEHICLES,3.9,3971,3.6,100000,Free,0,Everyone,Auto & Vehicles,2018-07-30,2.493,4.4 and up
USR00060,AUTO_AND_VEHICLES,4.6,534,5.7,10000,Free,0,Everyone,Auto & Vehicles,2018-07-08,1.9.1,4.0.3 and up
USR00061,AUTO_AND_VEHICLES,4.9,7774,17,100000,Free,0,Everyone,Auto & Vehicles,2018-07-03,1.7,4.2 and up
USR00062,AUTO_AND_VEHICLES,4.3,38846,8.6,1000000,Free,0,Everyone,Auto & Vehicles,2018-07-28,2.20 Build 02,4.1 and up
USR00063,AUTO_AND_VEHICLES,4.6,2431,2.4,100000,Free,0,Everyone,Auto & Vehicles,2018-06-12,1.37,4.0 and up
USR00064,AUTO_AND_VEHICLES,4.9,6090,27,100000,Free,0,Everyone,Auto & Vehicles,2018-07-03,1.7,4.2 and up
USR00065,AUTO_AND_VEHICLES,3.9,295,2.7,10000,Free,0,Everyone,Auto & Vehicles,2018-07-30,0.2.1,4.4 and up
USR00066,AUTO_AND_VEHICLES,4,190,2.5,50000,Free,0,Everyone,Auto & Vehicles,2016-10-14,1,2.3 and up
USR00067,AUTO_AND_VEHICLES,4.3,40211,,5000000,Free,0,Everyone,Auto & Vehicles,2018-07-30,Varies with device,Varies with device
USR00068,AUTO_AND_VEHICLES,3.9,356,,100000,Free,0,Everyone,Auto & Vehicles,2018-05-25,Varies with device,Varies with device
USR00069,AUTO_AND_VEHICLES,4.2,52530,7,5000000,Free,0,Everyone,Auto & Vehicles,2018-07-16,4.47.3,4.0.3 and up
USR00070,AUTO_AND_VEHICLES,4.8,116986,35,5000000,Free,0,Everyone,Auto & Vehicles,2018-08-02,1.9.7,4.0.3 and up
USR00071,AUTO_AND_VEHICLES,3.6,1379,16,500000,Free,0,Everyone,Auto & Vehicles,2018-08-02,2.2.21,4.2 and up
USR00072,AUTO_AND_VEHICLES,4.2,271920,16,10000000,Free,0,Teen,Auto & Vehicles,2018-07-11,Varies with device,5.0 and up
USR00073,AUTO_AND_VEHICLES,4.8,736,,100000,Free,0,Everyone,Auto & Vehicles,2018-07-29,2.9,2.3.3 and up
USR00074,AUTO_AND_VEHICLES,4.8,7021,17,500000,Free,0,Everyone,Auto & Vehicles,2018-07-27,1.79,4.0 and up
USR00075,AUTO_AND_VEHICLES,4.6,197,3.4,50000,Free,0,Everyone,Auto & Vehicles,2018-06-14,1.3,4.0 and up
USR00076,AUTO_AND_VEHICLES,4.5,737,8.9,100000,Free,0,Everyone,Auto & Vehicles,2018-06-08,2.3.5.1,4.1 and up
USR00077,AUTO_AND_VEHICLES,4.3,3574,3.9,1000000,Free,0,Everyone 10+,Auto & Vehicles,2018-07-04,1.6,4.0 and up
USR00078,AUTO_AND_VEHICLES,4.5,994,2.9,100000,Free,0,Everyone,Auto & Vehicles,2018-03-27,1.6,4.1 and up
USR00079,AUTO_AND_VEHICLES,4.9,197136,38,1000000,Free,0,Everyone,Auto & Vehicles,2018-07-15,8.31,4.1 and up
USR00080,AUTO_AND_VEHICLES,3.9,142,32,50000,Free,0,Everyone,Auto & Vehicles,2018-07-24,1.1.5.0,6.0 and up
USR00081,AUTO_AND_VEHICLES,4.4,15168,37,1000000,Free,0,Everyone,Auto & Vehicles,2018-07-27,10.0.2,4.2 and up
USR00082,AUTO_AND_VEHICLES,4,2155,15,500000,Free,0,Everyone,Auto & Vehicles,2018-07-30,1.10.3,5.0 and up
USR00083,AUTO_AND_VEHICLES,4.3,138,5.4,100000,Free,0,Everyone,Auto & Vehicles,2018-07-23,1,4.0.3 and up
USR00084,AUTO_AND_VEHICLES,3.7,5414,18,1000000,Free,0,Everyone,Auto & Vehicles,2018-07-23,3.20.1,4.4 and up
USR00085,AUTO_AND_VEHICLES,4.4,21777,,1000000,Free,0,Everyone,Auto & Vehicles,2018-08-04,Varies with device,Varies with device
USR00086,AUTO_AND_VEHICLES,4.3,348,38,100000,Free,0,Everyone,Auto & Vehicles,2018-07-29,1.0.3,2.3 and up
USR00087,AUTO_AND_VEHICLES,3.2,250,1.1,100000,Free,0,Everyone,Auto & Vehicles,2018-04-27,1.4,4.0.3 and up
USR00088,AUTO_AND_VEHICLES,4.6,13372,,1000000,Free,0,Everyone,Auto & Vehicles,2018-08-03,Varies with device,Varies with device
USR00089,AUTO_AND_VEHICLES,4.6,7880,,100000,Free,0,Everyone,Auto & Vehicles,2018-05-10,4.6.5,Varies with device
USR00090,AUTO_AND_VEHICLES,4.5,3617,7.9,100000,Free,0,Everyone,Auto & Vehicles,2018-05-16,2.8.2,4.1 and up
USR00091,AUTO_AND_VEHICLES,3.7,4806,35,1000000,Free,0,Everyone,Auto & Vehicles,2018-07-31,4.0.3,4.0.3 and up
USR00092,AUTO_AND_VEHICLES,4.6,65786,,1000000,Free,0,Everyone,Auto & Vehicles,2018-08-02,Varies with device,4.0.3 and up
USR00093,AUTO_AND_VEHICLES,4.6,31433,17,1000000,Free,0,Everyone,Auto & Vehicles,2018-08-02,1.4,4.0.3 and up
USR00094,AUTO_AND_VEHICLES,4.6,5097,19,1000000,Free,0,Everyone,Auto & Vehicles,2018-07-23,1.5.18,4.0.3 and up
USR00095,AUTO_AND_VEHICLES,4,1754,14,500000,Free,0,Everyone,Auto & Vehicles,2018-06-02,2.3.4,4.0 and up
USR00096,AUTO_AND_VEHICLES,4.4,2680,2.2,500000,Free,0,Everyone,Auto & Vehicles,2018-03-20,1.03,4.0.3 and up
USR00097,AUTO_AND_VEHICLES,4,1288,4.5,100000,Free,0,Everyone,Auto & Vehicles,2018-04-21,2.17,4.0 and up
USR00098,BEAUTY,4.7,18900,17,500000,Free,0,Everyone,Beauty,2018-08-02,6.10.1,5.0 and up
USR00099,BEAUTY,4.9,49790,14,1000000,Free,0,Everyone,Beauty,2017-11-09,2.3.0,4.1 and up
USR00100,BEAUTY,4.7,1150,9.8,100000,Free,0,Everyone,Beauty,2018-05-15,4,4.1 and up
USR00101,BEAUTY,3.9,1739,21,500000,Free,0,Everyone,Beauty,2018-07-12,1.0.6,4.0.3 and up
USR00102,BEAUTY,3.9,32090,,1000000,Free,0,Everyone,Beauty,2016-10-24,Varies with device,Varies with device
USR00103,BEAUTY,4.2,2225,52,500000,Free,0,Everyone,Beauty,2018-02-28,1.6,4.1 and up
USR00104,BEAUTY,4.6,4369,14,100000,Free,0,Everyone,Beauty,2018-07-25,1.9,4.0.3 and up
USR00105,BEAUTY,4.3,8572,25,1000000,Free,0,Everyone,Beauty,2018-05-10,1.1.0,4.0 and up
USR00106,BEAUTY,4.7,964,9,50000,Free,0,Everyone,Beauty,2018-06-21,4,4.2 and up
USR00107,BEAUTY,4.7,42050,,1000000,Free,0,Everyone,Beauty,2018-06-05,5.4,5.0 and up
USR00108,BEAUTY,4.8,104,12,10000,Free,0,Everyone,Beauty,2018-06-26,1.3,4.0.3 and up
USR00109,BEAUTY,4.2,17934,,1000000,Free,0,Everyone,Beauty,2017-09-12,Varies with device,Varies with device
USR00110,BEAUTY,4.3,601,35,100000,Free,0,Everyone,Beauty,2018-06-02,2.0.0,4.0 and up
USR00111,BEAUTY,4.5,36,6.7,10000,Free,0,Everyone,Beauty,2018-07-26,6,4.0 and up
USR00112,BEAUTY,4.1,187,30,50000,Free,0,Teen,Beauty,2018-07-24,3.0.1,4.0.3 and up
USR00113,BEAUTY,4.2,30,2.9,10000,Free,0,Everyone,Beauty,2018-04-09,3.3.9,4.0.3 and up
USR00114,BEAUTY,4.5,134,17,10000,Free,0,Everyone,Beauty,2018-03-01,1.2,4.0.3 and up
USR00115,BEAUTY,4.4,74,2.9,10000,Free,0,Everyone,Beauty,2018-04-05,2.3.09,4.0.3 and up
USR00116,BEAUTY,4,113715,,10000000,Free,0,Everyone,Beauty,2017-08-03,Varies with device,Varies with device
USR00117,BEAUTY,4.1,3595,,500000,Free,0,Everyone,Beauty,2018-05-24,Varies with device,4.0 and up
USR00118,BEAUTY,4.1,9315,2.6,1000000,Free,0,Everyone,Beauty,2017-11-21,1.4.2,4.0 and up
USR00119,BEAUTY,4.4,75,4.2,50000,Free,0,Everyone,Beauty,2017-10-18,1.0.0,4.0.3 and up
USR00120,BEAUTY,4.6,38,7.1,10000,Free,0,Everyone,Beauty,2018-05-29,1,4.0 and up
USR00121,BEAUTY,4.5,26834,57,1000000,Free,0,Everyone,Beauty,2018-07-24,18.5,5.0 and up
USR00122,BEAUTY,3.9,2277,22,500000,Free,0,Everyone,Beauty,2018-07-12,1.1.0,4.0.3 and up
USR00123,BEAUTY,4.4,2280,24,500000,Free,0,Everyone,Beauty,2018-05-14,1.1.0,4.0 and up
USR00124,BEAUTY,4.6,184,21,10000,Free,0,Everyone,Beauty,2018-07-02,1.5,4.1 and up
USR00125,BEAUTY,3.8,9,3.4,5000,Free,0,Everyone,Beauty,2018-06-07,1,4.0 and up
USR00126,BEAUTY,4,364,6.4,100000,Free,0,Everyone,Beauty,2018-05-24,1.1,4.0.3 and up
USR00127,BEAUTY,4.3,18,3.2,5000,Free,0,Everyone,Beauty,2018-06-01,1.2.13,4.0.3 and up
USR00128,BEAUTY,4.5,473,8.2,100000,Free,0,Mature 17+,Beauty,2017-03-01,1.0.2.0,1.6 and up
USR00129,BEAUTY,4.1,66,2.9,10000,Free,0,Everyone,Beauty,2018-04-05,3.1.89,4.0.3 and up
USR00130,BEAUTY,3.7,3871,23,1000000,Free,0,Everyone,Beauty,2018-07-30,2.2.0,4.0 and up
USR00131,BEAUTY,4.7,257,4.6,50000,Free,0,Everyone,Beauty,2017-08-07,1,4.0.3 and up
USR00132,BEAUTY,4.2,62,3.1,10000,Free,0,Everyone,Beauty,2018-05-28,1.9.2,4.0.3 and up
USR00133,BOOKS_AND_REFERENCE,4.6,2914724,,100000000,Free,0,Teen,Books & Reference,2018-08-01,Varies with device,Varies with device
USR00134,BOOKS_AND_REFERENCE,4.5,1857,4.9,50000,Free,0,Everyone,Books & Reference,2018-08-03,1.3.2,4.4 and up
USR00135,BOOKS_AND_REFERENCE,4.6,4478,9.5,100000,Free,0,Everyone 10+,Books & Reference,2017-07-31,1.1,4.0 and up
USR00136,BOOKS_AND_REFERENCE,4.4,577550,,10000000,Free,0,Everyone,Books & Reference,2018-08-02,Varies with device,Varies with device
USR00137,BOOKS_AND_REFERENCE,4.2,814080,,100000000,Free,0,Teen,Books & Reference,2018-07-27,Varies with device,Varies with device
USR00138,BOOKS_AND_REFERENCE,4.5,246315,,10000000,Free,0,Everyone,Books & Reference,2015-07-17,Varies with device,1.5 and up
USR00139,BOOKS_AND_REFERENCE,4.5,454060,,10000000,Free,0,Everyone,Books & Reference,2018-05-18,Varies with device,Varies with device
USR00140,BOOKS_AND_REFERENCE,4.5,155446,,10000000,Free,0,Teen,Books & Reference,2018-04-25,Varies with device,Varies with device
USR00141,BOOKS_AND_REFERENCE,4.5,418,4.2,100000,Free,0,Everyone,Books & Reference,2018-03-27,2.1,4.1 and up
USR00142,BOOKS_AND_REFERENCE,4.4,22486,5.4,1000000,Free,0,Teen,Books & Reference,2018-06-06,3.2.1,4.0 and up
USR00143,BOOKS_AND_REFERENCE,4.5,203130,,10000000,Free,0,Everyone,Books & Reference,2018-06-28,Varies with device,Varies with device
USR00144,BOOKS_AND_REFERENCE,4.6,1435,2.8,500000,Free,0,Everyone,Books & Reference,2018-01-21,1,4.0 and up
USR00145,BOOKS_AND_REFERENCE,4.8,116507,5,1000000,Free,0,Teen,Books & Reference,2018-08-01,2.0.075,4.0.3 and up
USR00146,BOOKS_AND_REFERENCE,3.9,1433233,,1000000000,Free,0,Teen,Books & Reference,2018-08-03,Varies with device,Varies with device
USR00147,BOOKS_AND_REFERENCE,4.6,90468,5.9,5000000,Free,0,Everyone,Books & Reference,2018-05-27,1.91180527,2.3 and up
USR00148,BOOKS_AND_REFERENCE,4.2,860,13,100000,Free,0,Everyone,Books & Reference,2018-07-17,1,4.0.3 and up
USR00149,BOOKS_AND_REFERENCE,4.1,363934,7.1,10000000,Free,0,Everyone,Books & Reference,2018-07-11,9.1.363,4.1 and up
USR00150,BOOKS_AND_REFERENCE,4.7,967,6.7,500000,Free,0,Everyone,Books & Reference,2018-08-04,1.1.6,4.0.3 and up
USR00151,BOOKS_AND_REFERENCE,4.2,87873,,10000000,Free,0,Teen,Books & Reference,2018-05-28,Varies with device,Varies with device
USR00152,BOOKS_AND_REFERENCE,4.3,17506,17,1000000,Free,0,Everyone,Books & Reference,2018-07-20,2.3.18,4.1 and up
USR00153,BOOKS_AND_REFERENCE,3.3,1862,19,1000000,Free,0,Everyone,Books & Reference,2018-04-27,2.2.5,4.1 and up
USR00154,BOOKS_AND_REFERENCE,4.6,2084,6.7,500000,Free,0,Everyone,Books & Reference,2018-05-17,15,2.3 and up
USR00155,BOOKS_AND_REFERENCE,4.8,47303,21,1000000,Free,0,Everyone,Books & Reference,2018-06-02,18.05.31+530,4.1 and up
USR00156,BOOKS_AND_REFERENCE,4.7,19080,,500000,Free,0,Everyone,Books & Reference,2018-04-25,Varies with device,Varies with device
USR00157,BOOKS_AND_REFERENCE,4.1,85842,37,5000000,Free,0,Everyone,Books & Reference,2018-06-25,5.0.6,4.0 and up
USR00158,BOOKS_AND_REFERENCE,4.6,7831,15,100000,Free,0,Teen,Books & Reference,2018-07-04,1.2.3,4.0 and up
USR00159,BOOKS_AND_REFERENCE,4.1,91615,23,5000000,Free,0,Mature 17+,Books & Reference,2018-06-29,3.12,4.1 and up
USR00160,BOOKS_AND_REFERENCE,4.6,4620,19,500000,Free,0,Everyone,Books & Reference,2017-11-23,2,4.0.3 and up
USR00161,BOOKS_AND_REFERENCE,4.7,21336,23,1000000,Free,0,Everyone,Books & Reference,2018-06-20,1.28,3.0 and up
USR00162,BOOKS_AND_REFERENCE,4.5,26875,73,500000,Free,0,Everyone,Books & Reference,2018-08-01,6.0.8,4.0.3 and up
USR00163,BOOKS_AND_REFERENCE,3.9,1778,4.9,500000,Free,0,Mature 17+,Books & Reference,2014-10-16,1.0.3,2.1 and up
USR00164,BOOKS_AND_REFERENCE,4.4,2709,6.8,1000000,Free,0,Everyone,Books & Reference,2018-07-11,1.9,4.4 and up
USR00165,BOOKS_AND_REFERENCE,4.3,64513,,5000000,Free,0,Everyone,Books & Reference,2018-07-31,Varies with device,Varies with device
USR00166,BOOKS_AND_REFERENCE,4.2,8342,,10000000,Free,0,Everyone,Books & Reference,2017-08-28,9.00.950462,7.0 and up
USR00167,BOOKS_AND_REFERENCE,4.5,527,2.9,100000,Free,0,Everyone,Books & Reference,2018-03-31,14,4.0 and up
USR00168,BOOKS_AND_REFERENCE,4.4,1322,3.5,100000,Free,0,Everyone,Books & Reference,2018-05-28,6,4.0.3 and up
USR00169,BOOKS_AND_REFERENCE,3.4,1680,4,100000,Free,0,Everyone,Books & Reference,2016-08-20,3.05,4.0.3 and up
USR00170,BOOKS_AND_REFERENCE,4.9,2739,21,50000,Free,0,Everyone,Books & Reference,2018-07-17,2,3.0 and up
USR00171,BOOKS_AND_REFERENCE,4.6,1065,2.3,500000,Free,0,Everyone,Books & Reference,2018-06-16,1.5,3.0 and up
USR00172,BOOKS_AND_REFERENCE,4.4,233757,,10000000,Free,0,Everyone,Books & Reference,2018-05-01,Varies with device,Varies with device
USR00173,BOOKS_AND_REFERENCE,4.4,8788,10,1000000,Free,0,Everyone,Books & Reference,2018-07-28,2.5.3,4.0 and up
USR00174,BOOKS_AND_REFERENCE,4.4,51269,6.1,1000000,Free,0,Everyone,Books & Reference,2018-07-19,7.0.4.6,4.2 and up
USR00175,BOOKS_AND_REFERENCE,4.4,30105,2.1,1000000,Free,0,Everyone,Books & Reference,2018-07-29,1.15,4.0.3 and up
USR00176,BOOKS_AND_REFERENCE,3.5,156,42,500000,Free,0,Everyone,Books & Reference,2018-02-15,3.1.7.9,2.2 and up
USR00177,BOOKS_AND_REFERENCE,4.4,341157,30,10000000,Free,0,Everyone 10+,Books & Reference,2018-03-20,3.9.1,4.2 and up
USR00178,BUSINESS,4.1,16129,,10000000,Free,0,Everyone,Business,2018-07-30,Varies with device,Varies with device
USR00179,BUSINESS,4.3,674730,,50000000,Free,0,Everyone,Business,2018-05-21,Varies with device,Varies with device
USR00180,BUSINESS,4.4,1254730,,10000000,Free,0,Everyone,Business,2018-08-03,Varies with device,Varies with device
USR00181,BUSINESS,4.3,85185,29,5000000,Free,0,Everyone,Business,2018-07-17,3.4.2,5.0 and up
USR00182,BUSINESS,4.3,32584,,1000000,Free,0,Everyone,Business,2018-05-04,Varies with device,Varies with device
USR00183,BUSINESS,4.1,217730,,50000000,Free,0,Everyone,Business,2018-04-02,Varies with device,Varies with device
USR00184,BUSINESS,4.4,70991,,5000000,Free,0,Everyone,Business,2018-07-24,2.19.0.204537701,4.4 and up
USR00185,BUSINESS,4.3,1002861,35,100000000,Free,0,Everyone,Business,2018-08-02,9.7.14188,4.1 and up
USR00186,BUSINESS,3.9,16589,9.1,1000000,Free,0,Everyone,Business,2018-06-14,4.9.10,4.0.3 and up
USR00187,BUSINESS,4.8,148945,25,1000000,Free,0,Everyone,Business,2018-07-19,5.2.8,5.0 and up
USR00188,BUSINESS,4.5,4458,3.9,500000,Free,0,Everyone,Business,2018-07-08,3.3,4.1 and up
USR00189,BUSINESS,4.4,62272,18,10000000,Free,0,Everyone,Business,2018-06-26,3.550.2,4.1 and up
USR00190,BUSINESS,4,8941,12,5000000,Free,0,Everyone,Business,2018-07-31,4.6.30,4.0.3 and up
USR00191,BUSINESS,4.3,46353,21,1000000,Free,0,Everyone,Business,2016-04-13,2.8,1.5 and up
USR00192,BUSINESS,4,1279184,,50000000,Free,0,Everyone,Business,2018-08-02,Varies with device,Varies with device
USR00193,BUSINESS,4.2,88073,,10000000,Free,0,Everyone,Business,2018-07-09,Varies with device,Varies with device
USR00194,BUSINESS,4.5,67000,,1000000,Free,0,Everyone,Business,2018-07-17,Varies with device,4.3 and up
USR00195,BUSINESS,4.2,159872,,10000000,Free,0,Everyone,Business,2018-07-31,Varies with device,Varies with device
USR00196,BUSINESS,4.2,30847,55,5000000,Free,0,Everyone,Business,2018-02-08,7.3.21,4.1 and up
USR00197,BUSINESS,4.6,188841,3.2,5000000,Free,0,Everyone,Business,2018-06-21,1.1.13,4.0 and up
USR00198,BUSINESS,4.1,11622,,5000000,Free,0,Everyone,Business,2018-07-26,Varies with device,Varies with device
USR00199,BUSINESS,4.6,95912,,5000000,Free,0,Everyone,Business,2018-07-30,Varies with device,Varies with device
USR00200,BUSINESS,3.1,4034,0.022,100000,Free,0,Everyone,Business,2015-09-11,3.0.1.11 (Build 311),2.2 and up
USR00201,BUSINESS,3.9,45964,16,1000000,Free,0,Everyone,Business,2018-07-18,5.1.5,4.1 and up
USR00202,BUSINESS,4.3,14955,,1000000,Free,0,Everyone,Business,2018-07-30,Varies with device,Varies with device
USR00203,BUSINESS,4.1,6903,14,1000000,Free,0,Everyone,Business,2018-07-10,2.3.6,4.1 and up
USR00204,BUSINESS,4.4,31614,37,10000000,Free,0,Everyone,Business,2018-07-20,4.1.28165.0716,4.0 and up
USR00205,BUSINESS,4.1,23055,,5000000,Free,0,Everyone,Business,2018-06-08,Varies with device,Varies with device
USR00206,BUSINESS,4.1,19023,,1000000,Free,0,Everyone,Business,2018-08-01,99.0.0.35.75,4.1 and up
USR00207,BUSINESS,4.5,207372,11,5000000,Free,0,Everyone,Business,2018-08-02,12.2.4,4.0 and up
USR00208,BUSINESS,4.4,1225,25,100000,Free,0,Everyone,Business,2018-08-01,1.0.6.8,4.1 and up
USR00209,BUSINESS,4.4,380837,7.3,10000000,Free,0,Everyone,Business,2018-07-04,3.4.5,4.2 and up
USR00210,BUSINESS,4.3,10600,6.5,1000000,Free,0,Everyone,Business,2018-08-01,2.5.6,4.0 and up
USR00211,BUSINESS,4.4,74359,25,1000000,Free,0,Everyone,Business,2018-07-27,1.12.5,4.0 and up
USR00212,BUSINESS,4.6,822,3.1,100000,Free,0,Everyone,Business,2018-06-08,1.5,4.0.3 and up
USR00213,BUSINESS,4.2,80805,,5000000,Free,0,Everyone,Business,2018-02-26,Varies with device,4.0.3 and up
USR00214,BUSINESS,4.4,2287,1.5,1000000,Free,0,Everyone,Business,2018-03-26,4.9,2.2 and up
USR00215,BUSINESS,4.7,4162,7.5,100000,Free,0,Everyone,Business,2018-07-24,0.9.4,4.0.3 and up
USR00216,BUSINESS,3.8,14760,8.6,50000000,Free,0,Everyone,Business,2018-01-31,1.1.07.6,7.0 and up
USR00217,BUSINESS,3.9,23243,,5000000,Free,0,Everyone,Business,2018-06-25,Varies with device,Varies with device
USR00218,BUSINESS,4.3,8978,,1000000,Free,0,Everyone,Business,2018-07-25,Varies with device,Varies with device
USR00219,BUSINESS,4.4,42492,,1000000,Free,0,Everyone,Business,2018-07-11,Varies with device,Varies with device
USR00220,BUSINESS,4.7,286897,39,10000000,Free,0,Everyone,Business,2017-05-30,1.2.6,3.0 and up
USR00221,BUSINESS,4.5,103755,14,10000000,Free,0,Everyone,Business,2018-07-11,3.9.2,4.1 and up
USR00222,BUSINESS,4.2,46505,19,1000000,Free,0,Everyone,Business,2018-08-02,3.4.49,4.1 and up
USR00223,BUSINESS,4.7,11442,6.8,100000,Paid,4.99,Everyone,Business,2018-03-25,1.5.2,4.0 and up
USR00224,BUSINESS,4.8,10295,39,100000,Paid,4.99,Everyone,Business,2017-04-11,3.4.6,3.0 and up
USR00225,BUSINESS,4.2,296,14,50000,Free,0,Everyone,Business,2018-06-15,3.2.1,4.1 and up
USR00226,BUSINESS,4.3,29313,20,5000000,Free,0,Everyone,Business,2018-07-30,1.12.0,4.0.3 and up
USR00227,BUSINESS,4.4,51507,,5000000,Free,0,Everyone,Business,2018-08-02,Varies with device,Varies with device
USR00228,BUSINESS,4.1,1802,26,100000,Free,0,Everyone,Business,2018-04-18,1.7.14,4.2 and up
USR00229,BUSINESS,3.8,1383,51,100000,Free,0,Everyone,Business,2018-07-12,3.24.1,5.0 and up
USR00230,BUSINESS,4.3,23175,41,1000000,Free,0,Everyone,Business,2018-07-13,18.7,4.1 and up
USR00231,BUSINESS,3.8,5868,20,500000,Free,0,Everyone,Business,2018-07-03,3.19.005,4.1 and up
USR00232,BUSINESS,3.5,2111,,100000,Free,0,Everyone,Business,2018-07-30,Varies with device,Varies with device
USR00233,BUSINESS,4.1,5448,12,500000,Free,0,Everyone,Business,2018-07-25,4.9.1,5.0 and up
USR00234,BUSINESS,4.6,4159,48,500000,Free,0,Everyone,Business,2018-07-20,6.1.2,4.0.3 and up
USR00235,BUSINESS,4.3,20815,10,1000000,Free,0,Everyone,Business,2018-07-26,6.4.4,5.0 and up
USR00236,BUSINESS,4.5,78662,22,1000000,Free,0,Everyone,Business,2018-02-13,3.7.5,4.4 and up
USR00237,BUSINESS,4.1,7149,11,1000000,Free,0,Everyone,Business,2018-07-31,2.6.158,4.0 and up
USR00238,BUSINESS,4.5,3079,8.5,100000,Free,0,Everyone,Business,2018-08-02,5.20.7,4.1 and up
USR00239,BUSINESS,4.6,5800,8.6,100000,Free,0,Everyone,Business,2018-08-02,5.20.7,4.1 and up
USR00240,BUSINESS,4,6989,,1000000,Free,0,Everyone,Business,2018-07-16,4.3.0.508,4.4 and up
USR00241,BUSINESS,4.2,16422,28,1000000,Free,0,Everyone,Business,2018-08-01,10.46.2,4.1 and up
USR00242,BUSINESS,4.4,108741,28,10000000,Free,0,Everyone,Business,2018-07-20,11.1.0,4.3 and up
USR00243,BUSINESS,4,624,9,100000,Free,0,Everyone,Business,2018-03-22,1.2.287,5.0 and up
USR00244,BUSINESS,4.2,1661,46,100000,Free,0,Everyone,Business,2018-08-02,3.0.4651,4.4 and up
USR00245,BUSINESS,4.2,97702,,5000000,Free,0,Everyone,Business,2018-07-11,Varies with device,Varies with device
USR00246,BUSINESS,4.1,308,14,50000,Free,0,Everyone,Business,2018-05-29,3.1.4.0,4.0.3 and up
USR00247,BUSINESS,3.8,5211,26,1000000,Free,0,Everyone,Business,2018-07-30,3.3.0,4.0 and up
USR00248,BUSINESS,3.9,1058,23,500000,Free,0,Everyone,Business,2018-06-29,2.22.397,5.0 and up
USR00249,BUSINESS,3.9,78172,,10000000,Free,0,Everyone,Business,2018-08-02,Varies with device,Varies with device
USR00250,BUSINESS,4.2,80804,,5000000,Free,0,Everyone,Business,2018-02-26,Varies with device,4.0.3 and up
USR00251,BUSINESS,4.3,1002859,35,100000000,Free,0,Everyone,Business,2018-08-02,9.7.14188,4.1 and up
USR00252,BUSINESS,4.4,51510,,5000000,Free,0,Everyone,Business,2018-08-02,Varies with device,Varies with device
USR00253,BUSINESS,4.5,413,29,10000,Free,0,Everyone,Business,2018-07-25,2.0.19,5.0 and up
USR00254,COMICS,4.5,1013635,,10000000,Free,0,Teen,Comics,2018-07-31,Varies with device,Varies with device
USR00255,COMICS,4.6,24005,4.9,500000,Free,0,Adults only 18+,Comics,2018-07-04,1.1.7.0,4.1 and up
USR00256,COMICS,4.7,57106,27,1000000,Free,0,Teen,Comics,2018-07-23,2.11.3,4.1 and up
USR00257,COMICS,4.7,2249,32,500000,Free,0,Everyone,Comics,2017-11-16,1.08,4.0.3 and up
USR00258,COMICS,4.8,516,12,50000,Free,0,Everyone,Comics;Creativity,2018-08-03,1.0.6,4.4 and up
USR00259,COMICS,3.9,834,15,50000,Free,0,Mature 17+,Comics,2018-08-01,1.0.8,4.1 and up
USR00260,COMICS,4.1,1010,11,50000,Free,0,Mature 17+,Comics,2018-07-07,1.5,4.1 and up
USR00261,COMICS,4.4,238970,28,1000000,Free,0,Teen,Comics,2018-07-09,3.4.3_world,5.0 and up
USR00262,COMICS,4.6,302,2.2,10000,Free,0,Teen,Comics,2018-07-03,1,4.0 and up
USR00263,COMICS,4.5,438,3.4,10000,Free,0,Everyone,Comics,2017-12-27,1,2.3 and up
USR00264,COMICS,4.7,73,8.3,10000,Free,0,Everyone,Comics,2018-07-23,1.9,4.0.3 and up
USR00265,COMICS,4.4,39,4.3,10000,Free,0,Everyone 10+,Comics,2018-07-03,1.1,4.2 and up
USR00266,COMICS,4.5,144,4.7,10000,Free,0,Everyone,Comics,2018-07-19,3,4.0.3 and up
USR00267,COMICS,3.9,2181,10,100000,Free,0,Teen,Comics,2018-03-05,1.2.12,4.0.3 and up
USR00268,COMICS,3.2,93965,15,5000000,Free,0,Teen,Comics,2018-07-03,6.3.0,4.0.3 and up
USR00269,COMICS,3.2,1446,7.1,100000,Free,0,Mature 17+,Comics,2018-05-18,1,4.0.3 and up
USR00270,COMICS,4.1,12088,21,1000000,Free,0,Mature 17+,Comics,2018-07-06,2.3.1,4.0.3 and up
USR00271,COMICS,4.5,314,6.1,100000,Free,0,Everyone,Comics,2018-05-23,3.1.0,4.1 and up
USR00272,COMICS,4.2,25671,,1000000,Free,0,Teen,Comics,2018-06-05,Varies with device,Varies with device
USR00273,COMICS,4.2,15194,15,1000000,Free,0,Teen,Comics,2018-07-19,4.7.3,4.2 and up
USR00274,COMICS,3.7,22551,11,1000000,Free,0,Teen,Comics,2018-07-24,3.16.0,4.4 and up
USR00275,COMICS,4.5,29839,29,1000000,Free,0,Teen,Comics,2018-07-31,4.1.0,4.4 and up
USR00276,COMICS,4.6,279,3.3,100000,Free,0,Everyone,Comics,2017-12-18,1.6,4.0 and up
USR00277,COMICS,4.5,564387,,5000000,Free,0,Everyone,Comics,2018-07-05,Varies with device,Varies with device
USR00278,COMICS,4.7,1677,40,100000,Free,0,Everyone,Comics,2018-05-26,1.7.7,4.1 and up
USR00279,COMICS,4.4,757,10,10000,Free,0,Teen,Comics,2018-05-24,1,4.1 and up
USR00280,COMICS,3.5,115,9.1,10000,Free,0,Mature 17+,Comics,2018-07-13,5.0.12,5.0 and up
USR00281,COMICS,3.3,125,4.7,5000,Free,0,Teen,Comics,2018-07-24,1.0.4,4.0.3 and up
USR00282,COMICS,4.5,9952,38,500000,Free,0,Everyone 10+,Comics,2018-07-31,4.3.0,4.1 and up
USR00283,COMICS,4.4,18814,,1000000,Free,0,Mature 17+,Comics,2018-07-30,Varies with device,Varies with device
USR00284,COMICS,4.2,21,6.7,5000,Free,0,Everyone,Comics,2018-03-31,1.3,4.0 and up
USR00285,COMICS,5,15,37,1000,Free,0,Everyone,Comics,2018-06-26,2,4.0.3 and up
USR00286,COMICS,4.4,51981,,5000000,Free,0,Everyone,Comics,2018-08-01,4.2.0.2,2.3 and up
USR00287,COMICS,4.7,3596,7.8,10000,Free,0,Teen,Comics,2018-06-16,1.01,4.0.3 and up
USR00288,COMICS,4.4,1006,19,50000,Free,0,Everyone,Comics,2018-08-03,2.3.3,4.0.3 and up
USR00289,COMICS,4.4,5968,5.7,1000000,Free,0,Everyone,Comics,2018-05-28,1.4,4.0 and up
USR00290,COMICS,4.6,4895,35,100000,Free,0,Everyone,Comics,2018-08-02,2.4.25,4.4 and up
USR00291,COMMUNICATION,4,56642847,,1000000000,Free,0,Everyone,Communication,2018-08-01,Varies with device,Varies with device
USR00292,COMMUNICATION,4.4,69119316,,1000000000,Free,0,Everyone,Communication,2018-08-03,Varies with device,Varies with device
USR00293,COMMUNICATION,4.3,125257,17,10000000,Free,0,Teen,Communication,2018-06-06,1.8.9,4.1 and up
USR00294,COMMUNICATION,4.3,9642995,,1000000000,Free,0,Everyone,Communication,2018-08-01,Varies with device,Varies with device
USR00295,COMMUNICATION,4.4,1429035,,100000000,Free,0,Everyone,Communication,2018-07-25,37.0.0.7.163,2.3 and up
USR00296,COMMUNICATION,4.3,4604324,,1000000000,Free,0,Everyone,Communication,2018-08-02,Varies with device,Varies with device
USR00297,COMMUNICATION,4,3419249,,1000000000,Free,0,Everyone,Communication,2018-07-21,Varies with device,Varies with device
USR00298,COMMUNICATION,4.3,11334799,,500000000,Free,0,Everyone,Communication,2018-07-18,Varies with device,Varies with device
USR00299,COMMUNICATION,4.3,158679,8.8,5000000,Free,0,Everyone,Communication,2018-08-03,2.4.1,4.4 and up
USR00300,COMMUNICATION,4.4,3075028,,100000000,Free,0,Everyone,Communication,2018-07-10,Varies with device,Varies with device
USR00301,COMMUNICATION,4.3,4187998,16,100000000,Free,0,Everyone,Communication,2018-07-18,5.29.3,4.4 and up
USR00302,COMMUNICATION,4.3,659395,11,100000000,Free,0,Everyone,Communication,2018-06-07,9.8.000000010492,4.0 and up
USR00303,COMMUNICATION,4.3,4785892,11,500000000,Free,0,Everyone,Communication,2018-06-08,9.8.000000010501,4.0 and up
USR00304,COMMUNICATION,4.3,66602,,50000000,Free,0,Everyone,Communication,2018-06-26,2.8.4.201036949,5.0 and up
USR00305,COMMUNICATION,4.3,30209,15,5000000,Free,0,Everyone,Communication,2018-07-28,1.3.4,4.1 and up
USR00306,COMMUNICATION,4,36901,6.6,5000000,Free,0,Everyone,Communication,2018-07-04,11.8.6,4.0.3 - 7.1.1
USR00307,COMMUNICATION,4.5,5149854,,100000000,Free,0,Everyone,Communication,2018-07-19,Varies with device,Varies with device
USR00308,COMMUNICATION,4.3,192948,6.6,10000000,Free,0,Everyone,Communication,2018-06-19,24.6.6,4.0.3 - 7.1.1
USR00309,COMMUNICATION,3.7,99559,,10000000,Free,0,Everyone,Communication,2018-07-30,Varies with device,Varies with device
USR00310,COMMUNICATION,4.5,437674,,10000000,Free,0,Everyone,Communication,2018-08-01,Varies with device,Varies with device
USR00311,COMMUNICATION,3.9,13698,5.1,10000000,Free,0,Everyone,Communication,2018-07-02,3.2.0.100171,4.1 and up
USR00312,COMMUNICATION,4.4,2473509,,100000000,Free,0,Everyone,Communication,2018-07-31,47.1.2249.129326,Varies with device
USR00313,COMMUNICATION,3.6,20769,18,1000000,Free,0,Everyone,Communication,2018-07-11,R6.0.3,4.1 and up
USR00314,COMMUNICATION,4.4,36880,4,1000000,Free,0,Everyone,Communication,2018-07-06,5.2,5.0 and up
USR00315,COMMUNICATION,4.2,171031,,10000000,Free,0,Everyone,Communication,2018-08-03,Varies with device,Varies with device
USR00316,COMMUNICATION,4.4,63543,,5000000,Free,0,Everyone,Communication,2018-08-02,69.0.3497.24,Varies with device
USR00317,COMMUNICATION,4.1,45487,,10000000,Free,0,Everyone,Communication,2016-10-27,Varies with device,Varies with device
USR00318,COMMUNICATION,4.4,615381,37,10000000,Free,0,Mature 17+,Communication,2018-08-02,6.7.9.1,4.0.3 and up
USR00319,COMMUNICATION,4.3,2451083,,100000000,Free,0,Teen,Communication,2018-08-03,Varies with device,Varies with device
USR00320,COMMUNICATION,4.2,33053,22,5000000,Free,0,Everyone,Communication,2018-07-31,1.60.0.31354-release,4.0.3 and up
USR00321,COMMUNICATION,4.2,5387333,,100000000,Free,0,Everyone,Communication,2018-07-31,Varies with device,Varies with device
USR00322,COMMUNICATION,4.4,3648120,3.3,100000000,Free,0,Teen,Communication,2018-07-18,11.4.0,4.0 and up
USR00323,COMMUNICATION,4.4,136662,32,10000000,Free,0,Everyone,Communication,2018-07-30,2.18.116,4.0.3 and up
USR00324,COMMUNICATION,3.9,42370,37,1000000,Free,0,Everyone,Communication,2018-06-25,7.5.1,5.0 and up
USR00325,COMMUNICATION,4.2,781810,,100000000,Free,0,Everyone,Communication,2018-08-01,Varies with device,Varies with device
USR00326,COMMUNICATION,4.4,3128250,,100000000,Free,0,Mature 17+,Communication,2018-07-27,Varies with device,Varies with device
USR00327,COMMUNICATION,4.6,2083237,,500000000,Free,0,Everyone,Communication,2018-07-31,37.1.206017801.DR37_RC14,4.4 and up
USR00328,COMMUNICATION,4.3,541389,,10000000,Free,0,Everyone,Communication,2018-07-09,7.5.3.20547,4.1 and up
USR00329,COMMUNICATION,4.3,46702,,1000000,Free,0,Everyone,Communication,2018-07-04,Varies with device,Varies with device
USR00330,COMMUNICATION,4.4,2939,17,100000,Free,0,Everyone,Communication,2018-07-16,2.1,4.1 and up
USR00331,COMMUNICATION,3.7,13761,,10000000,Free,0,Everyone,Communication,2018-06-27,Varies with device,Varies with device
USR00332,COMMUNICATION,4.3,258556,,10000000,Free,0,Everyone,Communication,2018-07-25,Varies with device,Varies with device
USR00333,COMMUNICATION,3.9,40751,35,10000000,Free,0,Teen,Communication,2016-11-04,2.2.7600,4.0.3 and up
USR00334,COMMUNICATION,4.5,17712922,40,500000000,Free,0,Teen,Communication,2018-08-02,12.8.5.1121,4.0 and up
USR00335,COMMUNICATION,3.7,25021,61,5000000,Free,0,Everyone,Communication,2018-06-26,9.9.0,4.3 and up
USR00336,COMMUNICATION,4.3,27187,66,5000000,Free,0,Everyone,Communication,2018-07-28,42.0.0.2059,4.4 and up
USR00337,COMMUNICATION,4,56646578,,1000000000,Free,0,Everyone,Communication,2018-08-01,Varies with device,Varies with device
USR00338,COMMUNICATION,4.3,4785988,11,500000000,Free,0,Everyone,Communication,2018-06-08,9.8.000000010501,4.0 and up
USR00339,COMMUNICATION,4,122498,0.077,10000000,Free,0,Everyone,Communication,2015-09-02,0.1.100944346,4.0.3 and up
USR00340,COMMUNICATION,4.3,11334973,,500000000,Free,0,Everyone,Communication,2018-07-18,Varies with device,Varies with device
USR00341,COMMUNICATION,4,3419433,,1000000000,Free,0,Everyone,Communication,2018-07-21,Varies with device,Varies with device
USR00342,COMMUNICATION,4.1,132014,25,10000000,Free,0,Everyone,Communication,2018-07-18,6.1,4.2 and up
USR00343,COMMUNICATION,4.2,83239,14,5000000,Free,0,Everyone,Communication,2018-04-19,3.0.4,4.0 and up
USR00344,COMMUNICATION,4.2,594728,,50000000,Free,0,Everyone,Communication,2018-07-19,7.3(800241),4.4 and up
USR00345,COMMUNICATION,4.2,5387446,,100000000,Free,0,Everyone,Communication,2018-07-31,Varies with device,Varies with device
USR00346,COMMUNICATION,4.1,10484169,,1000000000,Free,0,Everyone,Communication,2018-08-03,Varies with device,Varies with device
USR00347,COMMUNICATION,4.4,3128509,,100000000,Free,0,Mature 17+,Communication,2018-07-27,Varies with device,Varies with device
USR00348,COMMUNICATION,4.3,2451093,,100000000,Free,0,Teen,Communication,2018-08-03,Varies with device,Varies with device
USR00349,COMMUNICATION,4.4,2876500,24,100000000,Free,0,Everyone,Communication,2018-08-01,7.73,4.0 and up
USR00350,COMMUNICATION,4.1,28238,17,1000000,Free,0,Everyone,Communication,2018-08-02,4.98,2.3 and up
USR00351,COMMUNICATION,4.3,335646,8.3,10000000,Free,0,Everyone,Communication,2018-07-26,7.21,2.3 and up
USR00352,COMMUNICATION,4.3,350154,,10000000,Free,0,Everyone,Communication,2018-07-29,Varies with device,Varies with device
USR00353,COMMUNICATION,4.5,349384,8.2,10000000,Free,0,Everyone,Communication,2018-07-24,3.47,4.0.3 and up
USR00354,COMMUNICATION,4.3,346982,,10000000,Free,0,Everyone,Communication,2018-01-23,Varies with device,4.1 and up
USR00355,COMMUNICATION,4.2,244863,,10000000,Free,0,Everyone,Communication,2018-05-29,Varies with device,Varies with device
USR00356,COMMUNICATION,4.2,10790289,,500000000,Free,0,Everyone,Communication,2018-07-26,Varies with device,Varies with device
USR00357,COMMUNICATION,4.5,330761,,10000000,Free,0,Everyone,Communication,2018-07-03,Varies with device,Varies with device
USR00358,COMMUNICATION,4.3,37320,8.4,1000000,Free,0,Everyone,Communication,2018-07-30,6.5.1,4.0.3 and up
USR00359,COMMUNICATION,4.3,12842860,,100000000,Free,0,Everyone,Communication,2018-08-02,Varies with device,4.0.3 and up
USR00360,COMMUNICATION,4.3,2546527,,100000000,Free,0,Everyone,Communication,2018-08-03,Varies with device,Varies with device
USR00361,COMMUNICATION,4.4,36893,4,1000000,Free,0,Everyone,Communication,2018-07-06,5.2,5.0 and up
USR00362,COMMUNICATION,4.2,15880,32,1000000,Free,0,Everyone,Communication,2018-08-03,5.65.0,4.0 and up
USR00363,COMMUNICATION,4.3,346980,,10000000,Free,0,Everyone,Communication,2018-01-23,Varies with device,4.1 and up
USR00364,COMMUNICATION,4.3,9643041,,1000000000,Free,0,Everyone,Communication,2018-08-01,Varies with device,Varies with device
USR00365,COMMUNICATION,4.4,3075118,,100000000,Free,0,Everyone,Communication,2018-07-10,Varies with device,Varies with device
USR00366,COMMUNICATION,4.6,2264916,6.1,50000000,Free,0,Everyone,Communication,2018-07-31,5.22.18.0006,4.0 and up
USR00367,COMMUNICATION,4.4,2473693,,100000000,Free,0,Everyone,Communication,2018-07-31,47.1.2249.129326,Varies with device
USR00368,COMMUNICATION,4.2,42925,2.8,1000000,Free,0,Everyone,Communication,2017-08-27,6.1,2.3 and up
USR00369,COMMUNICATION,4.5,5150471,,100000000,Free,0,Everyone,Communication,2018-07-19,Varies with device,Varies with device
USR00370,COMMUNICATION,4.5,2511130,,50000000,Free,0,Everyone,Communication,2018-07-02,Varies with device,Varies with device
USR00371,COMMUNICATION,4.4,3648480,3.3,100000000,Free,0,Teen,Communication,2018-07-18,11.4.0,4.0 and up
USR00372,COMMUNICATION,4.5,17714850,40,500000000,Free,0,Teen,Communication,2018-08-02,12.8.5.1121,4.0 and up
USR00373,COMMUNICATION,4.1,13100,2.2,1000000,Free,0,Everyone,Communication,2018-03-20,1.4.1.0,4.0.3 and up
USR00374,COMMUNICATION,4.2,27156,,1000000,Free,0,Everyone,Communication,2018-05-31,Varies with device,Varies with device
USR00375,COMMUNICATION,4.1,55098,4.3,1000000,Free,0,Everyone,Communication,2018-06-20,2.2,4.0 and up
USR00376,COMMUNICATION,4.3,1133501,4.7,10000000,Free,0,Everyone,Communication,2016-04-01,6.4.0.4,4.0 and up
USR00377,COMMUNICATION,4.1,12578,2.3,500000,Free,0,Everyone,Communication,2017-07-10,4.5.1,4.0 and up
USR00378,COMMUNICATION,4.2,10965,2.3,500000,Free,0,Everyone,Communication,2015-02-02,2,3.0 and up
USR00379,COMMUNICATION,4,18247,,100000,Paid,3.99,Everyone,Communication,2018-07-05,7.5.3.20547,4.1 and up
USR00380,COMMUNICATION,4.2,190613,11,10000000,Free,0,Everyone,Communication,2018-07-31,5.85.1,4.0.3 and up
USR00381,COMMUNICATION,4.2,125232,2.7,10000000,Free,0,Everyone,Communication,2017-03-05,196,2.1 and up
USR00382,COMMUNICATION,4.3,72065,13,1000000,Free,0,Everyone,Communication,2018-04-18,3.0.7,4.0 and up
USR00383,COMMUNICATION,4.4,27540,3.7,1000000,Free,0,Everyone,Communication,2018-01-05,1.26.001,4.0 and up
USR00384,COMMUNICATION,4.2,104990,10,5000000,Free,0,Everyone,Communication,2018-05-15,3.5.0,4.0.3 and up
USR00385,COMMUNICATION,4.4,177703,13,10000000,Free,0,Mature 17+,Communication,2018-07-25,8.1.2-6310,5.0 and up
USR00386,COMMUNICATION,4.1,17529,10,1000000,Free,0,Everyone,Communication,2018-07-26,5.86,4.0.3 and up
USR00387,COMMUNICATION,4.2,177263,13,10000000,Free,0,Mature 17+,Communication,2018-07-13,5.1.2-6310,5.0 and up
USR00388,COMMUNICATION,4.8,237468,8.8,1000000,Free,0,Everyone,Communication,2018-07-26,2018.1.715,4.0 and up
USR00389,COMMUNICATION,4.4,32254,5.5,1000000,Free,0,Everyone,Communication,2017-12-04,3.9.7,2.1 and up
USR00390,COMMUNICATION,4.4,483565,20,10000000,Free,0,Everyone,Communication,2018-07-29,1.286,4.1 and up
USR00391,COMMUNICATION,4.4,552441,29,10000000,Free,0,Everyone,Communication,2018-08-01,6.19.1,4.1 and up
USR00392,COMMUNICATION,4,60308,,5000000,Free,0,Everyone,Communication,2018-06-22,Varies with device,Varies with device
USR00393,COMMUNICATION,4.5,457283,,10000000,Free,0,Everyone,Communication,2018-05-24,Varies with device,Varies with device
USR00394,COMMUNICATION,4.4,93825,11,5000000,Free,0,Everyone,Communication,2018-07-05,2.17.3,4.1 and up
USR00395,COMMUNICATION,4.1,32283,,1000000,Free,0,Everyone,Communication,2018-07-26,Varies with device,Varies with device
USR00396,COMMUNICATION,4.2,15287,17,1000000,Free,0,Everyone,Communication,2018-01-24,2.2.245,4.0.3 and up
USR00397,COMMUNICATION,4.5,205739,17,5000000,Free,0,Everyone,Communication,2018-07-26,4.5.4,4.1 and up
USR00398,COMMUNICATION,4.3,14873,,1000000,Free,0,Everyone,Communication,2018-07-12,Varies with device,Varies with device
USR00399,COMMUNICATION,4.5,7820209,,100000000,Free,0,Everyone,Communication,2018-08-01,Varies with device,Varies with device
USR00400,COMMUNICATION,4,9498,0.115,1000000,Free,0,Everyone,Communication,2016-06-07,5.28.0,2.3 and up
USR00401,COMMUNICATION,4.3,4604483,,1000000000,Free,0,Everyone,Communication,2018-08-02,Varies with device,Varies with device
USR00402,COMMUNICATION,4.3,4188142,16,100000000,Free,0,Everyone,Communication,2018-07-18,5.29.3,4.4 and up
USR00403,COMMUNICATION,4.2,88427,5.1,5000000,Free,0,Everyone,Communication,2018-01-06,5.403,4.0.3 and up
USR00404,COMMUNICATION,4.5,305218,,10000000,Free,0,Everyone,Communication,2018-08-03,Varies with device,Varies with device
USR00405,COMMUNICATION,4.6,183374,44,1000000,Free,0,Everyone,Communication,2018-08-01,1.9.4.74,4.1 and up
USR00406,COMMUNICATION,4.1,20901,7.3,1000000,Free,0,Everyone,Communication,2018-04-03,5.0.9,4.1 and up
USR00407,COMMUNICATION,4,122595,30,1000000,Free,0,Everyone,Communication,2018-07-19,9.8.376,5.0 and up
USR00408,COMMUNICATION,4.2,124346,0.679,10000000,Free,0,Everyone,Communication,2014-07-06,2.8,2.0 and up
USR00409,COMMUNICATION,4.6,837842,,50000000,Free,0,Everyone,Communication,2018-08-03,Varies with device,Varies with device
USR00410,COMMUNICATION,4.1,255,1.6,10000,Free,0,Everyone,Communication,2017-04-11,2.3,2.2 and up
USR00411,COMMUNICATION,4.3,41420,19,5000000,Free,0,Everyone,Communication,2018-06-21,3.2.0,4.0 and up
USR00412,COMMUNICATION,4.2,44706,,1000000,Free,0,Everyone,Communication,2018-07-25,Varies with device,Varies with device
USR00413,COMMUNICATION,4.3,23707,,500000,Free,0,Everyone,Communication,2017-08-09,2.3.17,Varies with device
USR00414,COMMUNICATION,4,3419513,,1000000000,Free,0,Everyone,Communication,2018-07-21,Varies with device,Varies with device
USR00415,COMMUNICATION,4.3,11335255,,500000000,Free,0,Everyone,Communication,2018-07-18,Varies with device,Varies with device
USR00416,COMMUNICATION,4.1,29208,23,1000000,Free,0,Everyone,Communication,2016-09-28,2.9.8,2.3.3 and up
USR00417,COMMUNICATION,4.6,191032,26,5000000,Free,0,Everyone,Communication,2018-08-04,7.2.29,4.0.3 and up
USR00418,DATING,4.2,1545,,10000,Paid,3.99,Mature 17+,Dating,2018-06-19,2.6.139,4.1 and up
USR00419,DATING,2.6,57,6.2,1000,Paid,6.99,Everyone,Dating,2017-10-25,1.1.6,4.0 and up
USR00420,DATING,3.5,2,17,100,Paid,7.99,Mature 17+,Dating,2017-01-21,1.0.1,4.0 and up
USR00421,DATING,4,516801,,10000000,Free,0,Mature 17+,Dating,2018-08-02,Varies with device,Varies with device
USR00422,DATING,4.1,285726,15,10000000,Free,0,Mature 17+,Dating,2018-07-30,11.10.1,4.1 and up
USR00423,DATING,3.7,76646,,10000000,Free,0,Mature 17+,Dating,2018-07-23,Varies with device,Varies with device
USR00424,DATING,4.1,2556,56,100000,Free,0,Mature 17+,Dating,2018-08-01,2.5.2,4.1 and up
USR00425,DATING,4.2,7779,12,500000,Free,0,Mature 17+,Dating,2018-08-03,6.1.3,5.0 and up
USR00426,DATING,4.5,61637,11,5000000,Free,0,Mature 17+,Dating,2018-07-31,4.17.2,4.1 and up
USR00427,DATING,4.4,12632,29,1000000,Free,0,Mature 17+,Dating,2018-07-27,3.5.0.1,4.1 and up
USR00428,DATING,4.2,313724,,10000000,Free,0,Mature 17+,Dating,2018-08-04,2.6.141,4.1 and up
USR00429,DATING,4,48845,40,1000000,Free,0,Mature 17+,Dating,2018-08-01,4.19.0.2320,4.4 and up
USR00430,DATING,4.1,305708,,10000000,Free,0,Mature 17+,Dating,2018-08-02,Varies with device,Varies with device
USR00431,DATING,3.1,31320,53,5000000,Free,0,Mature 17+,Dating,2018-07-30,6.6.5,4.1 and up
USR00432,DATING,4.4,172460,3.1,5000000,Free,0,Mature 17+,Dating,2018-08-04,1.639,4.0 and up
USR00433,DATING,4.2,4195,24,100000,Free,0,Mature 17+,Dating,2018-07-25,1.6.1,4.4 and up
USR00434,DATING,4.1,11633,23,500000,Free,0,Mature 17+,Dating,2018-07-24,2.5.1,4.1 and up
USR00435,DATING,3.9,10212,5,1000000,Free,0,Mature 17+,Dating,2018-07-25,1.9.7,4.4 and up
USR00436,DATING,4.3,37053,44,1000000,Free,0,Mature 17+,Dating,2018-08-03,4.4B,4.1 and up
USR00437,DATING,4.4,667,27,10000,Free,0,Mature 17+,Dating,2018-08-03,1.308.us,4.1 and up
USR00438,DATING,3.5,13202,6.1,1000000,Free,0,Mature 17+,Dating,2018-07-07,2.4.1,4.1 and up
USR00439,DATING,4,28671,,1000000,Free,0,Mature 17+,Dating,2018-08-01,Varies with device,Varies with device
USR00440,DATING,3.3,1157,21,100000,Free,0,Mature 17+,Dating,2017-01-27,5.0.1,4.2 and up
USR00441,DATING,4.5,212626,11,10000000,Free,0,Mature 17+,Dating,2018-07-31,4.17.2,4.1 and up
USR00442,DATING,4.4,222888,21,1000000,Free,0,Mature 17+,Dating,2018-07-17,2.45,4.1 and up
USR00443,DATING,4.1,2067,24,100000,Free,0,Mature 17+,Dating,2018-07-25,1.6.1,4.4 and up
USR00444,DATING,3.9,1643,31,500000,Free,0,Mature 17+,Dating,2018-07-03,4.5.5,4.1 and up
USR00445,DATING,3.9,105,27,5000,Free,0,Mature 17+,Dating,2018-06-19,1.0.4,4.4 and up
USR00446,DATING,3.6,3414,6.2,500000,Free,0,Mature 17+,Dating,2018-06-06,1.2.1,4.1 and up
USR00447,DATING,4,42194,,5000000,Free,0,Mature 17+,Dating,2018-07-24,Varies with device,Varies with device
USR00448,DATING,3.6,11806,12,1000000,Free,0,Mature 17+,Dating,2018-06-26,4.0.18,4.0.3 and up
USR00449,DATING,3.4,1999,8,100000,Free,0,Mature 17+,Dating,2017-02-03,1.6.5,4.2 and up
USR00450,DATING,4.2,22544,5.9,1000000,Free,0,Mature 17+,Dating,2018-07-27,1.31.4,4.0.3 and up
USR00451,DATING,4.1,97684,7.9,1000000,Free,0,Mature 17+,Dating,2018-07-10,1.23,4.0.3 and up
USR00452,DATING,3.4,2519,5,100000,Free,0,Mature 17+,Dating,2018-07-25,1.9.7,4.4 and up
USR00453,DATING,3,1146,1.4,100000,Free,0,Mature 17+,Dating,2016-02-25,2.2,4.0 and up
USR00454,DATING,4.6,13046,13,500000,Free,0,Mature 17+,Dating,2018-07-31,4.17.2,4.1 and up
USR00455,DATING,4.1,17268,40,500000,Free,0,Mature 17+,Dating,2018-06-25,4.1.2,4.0.3 and up
USR00456,DATING,3.9,8722,13,500000,Free,0,Mature 17+,Dating,2018-06-20,15.8,4.1 and up
USR00457,DATING,1.9,953,19,100000,Free,0,Mature 17+,Dating,2018-07-18,6.3.7,5.0 and up
USR00458,DATING,3.5,2593,5,500000,Free,0,Mature 17+,Dating,2018-07-25,1.9.7,4.4 and up
USR00459,DATING,2.5,5377,19,500000,Free,0,Mature 17+,Dating,2018-07-31,4.8.5,4.0.3 and up
USR00460,DATING,3.9,852,27,100000,Free,0,Mature 17+,Dating,2018-07-30,6.4.6,4.1 and up
USR00461,DATING,3.4,212,3,50000,Free,0,Mature 17+,Dating,2018-06-13,2.3.0.1781,5.0 and up
USR00462,DATING,3.5,1972,13,1000000,Free,0,Mature 17+,Dating,2018-05-12,4.3,4.1 and up
USR00463,DATING,4.4,35206,7.2,1000000,Free,0,Everyone,Dating,2018-05-21,2.9.6,4.0 and up
USR00464,DATING,3.8,5164,25,100000,Free,0,Mature 17+,Dating,2018-07-24,3.8.75a,4.0.3 and up
USR00465,DATING,4.2,1939,,100000,Free,0,Mature 17+,Dating,2017-01-08,1.0.0,4.0 and up
USR00466,DATING,2.5,277,5.7,100000,Free,0,Mature 17+,Dating,2017-12-04,3.0.0,4.1 and up
USR00467,DATING,2.8,80,5.5,10000,Free,0,Teen,Dating,2017-11-06,1,4.0.3 and up
USR00468,DATING,4.1,825,,100000,Free,0,Mature 17+,Dating,2017-12-28,1.0.5,4.0 and up
USR00469,DATING,4.2,40035,6.5,1000000,Free,0,Mature 17+,Dating,2018-07-27,1.31.3,4.0.3 and up
USR00470,DATING,3.5,1093,5.8,100000,Free,0,Mature 17+,Dating,2017-01-28,1.6.6,4.2 and up
USR00471,DATING,4.3,135418,,10000000,Free,0,Mature 17+,Dating,2018-07-07,Varies with device,Varies with device
USR00472,DATING,3.3,1601,3.8,500000,Free,0,Mature 17+,Dating,2017-02-01,1.5,4.1 and up
USR00473,DATING,4.1,2212,41,100000,Free,0,Mature 17+,Dating,2018-06-20,2.0.5,4.0.3 and up
USR00474,DATING,4.2,57081,7.9,1000000,Free,0,Mature 17+,Dating,2018-07-27,1.31.3,4.0.3 and up
USR00475,DATING,3.5,241,2.8,50000,Free,0,Mature 17+,Dating,2018-06-01,2.2.0.1748,5.0 and up
USR00476,DATING,4.2,63986,20,5000000,Free,0,Mature 17+,Dating,2018-05-31,3.0.15,4.0 and up
USR00477,DATING,4.4,7888,15,500000,Free,0,Mature 17+,Dating,2018-04-29,2.4.0,4.1 and up
USR00478,DATING,4.1,535,28,100000,Free,0,Mature 17+,Dating,2018-03-29,2.0.0,4.1 and up
USR00479,DATING,4.2,5084,9.6,100000,Free,0,Mature 17+,Dating,2018-08-03,1.55,4.1 and up
USR00480,DATING,4.3,2430,13,500000,Free,0,Mature 17+,Dating,2018-07-26,12.0.4,4.1 and up
USR00481,DATING,3,837,9.4,100000,Free,0,Mature 17+,Dating,2018-07-16,1.15.0,4.4 and up
USR00482,DATING,4,738,27,10000,Free,0,Mature 17+,Dating,2018-08-01,6.4.1,4.1 and up
USR00483,DATING,3.3,4631,45,100000,Free,0,Mature 17+,Dating,2018-08-04,5.2.14,5.0 and up
USR00484,DATING,4.1,4953,15,1000000,Free,0,Teen,Dating,2018-08-01,8.7.2,4.2 and up
USR00485,DATING,3.7,1439,38,50000,Free,0,Mature 17+,Dating,2018-07-30,1.1.46,4.2 and up
USR00486,DATING,3.9,1645,31,500000,Free,0,Mature 17+,Dating,2018-07-03,4.5.5,4.1 and up
USR00487,DATING,3.5,13204,6.1,1000000,Free,0,Mature 17+,Dating,2018-07-07,2.4.1,4.1 and up
USR00488,DATING,3.9,853,27,100000,Free,0,Mature 17+,Dating,2018-07-30,6.4.6,4.1 and up
USR00489,DATING,4,337,32,10000,Free,0,Mature 17+,Dating,2018-07-31,2.8.0,4.3 and up
USR00490,DATING,4.6,13049,13,500000,Free,0,Mature 17+,Dating,2018-07-31,4.17.2,4.1 and up
USR00491,DATING,4,51698,63,1000000,Free,0,Mature 17+,Dating,2018-07-26,3.0.0,4.0.3 and up
USR00492,DATING,4.1,923,44,100000,Free,0,Mature 17+,Dating,2018-08-02,3.4.1.1,4.1 and up
USR00493,DATING,4.2,1546,,10000,Paid,3.99,Mature 17+,Dating,2018-06-19,2.6.139,4.1 and up
USR00494,DATING,3.3,149,16,10000,Free,0,Mature 17+,Dating,2018-07-31,4.8.5,4.0.3 and up
USR00495,DATING,4.4,198,28,10000,Free,0,Mature 17+,Dating,2018-05-18,5.5.7,4.1 and up
USR00496,DATING,4.3,135420,,10000000,Free,0,Mature 17+,Dating,2018-07-07,Varies with device,Varies with device
USR00497,DATING,4.2,22545,5.9,1000000,Free,0,Mature 17+,Dating,2018-07-27,1.31.4,4.0.3 and up
USR00498,DATING,3.9,8723,13,500000,Free,0,Mature 17+,Dating,2018-06-20,15.8,4.1 and up
USR00499,DATING,4.3,23170,9,500000,Free,0,Mature 17+,Dating,2018-07-25,1.5.4.0,4.1 and up
USR00500,DATING,3.4,13890,20,500000,Free,0,Mature 17+,Dating,2018-06-19,4.9.2 (Oasis),4.2 and up
USR00501,DATING,4.2,57083,7.9,1000000,Free,0,Mature 17+,Dating,2018-07-27,1.31.3,4.0.3 and up
USR00502,DATING,4.1,537,28,100000,Free,0,Mature 17+,Dating,2018-03-29,2.0.0,4.1 and up
USR00503,DATING,4,13440,49,500000,Free,0,Mature 17+,Dating,2018-08-03,3.10.5,4.0.3 and up
USR00504,DATING,3.6,143,27,10000,Free,0,Mature 17+,Dating,2018-07-23,2.2.7,4.1 and up
USR00505,DATING,4.2,1059,18,100000,Free,0,Mature 17+,Dating,2018-07-26,1.17,4.2 and up
USR00506,DATING,3.5,894,14,100000,Free,0,Mature 17+,Dating,2018-07-17,3.1.3,4.1 and up
USR00507,DATING,4,6191,27,500000,Free,0,Mature 17+,Dating,2018-07-12,0.0.73,4.1 and up
USR00508,DATING,4.1,15081,38,1000000,Free,0,Mature 17+,Dating,2018-07-26,4.7.6,4.1 and up
USR00509,DATING,4.4,218,27,10000,Free,0,Mature 17+,Dating,2018-07-23,5.2.9,4.1 and up
USR00510,DATING,4.4,35205,7.2,1000000,Free,0,Everyone,Dating,2018-05-21,2.9.6,4.0 and up
USR00511,DATING,4.2,243950,21,10000000,Free,0,Mature 17+,Dating,2018-05-10,4.3.2,4.1 and up
USR00512,DATING,4.1,236,8.8,10000,Free,0,Mature 17+,Dating,2018-03-29,3.9.2,4.0.3 and up
USR00513,DATING,4.2,5152,38,100000,Free,0,Mature 17+,Dating,2018-07-26,3.6.3,4.1 and up
USR00514,DATING,3.9,1576,,10000,Free,0,Mature 17+,Dating,2018-02-16,4.4.1,4.1 and up
USR00515,DATING,4.1,6701,11,1000000,Free,0,Mature 17+,Dating,2018-06-29,5.16.2,4.0.3 and up
USR00516,DATING,4.2,40039,6.5,1000000,Free,0,Mature 17+,Dating,2018-07-27,1.31.3,4.0.3 and up
USR00517,DATING,3.9,742,26,50000,Free,0,Mature 17+,Dating,2018-04-07,5.3.3.13289,4.0.3 and up
USR00518,DATING,4,187,19,10000,Free,0,Mature 17+,Dating,2018-07-26,1.17,4.2 and up
USR00519,DATING,4.2,2506,6.1,500000,Free,0,Mature 17+,Dating,2017-06-15,3.0.0,4.0 and up
USR00520,DATING,4.5,182986,77,5000000,Free,0,Mature 17+,Dating,2018-08-02,5.0.8,4.1 and up
USR00521,DATING,3.9,8661,9.5,1000000,Free,0,Mature 17+,Dating,2018-04-03,0.1.11,4.0 and up
USR00522,DATING,3.6,8,14,1000,Free,0,Mature 17+,Dating,2018-07-29,1.4.0,4.4 and up
USR00523,DATING,4.4,59,38,5000,Free,0,Everyone,Dating,2018-07-19,1.0.1,4.3 and up
USR00524,DATING,3.5,35,16,1000,Free,0,Mature 17+,Dating,2018-07-16,2.4,4.0.3 and up
USR00525,DATING,4.4,28,3.4,500,Free,0,Everyone,Dating,2018-07-16,2.5,4.0.3 and up
USR00526,DATING,4.8,125,4.7,5000,Free,0,Mature 17+,Dating,2018-07-08,8.2,4.0.3 and up
USR00527,DATING,4.6,185,5,10000,Free,0,Mature 17+,Dating,2018-07-16,8.2,4.0.3 and up
USR00528,DATING,4.7,6,4.9,100,Free,0,Mature 17+,Dating,2018-07-24,1,4.0.3 and up
USR00529,DATING,4.8,110,4.9,10000,Free,0,Mature 17+,Dating,2018-07-09,8.2,4.0.3 and up
USR00530,DATING,2.7,3,3.9,100,Free,0,Mature 17+,Dating,2018-07-17,1.0.0,4.4 and up
USR00531,DATING,5,5,4.4,1000,Free,0,Mature 17+,Dating,2018-07-17,3,4.0.3 and up
USR00532,DATING,4.8,84,4.5,1000,Free,0,Mature 17+,Dating,2018-07-06,8.2,4.0.3 and up
USR00533,DATING,5,2,70,100,Free,0,Mature 17+,Dating,2018-07-24,2.2.9,4.4 and up
USR00534,DATING,4.8,20,4.9,500,Free,0,Mature 17+,Dating,2018-07-15,8.2,4.0.3 and up
USR00535,DATING,4.9,776,4.9,5000,Free,0,Mature 17+,Dating,2018-07-14,8.2,4.0.3 and up
USR00536,DATING,3,2,16,100,Free,0,Mature 17+,Dating,2018-07-17,2.5,4.0.3 and up
USR00537,DATING,4.7,14,21,5000,Free,0,Mature 17+,Dating,2018-08-03,1.3,4.1 and up
USR00538,DATING,1,1,9.2,10,Free,0,Mature 17+,Dating,2018-07-31,3.52,4.0.3 and up
USR00539,DATING,5,5,9.3,500,Free,0,Teen,Dating,2018-07-14,4,4.0.3 and up
USR00540,DATING,4.7,18,5,500,Free,0,Mature 17+,Dating,2018-07-25,8.2,4.0.3 and up
USR00541,DATING,5,6,5,100,Free,0,Mature 17+,Dating,2018-08-01,8.2,4.0.3 and up
USR00542,DATING,5,5,5,100,Free,0,Mature 17+,Dating,2018-08-02,8.2,4.0.3 and up
USR00543,DATING,3,1,5.5,500,Free,0,Mature 17+,Dating,2018-07-19,1,4.0.3 and up
USR00544,DATING,4.1,11,11,1000,Free,0,Mature 17+,Dating,2018-07-14,1.1,4.0 and up
USR00545,DATING,5,3,25,100,Free,0,Mature 17+,Dating,2018-07-20,1.2.9,4.1 and up
USR00546,DATING,3.7,101,15,10000,Free,0,Mature 17+,Dating,2018-07-24,2,4.1 and up
USR00547,DATING,4.5,120,10,500,Free,0,Mature 17+,Dating,2018-08-04,1.5-beta,5.0 and up
USR00548,DATING,4.2,24,4.9,1000,Free,0,Mature 17+,Dating,2018-07-11,1,4.0.3 and up
USR00549,DATING,4.3,6,9,100,Free,0,Mature 17+,Dating,2018-07-26,3.7,4.0.3 and up
USR00550,DATING,4.1,4954,15,1000000,Free,0,Teen,Dating,2018-08-01,8.7.2,4.2 and up
USR00551,DATING,1.9,954,19,100000,Free,0,Mature 17+,Dating,2018-07-18,6.3.7,5.0 and up
USR00552,DATING,4.1,2560,56,100000,Free,0,Mature 17+,Dating,2018-08-01,2.5.2,4.1 and up
USR00553,DATING,4,42197,,5000000,Free,0,Mature 17+,Dating,2018-07-24,Varies with device,Varies with device
USR00554,DATING,3.8,5168,25,100000,Free,0,Mature 17+,Dating,2018-07-24,3.8.75a,4.0.3 and up
USR00555,DATING,4.4,12633,29,1000000,Free,0,Mature 17+,Dating,2018-07-27,3.5.0.1,4.1 and up
USR00556,DATING,4.4,41605,8.1,500000,Free,0,Mature 17+,Dating,2018-07-26,4.813,4.0.3 and up
USR00557,DATING,4.3,2433,13,500000,Free,0,Mature 17+,Dating,2018-07-26,12.0.4,4.1 and up
USR00558,DATING,3.4,5,14,500,Free,0,Mature 17+,Dating,2018-07-09,1.2,4.1 and up
USR00559,DATING,4.7,791,3.7,10000,Free,0,Mature 17+,Dating,2018-05-15,8.2,4.0.3 and up
USR00560,DATING,4.8,5323,3.5,50000,Free,0,Mature 17+,Dating,2018-04-21,8.2,4.0.3 and up
USR00561,DATING,4.7,478,4.5,10000,Free,0,Mature 17+,Dating,2018-06-28,8.2,4.0.3 and up
USR00562,DATING,3.5,69,36,5000,Free,0,Mature 17+,Dating,2018-08-04,1.0.82,4.4 and up
USR00563,DATING,4.7,158,4.5,10000,Free,0,Mature 17+,Dating,2018-07-05,8.2,4.0.3 and up
USR00564,DATING,3.8,24,19,1000,Free,0,Mature 17+,Dating,2018-08-02,1.0.5,4.0 and up
USR00565,DATING,2.9,53,14,10000,Free,0,Mature 17+,Dating,2018-07-10,4.1,4.1 and up
USR00566,DATING,4.1,97699,7.9,1000000,Free,0,Mature 17+,Dating,2018-07-10,1.23,4.0.3 and up
USR00567,EDUCATION,4.7,6289924,,100000000,Free,0,Everyone,Education;Education,2018-08-01,Varies with device,Varies with device
USR00568,EDUCATION,4.6,181893,18,10000000,Free,0,Everyone 10+,Education,2018-07-27,3.2.5,4.1 and up
USR00569,EDUCATION,4.7,2544,18,100000,Free,0,Everyone,Education,2017-12-29,3.1,4.0 and up
USR00570,EDUCATION,4.6,85375,21,5000000,Free,0,Everyone,Education,2018-07-27,5.0.0,4.1 and up
USR00571,EDUCATION,4.7,314299,3.3,10000000,Free,0,Everyone,Education,2018-05-02,1.94.9,4.0 and up
USR00572,EDUCATION,4.5,9770,39,5000000,Free,0,Everyone,Education;Creativity,2018-02-25,1.2.8,4.0 and up
USR00573,EDUCATION,4.7,32346,3.2,1000000,Free,0,Everyone,Education,2017-12-18,1.3.8,4.0 and up
USR00574,EDUCATION,4.8,4075,5.1,500000,Free,0,Everyone,Education,2018-06-22,2.1.8,4.0.3 and up
USR00575,EDUCATION,4.6,10611,11,500000,Free,0,Everyone,Education,2018-05-27,2.3.7,4.0 and up
USR00576,EDUCATION,4.6,9321,27,1000000,Free,0,Everyone,Education,2018-07-18,2.9.0,4.0 and up
USR00577,EDUCATION,4.6,56065,37,1000000,Free,0,Everyone,Education,2018-07-26,3.3,4.1 and up
USR00578,EDUCATION,4.2,14286,,5000000,Free,0,Everyone,Education;Creativity,2018-04-26,Varies with device,4.1 and up
USR00579,EDUCATION,4.9,133136,26,1000000,Free,0,Everyone,Education;Education,2018-07-20,2.16.11.10,4.2 and up
USR00580,EDUCATION,3.8,2469,11,500000,Free,0,Everyone,Education,2018-03-23,Varies with device,Varies with device
USR00581,EDUCATION,4.2,36212,,5000000,Free,0,Everyone,Education;Music & Video,2018-07-12,Varies with device,Varies with device
USR00582,EDUCATION,4.4,390,41,500000,Free,0,Everyone,Education;Education,2018-02-03,1.1.6,4.0 and up
USR00583,EDUCATION,4.4,1090,49,1000000,Free,0,Everyone,Education;Creativity,2018-02-03,1.2.0,4.0 and up
USR00584,EDUCATION,4.3,266948,21,10000000,Free,0,Everyone,Education,2018-07-30,20.7.2,4.4 and up
USR00585,EDUCATION,4.5,342918,8.1,10000000,Free,0,Everyone,Education,2018-07-29,2.24,4.0 and up
USR00586,EDUCATION,4.4,748,51,1000000,Free,0,Everyone,Education;Action & Adventure,2017-01-19,1.0.9,2.3 and up
USR00587,EDUCATION,4.6,172640,14,5000000,Free,0,Everyone,Education,2018-05-02,2.6.2,4.1 and up
USR00588,EDUCATION,3.9,61,18,50000,Free,0,Mature 17+,Education,2018-05-28,1.4.2,5.0 and up
USR00589,EDUCATION,4.4,1619,3,1000000,Free,0,Everyone,Education,2018-07-20,1.2,1.6 and up
USR00590,EDUCATION,4.3,3168,19,1000000,Free,0,Everyone,Education,2017-10-26,3.1,4.4 and up
USR00591,EDUCATION,4.4,29855,,1000000,Free,0,Mature 17+,Education,2018-07-29,Varies with device,Varies with device
USR00592,EDUCATION,4.2,6736,22,1000000,Free,0,Mature 17+,Education,2017-10-17,2.51.0,4.0.3 and up
USR00593,EDUCATION,4.4,7005,6.9,1000000,Free,0,Everyone,Education,2016-10-23,1.17,2.3 and up
USR00594,EDUCATION,4,889,7.4,500000,Free,0,Everyone,Education,2018-03-09,2.2.4,4.2 and up
USR00595,EDUCATION,4.2,5741,84,1000000,Free,0,Everyone,Education;Pretend Play,2018-07-25,3.7.0,4.4 and up
USR00596,EDUCATION,3.8,27572,25,5000000,Free,0,Everyone,Education;Education,2017-10-25,3,2.3 and up
USR00597,EDUCATION,4.5,10852,18,1000000,Free,0,Everyone,Education,2017-11-28,10,4.1 and up
USR00598,EDUCATION,4.7,9888,,500000,Free,0,Everyone,Education,2018-07-30,Varies with device,4.1 and up
USR00599,EDUCATION,4.5,1929,2.5,500000,Free,0,Everyone,Education,2017-09-28,1.1,2.3 and up
USR00600,EDUCATION,4.3,1516,3.9,100000,Free,0,Everyone,Education,2018-07-28,3.1,4.1 and up
USR00601,EDUCATION,4.2,215301,,10000000,Free,0,Everyone,Education,2018-08-01,Varies with device,Varies with device
USR00602,EDUCATION,4.3,423,21,100000,Free,0,Everyone,Education,2018-04-03,6,4.0.3 and up
USR00603,EDUCATION,4.7,254519,27,5000000,Free,0,Everyone,Education,2018-07-20,2.8.1,4.1 and up
USR00604,EDUCATION,4.7,1107903,,10000000,Free,0,Everyone,Education,2018-08-02,Varies with device,Varies with device
USR00605,EDUCATION,4.6,211856,,10000000,Free,0,Everyone,Education,2018-08-01,Varies with device,Varies with device
USR00606,EDUCATION,4.5,99020,18,1000000,Free,0,Everyone,Education,2018-08-02,5.0.4,5.0 and up
USR00607,EDUCATION,4.4,90481,,5000000,Free,0,Everyone,Education,2018-07-27,Varies with device,Varies with device
USR00608,EDUCATION,4.6,32381,10,1000000,Free,0,Everyone 10+,Education,2018-07-15,2.15.1,4.1 and up
USR00609,EDUCATION,4.5,248912,,5000000,Free,0,Everyone,Education,2018-07-30,Varies with device,Varies with device
USR00610,EDUCATION,4.5,248555,,5000000,Free,0,Everyone,Education;Brain Games,2018-05-23,Varies with device,4.0.3 and up
USR00611,EDUCATION,4.4,272145,,10000000,Free,0,Everyone,Education;Brain Games,2018-08-03,3.14.15,5.0 and up
USR00612,EDUCATION,4.4,56897,97,1000000,Free,0,Everyone,Education;Brain Games,2017-01-16,1.10.0,4.1 and up
USR00613,EDUCATION,4.2,8599,17,1000000,Free,0,Everyone,Education,2018-07-11,4.9.10,4.1 and up
USR00614,EDUCATION,4.5,41185,,1000000,Free,0,Everyone,Education,2018-08-03,Varies with device,Varies with device
USR00615,EDUCATION,4.1,29980,,1000000,Free,0,Everyone,Education,2017-08-17,Varies with device,Varies with device
USR00616,EDUCATION,4,304,2,10000,Free,0,Everyone,Education,2016-07-04,1.3.0,4.0 and up
USR00617,EDUCATION,4.1,358,1.9,50000,Free,0,Everyone,Education,2014-08-21,1.1,2.3 and up
USR00618,EDUCATION,4.3,11904,1.8,1000000,Free,0,Everyone,Education,2015-08-22,2,2.3 and up
USR00619,EDUCATION,4.3,22251,1.8,1000000,Free,0,Everyone,Education,2015-06-28,3,2.3 and up
USR00620,EDUCATION,4.3,22384,17,1000000,Free,0,Everyone,Education,2018-07-31,4.7.0,5.0 and up
USR00621,EDUCATION,4.6,73404,5.3,1000000,Free,0,Everyone,Education,2017-12-25,4.5.2,4.0 and up
USR00622,EDUCATION,4.1,12733,,1000000,Free,0,Everyone,Education,2018-05-20,Varies with device,Varies with device
USR00623,EDUCATION,4.6,25183,5.4,1000000,Free,0,Everyone,Education,2017-12-25,5.7.2,4.0 and up
USR00624,EDUCATION,4.7,52743,5.4,1000000,Free,0,Everyone,Education,2017-12-25,3.5.2,4.0 and up
USR00625,EDUCATION,4.7,61749,5.4,1000000,Free,0,Everyone,Education,2017-12-25,5.5.2,4.0 and up
USR00626,EDUCATION,4.3,55704,15,1000000,Free,0,Everyone,Education,2018-08-04,4.2.8,4.1 and up
USR00627,EDUCATION,4.7,19277,5.3,1000000,Free,0,Everyone,Education,2017-12-25,3.4.2,4.0 and up
USR00628,EDUCATION,4.6,13612,48,100000,Free,0,Everyone,Education,2018-05-10,7.2.3633,4.4 and up
USR00629,EDUCATION,4.6,37862,5.4,1000000,Free,0,Everyone,Education,2018-06-07,1.8.1,4.1 and up
USR00630,EDUCATION,4.6,18372,47,100000,Free,0,Everyone,Education,2018-05-21,7.2.3634,4.4 and up
USR00631,EDUCATION,4.3,656,0.543,10000,Free,0,Everyone,Education,2014-07-11,1.1,2.2 and up
USR00632,EDUCATION,4.2,240,29,10000,Free,0,Everyone,Education,2015-04-29,1.2.0,2.3.3 and up
USR00633,EDUCATION,4,275,2.3,50000,Free,0,Everyone,Education,2013-12-02,2.9,2.1 and up
USR00634,EDUCATION,4.5,13791,,500000,Free,0,Everyone,Education,2018-06-06,Varies with device,Varies with device
USR00635,EDUCATION,4.2,3692,4.4,100000,Free,0,Everyone,Education,2015-07-23,4.1.3,2.3.3 and up
USR00636,EDUCATION,4.1,2363,6.6,100000,Free,0,Everyone,Education,2016-11-17,2.48,4.0 and up
USR00637,EDUCATION,4.4,1769,,100000,Free,0,Everyone,Education,2018-07-11,Varies with device,Varies with device
USR00638,EDUCATION,4,430,0.514,10000,Free,0,Everyone,Education,2014-07-11,1.2,2.1 and up
USR00639,EDUCATION,4.5,756,12,100000,Free,0,Everyone,Education,2018-06-18,3.2.0,4.1 and up
USR00640,EDUCATION,4.4,3963,,100000,Free,0,Everyone,Education,2018-06-06,Varies with device,Varies with device
USR00641,EDUCATION,4,316,29,50000,Free,0,Everyone,Education,2017-02-15,1.4,4.0 and up
USR00642,EDUCATION,4.2,642,,50000,Free,0,Everyone,Education,2018-06-05,Varies with device,Varies with device
USR00643,EDUCATION,4.3,1058,,100000,Free,0,Everyone,Education,2018-06-18,Varies with device,Varies with device
USR00644,EDUCATION,4.2,2277,,100000,Free,0,Everyone,Education,2017-11-07,Varies with device,Varies with device
USR00645,EDUCATION,4.7,6290507,,100000000,Free,0,Everyone,Education;Education,2018-08-01,Varies with device,Varies with device
USR00646,EDUCATION,4.6,32380,10,1000000,Free,0,Everyone 10+,Education,2018-07-15,2.15.1,4.1 and up
USR00647,EDUCATION,4.5,172505,76,5000000,Free,0,Everyone,Education;Education,2018-06-27,5.2.1,5.0 and up
USR00648,EDUCATION,4.2,69493,,10000000,Free,0,Everyone,Education,2018-07-19,Varies with device,Varies with device
USR00649,EDUCATION,4.7,1107884,,10000000,Free,0,Everyone,Education,2018-08-02,Varies with device,Varies with device
USR00650,EDUCATION,4.6,7973,18,1000000,Free,0,Everyone,Education,2018-07-27,0.29.74,4.4 and up
USR00651,EDUCATION,4.3,266935,21,10000000,Free,0,Everyone,Education,2018-07-30,20.7.2,4.4 and up
USR00652,EDUCATION,4.2,5695,,1000000,Free,0,Everyone,Education,2017-09-28,Varies with device,Varies with device
USR00653,EDUCATION,4.7,142632,6.9,5000000,Free,0,Everyone,Education,2018-07-12,2.8,4.1 and up
USR00654,EDUCATION,4.4,55256,14,5000000,Free,0,Everyone,Education,2018-06-19,10.9.1,4.0 and up
USR00655,EDUCATION,4.5,172508,76,5000000,Free,0,Everyone,Education;Education,2018-06-27,5.2.1,5.0 and up
USR00656,EDUCATION,4.4,54798,11,1000000,Free,0,Everyone,Education,2018-07-30,20.7.2,4.4 and up
USR00657,EDUCATION,4,4815,19,500000,Free,0,Everyone,Education,2018-07-17,4.2.3,4.2 and up
USR00658,EDUCATION,4.6,75112,6.5,1000000,Free,0,Everyone,Education,2017-11-11,2.09,4.1 and up
USR00659,EDUCATION,4.4,33646,7,1000000,Free,0,Everyone,Education,2018-07-15,2.3.9,4.0 and up
USR00660,EDUCATION,4.7,314300,3.3,10000000,Free,0,Everyone,Education,2018-05-02,1.94.9,4.0 and up
USR00661,EDUCATION,4.3,206527,21,10000000,Free,0,Everyone 10+,Education,2018-08-01,13.9.0.161,5.0 and up
USR00662,EDUCATION,4.1,9348,,1000000,Free,0,Everyone,Education,2016-06-01,Varies with device,Varies with device
USR00663,EDUCATION,4.2,3816,2.6,500000,Free,0,Everyone,Education,2016-05-04,3.6.0.115_FN,2.3 and up
USR00664,EDUCATION,4.3,47847,21,1000000,Free,0,Everyone,Education,2017-06-13,6.1.3,4.0.3 and up
USR00665,EDUCATION,4.3,16195,5.2,1000000,Free,0,Everyone,Education,2016-09-20,8.5.2,4.0 and up
USR00666,EDUCATION,4.3,206,18,50000,Free,0,Everyone,Education,2016-12-20,1.12.1,2.3 and up
USR00667,EDUCATION,4,28392,,1000000,Free,0,Everyone,Education,2018-03-07,Varies with device,Varies with device
USR00668,EDUCATION,4.2,3241,16,100000,Free,0,Everyone,Education,2018-08-01,4.8.2,4.0.3 and up
USR00669,EDUCATION,4,835,15,100000,Free,0,Everyone,Education,2016-12-20,2.3.1,2.3 and up
USR00670,EDUCATION,4,2525,1.2,100000,Free,0,Everyone,Education,2015-01-11,15.9.4,4.0 and up
USR00671,EDUCATION,3.8,828,,100000,Free,0,Everyone,Education,2017-10-01,Varies with device,Varies with device
USR00672,EDUCATION,4.1,200058,18,10000000,Free,0,Everyone,Education,2018-07-20,9.12.5,4.0.3 and up
USR00673,EDUCATION,3.9,1239,1.8,100000,Free,0,Everyone,Education,2016-07-29,4.4.1,3.2 and up
USR00674,EDUCATION,4.1,702,7.6,10000,Free,0,Everyone,Education,2017-10-16,5,4.4 and up
USR00675,EDUCATION,4.5,108613,,10000000,Free,0,Everyone,Education,2018-08-03,Varies with device,Varies with device
USR00676,EDUCATION,4.2,69498,,10000000,Free,0,Everyone,Education,2018-07-19,Varies with device,Varies with device
USR00677,EDUCATION,4.4,148550,59,10000000,Free,0,Everyone,Education;Education,2018-08-03,4.21.1,4.1 and up
USR00678,EDUCATION,4,3847,6.9,500000,Free,0,Everyone,Education,2017-10-25,3.1.3,3.0 and up
USR00679,EDUCATION,4.4,84309,41,5000000,Free,0,Everyone,Education,2018-07-25,2.6.6,4.1 and up
USR00680,EDUCATION,4.7,1107948,,10000000,Free,0,Everyone,Education,2018-08-02,Varies with device,Varies with device
USR00681,EDUCATION,4.5,14206,21,500000,Free,0,Everyone,Education,2018-07-26,1.16,3.0 and up
USR00682,EDUCATION,4.3,206532,21,10000000,Free,0,Everyone 10+,Education,2018-08-01,13.9.0.161,5.0 and up
USR00683,EDUCATION,4.3,14700,21,1000000,Free,0,Everyone,Education,2018-07-30,5.7.0,4.4 and up
USR00684,EDUCATION,4.5,42828,,1000000,Free,0,Everyone,Education,2018-07-20,Varies with device,Varies with device
USR00685,EDUCATION,4.2,40209,,1000000,Free,0,Everyone,Education,2018-05-24,Varies with device,Varies with device
USR00686,EDUCATION,3.5,1405,7.3,100000,Free,0,Everyone,Education,2018-03-29,2.4.4,4.0 and up
USR00687,EDUCATION,4.4,148549,59,10000000,Free,0,Everyone,Education;Education,2018-08-03,4.21.1,4.1 and up
USR00688,EDUCATION,4.4,84311,41,5000000,Free,0,Everyone,Education,2018-07-25,2.6.6,4.1 and up
USR00689,EDUCATION,4.8,256079,7.6,1000000,Free,0,Teen,Education,2018-07-12,2.2.4,4.0.3 and up
USR00690,EDUCATION,4.4,2078,,100000,Free,0,Everyone,Education;Education,2017-12-24,1.0.2,4.1 and up
USR00691,EDUCATION,4.1,16103,13,1000000,Free,0,Everyone,Education,2018-07-31,5.7.1,4.1 and up
USR00692,EDUCATION,4.9,11,63,1000,Paid,3.99,Everyone,Education;Pretend Play,2017-07-24,1,4.0.3 and up
USR00693,EDUCATION,4.7,21,44,1000,Paid,5.99,Everyone,Education;Education,2017-07-21,1.3,4.1 and up
USR00694,EDUCATION,4.7,31085,24,500000,Paid,3.99,Everyone,Education;Pretend Play,2018-07-06,1.5-play,4.4 and up
USR00695,EDUCATION,4.7,3528,24,100000,Paid,3.99,Everyone,Education;Pretend Play,2018-06-12,1.1.1-play,4.4 and up
USR00696,ENTERTAINMENT,4.4,5456208,,100000000,Free,0,Teen,Entertainment,2018-07-31,Varies with device,Varies with device
USR00697,ENTERTAINMENT,4,11656,4.5,1000000,Free,0,Everyone,Entertainment,2018-01-20,1.02,4.0.3 and up
USR00698,ENTERTAINMENT,4.2,28948,,1000000,Free,0,Teen,Entertainment,2018-08-04,Varies with device,Varies with device
USR00699,ENTERTAINMENT,4.3,296771,11,10000000,Free,0,Teen,Entertainment,2018-07-15,2.13.5,4.1 and up
USR00700,ENTERTAINMENT,4.5,470089,,50000000,Free,0,Everyone,Entertainment;Music & Video,2018-08-03,3.43.3,4.1 and up
USR00701,ENTERTAINMENT,3.5,10939,4.6,10000000,Free,0,Everyone,Entertainment,2016-04-28,2.05.0010,5.0 and up
USR00702,ENTERTAINMENT,4.2,98509,,5000000,Free,0,Everyone,Entertainment,2018-06-28,Varies with device,Varies with device
USR00703,ENTERTAINMENT,3.1,5241,,5000000,Free,0,Everyone,Entertainment,2018-06-06,Varies with device,6.0 and up
USR00704,ENTERTAINMENT,4.6,22508,3.3,10000000,Free,0,Everyone,Entertainment,2015-07-16,v1.8b22p13,4.2 and up
USR00705,ENTERTAINMENT,4.2,10291,6.5,5000000,Free,0,Teen,Entertainment,2018-08-04,3.7.3,4.0.3 and up
USR00706,ENTERTAINMENT,4.3,7165362,,1000000000,Free,0,Teen,Entertainment,2018-07-16,Varies with device,Varies with device
USR00707,ENTERTAINMENT,4.3,4885646,,100000000,Free,0,Teen,Entertainment,2018-08-03,Varies with device,Varies with device
USR00708,ENTERTAINMENT,4.1,141980,,5000000,Free,0,Teen,Entertainment,2018-07-30,Varies with device,Varies with device
USR00709,ENTERTAINMENT,3.8,6979,12,1000000,Free,0,Everyone,Entertainment,2018-07-05,1.03,4.0 and up
USR00710,ENTERTAINMENT,3.4,46618,,5000000,Free,0,Teen,Entertainment,2018-07-19,Varies with device,Varies with device
USR00711,ENTERTAINMENT,4.3,103078,5.6,5000000,Free,0,Everyone,Entertainment,2018-07-05,4.6.2,2.3.3 and up
USR00712,ENTERTAINMENT,4.4,17682,9.7,1000000,Free,0,Everyone,Entertainment,2018-08-03,5.2,4.0.3 and up
USR00713,ENTERTAINMENT,4.4,37000,15,1000000,Free,0,Mature 17+,Entertainment,2018-06-21,4.0.5,4.1 and up
USR00714,ENTERTAINMENT,4,175528,,10000000,Free,0,Everyone,Entertainment,2018-08-03,Varies with device,Varies with device
USR00715,ENTERTAINMENT,3.7,1828284,52,100000000,Free,0,Everyone,Entertainment,2018-07-12,2.8.2,4.1 and up
USR00716,ENTERTAINMENT,3.9,34923,,5000000,Free,0,Teen,Entertainment,2018-07-27,Varies with device,Varies with device
USR00717,ENTERTAINMENT,4.5,684116,,10000000,Free,0,Teen,Entertainment,2018-07-31,Varies with device,4.2 and up
USR00718,ENTERTAINMENT,4.4,46916,4.5,1000000,Free,0,Everyone,Entertainment,2018-07-18,7.3,4.2 and up
USR00719,ENTERTAINMENT,4.3,407698,,10000000,Free,0,Teen,Entertainment,2018-07-27,Varies with device,Varies with device
USR00720,ENTERTAINMENT,4.2,702975,49,50000000,Free,0,Everyone,Entertainment,2018-07-05,2.6.6.11,4.1 and up
USR00721,ENTERTAINMENT,4.2,32458,18,5000000,Free,0,Everyone,Entertainment,2018-06-19,2.2,4.1 and up
USR00722,ENTERTAINMENT,4.5,235496,13,10000000,Free,0,Everyone,Entertainment;Brain Games,2018-07-29,1.2.0,4.1 and up
USR00723,ENTERTAINMENT,4.7,11661,4,1000000,Free,0,Everyone,Entertainment,2018-07-14,1.1.3.2,4.0.3 and up
USR00724,ENTERTAINMENT,4.5,653008,16,10000000,Free,0,Everyone,Entertainment,2018-06-20,9.1.4,4.4 and up
USR00725,ENTERTAINMENT,4.5,23063,17,1000000,Free,0,Everyone,Entertainment;Brain Games,2018-08-03,1.0.9,4.1 and up
USR00726,ENTERTAINMENT,3.4,87384,,10000000,Free,0,Everyone,Entertainment,2016-09-14,Varies with device,Varies with device
USR00727,ENTERTAINMENT,4.2,411683,24,50000000,Free,0,Teen,Entertainment,2018-08-02,3.0.231.18141,4.1 and up
USR00728,ENTERTAINMENT,4.3,8918,,1000000,Free,0,Everyone,Entertainment;Creativity,2018-07-21,1.7,4.4 and up
USR00729,ENTERTAINMENT,4.2,501498,12,100000000,Free,0,Teen,Entertainment,2018-07-26,Varies with device,Varies with device
USR00730,ENTERTAINMENT,4.6,2133296,,50000000,Free,0,Teen,Entertainment,2018-07-31,Varies with device,Varies with device
USR00731,ENTERTAINMENT,4.1,29690,78,1000000,Free,0,Teen,Entertainment,2018-08-03,2.3.34 Prod,4.3 and up
USR00732,ENTERTAINMENT,4.2,130549,,5000000,Free,0,Teen,Entertainment,2018-06-27,2.08.78.2,4.1 and up
USR00733,ENTERTAINMENT,4.2,613059,25,50000000,Free,0,Everyone,Entertainment,2018-07-26,18.07.0,4.1 and up
USR00734,ENTERTAINMENT,4.3,1633682,57,100000000,Free,0,Everyone,Entertainment,2018-07-03,3.5.2.2,4.1 and up
USR00735,ENTERTAINMENT,4.4,42050,,1000000,Free,0,Teen,Entertainment,2018-08-03,Varies with device,Varies with device
USR00736,ENTERTAINMENT,3.9,2646,9.1,100000,Free,0,Teen,Entertainment,2018-02-14,2.2.0,4.2 and up
USR00737,ENTERTAINMENT,4.1,21867,39,1000000,Free,0,Teen,Entertainment,2018-07-12,2.19.0,5.0 and up
USR00738,ENTERTAINMENT,4.3,32732,,1000000,Free,0,Everyone,Entertainment,2018-07-19,Varies with device,Varies with device
USR00739,ENTERTAINMENT,4.6,243747,,10000000,Free,0,Teen,Entertainment,2018-08-02,Varies with device,Varies with device
USR00740,ENTERTAINMENT,3.6,2639,8.5,100000,Free,0,Everyone,Entertainment,2018-02-07,2.9.43,6.0 and up
USR00741,ENTERTAINMENT,4.3,1511,12,100000,Free,0,Everyone,Entertainment,2018-06-11,2.1.1,4.1 and up
USR00742,ENTERTAINMENT,4.3,44550,72,1000000,Free,0,Everyone,Entertainment,2018-07-18,6.18.3,5.0 and up
USR00743,ENTERTAINMENT,4.2,501497,12,100000000,Free,0,Teen,Entertainment,2018-07-26,Varies with device,Varies with device
USR00744,ENTERTAINMENT,4.1,7813,,500000,Free,0,Teen,Entertainment,2018-07-27,Varies with device,Varies with device
USR00745,ENTERTAINMENT,4.1,1033,16,100000,Free,0,Teen,Entertainment,2018-07-27,Varies with device,Varies with device
USR00746,ENTERTAINMENT,4.2,2442,9.6,100000,Free,0,Teen,Entertainment,2018-07-24,2.9.4,4.1 and up
USR00747,ENTERTAINMENT,3.9,15254,,1000000,Free,0,Teen,Entertainment,2018-06-19,Varies with device,Varies with device
USR00748,ENTERTAINMENT,4.2,155234,22,1000000,Free,0,Teen,Entertainment,2018-08-01,01.01.66,4.4 and up
USR00749,ENTERTAINMENT,3.7,310066,,10000000,Free,0,Teen,Entertainment,2018-03-05,Varies with device,Varies with device
USR00750,ENTERTAINMENT,4.5,12216,13,1000000,Free,0,Teen,Entertainment,2018-07-24,2.9.4,4.1 and up
USR00751,ENTERTAINMENT,3.7,388089,,10000000,Free,0,Teen,Entertainment,2018-04-12,Varies with device,Varies with device
USR00752,ENTERTAINMENT,3.8,92058,12,10000000,Free,0,Teen,Entertainment,2018-07-20,4.8.6,4.1 and up
USR00753,ENTERTAINMENT,4.3,88185,,10000000,Free,0,Mature 17+,Entertainment,2018-06-20,Varies with device,Varies with device
USR00754,ENTERTAINMENT,3,493,23,50000,Free,0,Everyone,Entertainment,2018-06-15,2.0.0,4.4 and up
USR00755,ENTERTAINMENT,4.1,33387,20,1000000,Free,0,Teen,Entertainment,2018-07-16,3.1.4,4.4 and up
USR00756,ENTERTAINMENT,4.2,123279,25,10000000,Free,0,Everyone 10+,Entertainment;Music & Video,2018-01-24,2.0.8,4.4 and up
USR00757,ENTERTAINMENT,4.1,27424,17,1000000,Free,0,Teen,Entertainment,2018-07-08,11.45.0,4.4 and up
USR00758,ENTERTAINMENT,3.9,60841,,5000000,Free,0,Teen,Entertainment,2018-07-26,Varies with device,4.4 and up
USR00759,ENTERTAINMENT,4,29706,19,1000000,Free,0,Teen,Entertainment,2018-07-16,3.1.4,4.4 and up
USR00760,ENTERTAINMENT,4.4,288150,21,5000000,Free,0,Teen,Entertainment,2018-07-23,2.17,4.4 and up
USR00761,ENTERTAINMENT,4.2,14807,19,1000000,Free,0,Teen,Entertainment,2018-07-08,11.45.0,4.4 and up
USR00762,ENTERTAINMENT,4,319692,,10000000,Free,0,Teen,Entertainment,2018-08-03,Varies with device,5.0 and up
USR00763,ENTERTAINMENT,3.9,61201,,10000000,Free,0,Teen,Entertainment,2018-07-19,Varies with device,Varies with device
USR00764,ENTERTAINMENT,4,22998,,1000000,Free,0,Teen,Entertainment,2018-06-27,8.0626,Varies with device
USR00765,ENTERTAINMENT,4.2,12398,,1000000,Free,0,Teen,Entertainment,2018-07-02,Varies with device,Varies with device
USR00766,ENTERTAINMENT,4,35928,19,1000000,Free,0,Teen,Entertainment,2018-07-16,3.1.4,4.4 and up
USR00767,ENTERTAINMENT,4.3,64448,4.4,1000000,Free,0,Mature 17+,Entertainment,2018-07-21,43,4.0.3 and up
USR00768,ENTERTAINMENT,3.9,22378,19,1000000,Free,0,Teen,Entertainment,2018-07-08,11.45.0,4.4 and up
USR00769,ENTERTAINMENT,4.4,5456599,,100000000,Free,0,Teen,Entertainment,2018-07-31,Varies with device,Varies with device
USR00770,ENTERTAINMENT,4.3,296829,11,10000000,Free,0,Teen,Entertainment,2018-07-15,2.13.5,4.1 and up
USR00771,ENTERTAINMENT,3.7,310095,,10000000,Free,0,Teen,Entertainment,2018-03-05,Varies with device,Varies with device
USR00772,ENTERTAINMENT,4,319691,,10000000,Free,0,Teen,Entertainment,2018-08-03,Varies with device,5.0 and up
USR00773,ENTERTAINMENT,4.5,16372,13,500000,Free,0,Teen,Entertainment,2018-07-18,1.16,4.4 and up
USR00774,ENTERTAINMENT,4.1,58028,17,5000000,Free,0,Teen,Entertainment,2018-07-05,4.18.1,4.1 and up
USR00775,ENTERTAINMENT,4.5,736864,20,10000000,Free,0,Teen,Entertainment,2018-01-19,3.17.2,4.1 and up
USR00776,ENTERTAINMENT,3.6,1968,21,500000,Free,0,Everyone,Entertainment;Music & Video,2018-05-24,3.3.1.41,4.4 and up
USR00777,ENTERTAINMENT,3.8,35279,15,1000000,Free,0,Teen,Entertainment,2018-07-08,11.45.0,4.4 and up
USR00778,ENTERTAINMENT,4,35931,19,1000000,Free,0,Teen,Entertainment,2018-07-16,3.1.4,4.4 and up
USR00779,ENTERTAINMENT,3.7,17247,7.2,1000000,Free,0,Everyone 10+,Entertainment;Music & Video,2018-08-04,4.0.2,5.0 and up
USR00780,ENTERTAINMENT,3.8,87723,32,10000000,Free,0,Teen,Entertainment,2018-07-19,16.0.0.437,4.1 and up
USR00781,ENTERTAINMENT,3.7,18523,,1000000,Free,0,Teen,Entertainment,2018-07-02,Varies with device,Varies with device
USR00782,ENTERTAINMENT,4.1,182103,,10000000,Free,0,Everyone,Entertainment;Music & Video,2018-07-30,Varies with device,Varies with device
USR00783,ENTERTAINMENT,3.7,197774,44,10000000,Free,0,Mature 17+,Entertainment,2018-06-25,6.6.1,4.4 and up
USR00784,ENTERTAINMENT,3.9,8674,19,1000000,Free,0,Teen,Entertainment,2018-05-25,3.3.1.42,4.4 and up
USR00785,ENTERTAINMENT,4.4,5456708,,100000000,Free,0,Teen,Entertainment,2018-07-31,Varies with device,Varies with device
USR00786,ENTERTAINMENT,3.9,58082,,10000000,Free,0,Teen,Entertainment,2018-08-01,Varies with device,Varies with device
USR00787,ENTERTAINMENT,3.9,27424,,1000000,Free,0,Teen,Entertainment,2018-07-31,Varies with device,Varies with device
USR00788,ENTERTAINMENT,4.3,407719,,10000000,Free,0,Teen,Entertainment,2018-07-27,Varies with device,Varies with device
USR00789,ENTERTAINMENT,4.1,115033,30,10000000,Free,0,Everyone,Entertainment,2018-07-02,7.5.0,5.0 and up
USR00790,ENTERTAINMENT,4,22997,,1000000,Free,0,Teen,Entertainment,2018-06-27,8.0626,Varies with device
USR00791,ENTERTAINMENT,3.9,801,57,100000,Free,0,Teen,Entertainment,2018-03-21,4.003.1,4.3 and up
USR00792,ENTERTAINMENT,4.2,8968,35,1000000,Free,0,Everyone,Entertainment;Music & Video,2018-01-23,1.0.20,4.4 and up
USR00793,ENTERTAINMENT,4.3,303,44,10000,Free,0,Teen,Entertainment,2017-12-14,1.2.3,4.2 and up
USR00794,ENTERTAINMENT,4.6,732,,100000,Free,0,Everyone,Entertainment;Music & Video,2018-08-01,Varies with device,Varies with device
USR00795,ENTERTAINMENT,4.3,1856,20,100000,Free,0,Teen,Entertainment,2018-08-01,1.6.1,6.0 and up
USR00796,ENTERTAINMENT,4.6,50725,19,5000000,Free,0,Everyone,Entertainment,2018-05-25,1.0.64,4.0.3 and up
USR00797,ENTERTAINMENT,4.5,1575,43,100000,Free,0,Everyone,Entertainment,2018-07-13,2.3.2,5.0 and up
USR00798,ENTERTAINMENT,4.6,6238,,100000,Paid,4.99,Everyone,Entertainment,2018-06-30,Varies with device,Varies with device
USR00799,ENTERTAINMENT,3.9,9941,,1000000,Free,0,Teen,Entertainment,2017-07-07,Varies with device,Varies with device
USR00800,ENTERTAINMENT,4.2,23666,3.6,1000000,Free,0,Teen,Entertainment,2018-05-04,8.1,4.0 and up
USR00801,ENTERTAINMENT,4.4,67554,7.7,1000000,Free,0,Teen,Entertainment,2015-09-15,4,2.3.3 and up
USR00802,ENTERTAINMENT,4.2,38769,44,1000000,Free,0,Mature 17+,Entertainment,2015-09-22,7.2.3,2.3 and up
USR00803,ENTERTAINMENT,4.3,160164,12,10000000,Free,0,Teen,Entertainment,2018-08-01,4.2.0.8447,5.0 and up
USR00804,ENTERTAINMENT,4.6,3771,53,100000,Paid,2.99,Mature 17+,Entertainment,2018-08-03,4.426,4.1 and up
USR00805,ENTERTAINMENT,4.3,256664,77,10000000,Free,0,Everyone,Entertainment,2018-05-04,4.1.7,4.0.3 and up
USR00806,ENTERTAINMENT,4.5,787177,,10000000,Free,0,Everyone,Entertainment,2018-06-20,Varies with device,Varies with device
USR00807,EVENTS,4,3782,9.5,100000,Free,0,Everyone,Events,2018-06-12,8.4,4.0.3 and up
USR00808,EVENTS,4,40113,36,5000000,Free,0,Everyone,Events,2018-07-23,Varies with device,Varies with device
USR00809,EVENTS,4.5,7074,6.3,500000,Free,0,Everyone,Events,2018-06-25,1.57,4.1 and up
USR00810,EVENTS,4.5,2153,5.9,50000,Free,0,Everyone,Events,2017-12-14,1.5.0,4.1 and up
USR00811,EVENTS,4,26089,,5000000,Free,0,Everyone,Events,2018-08-02,4.2.1,Varies with device
USR00812,EVENTS,4,20611,12,1000000,Free,0,Teen,Events,2018-07-18,4.3.6,4.1 and up
USR00813,EVENTS,4.2,811,2.8,10000,Free,0,Everyone,Events,2018-05-29,3.8,4.0 and up
USR00814,EVENTS,4.4,15558,26,1000000,Free,0,Everyone,Events,2018-08-03,2018.07.31229,5.0 and up
USR00815,EVENTS,4.6,573,8.7,100000,Free,0,Everyone,Events,2018-07-12,1.4,4.2 and up
USR00816,EVENTS,4.6,8232,53,1000000,Free,0,Everyone,Events,2018-07-31,Varies with device,5.0 and up
USR00817,EVENTS,4.1,3089,,100000,Free,0,Everyone,Events,2018-07-12,Varies with device,Varies with device
USR00818,EVENTS,4.6,3874,14,100000,Free,0,Everyone,Events,2018-07-27,4.0.19,4.2 and up
USR00819,EVENTS,4.4,464,8.9,100000,Free,0,Everyone,Events,2017-12-04,1.3,4.1 and up
USR00820,EVENTS,4.6,731,11,50000,Free,0,Everyone,Events,2017-12-24,2,4.0 and up
USR00821,EVENTS,4.9,69,0.326,1000,Free,0,Teen,Events,2018-07-22,1,4.0 and up
USR00822,EVENTS,4.5,8800,24,1000000,Free,0,Everyone,Events,2018-07-17,11.1.1,5.0 and up
USR00823,EVENTS,4.6,99,13,10000,Free,0,Everyone,Events,2018-07-06,1.1,4.2 and up
USR00824,EVENTS,4.7,30,,500,Free,0,Teen,Events,2018-05-23,Varies with device,Varies with device
USR00825,EVENTS,4.3,456,2.8,50000,Free,0,Everyone,Events,2018-06-21,1.75,2.3.3 and up
USR00826,EVENTS,4.2,3200,,100000,Free,0,Everyone 10+,Events,2018-06-23,Varies with device,Varies with device
USR00827,EVENTS,4.3,5839,3.5,100000,Free,0,Everyone,Events,2016-11-08,16.11.8,2.3.3 and up
USR00828,EVENTS,5,4,61,500,Free,0,Everyone,Events,2018-07-24,1,4.4 and up
USR00829,EVENTS,4.4,663,6,100000,Free,0,Everyone,Events,2017-10-14,1.1.3,4.1 and up
USR00830,EVENTS,5,16,2.3,100,Free,0,Everyone,Events,2018-07-09,1.14,2.0 and up
USR00831,EVENTS,4.5,1065,9,100000,Free,0,Everyone,Events,2018-05-31,1.3.2,4.1 and up
USR00832,EVENTS,4.5,1953,,100000,Free,0,Teen,Events,2018-08-01,Varies with device,Varies with device
USR00833,EVENTS,4.8,12,29,1000,Free,0,Everyone 10+,Events,2018-06-28,42,4.2 and up
USR00834,EVENTS,4.4,4298,4.4,100000,Free,0,Everyone,Events,2017-04-27,2.2.2,4.0 and up
USR00835,EVENTS,5,1,21,100,Free,0,Everyone,Events,2018-07-03,1.0.5,4.4 and up
USR00836,EVENTS,3.7,100,27,50000,Free,0,Everyone,Events,2017-12-15,1.0.11,4.0.3 and up
USR00837,EVENTS,4.1,399,24,100000,Free,0,Everyone,Events,2018-08-03,Cannonau 3.11.11,5.0 and up
USR00838,EVENTS,4.8,28,6.3,1000,Free,0,Everyone,Events,2018-05-20,8.0bld14,4.1 and up
USR00839,EVENTS,4.6,7,3.8,500,Free,0,Teen,Events,2017-07-10,2.1,4.2 and up
USR00840,FINANCE,4.4,124424,,10000000,Free,0,Everyone,Finance,2018-06-26,4.6.0,4.2 and up
USR00841,FINANCE,4.4,39041,,1000000,Free,0,Everyone,Finance,2018-08-03,Varies with device,Varies with device
USR00842,FINANCE,3.6,52306,42,5000000,Free,0,Everyone,Finance,2018-07-27,20.1.0,5.0 and up
USR00843,FINANCE,3.7,36718,,5000000,Free,0,Everyone,Finance,2018-07-16,Varies with device,Varies with device
USR00844,FINANCE,3.8,42644,19,5000000,Free,0,Everyone,Finance,2018-06-28,8.18,4.2 and up
USR00845,FINANCE,4.2,278082,70,10000000,Free,0,Everyone,Finance,2018-07-30,10.78,4.0.3 and up
USR00846,FINANCE,4.2,6076,32,500000,Free,0,Everyone,Finance,2018-07-28,4.1.1-0-prod,4.2 and up
USR00847,FINANCE,4.2,112656,93,5000000,Free,0,Everyone,Finance,2018-07-19,3.9.0,4.1 and up
USR00848,FINANCE,3.3,335738,,10000000,Free,0,Everyone,Finance,2018-05-03,Varies with device,Varies with device
USR00849,FINANCE,3.4,31906,,1000000,Free,0,Everyone,Finance,2018-07-19,5.16.0,4.0 and up
USR00850,FINANCE,4.3,20672,,1000000,Free,0,Everyone,Finance,2018-05-08,Varies with device,Varies with device
USR00851,FINANCE,4.2,957973,40,10000000,Free,0,Everyone,Finance,2018-07-30,6.5.7,4.2 and up
USR00852,FINANCE,4.7,130582,24,5000000,Free,0,Everyone,Finance,2018-08-02,Varies with device,Varies with device
USR00853,FINANCE,4.1,31218,,1000000,Free,0,Everyone,Finance,2018-07-31,Varies with device,Varies with device
USR00854,FINANCE,4.7,167168,20,1000000,Free,0,Everyone,Finance,2018-07-04,3.115.27,4.1 and up
USR00855,FINANCE,4,34428,15,10000000,Free,0,Everyone,Finance,2018-08-02,2.31.1,5.0 and up
USR00856,FINANCE,3.6,15247,28,1000000,Free,0,Everyone,Finance,2018-07-13,3.0.5,4.0.3 and up
USR00857,FINANCE,4,48445,10,5000000,Free,0,Everyone,Finance,2018-07-16,2.6.0,4.0.3 and up
USR00858,FINANCE,3.6,35518,,1000000,Free,0,Everyone,Finance,2018-07-02,Varies with device,Varies with device
USR00859,FINANCE,4.3,12185,,1000000,Free,0,Everyone,Finance,2018-06-08,Varies with device,Varies with device
USR00860,FINANCE,4.2,36746,,5000000,Free,0,Everyone,Finance,2018-07-24,Varies with device,Varies with device
USR00861,FINANCE,4.2,21996,14,1000000,Free,0,Everyone,Finance,2018-07-19,1.17.2,4.0.3 and up
USR00862,FINANCE,4.1,138371,,5000000,Free,0,Everyone,Finance,2018-08-02,Varies with device,4.0.3 and up
USR00863,FINANCE,4,12073,42,1000000,Free,0,Everyone,Finance,2018-05-25,3.3,4.2 and up
USR00864,FINANCE,4.1,111632,65,1000000,Free,0,Everyone,Finance,2018-06-09,5.10.1.40699,4.4 and up
USR00865,FINANCE,4.4,250706,37,10000000,Free,0,Everyone,Finance,2018-07-31,6.8.0.109,5.0 and up
USR00866,FINANCE,4.7,706301,,10000000,Free,0,Everyone,Finance,2018-07-31,Varies with device,Varies with device
USR00867,FINANCE,4.5,64959,39,1000000,Free,0,Everyone,Finance,2018-06-18,5.0.1,4.1 and up
USR00868,FINANCE,4.3,659741,47,50000000,Free,0,Everyone,Finance,2018-07-18,6.28.0,4.4 and up
USR00869,FINANCE,4.6,510392,79,10000000,Free,0,Everyone,Finance,2018-08-01,5.38.1,5.0 and up
USR00870,FINANCE,4.3,7215,18,1000000,Free,0,Everyone,Finance,2018-07-23,2.7.4,4.0 and up
USR00871,FINANCE,4,25508,,1000000,Free,0,Everyone,Finance,2018-07-31,Varies with device,4.2 and up
USR00872,FINANCE,4.5,60449,100,1000000,Free,0,Everyone,Finance,2018-07-23,2.9.12,4.0 and up
USR00873,FINANCE,4.5,381788,32,10000000,Free,0,Everyone,Finance,2018-08-02,3.22.0,4.1 and up
USR00874,FINANCE,3.6,10697,46,1000000,Free,0,Everyone,Finance,2018-07-18,3.22.1,4.1 and up
USR00875,FINANCE,4.2,347838,,100000000,Free,0,Everyone,Finance,2018-07-26,2.70.206190089,Varies with device
USR00876,FINANCE,4.1,31804,9.8,5000000,Free,0,Everyone,Finance,2018-07-27,3.1.6.12,4.0 and up
USR00877,FINANCE,3.5,3856,8.2,1000000,Free,0,Everyone,Finance,2018-07-31,3.2.1,4.4 and up
USR00878,FINANCE,4.4,199684,18,5000000,Free,0,Everyone,Finance,2018-07-19,Varies with device,Varies with device
USR00879,FINANCE,4,44545,,1000000,Free,0,Everyone,Finance,2018-07-31,Varies with device,Varies with device
USR00880,FINANCE,4.5,1336246,39,10000000,Free,0,Everyone,Finance,2018-08-03,6.39.1.4,4.1 and up
USR00881,FINANCE,4.2,257,44,10000,Free,0,Everyone,Finance,2018-07-31,2.2.12,4.4W and up
USR00882,FINANCE,4.6,57493,,1000000,Free,0,Everyone,Finance,2018-07-31,Varies with device,Varies with device
USR00883,FINANCE,4.2,283,5,100000,Free,0,Everyone,Finance,2018-04-26,2.5.0.26,5.0 and up
USR00884,FINANCE,4.8,12304,21,100000,Free,0,Everyone,Finance,2018-08-02,6.0.16,5.0 and up
USR00885,FINANCE,4.5,8188,22,100000,Free,0,Everyone,Finance,2018-07-31,2.29.01,4.1 and up
USR00886,FINANCE,4.2,11919,23,1000000,Free,0,Everyone,Finance,2018-07-27,1.13.2.11,4.4 and up
USR00887,FINANCE,4.3,45957,,1000000,Free,0,Everyone,Finance,2018-07-31,Varies with device,Varies with device
USR00888,FINANCE,4.4,126431,,1000000,Free,0,Everyone,Finance,2018-08-01,Varies with device,Varies with device
USR00889,FINANCE,4.4,21570,27,1000000,Free,0,Everyone,Finance,2018-06-19,2.0.4,4.0 and up
USR00890,FINANCE,4.6,134564,,5000000,Free,0,Everyone,Finance,2018-07-25,Varies with device,Varies with device
USR00891,FINANCE,4.6,16961,32,500000,Free,0,Everyone,Finance,2018-08-04,2.12.100,4.1 and up
USR00892,FINANCE,4.6,111254,7.4,1000000,Free,0,Everyone,Finance,2018-07-03,1.8.9,4.0 and up
USR00893,FINANCE,4.4,7731,24,100000,Free,0,Everyone,Finance,2018-08-02,2.53.2,5.0 and up
USR00894,FINANCE,4.3,5928,22,500000,Free,0,Everyone,Finance,2018-07-22,5.1.1,5.0 and up
USR00895,FINANCE,4.2,15703,,1000000,Free,0,Everyone,Finance,2018-07-25,Varies with device,Varies with device
USR00896,FINANCE,4.2,6148,10,1000000,Free,0,Everyone,Finance,2018-06-01,1.14.1,4.1 and up
USR00897,FINANCE,3.8,861,17,100000,Free,0,Everyone,Finance,2018-05-29,3.3.9,4.4 and up
USR00898,FINANCE,4.5,8662,38,100000,Free,0,Everyone,Finance,2018-07-20,2.5.7,4.4 and up
USR00899,FINANCE,4.6,23130,46,1000000,Free,0,Everyone,Finance,2018-07-12,2.1.4,4.2 and up
USR00900,FINANCE,4.6,69973,3.8,1000000,Free,0,Everyone,Finance,2018-07-23,1.17.1,4.0 and up
USR00901,FINANCE,4.7,1311,9.3,50000,Free,0,Everyone,Finance,2018-06-19,1.4.11,4.4 and up
USR00902,FINANCE,4.6,26587,8.4,1000000,Free,0,Everyone,Finance,2018-07-19,1.18.0,4.4 and up
USR00903,FINANCE,4.6,2417,28,100000,Free,0,Everyone,Finance,2018-08-03,3.5.0,4.4 and up
USR00904,FINANCE,4.7,706302,,10000000,Free,0,Everyone,Finance,2018-07-31,Varies with device,Varies with device
USR00905,FINANCE,3.8,1054,9.7,100000,Free,0,Everyone,Finance,2018-07-10,2.3.0,5.0 and up
USR00906,FINANCE,4.3,25166,11,1000000,Free,0,Everyone,Finance,2018-07-25,3.1.16,4.1 and up
USR00907,FINANCE,4.3,129304,,5000000,Free,0,Everyone,Finance,2018-08-02,Varies with device,Varies with device
USR00908,FINANCE,4.5,19870,7.4,1000000,Free,0,Everyone,Finance,2018-07-24,2.9.5,4.0.3 and up
USR00909,FINANCE,4.6,3596,19,100000,Free,0,Everyone,Finance,2018-07-20,16.6,6.0 and up
USR00910,FINANCE,4.6,161440,16,1000000,Free,0,Everyone,Finance,2018-08-03,3.2.18.07.30,4.0.3 and up
USR00911,FINANCE,4.7,7514,14,100000,Free,0,Everyone,Finance,2018-07-31,1.9.9.9.3,4.4 and up
USR00912,FINANCE,4.5,46106,22,1000000,Free,0,Everyone,Finance,2018-07-31,1.28.0.5402,4.4 and up
USR00913,FINANCE,4.4,15141,25,1000000,Free,0,Everyone,Finance,2018-07-24,4.63,5.0 and up
USR00914,FINANCE,3.9,714,3.6,50000,Free,0,Everyone,Finance,2017-06-07,2.10.3,2.3.3 and up
USR00915,FINANCE,4.5,42410,,1000000,Free,0,Everyone,Finance,2018-08-03,Varies with device,Varies with device
USR00916,FINANCE,4.6,260547,,5000000,Free,0,Everyone,Finance,2018-07-31,Varies with device,Varies with device
USR00917,FINANCE,4.1,4344,4.5,500000,Free,0,Everyone,Finance,2018-07-30,3.6.2,4.0 and up
USR00918,FINANCE,4.5,22808,,1000000,Free,0,Everyone,Finance,2018-08-03,Varies with device,Varies with device
USR00919,FINANCE,4.4,42809,23,1000000,Free,0,Everyone,Finance,2018-07-27,3.04 - Beta,4.1 and up
USR00920,FINANCE,4.5,16808,,1000000,Free,0,Everyone,Finance,2018-05-01,Varies with device,Varies with device
USR00921,FINANCE,4.6,157505,,5000000,Free,0,Everyone,Finance,2018-08-01,Varies with device,Varies with device
USR00922,FINANCE,4.2,24647,,1000000,Free,0,Everyone,Finance,2018-07-13,Varies with device,Varies with device
USR00923,FINANCE,4.4,1922,4.2,100000,Free,0,Everyone,Finance,2018-08-01,1.28,2.3 and up
USR00924,FINANCE,4.1,3334,,500000,Free,0,Everyone,Finance,2018-07-23,Varies with device,Varies with device
USR00925,FINANCE,3.9,10658,58,1000000,Free,0,Everyone,Finance,2018-08-02,6.8.2,4.4 and up
USR00926,FINANCE,4.5,78361,22,1000000,Free,0,Everyone,Finance,2018-07-05,1.2.0,4.2 and up
USR00927,FINANCE,3.7,2594,,500000,Free,0,Everyone,Finance,2018-03-13,Varies with device,Varies with device
USR00928,FINANCE,4.1,13868,1.4,1000000,Free,0,Everyone,Finance,2017-08-03,1.1.16,2.1 and up
USR00929,FINANCE,4.4,135952,,5000000,Free,0,Everyone,Finance,2018-07-30,Varies with device,Varies with device
USR00930,FINANCE,4.6,11066,9.1,500000,Free,0,Everyone,Finance,2018-07-18,1.1.39,4.0 and up
USR00931,FINANCE,4.3,45962,,1000000,Free,0,Everyone,Finance,2018-07-31,Varies with device,Varies with device
USR00932,FINANCE,4.3,34861,,1000000,Free,0,Everyone,Finance,2018-08-03,Varies with device,Varies with device
USR00933,FINANCE,4.3,37580,,5000000,Free,0,Everyone,Finance,2018-08-01,4.5.2.1,4.4 and up
USR00934,FINANCE,4.4,281485,,5000000,Free,0,Everyone,Finance,2018-05-11,Varies with device,Varies with device
USR00935,FINANCE,4.3,685,21,50000,Free,0,Everyone,Finance,2018-08-03,3.0.22,4.4 and up
USR00936,FINANCE,4.4,126447,,1000000,Free,0,Everyone,Finance,2018-08-01,Varies with device,Varies with device
USR00937,FINANCE,4.4,3780,11,100000,Free,0,Everyone,Finance,2018-08-03,6.0.6,5.0 and up
USR00938,FINANCE,4.1,15192,38,1000000,Free,0,Everyone,Finance,2018-05-23,4.2.1,4.1 and up
USR00939,FINANCE,4.4,5950,12,500000,Free,0,Everyone,Finance,2018-06-01,2.131,4.1 and up
USR00940,FINANCE,4.2,15993,45,1000000,Free,0,Everyone,Finance,2018-05-09,4.10.0,4.4 and up
USR00941,FINANCE,4.3,5905,50,500000,Free,0,Everyone,Finance,2018-07-27,6.0.2,4.4 and up
USR00942,FINANCE,4.3,659760,47,50000000,Free,0,Everyone,Finance,2018-07-18,6.28.0,4.4 and up
USR00943,FINANCE,4.3,14627,23,1000000,Free,0,Everyone,Finance,2018-07-09,5.1,4.1 and up
USR00944,FINANCE,3.9,1098,46,100000,Free,0,Everyone,Finance,2018-05-09,4.10.0,4.4 and up
USR00945,FINANCE,4.1,2898,45,100000,Free,0,Everyone,Finance,2018-05-09,4.10.0,4.4 and up
USR00946,FINANCE,4.1,70782,50,1000000,Free,0,Everyone,Finance,2018-07-25,2.34.29,4.0.3 and up
USR00947,FINANCE,4.2,11264,24,1000000,Free,0,Everyone,Finance,2018-06-26,5.2.203,4.2 and up
USR00948,FINANCE,4.5,100997,33,5000000,Free,0,Everyone,Finance,2018-07-27,8.44.2,5.0 and up
USR00949,FINANCE,4.2,347874,,100000000,Free,0,Everyone,Finance,2018-07-26,2.70.206190089,Varies with device
USR00950,FINANCE,4.7,3290,12,50000,Free,0,Everyone,Finance,2018-05-30,5.9.1.0,5.0 and up
USR00951,FINANCE,4.4,341090,53,10000000,Free,0,Everyone,Finance,2018-07-31,7.8.8,4.4 and up
USR00952,FINANCE,4.6,964,14,10000,Free,0,Everyone,Finance,2018-06-12,5.9.1.0,5.0 and up
USR00953,FINANCE,4.6,87951,68,5000000,Free,0,Everyone,Finance,2018-07-23,9.7.0,4.1 and up
USR00954,FINANCE,4.4,250719,37,10000000,Free,0,Everyone,Finance,2018-07-31,6.8.0.109,5.0 and up
USR00955,FINANCE,4.6,510401,79,10000000,Free,0,Everyone,Finance,2018-08-01,5.38.1,5.0 and up
USR00956,FINANCE,4.3,24729,32,1000000,Free,0,Everyone,Finance,2018-08-03,6.7.0,5.0 and up
USR00957,FINANCE,4,78306,46,5000000,Free,0,Everyone,Finance,2018-07-31,9.9.0,4.4 and up
USR00958,FINANCE,4.4,43313,40,1000000,Free,0,Everyone,Finance,2018-07-09,5.16.2,4.1 and up
USR00959,FINANCE,4.6,1374549,32,10000000,Free,0,Everyone,Finance,2018-07-23,3.52,5.0 and up
USR00960,FINANCE,4.2,208463,,10000000,Free,0,Everyone,Finance,2018-07-26,Varies with device,Varies with device
USR00961,FINANCE,4.1,6998,24,1000000,Free,0,Everyone,Finance,2018-08-01,6.29.37589,5.0 and up
USR00962,FOOD_AND_DRINK,3.6,145323,42,10000000,Free,0,Everyone,Food & Drink,2018-07-31,5.15.0,4.4 and up
USR00963,FOOD_AND_DRINK,4.1,64784,13,10000000,Free,0,Everyone,Food & Drink,2018-08-02,18.6.0.10,5.0 and up
USR00964,FOOD_AND_DRINK,4.6,32997,13,1000000,Free,0,Everyone,Food & Drink,2018-08-04,2.2.7,4.1 and up
USR00965,FOOD_AND_DRINK,4.7,2707,8.9,100000,Free,0,Everyone,Food & Drink,2018-05-15,2.12,4.0.3 and up
USR00966,FOOD_AND_DRINK,4.7,129737,,1000000,Free,0,Teen,Food & Drink,2018-08-03,Varies with device,Varies with device
USR00967,FOOD_AND_DRINK,4.7,611136,19,10000000,Free,0,Everyone,Food & Drink,2018-07-13,3.2.0d,4.0.3 and up
USR00968,FOOD_AND_DRINK,4.7,6118,,1000000,Free,0,Everyone,Food & Drink,2018-07-07,Varies with device,Varies with device
USR00969,FOOD_AND_DRINK,4.1,2473,14,500000,Free,0,Everyone,Food & Drink,2018-07-28,3.1.5,4.4 and up
USR00970,FOOD_AND_DRINK,3.4,109784,64,10000000,Free,0,Everyone,Food & Drink,2018-08-03,4.0.30,4.0.3 and up
USR00971,FOOD_AND_DRINK,3.8,3320,8.4,500000,Free,0,Everyone,Food & Drink,2018-08-04,1.9.117,4.0.3 and up
USR00972,FOOD_AND_DRINK,3.7,61,11,50000,Free,0,Everyone,Food & Drink,2018-07-23,1.0.2,4.1 and up
USR00973,FOOD_AND_DRINK,4.2,68103,66,1000000,Free,0,Everyone,Food & Drink,2018-06-20,5.0.0,4.4 and up
USR00974,FOOD_AND_DRINK,3.1,8412,,1000000,Free,0,Everyone,Food & Drink,2018-07-19,Varies with device,4.4 and up
USR00975,FOOD_AND_DRINK,3.5,10741,41,1000000,Free,0,Everyone,Food & Drink,2018-07-23,5.2.2,4.2 and up
USR00976,FOOD_AND_DRINK,4.7,3803,15,500000,Free,0,Everyone,Food & Drink,2018-02-22,1.6,4.0 and up
USR00977,FOOD_AND_DRINK,4.5,155944,35,5000000,Free,0,Everyone,Food & Drink,2018-08-02,7.12,5.0 and up
USR00978,FOOD_AND_DRINK,4.2,10159,36,1000000,Free,0,Everyone,Food & Drink,2018-07-17,4.3.3,5.0 and up
USR00979,FOOD_AND_DRINK,4.3,28008,17,5000000,Free,0,Everyone,Food & Drink,2018-08-03,6.0.1,5.0 and up
USR00980,FOOD_AND_DRINK,4,43614,25,1000000,Free,0,Everyone,Food & Drink,2016-10-12,2.14.36,4.0.3 and up
USR00981,FOOD_AND_DRINK,4.5,455377,35,10000000,Free,0,Everyone,Food & Drink,2018-08-01,4.11.1,4.4 and up
USR00982,FOOD_AND_DRINK,4.6,1398,10,100000,Free,0,Everyone 10+,Food & Drink,2018-06-14,1,4.0.3 and up
USR00983,FOOD_AND_DRINK,4.7,1032935,,10000000,Free,0,Everyone,Food & Drink,2018-07-20,Varies with device,Varies with device
USR00984,FOOD_AND_DRINK,4.1,32405,12,5000000,Free,0,Everyone,Food & Drink,2018-07-03,3.3.21,4.1 and up
USR00985,FOOD_AND_DRINK,4.3,151080,,5000000,Free,0,Everyone,Food & Drink,2018-07-27,Varies with device,Varies with device
USR00986,FOOD_AND_DRINK,3.8,22513,11,1000000,Free,0,Everyone,Food & Drink,2018-05-21,5.3.8,4.0.3 and up
USR00987,FOOD_AND_DRINK,4.4,90042,,10000000,Free,0,Everyone,Food & Drink,2018-07-18,Varies with device,Varies with device
USR00988,FOOD_AND_DRINK,4.3,58316,,5000000,Free,0,Everyone,Food & Drink,2018-07-25,Varies with device,Varies with device
USR00989,FOOD_AND_DRINK,4.2,8509,17,1000000,Free,0,Everyone,Food & Drink,2018-07-12,3.5.5,4.0.3 and up
USR00990,FOOD_AND_DRINK,4.3,19314,43,1000000,Free,0,Everyone,Food & Drink,2018-07-31,3.3.6,4.4 and up
USR00991,FOOD_AND_DRINK,3.8,21314,41,1000000,Free,0,Everyone,Food & Drink,2018-07-24,7.9.0.0,4.4 and up
USR00992,FOOD_AND_DRINK,4.3,30224,,1000000,Free,0,Everyone,Food & Drink,2018-05-28,Varies with device,Varies with device
USR00993,FOOD_AND_DRINK,3.7,731,43,100000,Free,0,Everyone,Food & Drink,2018-07-25,2.1.0,4.1 and up
USR00994,FOOD_AND_DRINK,4.5,454,16,100000,Free,0,Everyone,Food & Drink,2018-03-28,2.0.0,4.0.3 and up
USR00995,FOOD_AND_DRINK,3.6,14952,39,1000000,Free,0,Everyone,Food & Drink,2018-06-08,5.8.5,4.1 and up
USR00996,FOOD_AND_DRINK,4.8,1250,13,50000,Free,0,Everyone,Food & Drink,2018-07-28,3.2.7,4.1 and up
USR00997,FOOD_AND_DRINK,3.3,1726,30,500000,Free,0,Everyone,Food & Drink,2018-07-19,4.26,4.4 and up
USR00998,FOOD_AND_DRINK,4.7,14065,7.1,500000,Free,0,Everyone,Food & Drink,2018-06-12,1.2.2,4.1 and up
USR00999,FOOD_AND_DRINK,4.6,556,23,100000,Free,0,Teen,Food & Drink,2018-01-25,2,4.0 and up
USR01000,FOOD_AND_DRINK,4.6,4925,17,1000000,Free,0,Everyone,Food & Drink,2018-06-10,3.6.6,4.0.3 and up
USR01001,FOOD_AND_DRINK,3.4,6507,18,1000000,Free,0,Everyone,Food & Drink,2018-04-12,5.7.0,4.4 and up
USR01002,FOOD_AND_DRINK,4.6,11707,,100000,Free,0,Everyone,Food & Drink,2018-06-24,Varies with device,Varies with device
USR01003,FOOD_AND_DRINK,4,1077,17,100000,Free,0,Everyone,Food & Drink,2017-10-18,3.2.0,4.0.3 and up
USR01004,FOOD_AND_DRINK,4.1,46539,,5000000,Free,0,Teen,Food & Drink,2018-07-23,Varies with device,Varies with device
USR01005,FOOD_AND_DRINK,4.5,9066,15,500000,Free,0,Everyone,Food & Drink,2018-04-25,4.0.0.427,5.1 and up
USR01006,FOOD_AND_DRINK,4.4,1962,22,100000,Free,0,Everyone,Food & Drink,2018-06-27,3.17.1.0,4.1 and up
USR01007,FOOD_AND_DRINK,4.5,22071,,1000000,Free,0,Everyone,Food & Drink,2018-06-29,Varies with device,Varies with device
USR01008,FOOD_AND_DRINK,4,196,9,10000,Free,0,Everyone 10+,Food & Drink,2017-02-17,1.2,2.3.3 and up
USR01009,FOOD_AND_DRINK,4.1,278,7.2,50000,Free,0,Everyone,Food & Drink,2018-07-20,24.5.0,4.0 and up
USR01010,FOOD_AND_DRINK,4.5,61881,,5000000,Free,0,Everyone,Food & Drink,2018-04-10,Varies with device,Varies with device
USR01011,FOOD_AND_DRINK,4.6,2129,,10000,Paid,3.49,Everyone,Food & Drink,2018-06-28,Varies with device,Varies with device
USR01012,FOOD_AND_DRINK,4.1,1268,2.3,50000,Paid,4.99,Everyone,Food & Drink,2018-06-03,1.4.4,4.0 and up
USR01013,FOOD_AND_DRINK,4.5,91359,27,1000000,Free,0,Everyone,Food & Drink,2018-07-05,2.0.3,4.4 and up
USR01014,FOOD_AND_DRINK,4.6,22015,,1000000,Free,0,Everyone,Food & Drink,2018-07-06,Varies with device,5.0 and up
USR01015,FOOD_AND_DRINK,4.5,131569,8.2,10000000,Free,0,Everyone,Food & Drink,2018-08-03,2.76.2.0-android,4.2 and up
USR01016,FOOD_AND_DRINK,4.3,31986,76,1000000,Free,0,Teen,Food & Drink,2017-11-23,5.7.23,5.0 and up
USR01017,FOOD_AND_DRINK,3.6,22875,22,1000000,Free,0,Everyone,Food & Drink,2018-07-27,4.2.6,5.0 and up
USR01018,FOOD_AND_DRINK,4.4,17071,,1000000,Free,0,Everyone,Food & Drink,2018-08-02,Varies with device,5.0 and up
USR01019,FOOD_AND_DRINK,4.6,90242,19,5000000,Free,0,Everyone,Food & Drink,2018-07-31,9.15.0.2020,5.0 and up
USR01020,FOOD_AND_DRINK,4.1,483960,,10000000,Free,0,Teen,Food & Drink,2018-07-23,Varies with device,Varies with device
USR01021,FOOD_AND_DRINK,4.3,511228,,10000000,Free,0,Everyone,Food & Drink,2018-08-01,Varies with device,Varies with device
USR01022,FOOD_AND_DRINK,3.9,464,28,50000,Free,0,Everyone,Food & Drink,2018-05-22,2.6.15,4.4 and up
USR01023,FOOD_AND_DRINK,4.1,1920,,100000,Free,0,Everyone,Food & Drink,2018-07-31,Varies with device,Varies with device
USR01024,FOOD_AND_DRINK,4.3,40116,,1000000,Free,0,Everyone,Food & Drink,2018-08-02,Varies with device,Varies with device
USR01025,FOOD_AND_DRINK,4.7,51517,,1000000,Free,0,Everyone,Food & Drink,2018-08-01,Varies with device,Varies with device
USR01026,FOOD_AND_DRINK,4.6,7690,25,100000,Free,0,Everyone,Food & Drink,2018-07-03,3.1.14,5.0 and up
USR01027,FOOD_AND_DRINK,4.4,321134,30,10000000,Free,0,Everyone,Food & Drink,2018-06-12,4.7.0,4.1 and up
USR01028,FOOD_AND_DRINK,4.2,3755,8.5,100000,Free,0,Everyone,Food & Drink,2018-07-20,2.4.11,6.0 and up
USR01029,FOOD_AND_DRINK,4.5,104504,,1000000,Free,0,Everyone,Food & Drink,2018-07-31,Varies with device,Varies with device
USR01030,FOOD_AND_DRINK,4.3,28009,17,5000000,Free,0,Everyone,Food & Drink,2018-08-03,6.0.1,5.0 and up
USR01031,FOOD_AND_DRINK,4.2,333208,34,10000000,Free,0,Everyone,Food & Drink,2018-08-01,1.161.10002,5.0 and up
USR01032,FOOD_AND_DRINK,4.5,35218,34,1000000,Free,0,Everyone,Food & Drink,2018-08-02,7.12,5.0 and up
USR01033,FOOD_AND_DRINK,4.5,116403,,5000000,Free,0,Everyone,Food & Drink,2018-08-01,Varies with device,Varies with device
USR01034,FOOD_AND_DRINK,4.3,37517,17,5000000,Free,0,Everyone,Food & Drink,2018-07-20,11.11.1,4.1 and up
USR01035,FOOD_AND_DRINK,4,292969,16,10000000,Free,0,Everyone,Food & Drink,2018-07-30,4.11.3,4.2 and up
USR01036,FOOD_AND_DRINK,4.3,511420,,10000000,Free,0,Everyone,Food & Drink,2018-08-01,Varies with device,Varies with device
USR01037,HEALTH_AND_FITNESS,4.8,428156,15,10000000,Free,0,Everyone,Health & Fitness,2018-06-28,Varies with device,Varies with device
USR01038,HEALTH_AND_FITNESS,4,1577,2.2,500000,Free,0,Everyone,Health & Fitness,2017-08-12,1.0.7,4.4 and up
USR01039,HEALTH_AND_FITNESS,4.9,38098,11,5000000,Free,0,Everyone,Health & Fitness,2018-06-21,1.0.4,4.2 and up
USR01040,HEALTH_AND_FITNESS,4.8,31139,6.9,1000000,Free,0,Everyone,Health & Fitness,2018-07-24,1.0.11,4.1 and up
USR01041,HEALTH_AND_FITNESS,4.9,272337,13,10000000,Free,0,Everyone,Health & Fitness,2018-06-21,1.0.2,4.2 and up
USR01042,HEALTH_AND_FITNESS,4.8,220125,11,10000000,Free,0,Everyone,Health & Fitness,2018-07-31,1.0.14,4.0 and up
USR01043,HEALTH_AND_FITNESS,4.4,400592,2.9,10000000,Free,0,Everyone,Health & Fitness,2018-07-04,5.23,4.0 and up
USR01044,HEALTH_AND_FITNESS,3.3,20098,25,10000000,Free,0,Everyone,Health & Fitness,2018-05-14,5.31.75,4.4 and up
USR01045,HEALTH_AND_FITNESS,4.7,117925,7,10000000,Free,0,Everyone,Health & Fitness,2018-07-24,1.0.26,4.1 and up
USR01046,HEALTH_AND_FITNESS,4.6,548021,27,10000000,Free,0,Everyone,Health & Fitness,2018-08-02,p5.7.1,4.1 and up
USR01047,HEALTH_AND_FITNESS,4.8,48276,7.5,1000000,Free,0,Everyone,Health & Fitness,2018-08-04,3.0.6,4.4 and up
USR01048,HEALTH_AND_FITNESS,4.8,471036,,10000000,Free,0,Everyone,Health & Fitness,2018-08-03,Varies with device,4.0 and up
USR01049,HEALTH_AND_FITNESS,4.8,12705,15,1000000,Free,0,Everyone,Health & Fitness,2018-07-10,1.0.2,4.0 and up
USR01050,HEALTH_AND_FITNESS,4.5,706,9.4,100000,Free,0,Everyone,Health & Fitness,2018-07-24,1.0.5,4.1 and up
USR01051,HEALTH_AND_FITNESS,4.4,465,6.4,500000,Free,0,Everyone,Health & Fitness,2018-06-07,1.08,4.0.3 and up
USR01052,HEALTH_AND_FITNESS,4.5,644,5.5,100000,Free,0,Everyone,Health & Fitness,2018-07-25,1.0.4,4.1 and up
USR01053,HEALTH_AND_FITNESS,4.5,6238,3.9,500000,Free,0,Everyone,Health & Fitness,2018-07-30,1.1.22,4.1 and up
USR01054,HEALTH_AND_FITNESS,4.5,144040,55,5000000,Free,0,Everyone,Health & Fitness,2018-07-27,18.7.1,5.0 and up
USR01055,HEALTH_AND_FITNESS,4.8,51227,28,1000000,Free,0,Everyone,Health & Fitness,2018-07-13,4.0.1,4.0.3 and up
USR01056,HEALTH_AND_FITNESS,3.9,357417,,10000000,Free,0,Everyone,Health & Fitness,2018-07-26,Varies with device,Varies with device
USR01057,HEALTH_AND_FITNESS,4.6,199,8.8,50000,Free,0,Everyone,Health & Fitness,2018-07-24,1.0.7,4.1 and up
USR01058,HEALTH_AND_FITNESS,4.5,827597,,10000000,Free,0,Everyone,Health & Fitness,2018-07-25,Varies with device,Varies with device
USR01059,HEALTH_AND_FITNESS,4.5,9116,4,500000,Free,0,Everyone,Health & Fitness,2018-07-30,1.1.22,4.1 and up
USR01060,HEALTH_AND_FITNESS,4.7,2071,6.9,100000,Free,0,Everyone,Health & Fitness,2018-07-24,1.0.12,4.1 and up
USR01061,HEALTH_AND_FITNESS,4.7,50294,11,1000000,Free,0,Everyone,Health & Fitness,2018-07-09,3.0.7,4.1 and up
USR01062,HEALTH_AND_FITNESS,4.4,708674,,10000000,Free,0,Everyone,Health & Fitness,2018-07-12,2.17.0,4.4 and up
USR01063,HEALTH_AND_FITNESS,4.2,1140,5.5,500000,Free,0,Teen,Health & Fitness,2017-01-10,1.5,3.0 and up
USR01064,HEALTH_AND_FITNESS,3.9,232153,,10000000,Free,0,Everyone,Health & Fitness,2018-08-02,Varies with device,Varies with device
USR01065,HEALTH_AND_FITNESS,4.2,14709,15,5000000,Free,0,Everyone,Health & Fitness,2018-07-26,2.8.2,5.0 and up
USR01066,HEALTH_AND_FITNESS,4.4,12029,4.3,1000000,Free,0,Everyone,Health & Fitness,2018-08-04,2.6,4.2 and up
USR01067,HEALTH_AND_FITNESS,4.6,1873516,,50000000,Free,0,Everyone,Health & Fitness,2018-07-31,Varies with device,Varies with device
USR01068,HEALTH_AND_FITNESS,4.6,2880,7.1,100000,Free,0,Everyone,Health & Fitness,2018-07-24,1.0.8,4.1 and up
USR01069,HEALTH_AND_FITNESS,4.2,270267,58,5000000,Free,0,Everyone,Health & Fitness,2018-07-31,6.15.0,4.1 and up
USR01070,HEALTH_AND_FITNESS,4.5,559186,,10000000,Free,0,Everyone,Health & Fitness,2018-07-11,Varies with device,Varies with device
USR01071,HEALTH_AND_FITNESS,4.7,77777,,1000000,Free,0,Everyone,Health & Fitness,2018-06-29,3.401,5.0 and up
USR01072,HEALTH_AND_FITNESS,4.5,8642,18,100000,Free,0,Everyone,Health & Fitness,2018-08-02,1.2,4.4 and up
USR01073,HEALTH_AND_FITNESS,4.5,501144,,10000000,Free,0,Everyone,Health & Fitness,2018-07-16,Varies with device,Varies with device
USR01074,HEALTH_AND_FITNESS,3.7,1861,1.5,1000000,Free,0,Everyone,Health & Fitness,2018-06-18,1.5,2.3 and up
USR01075,HEALTH_AND_FITNESS,4.5,1203,6.5,500000,Free,0,Everyone,Health & Fitness,2016-10-16,1.2,2.3.3 and up
USR01076,HEALTH_AND_FITNESS,4.6,299,11,100000,Free,0,Everyone,Health & Fitness,2018-08-03,1.3.8,4.4 and up
USR01077,HEALTH_AND_FITNESS,4.6,115721,67,10000000,Free,0,Everyone,Health & Fitness,2018-07-11,3.5.0,5.0 and up
USR01078,HEALTH_AND_FITNESS,4.7,14810,,1000000,Free,0,Everyone,Health & Fitness,2018-07-24,Varies with device,Varies with device
USR01079,HEALTH_AND_FITNESS,4.5,183662,57,5000000,Free,0,Everyone,Health & Fitness,2018-07-27,18.7.1,5.0 and up
USR01080,HEALTH_AND_FITNESS,4.5,27393,59,1000000,Free,0,Mature 17+,Health & Fitness,2018-07-16,6.5.3,4.1 and up
USR01081,HEALTH_AND_FITNESS,4.6,10445,48,500000,Free,0,Everyone,Health & Fitness,2018-07-02,112,4.4 and up
USR01082,HEALTH_AND_FITNESS,4,49479,57,1000000,Free,0,Teen,Health & Fitness,2018-07-10,5.13.0,5.0 and up
USR01083,HEALTH_AND_FITNESS,4.3,4848,13,1000000,Free,0,Everyone,Health & Fitness,2018-07-18,2.6,4.1 and up
USR01084,HEALTH_AND_FITNESS,4.4,20812,,1000000,Free,0,Teen,Health & Fitness,2018-07-27,Varies with device,Varies with device
USR01085,HEALTH_AND_FITNESS,4.5,328469,,10000000,Free,0,Teen,Health & Fitness,2018-08-01,Varies with device,Varies with device
USR01086,HEALTH_AND_FITNESS,4.2,100406,,10000000,Free,0,Everyone,Health & Fitness,2018-06-30,Varies with device,Varies with device
USR01087,HEALTH_AND_FITNESS,4.6,205299,31,5000000,Free,0,Everyone,Health & Fitness,2018-07-16,3.48,4.1 and up
USR01088,HEALTH_AND_FITNESS,4.9,66791,10,1000000,Free,0,Everyone,Health & Fitness,2018-07-30,Varies with device,Varies with device
USR01089,HEALTH_AND_FITNESS,4.5,183669,57,5000000,Free,0,Everyone,Health & Fitness,2018-07-27,18.7.1,5.0 and up
USR01090,HEALTH_AND_FITNESS,4.5,399009,,10000000,Free,0,Everyone,Health & Fitness,2018-06-08,Varies with device,Varies with device
USR01091,HEALTH_AND_FITNESS,4.6,5420,21,500000,Free,0,Everyone,Health & Fitness,2018-06-05,2.48.3,4.1 and up
USR01092,HEALTH_AND_FITNESS,4.5,130104,25,10000000,Free,0,Everyone,Health & Fitness,2018-08-03,5.3,5.0 and up
USR01093,HEALTH_AND_FITNESS,4.6,251534,93,10000000,Free,0,Everyone,Health & Fitness,2018-07-18,5.14.0,5.0 and up
USR01094,HEALTH_AND_FITNESS,4.6,28951,60,1000000,Free,0,Everyone,Health & Fitness,2018-07-16,4.4,4.4 and up
USR01095,HEALTH_AND_FITNESS,4.5,60096,27,5000000,Free,0,Teen,Health & Fitness,2018-04-07,10,4.0.3 and up
USR01096,HEALTH_AND_FITNESS,4.5,106547,54,1000000,Free,0,Everyone,Health & Fitness,2018-07-27,18.7.1,5.0 and up
USR01097,HEALTH_AND_FITNESS,4.4,134195,,10000000,Free,0,Everyone,Health & Fitness,2018-06-14,Varies with device,Varies with device
USR01098,HEALTH_AND_FITNESS,3.9,249855,,10000000,Free,0,Everyone,Health & Fitness,2018-07-24,Varies with device,Varies with device
USR01099,HEALTH_AND_FITNESS,4.5,27396,59,1000000,Free,0,Mature 17+,Health & Fitness,2018-07-16,6.5.3,4.1 and up
USR01100,HEALTH_AND_FITNESS,4.4,708710,,10000000,Free,0,Everyone,Health & Fitness,2018-07-12,2.17.0,4.4 and up
USR01101,HEALTH_AND_FITNESS,4.6,109756,78,5000000,Free,0,Everyone,Health & Fitness,2018-08-01,8.2.0,4.0.3 and up
USR01102,HEALTH_AND_FITNESS,4.4,38343,55,1000000,Free,0,Everyone,Health & Fitness,2018-07-27,18.7.1,5.0 and up
USR01103,HEALTH_AND_FITNESS,4.5,190247,,5000000,Free,0,Everyone,Health & Fitness,2018-08-03,Varies with device,Varies with device
USR01104,HEALTH_AND_FITNESS,4.5,827651,,10000000,Free,0,Everyone,Health & Fitness,2018-07-25,Varies with device,Varies with device
USR01105,HEALTH_AND_FITNESS,4.5,75571,,1000000,Free,0,Everyone,Health & Fitness,2018-08-03,7.2.5,Varies with device
USR01106,HEALTH_AND_FITNESS,4.4,70769,35,5000000,Free,0,Everyone,Health & Fitness,2018-07-24,6.2.73,4.0 and up
USR01107,HEALTH_AND_FITNESS,4.4,2107,,100000,Paid,2.99,Everyone,Health & Fitness,2015-12-22,Varies with device,Varies with device
USR01108,HEALTH_AND_FITNESS,4.4,26540,43,1000000,Free,0,Everyone,Health & Fitness,2017-02-09,2.5.1,4.0.3 and up
USR01109,HEALTH_AND_FITNESS,4.2,1608,39,100000,Free,0,Everyone,Health & Fitness,2016-07-28,6.7,2.3.3 and up
USR01110,HEALTH_AND_FITNESS,4.5,19074,4.2,1000000,Free,0,Everyone,Health & Fitness,2018-01-17,16,4.0 and up
USR01111,HEALTH_AND_FITNESS,4.5,7976,44,500000,Free,0,Everyone,Health & Fitness,2018-07-09,7,4.0.3 and up
USR01112,HEALTH_AND_FITNESS,4.4,7586,45,500000,Free,0,Everyone,Health & Fitness,2018-04-10,1.0.6,2.3.3 and up
USR01113,HEALTH_AND_FITNESS,4.3,2885,,100000,Free,0,Everyone,Health & Fitness,2012-06-19,Varies with device,Varies with device
USR01114,HEALTH_AND_FITNESS,4.6,48226,28,1000000,Free,0,Everyone,Health & Fitness,2018-03-05,3.1.9,4.0.3 and up
USR01115,HEALTH_AND_FITNESS,4.6,1026,29,10000,Paid,3.99,Everyone,Health & Fitness,2018-05-15,1.0.6,4.3 and up
USR01116,HEALTH_AND_FITNESS,4.9,28945,12,500000,Free,0,Teen,Health & Fitness,2018-05-17,2.6.1,4.2 and up
USR01117,HEALTH_AND_FITNESS,4.4,11506,15,100000,Free,0,Everyone,Health & Fitness,2018-08-02,3.0.0,4.1 and up
USR01118,HEALTH_AND_FITNESS,4.3,1288,31,100000,Free,0,Everyone,Health & Fitness,2018-04-10,2.0.4,2.3.3 and up
USR01119,HEALTH_AND_FITNESS,4.1,6826,,1000000,Free,0,Everyone,Health & Fitness,2018-06-14,Varies with device,Varies with device
USR01120,HEALTH_AND_FITNESS,4.6,111450,,5000000,Free,0,Everyone,Health & Fitness,2018-08-05,Varies with device,Varies with device
USR01121,HEALTH_AND_FITNESS,4.8,19543,,100000,Paid,2.99,Everyone,Health & Fitness,2018-01-19,Varies with device,Varies with device
USR01122,HEALTH_AND_FITNESS,4.5,233243,,5000000,Free,0,Everyone,Health & Fitness,2018-07-23,Varies with device,Varies with device
USR01123,HEALTH_AND_FITNESS,4.7,11689,20,500000,Free,0,Everyone,Health & Fitness,2018-07-27,1.29.15,4.4 and up
USR01124,HEALTH_AND_FITNESS,4.6,77563,39,10000000,Free,0,Everyone,Health & Fitness,2018-07-23,3.6.4,4.2 and up
USR01125,HEALTH_AND_FITNESS,4.3,5499,94,100000,Free,0,Everyone,Health & Fitness,2018-07-23,2.0.16,4.1 and up
USR01126,HEALTH_AND_FITNESS,4.6,48286,,1000000,Free,0,Everyone,Health & Fitness,2018-07-27,Varies with device,Varies with device
USR01127,HEALTH_AND_FITNESS,4.3,26652,41,1000000,Free,0,Everyone,Health & Fitness,2018-05-04,2.3.3,4.0.3 and up
USR01128,HEALTH_AND_FITNESS,4.6,71269,49,1000000,Free,0,Everyone,Health & Fitness,2018-03-30,2.3.2,4.0.3 and up
USR01129,HEALTH_AND_FITNESS,4.6,20301,22,1000000,Free,0,Everyone,Health & Fitness,2018-05-16,3.22,4.3 and up
USR01130,HEALTH_AND_FITNESS,4.5,93691,,5000000,Free,0,Everyone,Health & Fitness,2018-07-05,Varies with device,Varies with device
USR01131,HEALTH_AND_FITNESS,4.6,56145,23,1000000,Free,0,Everyone,Health & Fitness,2018-08-01,7.3.4-play,5.0 and up
USR01132,HEALTH_AND_FITNESS,4.6,20326,28,1000000,Free,0,Teen,Health & Fitness,2018-08-04,2.9.18,4.1 and up
USR01133,HEALTH_AND_FITNESS,4.5,12955,7.2,1000000,Free,0,Teen,Health & Fitness,2018-06-27,10.24,4.4 and up
USR01134,HEALTH_AND_FITNESS,4.1,2681,6.5,500000,Free,0,Everyone,Health & Fitness,2018-02-10,37,4.0.3 and up
USR01135,HEALTH_AND_FITNESS,4.5,325738,,10000000,Free,0,Everyone,Health & Fitness,2018-07-28,Varies with device,Varies with device
USR01136,HEALTH_AND_FITNESS,4.6,4102,24,500000,Free,0,Everyone 10+,Health & Fitness,2018-07-19,2.6.1,4.2 and up
USR01137,HEALTH_AND_FITNESS,4.5,40296,,1000000,Free,0,Everyone,Health & Fitness,2018-06-15,Varies with device,Varies with device
USR01138,HEALTH_AND_FITNESS,4.8,4559407,,100000000,Free,0,Everyone,Health & Fitness,2018-08-01,Varies with device,Varies with device
USR01139,HEALTH_AND_FITNESS,4.8,570242,20,10000000,Free,0,Everyone,Health & Fitness,2018-08-02,5.0.2,4.1 and up
USR01140,HEALTH_AND_FITNESS,4.6,1873523,,50000000,Free,0,Everyone,Health & Fitness,2018-07-31,Varies with device,Varies with device
USR01141,HEALTH_AND_FITNESS,4.5,121838,15,5000000,Free,0,Everyone,Health & Fitness,2018-05-23,5.5.1,4.0.3 and up
USR01142,HEALTH_AND_FITNESS,4.1,62616,,5000000,Free,0,Teen,Health & Fitness,2018-08-02,Varies with device,Varies with device
USR01143,HEALTH_AND_FITNESS,4.4,12858,55,500000,Free,0,Everyone,Health & Fitness,2018-07-27,18.7.1,5.0 and up
USR01144,HEALTH_AND_FITNESS,4.2,34356,,1000000,Free,0,Everyone,Health & Fitness,2018-07-31,Varies with device,Varies with device
USR01145,HEALTH_AND_FITNESS,4.5,50679,38,1000000,Free,0,Everyone,Health & Fitness,2018-08-01,3.6.2,4.4 and up
USR01146,HEALTH_AND_FITNESS,4.3,16943,32,1000000,Free,0,Everyone,Health & Fitness,2018-07-30,8.8.14,4.4 and up
USR01147,HEALTH_AND_FITNESS,4.6,524299,,10000000,Free,0,Everyone,Health & Fitness,2018-06-29,Varies with device,Varies with device
USR01148,HEALTH_AND_FITNESS,4,267,,50000,Free,0,Teen,Health & Fitness,2018-08-01,Varies with device,Varies with device
USR01149,HEALTH_AND_FITNESS,4.6,623,40,50000,Free,0,Everyone 10+,Health & Fitness,2017-07-17,1.2.3,4.0.3 and up
USR01150,HEALTH_AND_FITNESS,4.6,117176,,5000000,Free,0,Everyone,Health & Fitness,2018-07-07,Varies with device,Varies with device
USR01151,HEALTH_AND_FITNESS,4.4,70416,23,5000000,Free,0,Everyone,Health & Fitness,2018-07-27,3.19.4,4.1 and up
USR01152,HEALTH_AND_FITNESS,4.7,15674,6.1,1000000,Free,0,Everyone,Health & Fitness,2018-07-31,4.5.4,4.1 and up
USR01153,HEALTH_AND_FITNESS,4.4,14402,,1000000,Free,0,Everyone,Health & Fitness,2018-08-03,Varies with device,Varies with device
USR01154,HEALTH_AND_FITNESS,4.2,270294,58,5000000,Free,0,Everyone,Health & Fitness,2018-07-31,6.15.0,4.1 and up
USR01155,HEALTH_AND_FITNESS,4.5,144050,55,5000000,Free,0,Everyone,Health & Fitness,2018-07-27,18.7.1,5.0 and up
USR01156,HEALTH_AND_FITNESS,4.4,141163,,10000000,Free,0,Everyone,Health & Fitness,2018-06-11,Varies with device,Varies with device
USR01157,HEALTH_AND_FITNESS,4.6,1873520,,50000000,Free,0,Everyone,Health & Fitness,2018-07-31,Varies with device,Varies with device
USR01158,HEALTH_AND_FITNESS,4.5,559262,,10000000,Free,0,Everyone,Health & Fitness,2018-07-11,Varies with device,Varies with device
USR01159,HEALTH_AND_FITNESS,4.4,708753,,10000000,Free,0,Everyone,Health & Fitness,2018-07-12,2.17.0,4.4 and up
USR01160,HEALTH_AND_FITNESS,4.4,69395,,10000000,Free,0,Everyone,Health & Fitness,2018-08-03,Varies with device,Varies with device
USR01161,HEALTH_AND_FITNESS,4.5,827653,,10000000,Free,0,Everyone,Health & Fitness,2018-07-25,Varies with device,Varies with device
USR01162,HEALTH_AND_FITNESS,4.5,27439,19,1000000,Free,0,Everyone,Health & Fitness,2018-07-16,6.5.1,5.0 and up
USR01163,HEALTH_AND_FITNESS,4,2490,3.8,500000,Free,0,Everyone 10+,Health & Fitness,2017-02-17,1.9,2.3.3 and up
USR01164,HEALTH_AND_FITNESS,4.6,24094,18,1000000,Free,0,Everyone,Health & Fitness,2018-07-09,3.3.0(1),4.1 and up
USR01165,HEALTH_AND_FITNESS,4.1,18539,57,1000000,Free,0,Everyone,Health & Fitness,2018-07-30,1.11.4,4.0.3 and up
USR01166,HEALTH_AND_FITNESS,4,3061,5.5,100000,Free,0,Everyone,Health & Fitness,2016-08-27,2.3.4,5.0 and up
USR01167,HEALTH_AND_FITNESS,4.4,229210,,10000000,Free,0,Everyone,Health & Fitness,2018-07-31,Varies with device,Varies with device
USR01168,HEALTH_AND_FITNESS,4.4,20547,5.7,1000000,Free,0,Everyone,Health & Fitness,2017-11-29,3.2.7,4.1 and up
USR01169,HEALTH_AND_FITNESS,4.1,3405,51,100000,Free,0,Everyone,Health & Fitness,2018-07-25,4.5.1.123,4.4 and up
USR01170,HEALTH_AND_FITNESS,3.5,217,9.4,50000,Free,0,Teen,Health & Fitness,2017-08-23,4.6.2,4.0.3 and up
USR01171,HEALTH_AND_FITNESS,4.3,7895,3.3,500000,Free,0,Everyone,Health & Fitness,2018-07-15,3.3,4.0 and up
USR01172,HEALTH_AND_FITNESS,4.5,32606,,1000000,Free,0,Everyone,Health & Fitness,2018-03-22,Varies with device,Varies with device
USR01173,HEALTH_AND_FITNESS,4.2,1324,4,100000,Free,0,Everyone,Health & Fitness,2018-01-29,10.2.0,4.0 and up
USR01174,HEALTH_AND_FITNESS,4.5,126017,4.3,5000000,Free,0,Everyone,Health & Fitness,2018-07-05,4.9.8.1,4.0 and up
USR01175,HEALTH_AND_FITNESS,4.4,229214,,10000000,Free,0,Everyone,Health & Fitness,2018-07-31,Varies with device,Varies with device
USR01176,HEALTH_AND_FITNESS,4.1,2469,3.6,100000,Free,0,Everyone,Health & Fitness,2014-07-23,1.0.9,2.3 and up
USR01177,HEALTH_AND_FITNESS,4.5,14394,9.9,500000,Free,0,Everyone,Health & Fitness,2017-07-16,Public.Heal,4.0.3 and up
USR01178,HEALTH_AND_FITNESS,3.7,1812,37,100000,Free,0,Everyone,Health & Fitness,2018-07-24,1.31.0-15160.950adac99,4.4 and up
USR01179,HEALTH_AND_FITNESS,4.3,13724,,1000000,Free,0,Everyone,Health & Fitness,2017-08-17,Varies with device,Varies with device
USR01180,HEALTH_AND_FITNESS,4.5,10253,,500000,Free,0,Teen,Health & Fitness,2018-07-09,6.3.1,Varies with device
USR01181,HEALTH_AND_FITNESS,4.6,4642,40,100000,Free,0,Everyone,Health & Fitness,2017-03-11,1.92,4.1 and up
USR01182,HEALTH_AND_FITNESS,4.7,16570,73,500000,Free,0,Everyone,Health & Fitness,2018-07-29,4.8.0,4.4 and up
USR01183,HEALTH_AND_FITNESS,4.6,20161,,1000000,Free,0,Everyone,Health & Fitness,2018-08-01,Varies with device,Varies with device
USR01184,HEALTH_AND_FITNESS,4,2894,23,500000,Free,0,Everyone 10+,Health & Fitness,2017-02-22,1.2.6,4.0.3 and up
USR01185,HEALTH_AND_FITNESS,4.4,5038,10,500000,Free,0,Everyone,Health & Fitness,2018-07-15,5.2,4.4 and up
USR01186,HEALTH_AND_FITNESS,4.8,31665,8.4,1000000,Free,0,Everyone,Health & Fitness,2018-07-19,8.2.0_8,4.0 and up
USR01187,HEALTH_AND_FITNESS,4.2,13799,,500000,Free,0,Teen,Health & Fitness,2018-07-31,Varies with device,Varies with device
USR01188,HEALTH_AND_FITNESS,4.6,111455,,5000000,Free,0,Everyone,Health & Fitness,2018-08-05,Varies with device,Varies with device
USR01189,HEALTH_AND_FITNESS,4.1,111462,,5000000,Free,0,Everyone,Health & Fitness,2018-07-25,Varies with device,Varies with device
USR01190,HEALTH_AND_FITNESS,4.4,57634,41,1000000,Free,0,Everyone,Health & Fitness,2018-06-25,7.4,4.1 and up
USR01191,HEALTH_AND_FITNESS,4.3,8576,,1000000,Free,0,Everyone,Health & Fitness,2018-07-28,Varies with device,Varies with device
USR01192,HOUSE_AND_HOME,4.5,417907,34,10000000,Free,0,Everyone,House & Home,2018-08-01,9.8.1.7425,4.4 and up
USR01193,HOUSE_AND_HOME,4.8,3167,7.5,100000,Free,0,Everyone,House & Home,2018-08-03,2.0.0,5.0 and up
USR01194,HOUSE_AND_HOME,4.2,27386,,1000000,Free,0,Everyone,House & Home,2018-06-21,Varies with device,Varies with device
USR01195,HOUSE_AND_HOME,4.5,162243,12,10000000,Free,0,Everyone,House & Home,2018-07-26,8.18,4.0.3 and up
USR01196,HOUSE_AND_HOME,4.1,65913,7.7,5000000,Free,0,Everyone,House & Home,2018-07-16,4.47.3,4.0.3 and up
USR01197,HOUSE_AND_HOME,4.1,24977,21,1000000,Free,0,Everyone,House & Home,2018-08-01,3.5.9,4.0.3 and up
USR01198,HOUSE_AND_HOME,4,6000,18,1000000,Free,0,Everyone,House & Home,2018-07-28,9.6.8,4.1 and up
USR01199,HOUSE_AND_HOME,4.3,37711,40,1000000,Free,0,Everyone,House & Home,2018-07-31,2.51.0,4.4 and up
USR01200,HOUSE_AND_HOME,4.5,175293,,10000000,Free,0,Everyone,House & Home,2018-07-24,Varies with device,Varies with device
USR01201,HOUSE_AND_HOME,4.6,353799,,10000000,Free,0,Everyone,House & Home,2018-08-01,Varies with device,Varies with device
USR01202,HOUSE_AND_HOME,3.7,2758,8.6,500000,Free,0,Everyone,House & Home,2018-06-25,4.2.3,4.0 and up
USR01203,HOUSE_AND_HOME,3.7,1437,,100000,Free,0,Everyone,House & Home,2018-08-02,Varies with device,Varies with device
USR01204,HOUSE_AND_HOME,4.2,7573,18,1000000,Free,0,Everyone,House & Home,2018-07-25,8.2.1,4.2 and up
USR01205,HOUSE_AND_HOME,4.5,8481,7.5,1000000,Free,0,Everyone,House & Home,2018-08-03,2.1.0,5.0 and up
USR01206,HOUSE_AND_HOME,4.3,10054,9.1,1000000,Free,0,Everyone,House & Home,2018-07-12,6.7.12.2018,4.0.3 and up
USR01207,HOUSE_AND_HOME,3.9,10117,13,1000000,Free,0,Everyone,House & Home,2018-06-29,3.6,4.0.3 and up
USR01208,HOUSE_AND_HOME,4.6,39189,,1000000,Free,0,Everyone,House & Home,2018-07-30,Varies with device,Varies with device
USR01209,HOUSE_AND_HOME,4.3,3522,15,100000,Free,0,Everyone,House & Home,2018-08-02,3.10.8,4.0 and up
USR01210,HOUSE_AND_HOME,4.4,71419,,5000000,Free,0,Everyone,House & Home,2018-07-24,Varies with device,Varies with device
USR01211,HOUSE_AND_HOME,4.6,36857,19,1000000,Free,0,Everyone,House & Home,2018-07-25,220,5.0 and up
USR01212,HOUSE_AND_HOME,4.5,39123,,1000000,Free,0,Everyone,House & Home,2018-08-03,Varies with device,Varies with device
USR01213,HOUSE_AND_HOME,3.8,14653,,1000000,Free,0,Everyone,House & Home,2018-07-16,Varies with device,Varies with device
USR01214,HOUSE_AND_HOME,4.4,23013,26,5000000,Free,0,Everyone,House & Home,2018-07-17,3.2.4,4.1 and up
USR01215,HOUSE_AND_HOME,4.7,114,8.3,10000,Free,0,Teen,House & Home,2018-02-18,2.1,4.1 and up
USR01216,HOUSE_AND_HOME,3.4,287,27,100000,Free,0,Everyone,House & Home,2018-05-29,2.4.2,4.4 and up
USR01217,HOUSE_AND_HOME,4.3,4435,7.9,500000,Free,0,Everyone,House & Home,2016-03-02,2.6.0.287,4.0 and up
USR01218,HOUSE_AND_HOME,4.3,43800,,1000000,Free,0,Everyone,House & Home,2018-07-06,Varies with device,Varies with device
USR01219,HOUSE_AND_HOME,4,4281,27,100000,Free,0,Everyone,House & Home,2018-08-05,858,4.0.3 and up
USR01220,HOUSE_AND_HOME,4,7508,5.1,1000000,Free,0,Everyone,House & Home,2018-07-09,7.9.0,5.0 and up
USR01221,HOUSE_AND_HOME,3.8,491,15,100000,Free,0,Everyone,House & Home,2018-07-25,2.6.0,4.0.3 and up
USR01222,HOUSE_AND_HOME,4.3,22584,16,1000000,Free,0,Everyone,House & Home,2018-07-16,4.7.13,4.4 and up
USR01223,HOUSE_AND_HOME,3.6,4087,9.2,500000,Free,0,Everyone,House & Home,2018-07-16,4.3.0,4.1 and up
USR01224,HOUSE_AND_HOME,3.8,2496,,500000,Free,0,Everyone,House & Home,2018-07-05,Varies with device,Varies with device
USR01225,HOUSE_AND_HOME,4.5,103305,,5000000,Free,0,Everyone,House & Home,2018-07-31,Varies with device,Varies with device
USR01226,HOUSE_AND_HOME,4.6,2669,10,500000,Free,0,Teen,House & Home,2018-08-03,2.0.6.9,4.1 and up
USR01227,HOUSE_AND_HOME,4.5,7619,13,100000,Free,0,Everyone,House & Home,2018-07-12,1.22.0,4.0.3 and up
USR01228,HOUSE_AND_HOME,4.7,126,1.9,10000,Free,0,Everyone,House & Home,2017-08-21,1,4.0 and up
USR01229,HOUSE_AND_HOME,4.3,273,7,50000,Free,0,Everyone,House & Home,2018-05-30,1.2,4.0.3 and up
USR01230,HOUSE_AND_HOME,3.7,2248,15,100000,Free,0,Everyone,House & Home,2018-08-03,v3.1.1,4.0 and up
USR01231,HOUSE_AND_HOME,4.2,809,7.8,100000,Free,0,Everyone,House & Home,2018-07-25,1.6.1.2,4.0 and up
USR01232,HOUSE_AND_HOME,3.4,3280,77,1000000,Free,0,Everyone,House & Home,2018-06-29,5.0.1,4.0.3 and up
USR01233,HOUSE_AND_HOME,3.9,1478,5.7,100000,Free,0,Everyone,House & Home,2015-03-13,1.2,3.0 and up
USR01234,HOUSE_AND_HOME,4,2382,5.9,500000,Free,0,Everyone,House & Home,2015-04-07,1.7,3.0 and up
USR01235,HOUSE_AND_HOME,4,4450,7.6,1000000,Free,0,Everyone,House & Home,2015-03-17,1.7,3.0 and up
USR01236,HOUSE_AND_HOME,4,515,5.8,50000,Free,0,Everyone,House & Home,2015-05-30,1.5,3.0 and up
USR01237,HOUSE_AND_HOME,4.6,353800,,10000000,Free,0,Everyone,House & Home,2018-08-01,Varies with device,Varies with device
USR01238,HOUSE_AND_HOME,4,4465,5.8,1000000,Free,0,Everyone,House & Home,2015-03-06,1.7,3.0 and up
USR01239,HOUSE_AND_HOME,4.1,2427,5.3,500000,Free,0,Everyone,House & Home,2015-03-12,1.4,3.0 and up
USR01240,HOUSE_AND_HOME,3.9,6631,5.5,1000000,Free,0,Everyone,House & Home,2015-03-11,1.5,3.0 and up
USR01241,HOUSE_AND_HOME,4.4,11200,25,1000000,Free,0,Everyone,House & Home,2018-07-16,4.5.15,5.0 and up
USR01242,HOUSE_AND_HOME,4.4,6896,35,500000,Free,0,Everyone,House & Home,2017-08-30,1.7.3,4.1 and up
USR01243,HOUSE_AND_HOME,4.3,3834,30,500000,Free,0,Everyone,House & Home,2018-07-31,5.20.38,4.2 and up
USR01244,HOUSE_AND_HOME,4.2,27387,,1000000,Free,0,Everyone,House & Home,2018-06-21,Varies with device,Varies with device
USR01245,HOUSE_AND_HOME,4.4,71421,,5000000,Free,0,Everyone,House & Home,2018-07-24,Varies with device,Varies with device
USR01246,HOUSE_AND_HOME,4.6,353813,,10000000,Free,0,Everyone,House & Home,2018-08-01,Varies with device,Varies with device
USR01247,HOUSE_AND_HOME,4.1,81,16,50000,Free,0,Everyone,House & Home,2018-02-16,2.1.0,4.4 and up
USR01248,LIBRARIES_AND_DEMO,3.9,2087,,50000,Free,0,Everyone,Libraries & Demo,2018-07-30,Varies with device,Varies with device
USR01249,LIBRARIES_AND_DEMO,4.4,58,15,10000,Free,0,Everyone,Libraries & Demo,2018-07-06,1,4.0.3 and up
USR01250,LIBRARIES_AND_DEMO,4.6,3014,21,100000,Free,0,Everyone,Libraries & Demo,2018-06-27,1.1,5.0 and up
USR01251,LIBRARIES_AND_DEMO,4.1,923,4.3,100000,Free,0,Everyone,Libraries & Demo,2015-10-15,3.1,2.3 and up
USR01252,LIBRARIES_AND_DEMO,3.8,67007,0.227,5000000,Free,0,Everyone,Libraries & Demo,2013-03-06,1.2.0,2.2 and up
USR01253,LIBRARIES_AND_DEMO,4.6,539,99,50000,Free,0,Everyone,Libraries & Demo,2018-08-02,7,4.0.3 and up
USR01254,LIBRARIES_AND_DEMO,3.5,126862,0.609,10000000,Free,0,Everyone,Libraries & Demo,2012-01-17,1,2.2 and up
USR01255,LIBRARIES_AND_DEMO,4.7,48,6.9,1000,Free,0,Everyone,Libraries & Demo,2018-05-25,1.7.2.10,4.0 and up
USR01256,LIBRARIES_AND_DEMO,4.3,1465,7,100000,Free,0,Everyone,Libraries & Demo,2018-07-09,6.7.5,4.0.3 and up
USR01257,LIBRARIES_AND_DEMO,4.5,929,7,50000,Free,0,Everyone,Libraries & Demo,2018-02-16,1.02.2018.11,4.0 and up
USR01258,LIBRARIES_AND_DEMO,4.4,783,6.4,100000,Free,0,Everyone,Libraries & Demo,2017-06-10,1.6,2.2 and up
USR01259,LIBRARIES_AND_DEMO,3.4,2907,,50000,Free,0,Everyone,Libraries & Demo,2018-06-22,Varies with device,Varies with device
USR01260,LIBRARIES_AND_DEMO,4.3,434,16,100000,Free,0,Everyone,Libraries & Demo,2018-06-06,6.0.0,2.3 and up
USR01261,LIBRARIES_AND_DEMO,4.3,411,95,50000,Free,0,Everyone,Libraries & Demo,2018-06-08,5,4.0.3 and up
USR01262,LIBRARIES_AND_DEMO,4.6,237,0.008,50000,Free,0,Everyone,Libraries & Demo,2017-09-27,1.02,7.1 and up
USR01263,LIBRARIES_AND_DEMO,4.6,2580,20,100000,Free,0,Everyone,Libraries & Demo,2018-03-08,2,2.3 and up
USR01264,LIBRARIES_AND_DEMO,4.2,130272,50,10000000,Free,0,Everyone,Libraries & Demo,2016-03-14,1.8,4.1 and up
USR01265,LIBRARIES_AND_DEMO,4.6,130,12,10000,Free,0,Everyone,Libraries & Demo,2018-02-23,1,4.0.3 and up
USR01266,LIBRARIES_AND_DEMO,4.4,7396,22,500000,Free,0,Everyone,Libraries & Demo,2018-07-06,5.28,4.0.3 and up
USR01267,LIBRARIES_AND_DEMO,3.9,58055,0.04,5000000,Free,0,Everyone,Libraries & Demo,2016-11-07,2.0.3,1.5 and up
USR01268,LIBRARIES_AND_DEMO,4.5,1703,22,100000,Free,0,Everyone,Libraries & Demo,2018-03-01,3.1,4.0.3 and up
USR01269,LIBRARIES_AND_DEMO,3.8,7750,0.285,1000000,Free,0,Everyone,Libraries & Demo,2011-06-29,1,1.6 and up
USR01270,LIBRARIES_AND_DEMO,4.3,6,5.5,10000,Free,0,Everyone,Libraries & Demo,2018-08-03,8.0.20180212,4.2 and up
USR01271,LIBRARIES_AND_DEMO,3.7,12657,,1000000,Free,0,Everyone,Libraries & Demo,2015-09-21,3,Varies with device
USR01272,LIBRARIES_AND_DEMO,5,26,2.5,1000,Free,0,Everyone,Libraries & Demo,2018-05-24,1,1.6 and up
USR01273,LIBRARIES_AND_DEMO,3.2,1919,8.1,500000,Free,0,Everyone,Libraries & Demo,2018-07-11,5.9.1,4.1 and up
USR01274,LIBRARIES_AND_DEMO,4.5,60170,28,1000000,Free,0,Everyone,Libraries & Demo,2018-07-13,2.4,5.0 and up
USR01275,LIBRARIES_AND_DEMO,4.7,831,24,100000,Free,0,Everyone,Libraries & Demo,2018-02-20,8,2.3 and up
USR01276,LIBRARIES_AND_DEMO,4,8671,3.1,1000000,Free,0,Everyone,Libraries & Demo,2018-07-03,3.6,4.0 and up
USR01277,LIBRARIES_AND_DEMO,4.1,20145,0.011,1000000,Free,0,Everyone,Libraries & Demo,2013-02-12,,1.5 and up
USR01278,LIBRARIES_AND_DEMO,3.8,912,13,500000,Free,0,Everyone,Libraries & Demo,2018-01-09,2.0.0,2.3 and up
USR01279,LIBRARIES_AND_DEMO,4.7,2639,19,500000,Free,0,Everyone,Libraries & Demo,2017-12-11,6,2.3 and up
USR01280,LIBRARIES_AND_DEMO,4.5,399,9.5,100000,Free,0,Everyone,Libraries & Demo,2018-05-22,1.1,4.0.3 and up
USR01281,LIBRARIES_AND_DEMO,4.2,3945,9.4,500000,Free,0,Everyone,Libraries & Demo,2018-01-09,4.2.2,3.2 and up
USR01282,LIBRARIES_AND_DEMO,4.1,3781,36,1000000,Free,0,Everyone,Libraries & Demo,2018-04-15,1.8,4.0 and up
USR01283,LIBRARIES_AND_DEMO,3.1,1267,55,100000,Free,0,Everyone,Libraries & Demo,2018-08-02,5.1.2,4.4 and up
USR01284,LIFESTYLE,4.1,18968,32,5000000,Free,0,Teen,Lifestyle,2018-04-26,5.1,4.1 and up
USR01285,LIFESTYLE,4.1,47497,34,10000000,Free,0,Everyone,Lifestyle,2018-06-08,5.3.0.54.7,5.0 and up
USR01286,LIFESTYLE,4.3,601,5.1,100000,Free,0,Everyone,Lifestyle,2017-12-20,1,2.3 and up
USR01287,LIFESTYLE,4,140995,100,10000000,Free,0,Everyone,Lifestyle;Pretend Play,2018-07-16,9,4.0 and up
USR01288,LIFESTYLE,4.6,51357,80,5000000,Free,0,Everyone,Lifestyle,2018-07-31,8,4.0 and up
USR01289,LIFESTYLE,4.4,13565,3.3,1000000,Free,0,Everyone,Lifestyle,2018-08-05,2.5,4.0 and up
USR01290,LIFESTYLE,4.4,39364,28,5000000,Free,0,Everyone,Lifestyle,2018-07-17,10.19,4.0.3 and up
USR01291,LIFESTYLE,4.3,7287,5,1000000,Free,0,Everyone,Lifestyle,2016-11-03,1,2.3 and up
USR01292,LIFESTYLE,4.6,161143,11,10000000,Free,0,Everyone 10+,Lifestyle,2018-06-25,5.2.4(881),4.0.3 and up
USR01293,LIFESTYLE,3.2,16168,55,1000000,Free,0,Everyone,Lifestyle,2018-07-26,2.2.9,4.0.3 and up
USR01294,LIFESTYLE,4.5,100,7.1,1000000,Free,0,Everyone,Lifestyle,2018-05-09,1.0.0.21_180410,7.0 - 7.1.1
USR01295,LIFESTYLE,4.6,116079,3.2,5000000,Free,0,Everyone,Lifestyle,2018-05-20,5.8,2.3 and up
USR01296,LIFESTYLE,4.6,815893,4.4,10000000,Free,0,Everyone,Lifestyle,2018-06-30,4.9,4.1 and up
USR01297,LIFESTYLE,4.3,985,16,500000,Free,0,Everyone,Lifestyle,2018-05-31,3.7,7.0 and up
USR01298,LIFESTYLE,3,4260,6.3,5000000,Free,0,Everyone,Lifestyle,2017-08-08,6.1,2.3.3 and up
USR01299,LIFESTYLE,4.4,726074,45,10000000,Free,0,Everyone,Lifestyle,2018-08-02,16.7.1,4.4 and up
USR01300,LIFESTYLE,4.4,3829,23,1000000,Free,0,Everyone,Lifestyle,2018-06-01,3.9.3,4.1 and up
USR01301,LIFESTYLE,4.3,33572,37,1000000,Free,0,Everyone,Lifestyle,2018-08-02,6.2.0,4.4 and up
USR01302,LIFESTYLE,3.5,6145,13,10000000,Free,0,Everyone,Lifestyle,2016-06-30,8.00.775375,5.0 and up
USR01303,LIFESTYLE,4.3,34327,8.1,5000000,Free,0,Everyone,Lifestyle,2018-07-17,2.5.1,4.0 and up
USR01304,LIFESTYLE,4.5,7457,13,1000000,Free,0,Teen,Lifestyle,2018-08-03,2.4.12-r244,4.1 and up
USR01305,LIFESTYLE,3.7,41941,14,10000000,Free,0,Everyone,Lifestyle,2018-07-30,9.6.3,4.4 and up
USR01306,LIFESTYLE,4.5,82145,30,50000000,Free,0,Everyone,Lifestyle,2018-07-05,10.19.0.0,4.4 and up
USR01307,LIFESTYLE,4.2,10944,36,1000000,Free,0,Everyone,Lifestyle,2018-06-15,2,4.1 and up
USR01308,LIFESTYLE,4.3,665,3,500000,Free,0,Everyone,Lifestyle,2018-08-04,2,2.3 and up
USR01309,LIFESTYLE,4.6,2167,1.4,500000,Free,0,Everyone,Lifestyle,2018-01-07,1,2.3 and up
USR01310,LIFESTYLE,4.5,53652,39,1000000,Free,0,Everyone,Lifestyle,2018-08-05,2.15,5.0 and up
USR01311,LIFESTYLE,3.9,18961,1.8,5000000,Free,0,Everyone,Lifestyle,2015-09-24,1.1.1,2.3 and up
USR01312,LIFESTYLE,4.3,9412,1.7,1000000,Free,0,Everyone,Lifestyle,2016-12-17,1.5.1,4.0.3 and up
USR01313,LIFESTYLE,3.3,9663,19,1000000,Free,0,Everyone,Lifestyle,2018-07-16,Version:6.97,4.4 and up
USR01314,LIFESTYLE,4.7,2225,15,100000,Free,0,Everyone,Lifestyle,2018-07-26,4.2.1,4.0.3 and up
USR01315,LIFESTYLE,4.2,23164,10,1000000,Free,0,Mature 17+,Lifestyle,2018-07-24,2.6,5.0 and up
USR01316,LIFESTYLE,3.2,3031,2.7,1000000,Free,0,Everyone,Lifestyle,2018-07-03,1.5.3,4.0 and up
USR01317,LIFESTYLE,4.4,95557,16,10000000,Free,0,Everyone,Lifestyle,2018-07-23,7.0.8,4.0.3 and up
USR01318,LIFESTYLE,3.5,7869,21,1000000,Free,0,Everyone,Lifestyle,2018-08-01,02.00.06,4.4 and up
USR01319,LIFESTYLE,3.7,4212,20,1000000,Free,0,Everyone,Lifestyle,2018-07-25,3.4.5,2.3 and up
USR01320,LIFESTYLE,3.8,17368,14,10000000,Free,0,Everyone,Lifestyle,2018-06-27,5.1.3,4.0 and up
USR01321,LIFESTYLE,3.8,6554,76,500000,Free,0,Teen,Lifestyle,2018-06-20,9.4.2,4.1 and up
USR01322,LIFESTYLE,3.7,33264,18,10000000,Free,0,Everyone,Lifestyle,2018-06-15,6.2.1,4.0 and up
USR01323,LIFESTYLE,4.6,34782,12,1000000,Free,0,Everyone,Lifestyle,2018-06-22,5.2.2,4.3 and up
USR01324,LIFESTYLE,4,6676,6.2,1000000,Free,0,Everyone,Lifestyle,2018-02-21,3,4.2 and up
USR01325,LIFESTYLE,3.6,1067,,100000,Free,0,Everyone,Lifestyle,2018-03-20,3.8.15,4.1 and up
USR01326,LIFESTYLE,3.8,1797,6.8,100000,Free,0,Everyone,Lifestyle,2016-09-27,2,4.3 and up
USR01327,LIFESTYLE,4.1,367505,,10000000,Free,0,Everyone,Lifestyle,2018-07-25,Varies with device,Varies with device
USR01328,LIFESTYLE,4.7,20304,24,500000,Free,0,Everyone,Lifestyle,2018-07-31,4.35,4.0.3 and up
USR01329,LIFESTYLE,3.9,7376,19,1000000,Free,0,Everyone,Lifestyle,2018-01-11,5.2.2018010801-1,4.1 and up
USR01330,LIFESTYLE,4.1,49147,13,1000000,Free,0,Everyone,Lifestyle,2018-05-07,2.9.5,4.1 and up
USR01331,LIFESTYLE,4.6,69177,15,1000000,Free,0,Teen,Lifestyle,2017-08-02,2.7.3,4.4 and up
USR01332,LIFESTYLE,4.2,3448,13,100000,Free,0,Everyone,Lifestyle,2018-07-09,3.9.5,4.0.3 and up
USR01333,LIFESTYLE,4.6,39724,,1000000,Free,0,Everyone,Lifestyle,2018-06-29,Varies with device,Varies with device
USR01334,LIFESTYLE,4.2,3788,44,1000000,Free,0,Everyone,Lifestyle,2018-07-24,8.5.1,5.0 and up
USR01335,LIFESTYLE,4.4,95736,,10000000,Free,0,Everyone,Lifestyle,2018-07-30,Varies with device,Varies with device
USR01336,LIFESTYLE,4.6,1658,9.7,100000,Free,0,Everyone,Lifestyle,2018-07-31,2.0.9,4.4 and up
USR01337,LIFESTYLE,4.1,3309,13,500000,Free,0,Everyone,Lifestyle,2018-08-05,10,4.0 and up
USR01338,LIFESTYLE,3.9,987,4.5,10000,Free,0,Everyone,Lifestyle,2017-08-29,2.0.4,4.0 and up
USR01339,LIFESTYLE,4,5208,4.5,100000,Free,0,Teen,Lifestyle,2017-11-23,1.37,4.0 and up
USR01340,LIFESTYLE,4.1,78298,29,5000000,Free,0,Everyone,Lifestyle,2018-08-02,3.1.2.1,4.1 and up
USR01341,LIFESTYLE,4.6,34802,12,1000000,Free,0,Everyone,Lifestyle,2018-06-22,5.2.2,4.3 and up
USR01342,LIFESTYLE,4.1,6808,12,500000,Free,0,Teen,Lifestyle,2017-06-05,3.2.0,4.1 and up
USR01343,LIFESTYLE,4.1,12452,,500000,Free,0,Everyone,Lifestyle,2017-01-26,Varies with device,Varies with device
USR01344,LIFESTYLE,4.1,360,4.6,10000,Free,0,Everyone,Lifestyle,2014-04-30,1.6.2,2.2 and up
USR01345,LIFESTYLE,4.4,16637,10,1000000,Free,0,Everyone,Lifestyle,2017-06-18,1.8,2.3 and up
USR01346,LIFESTYLE,4.3,95904,33,10000000,Free,0,Everyone,Lifestyle,2018-07-30,4.1.0,4.1 and up
USR01347,LIFESTYLE,4.3,95905,33,10000000,Free,0,Everyone,Lifestyle,2018-07-30,4.1.0,4.1 and up
USR01348,LIFESTYLE,4.4,3114,13,100000,Free,0,Everyone,Lifestyle,2018-02-20,6.1,4.0.3 and up
USR01349,LIFESTYLE,4.2,220,15,50000,Free,0,Everyone,Lifestyle,2018-07-26,9.1.0,5.0 and up
USR01350,LIFESTYLE,4.4,33,23,5000,Free,0,Everyone,Lifestyle,2017-10-12,3.9.5,4.2 and up
USR01351,LIFESTYLE,4.3,1533,7.7,100000,Free,0,Everyone,Lifestyle,2016-09-27,2.2.6,2.2 and up
USR01352,LIFESTYLE,4.1,28301,,1000000,Free,0,Everyone,Lifestyle,2018-07-13,12.1.0,4.1 and up
USR01353,LIFESTYLE,4,3937,15,100000,Free,0,Everyone,Lifestyle,2018-07-27,8.3.3,4.4 and up
USR01354,LIFESTYLE,4.2,894,25,50000,Free,0,Everyone,Lifestyle,2018-04-09,5.600.42,4.0.3 and up
USR01355,LIFESTYLE,4.1,21195,,1000000,Free,0,Everyone,Lifestyle,2018-06-22,Varies with device,Varies with device
USR01356,LIFESTYLE,3.9,2042,3,100000,Free,0,Everyone,Lifestyle,2015-08-28,3.1.6,4.0 and up
USR01357,LIFESTYLE,4.4,13213,22,1000000,Free,0,Everyone,Lifestyle,2018-03-28,5.800.04,4.0.3 and up
USR01358,LIFESTYLE,4.6,118034,,5000000,Free,0,Everyone,Lifestyle,2018-08-02,Varies with device,Varies with device
USR01359,LIFESTYLE,4.5,9464,,500000,Free,0,Everyone,Lifestyle,2017-07-18,Varies with device,Varies with device
USR01360,LIFESTYLE,4.5,10097,7.5,500000,Free,0,Everyone,Lifestyle,2018-04-26,1.2,4.0 and up
USR01361,LIFESTYLE,4.8,28588,24,1000000,Free,0,Everyone,Lifestyle,2018-03-01,3.1.8,4.0.3 and up
USR01362,LIFESTYLE,4.4,19621,,500000,Free,0,Everyone,Lifestyle,2016-02-27,Varies with device,Varies with device
USR01363,LIFESTYLE,4.5,10544,44,1000000,Free,0,Everyone,Lifestyle,2018-06-18,5.3,4.1 and up
USR01364,LIFESTYLE,4.5,4427,,100000,Free,0,Everyone,Lifestyle,2017-06-23,Varies with device,Varies with device
USR01365,LIFESTYLE,4.6,50338,,1000000,Free,0,Everyone,Lifestyle,2018-07-23,Varies with device,Varies with device
USR01366,LIFESTYLE,4.5,3346,14,100000,Free,0,Teen,Lifestyle,2017-03-08,3.6.3,4.0.3 and up
USR01367,GAME,4.5,4447388,67,100000000,Free,0,Everyone 10+,Adventure;Action & Adventure,2018-07-31,2.347.225742,4.1 and up
USR01368,GAME,4.5,27722264,76,1000000000,Free,0,Everyone 10+,Arcade,2018-07-12,1.90.0,4.1 and up
USR01369,GAME,4.4,22426677,74,500000000,Free,0,Everyone,Casual,2018-07-05,1.129.0.2,4.1 and up
USR01370,GAME,4.7,254258,23,10000000,Free,0,Everyone,Card,2018-08-01,2.137.0,4.1 and up
USR01371,GAME,4.5,148897,46,10000000,Free,0,Everyone,Casual,2018-07-17,1.20.1,4.0.3 and up
USR01372,GAME,4.2,369203,24,50000000,Free,0,Everyone,Casual;Pretend Play,2018-04-17,1.5,4.1 and up
USR01373,GAME,4.4,5234162,,100000000,Free,0,Everyone,Action,2017-11-14,Varies with device,2.3 and up
USR01374,GAME,4.6,23133508,97,100000000,Free,0,Everyone 10+,Strategy,2018-06-27,2.3.2,4.1 and up
USR01375,GAME,4.3,8118609,62,500000000,Free,0,Everyone,Action,2018-07-05,1.49.1,4.0 and up
USR01376,GAME,4.3,10485308,24,500000000,Free,0,Everyone,Casual,2018-05-25,1.4.77,4.0 and up
USR01377,GAME,4.2,1497361,33,100000000,Free,0,Everyone,Action,2018-04-09,1.0.6,4.1 and up
USR01378,GAME,4.6,59800,7.8,5000000,Free,0,Everyone,Puzzle,2018-03-06,2.9,2.3 and up
USR01379,GAME,4.4,2610526,46,100000000,Free,0,Everyone,Arcade,2018-07-03,2.6.9,4.1 and up
USR01380,GAME,4.4,4066989,69,100000000,Free,0,Everyone 10+,Strategy,2018-07-06,2.2.00,4.1 and up
USR01381,GAME,4.5,3778921,75,100000000,Free,0,Everyone,Arcade,2018-07-26,3.8.5.Go,4.1 and up
USR01382,GAME,4.4,6198563,67,100000000,Free,0,Everyone,Casual,2018-07-10,1.118.4,4.1 and up
USR01383,GAME,4.3,10306,50,1000000,Free,0,Mature 17+,Action,2018-08-01,1.0.8,2.3 and up
USR01384,GAME,4.6,44891723,98,100000000,Free,0,Everyone 10+,Strategy,2018-07-15,10.322.16,4.1 and up
USR01385,GAME,4.3,1000417,,50000000,Free,0,Teen,Action,2018-07-05,Varies with device,4.4 and up
USR01386,GAME,4.2,17039,4.9,5000000,Free,0,Everyone,Puzzle,2018-04-13,2.9,2.3.3 and up
USR01387,GAME,4.2,685981,37,100000000,Free,0,Everyone,Arcade,2018-05-15,6.6.3,4.1 and up
USR01388,GAME,4.5,10393,18,1000000,Free,0,Everyone,Arcade,2018-07-11,2.2.3181,4.0 and up
USR01389,GAME,4.5,14198297,52,100000000,Free,0,Everyone,Sports,2018-07-31,4.0.0,4.0.3 and up
USR01390,GAME,4.5,592068,,50000000,Free,0,Everyone,Music,2018-08-03,5.13.007,4.1 and up
USR01391,GAME,4.7,1732263,78,50000000,Free,0,Everyone,Puzzle,2018-07-17,4.8.4,3.0 and up
USR01392,GAME,4.7,295241,3.9,10000000,Free,0,Everyone,Word,2018-06-06,1.1.3,3.0 and up
USR01393,GAME,4.5,1135631,59,50000000,Free,0,Teen,Arcade,2018-05-29,1.4.0.1,4.0 and up
USR01394,GAME,4.4,5566669,97,100000000,Free,0,Everyone,Arcade,2018-05-24,7.9.3,4.1 and up
USR01395,GAME,4.3,1295557,11,100000000,Free,0,Everyone,Puzzle,2018-04-11,4,4.1 and up
USR01396,GAME,3.8,270687,38,10000000,Free,0,Teen,Racing,2018-07-20,1.0.16,4.0.3 and up
USR01397,GAME,4.6,2157930,,10000000,Free,0,Everyone,Puzzle,2018-07-19,2.21.5,4.0.3 and up
USR01398,GAME,4.6,506275,,10000000,Free,0,Everyone,Arcade,2018-08-01,5.66,4.1 and up
USR01399,GAME,4.4,4920817,,100000000,Free,0,Everyone 10+,Arcade,2018-06-15,Varies with device,Varies with device
USR01400,GAME,4.3,23005,,5000000,Free,0,Everyone,Arcade,2018-07-25,3.5,4.1 and up
USR01401,GAME,4.1,68057,85,10000000,Free,0,Everyone,Casual;Creativity,2018-07-30,1.3.7,4.1 and up
USR01402,GAME,4.3,1300490,78,50000000,Free,0,Everyone,Puzzle,2018-07-20,2.1.10,4.0 and up
USR01403,GAME,4.4,8923587,63,100000000,Free,0,Everyone,Racing,2018-07-02,1.37.2,4.2 and up
USR01404,GAME,4.6,4128732,,50000000,Free,0,Everyone,Casual,2018-07-13,2.6.2,4.0.3 and up
USR01405,GAME,4.3,42053,24,10000000,Free,0,Everyone,Puzzle,2018-06-21,4.9,4.0.3 and up
USR01406,GAME,4.4,257724,69,10000000,Free,0,Everyone 10+,Sports,2018-05-25,1.4.2,4.0.3 and up
USR01407,GAME,4.7,990491,75,10000000,Free,0,Everyone,Action,2018-05-24,1.0.27,4.1 and up
USR01408,GAME,4.5,10216538,,100000000,Free,0,Everyone 10+,Casual;Action & Adventure,2018-07-12,Varies with device,Varies with device
USR01409,GAME,4.4,7614130,70,100000000,Free,0,Everyone,Casual,2018-07-26,5.1.8,2.3 and up
USR01410,GAME,4.6,760628,63,10000000,Free,0,Everyone,Arcade,2017-12-22,1.03,4.0 and up
USR01411,GAME,4.5,9881829,99,100000000,Free,0,Everyone,Casual,2018-07-03,3.7.2.51,4.1 and up
USR01412,GAME,4.4,2123381,49,100000000,Free,0,Everyone,Puzzle,2018-07-05,3.7.2,4.1 and up
USR01413,GAME,4.6,7671249,,100000000,Free,0,Mature 17+,Action,2018-08-02,Varies with device,Varies with device
USR01414,GAME,4.5,27723193,76,1000000000,Free,0,Everyone 10+,Arcade,2018-07-12,1.90.0,4.1 and up
USR01415,GAME,4.5,4447346,67,100000000,Free,0,Everyone 10+,Adventure;Action & Adventure,2018-07-31,2.347.225742,4.1 and up
USR01416,GAME,4.3,10485334,24,500000000,Free,0,Everyone,Casual,2018-05-25,1.4.77,4.0 and up
USR01417,GAME,4.5,14198602,52,100000000,Free,0,Everyone,Sports,2018-07-31,4.0.0,4.0.3 and up
USR01418,GAME,4.4,22428456,74,500000000,Free,0,Everyone,Casual,2018-07-05,1.129.0.2,4.1 and up
USR01419,GAME,4.4,4066980,69,100000000,Free,0,Everyone 10+,Strategy,2018-07-06,2.2.00,4.1 and up
USR01420,GAME,4.5,3197865,82,100000000,Free,0,Everyone,Arcade,2018-07-12,2.8.0,4.0.3 and up
USR01421,GAME,4.7,1351068,,10000000,Free,0,Everyone,Puzzle,2018-07-30,3196,4.1 and up
USR01422,GAME,4.6,5418675,96,100000000,Free,0,Everyone,Sports,2018-06-13,1.751,4.4 and up
USR01423,GAME,4.5,9881908,99,100000000,Free,0,Everyone,Casual,2018-07-03,3.7.2.51,4.1 and up
USR01424,GAME,4.5,148895,46,10000000,Free,0,Everyone,Casual,2018-07-17,1.20.1,4.0.3 and up
USR01425,GAME,4.7,1889250,,50000000,Free,0,Everyone,Puzzle,2018-07-23,5423,4.1 and up
USR01426,GAME,4.5,183846,99,10000000,Free,0,Everyone,Action,2018-07-30,1.0.6,4.4 and up
USR01427,GAME,4.8,230710,87,10000000,Free,0,Everyone,Word,2018-08-02,1.0.47,4.1 and up
USR01428,GAME,4.7,295305,3.9,10000000,Free,0,Everyone,Word,2018-06-06,1.1.3,3.0 and up
USR01429,GAME,4.4,6198880,67,100000000,Free,0,Everyone,Casual,2018-07-10,1.118.4,4.1 and up
USR01430,GAME,4.5,5465624,53,100000000,Free,0,Teen,Action,2018-08-03,1.21.0,4.0.3 and up
USR01431,GAME,4.6,59854,7.8,5000000,Free,0,Everyone,Puzzle,2018-03-06,2.9,2.3 and up
USR01432,GAME,4.7,1534466,,50000000,Free,0,Teen,Action,2018-07-23,2.12.5,4.1 and up
USR01433,GAME,4.6,23134775,97,100000000,Free,0,Everyone 10+,Strategy,2018-06-27,2.3.2,4.1 and up
USR01434,GAME,4.5,14891223,,500000000,Free,0,Everyone,Casual,2018-07-19,4.8.0.132,4.1 and up
USR01435,GAME,4.6,7672495,,100000000,Free,0,Mature 17+,Action,2018-08-02,Varies with device,Varies with device
USR01436,GAME,4.5,1137271,59,50000000,Free,0,Teen,Arcade,2018-05-29,1.4.0.1,4.0 and up
USR01437,GAME,4.4,2610622,46,100000000,Free,0,Everyone,Arcade,2018-07-03,2.6.9,4.1 and up
USR01438,GAME,4.7,990586,75,10000000,Free,0,Everyone,Action,2018-05-24,1.0.27,4.1 and up
USR01439,GAME,4.3,10354,50,1000000,Free,0,Mature 17+,Action,2018-08-01,1.0.8,2.3 and up
USR01440,GAME,4.3,8118937,62,500000000,Free,0,Everyone,Action,2018-07-05,1.49.1,4.0 and up
USR01441,GAME,4.4,4921122,,100000000,Free,0,Everyone 10+,Arcade,2018-06-15,Varies with device,Varies with device
USR01442,GAME,4.3,18985,23,5000000,Free,0,Everyone,Casual,2018-07-23,1.5.4,4.0.3 and up
USR01443,GAME,4.5,655067,72,10000000,Free,0,Teen,Arcade,2017-07-17,1.2.1,4.0.3 and up
USR01444,GAME,4.4,7614271,70,100000000,Free,0,Everyone,Casual,2018-07-26,5.1.8,2.3 and up
USR01445,GAME,4.5,10434,18,1000000,Free,0,Everyone,Arcade,2018-07-11,2.2.3181,4.0 and up
USR01446,GAME,4.4,5234825,,100000000,Free,0,Everyone,Action,2017-11-14,Varies with device,2.3 and up
USR01447,GAME,4.5,1385093,35,100000000,Free,0,Everyone,Puzzle,2018-08-02,1.7.40,4.1 and up
USR01448,GAME,4.6,2698348,78,100000000,Free,0,Everyone,Action,2018-07-31,2.8.2.59,4.1 and up
USR01449,GAME,4.7,1125017,25,10000000,Free,0,Everyone,Puzzle,2018-07-17,3.9.2,4.3 and up
USR01450,GAME,4.6,9882639,74,100000000,Free,0,Everyone,Sports,2018-07-16,5.064,4.4 and up
USR01451,GAME,4.4,5566805,97,100000000,Free,0,Everyone,Arcade,2018-05-24,7.9.3,4.1 and up
USR01452,GAME,4.4,74673,17,10000000,Free,0,Everyone,Casual,2018-07-06,3.3.3179,4.0.3 and up
USR01453,GAME,4.5,5387639,53,100000000,Free,0,Everyone,Racing,2018-02-27,2.5,4.1 and up
USR01454,GAME,4.6,2750410,,100000000,Free,0,Everyone,Racing,2018-08-02,1.17.2,4.2 and up
USR01455,GAME,4.3,1295606,11,100000000,Free,0,Everyone,Puzzle,2018-04-11,4,4.1 and up
USR01456,GAME,4.5,461137,60,10000000,Free,0,Everyone,Arcade,2018-05-22,1.7.2,4.0.3 and up
USR01457,GAME,4.5,946926,57,50000000,Free,0,Everyone,Simulation,2018-03-05,2.10.2,4.0.3 and up
USR01458,GAME,4.4,9305,14,1000000,Free,0,Everyone,Casual,2018-08-02,1.9.2,4.0.3 and up
USR01459,GAME,4.5,4448791,67,100000000,Free,0,Everyone 10+,Adventure;Action & Adventure,2018-07-31,2.347.225742,4.1 and up
USR01460,GAME,4.2,1498648,33,100000000,Free,0,Everyone,Action,2018-04-09,1.0.6,4.1 and up
USR01461,GAME,4.5,27724094,76,1000000000,Free,0,Everyone 10+,Arcade,2018-07-12,1.90.0,4.1 and up
USR01462,GAME,4.7,1351089,,10000000,Free,0,Everyone,Puzzle,2018-07-30,3196,4.1 and up
USR01463,GAME,4.2,360630,40,50000000,Free,0,Everyone,Puzzle,2018-07-31,1.2.7,4.1 and up
USR01464,GAME,4.5,1137267,59,50000000,Free,0,Teen,Arcade,2018-05-29,1.4.0.1,4.0 and up
USR01465,GAME,4.5,14200344,52,100000000,Free,0,Everyone,Sports,2018-07-31,4.0.0,4.0.3 and up
USR01466,GAME,4.4,5234810,,100000000,Free,0,Everyone,Action,2017-11-14,Varies with device,2.3 and up
USR01467,GAME,4.5,6074334,100,100000000,Free,0,Teen,Arcade,2018-07-25,6.0.0,4.1 and up
USR01468,GAME,4.5,592282,,50000000,Free,0,Everyone,Music,2018-08-03,5.13.007,4.1 and up
USR01469,GAME,4.7,1535084,,50000000,Free,0,Teen,Action,2018-07-23,2.12.5,4.1 and up
USR01470,GAME,4.7,8118880,,100000000,Free,0,Everyone,Arcade,2018-08-03,3.1.0.226,4.1 and up
USR01471,GAME,4.1,10424925,85,100000000,Free,0,Everyone,Adventure,2018-07-23,0.111.3,4.4 and up
USR01472,GAME,4.8,230727,87,10000000,Free,0,Everyone,Word,2018-08-02,1.0.47,4.1 and up
USR01473,GAME,4.4,37023,33,10000000,Free,0,Everyone,Casual,2018-07-06,5.2,5.0 and up
USR01474,GAME,4.2,422244,32,50000000,Free,0,Teen,Arcade,2018-04-23,1.24,4.1 and up
USR01475,GAME,4.4,98123,40,10000000,Free,0,Teen,Arcade,2018-05-25,1.7.0,4.1 and up
USR01476,GAME,4.7,21262,29,1000000,Free,0,Everyone,Puzzle,2018-08-03,1.0.9,4.4 and up
USR01477,GAME,4.3,118253,40,10000000,Free,0,Teen,Arcade,2018-05-03,1.4.6,4.1 and up
USR01478,GAME,4.7,141529,24,5000000,Free,0,Everyone 10+,Board,2018-08-01,2.0.6,4.1 and up
USR01479,GAME,4.2,70226,38,5000000,Free,0,Everyone,Arcade,2018-07-25,1.2.9,4.1 and up
USR01480,GAME,4.3,2251012,52,100000000,Free,0,Everyone,Racing,2018-05-03,4.17.2,4.0 and up
USR01481,GAME,4.4,30253,,1000000,Free,0,Everyone,Casual,2018-08-05,1.0.1.049,4.1 and up
USR01482,GAME,4.1,15763,54,1000000,Free,0,Everyone,Arcade,2018-07-17,1.6,4.1 and up
USR01483,GAME,4.1,84911,71,10000000,Free,0,Everyone,Arcade,2018-07-19,2.5.0,4.1 and up
USR01484,GAME,4.2,46416,73,10000000,Free,0,Everyone,Arcade,2018-07-23,1.0.8,4.1 and up
USR01485,GAME,4.7,7196,38,500000,Free,0,Everyone,Arcade,2018-07-17,1.0.2,4.3 and up
USR01486,GAME,4.6,48256,62,1000000,Free,0,Everyone,Puzzle,2018-07-20,1.2.0,4.1 and up
USR01487,GAME,4.5,6427773,95,100000000,Free,0,Everyone,Trivia,2018-08-03,2.79.0,4.1 and up
USR01488,GAME,3.1,25825,16,5000000,Free,0,Everyone,Simulation,2018-05-22,1.3.3,4.4 and up
USR01489,GAME,4.1,55380,39,5000000,Free,0,Everyone,Action,2018-07-24,1.2.1,5.0 and up
USR01490,GAME,3.4,148177,78,10000000,Free,0,Everyone,Arcade,2018-07-27,1.7.2,4.1 and up
USR01491,GAME,4.4,3715656,36,50000000,Free,0,Teen,Action,2018-07-24,0.7.0,4.3 and up
USR01492,GAME,4.3,1841061,,50000000,Free,0,Teen,Simulation,2018-07-31,Varies with device,Varies with device
USR01493,GAME,4.6,101686,31,10000000,Free,0,Everyone,Puzzle,2018-08-04,1.8.2,4.1 and up
USR01494,GAME,4.4,275447,,10000000,Free,0,Everyone 10+,Arcade,2018-08-01,Varies with device,4.1 and up
USR01495,GAME,4.3,174755,98,10000000,Free,0,Everyone 10+,Arcade,2018-07-11,1.1.1,5.0 and up
USR01496,GAME,4.6,4578476,24,50000000,Free,0,Everyone 10+,Strategy,2018-07-17,1.4.51,4.1 and up
USR01497,GAME,4.2,145353,85,10000000,Free,0,Teen,Arcade,2018-07-24,1.3.1,4.1 and up
USR01498,GAME,4.2,1499373,33,100000000,Free,0,Everyone,Action,2018-04-09,1.0.6,4.1 and up
USR01499,GAME,4.5,531458,100,5000000,Free,0,Everyone,Sports,2018-07-20,3.04.1,4.0.3 and up
USR01500,GAME,4.4,3714270,36,50000000,Free,0,Teen,Action,2018-07-24,0.7.0,4.3 and up
USR01501,GAME,4.2,195558,86,10000000,Free,0,Everyone,Arcade,2018-07-26,1.2,5.0 and up
USR01502,GAME,4.5,29940,80,1000000,Free,0,Everyone,Action,2018-07-26,1.1.4,4.1 and up
USR01503,GAME,4.4,41975,79,1000000,Free,0,Everyone,Racing,2018-07-19,3.00.11034,5.0 and up
USR01504,GAME,4.6,216675,30,10000000,Free,0,Everyone,Word,2018-08-01,2.2.7,4.1 and up
USR01505,GAME,4.5,2311785,87,10000000,Free,0,Teen,Action,2018-08-01,1.9.3,4.1 and up
USR01506,GAME,4.3,165888,91,5000000,Free,0,Teen,Role Playing,2018-07-31,1.4.0,4.4 and up
USR01507,GAME,4.6,541144,63,10000000,Free,0,Teen,Arcade,2018-07-12,1.2.5,5.0 and up
USR01508,GAME,4.4,1107310,,10000000,Free,0,Teen,Adventure,2018-08-01,1.8.2,4.4 and up
USR01509,GAME,4.4,29168,,1000000,Free,0,Everyone,Racing,2018-05-29,2.0.1,4.1 and up
USR01510,GAME,4.5,189773,95,5000000,Free,0,Teen,Role Playing,2018-07-18,1.1.1,4.1 and up
USR01511,GAME,4.6,337752,48,5000000,Free,0,Teen,Action,2018-08-03,1.11.0,6.0 and up
USR01512,GAME,4.6,102107,,5000000,Free,0,Everyone 10+,Strategy,2018-07-31,1.2.2,Varies with device
USR01513,GAME,4.6,3093358,,10000000,Free,0,Everyone,Casual,2018-07-13,1.8.0.900,4.0.3 and up
USR01514,GAME,4.1,42079,93,5000000,Free,0,Everyone,Board,2018-07-05,5.6.5,4.1 and up
USR01515,GAME,4.5,240416,53,5000000,Free,0,Everyone,Word,2018-08-01,2.2.3,4.0.3 and up
USR01516,GAME,4.6,32506,82,1000000,Free,0,Everyone,Sports,2018-06-27,1.2.1,4.2 and up
USR01517,GAME,4.4,70747,99,5000000,Free,0,Teen,Action,2018-07-31,1.7,4.4 and up
USR01518,GAME,4.7,358817,49,10000000,Free,0,Everyone,Arcade,2018-07-30,1.2.2,4.1 and up
USR01519,GAME,4.6,15403,25,1000000,Free,0,Everyone,Casual,2018-08-02,1.8.1,4.1 and up
USR01520,GAME,4.3,38957,,1000000,Free,0,Everyone,Simulation,2018-08-02,4.9.31,Varies with device
USR01521,GAME,4.5,214777,91,5000000,Free,0,Everyone,Puzzle,2018-07-30,3.6.0,4.1 and up
USR01522,GAME,4.6,100609,52,1000000,Free,0,Teen,Action,2018-07-16,0.5.4,6.0 and up
USR01523,GAME,4.2,1343866,56,10000000,Free,0,Teen,Action,2018-08-01,1.180271.184729,4.0 and up
USR01524,GAME,4.5,168717,56,10000000,Free,0,Mature 17+,Strategy,2018-08-03,1.3.205,2.3 and up
USR01525,GAME,4.8,549720,85,10000000,Free,0,Everyone,Simulation,2018-07-19,2.1.1.4.0,4.4 and up
USR01526,GAME,4.1,18996,81,1000000,Free,0,Teen,Strategy,2018-08-01,1.5.2,4.1 and up
USR01527,GAME,4.3,25094,82,1000000,Free,0,Teen,Role Playing,2018-07-06,1.2.0,4.3 and up
USR01528,GAME,4.4,93033,98,5000000,Free,0,Teen,Strategy,2018-08-04,1.250.078,4.0.3 and up
USR01529,GAME,4,120592,77,10000000,Free,0,Everyone 10+,Strategy,2018-07-31,2.0.2,4.0.3 and up
USR01530,GAME,4.2,187972,99,5000000,Free,0,Teen,Role Playing,2018-07-11,1.05.20,4.4 and up
USR01531,GAME,4,484981,,10000000,Free,0,Everyone 10+,Strategy,2018-06-15,3.30.4.83,4.1 and up
USR01532,GAME,4.2,2055,96,100000,Free,0,Teen,Strategy,2018-05-18,2.0081_206,4.0.3 and up
USR01533,GAME,4.5,73539,96,1000000,Free,0,Mature 17+,Role Playing,2018-08-02,1.3.3,4.3 and up
USR01534,GAME,4.7,59017,82,1000000,Free,0,Teen,Action,2018-07-03,2.2.1,4.3 and up
USR01535,GAME,4.2,5829,70,100000,Free,0,Teen,Strategy,2018-07-26,1.8.2,4.4 and up
USR01536,GAME,4.4,18621,63,100000,Paid,2.99,Everyone,Board,2018-07-04,2.1.2,4.4 and up
USR01537,GAME,4.6,19922,35,100000,Paid,1.99,Everyone 10+,Board,2018-07-30,2.2.5,5.0 and up
USR01538,GAME,4.9,21119,48,100000,Paid,4.99,Everyone,Puzzle,2018-04-18,1.0.1,4.4 and up
USR01539,GAME,4.4,7412,84,100000,Paid,4.99,Teen,Strategy,2018-04-26,1.1.0,2.3 and up
USR01540,GAME,4.5,18125,15,100000,Paid,4.99,Everyone,Simulation;Education,2018-07-09,Varies with device,4.4 and up
USR01541,GAME,4.6,10795,69,100000,Paid,5.99,Everyone,Simulation,2017-12-21,1.2.1.1712080,4.0.3 and up
USR01542,GAME,4.2,13004,46,100000,Paid,6.99,Teen,Action,2016-12-20,1.0.11,2.3.3 and up
USR01543,GAME,4.5,38207,15,100000,Paid,9.99,Teen,Role Playing,2015-10-19,1.0.6,4.1 and up
USR01544,GAME,4.6,9394,33,100000,Paid,4.99,Everyone,Puzzle,2017-11-30,1.2.9,4.4 and up
USR01545,GAME,4.6,337913,48,5000000,Free,0,Teen,Action,2018-08-03,1.11.0,6.0 and up
USR01546,GAME,4.5,4449882,67,100000000,Free,0,Everyone 10+,Adventure;Action & Adventure,2018-07-31,2.347.225742,4.1 and up
USR01547,GAME,4.4,22429716,74,500000000,Free,0,Everyone,Casual,2018-07-05,1.129.0.2,4.1 and up
USR01548,GAME,4.6,3883589,57,100000000,Free,0,Everyone,Casual,2018-07-26,2.21.1,4.1 and up
USR01549,GAME,4.5,14200550,52,100000000,Free,0,Everyone,Sports,2018-07-31,4.0.0,4.0.3 and up
USR01550,GAME,4.6,2719142,25,10000000,Free,0,Teen,Simulation,2018-06-11,1.13.12,4.1 and up
USR01551,GAME,4.4,1107197,,10000000,Free,0,Teen,Adventure,2018-08-01,1.8.2,4.4 and up
USR01552,GAME,4.4,3716278,36,50000000,Free,0,Teen,Action,2018-07-24,0.7.0,4.3 and up
USR01553,GAME,4.3,931595,31,10000000,Free,0,Teen,Simulation,2018-07-16,5.39.1,4.0.3 and up
USR01554,GAME,4.3,165928,91,5000000,Free,0,Teen,Role Playing,2018-07-31,1.4.0,4.4 and up
USR01555,GAME,4.6,1480189,,10000000,Free,0,Everyone,Casual,2018-08-02,5.8.1,Varies with device
USR01556,GAME,4.3,2468063,92,50000000,Free,0,Teen,Action,2018-07-30,19.1.0,4.0.3 and up
USR01557,GAME,4.3,309176,70,5000000,Free,0,Everyone 10+,Simulation,2018-08-02,1.3.15,4.4 and up
USR01558,GAME,4.6,807338,93,10000000,Free,0,Teen,Simulation,2018-07-30,2.3.5,4.0.3 and up
USR01559,GAME,4.5,446434,52,10000000,Free,0,Everyone,Card,2018-08-01,4.6.2.46103,4.0.3 and up
USR01560,GAME,4.5,214819,91,5000000,Free,0,Everyone,Puzzle,2018-07-30,3.6.0,4.1 and up
USR01561,GAME,4.2,522466,37,10000000,Free,0,Mature 17+,Role Playing,2018-06-19,12.0.4.62276,4.0.3 and up
USR01562,GAME,4.7,584126,64,10000000,Free,0,Everyone 10+,Role Playing,2018-07-27,1.5.4,4.1 and up
USR01563,GAME,4.3,32551,35,500000,Free,0,Mature 17+,Role Playing,2018-07-12,1.93,4.4 and up
USR01564,GAME,4,90218,97,1000000,Free,0,Teen,Strategy,2018-08-03,1.8.225278,6.0 and up
USR01565,GAME,4.4,212524,93,5000000,Free,0,Everyone,Role Playing,2018-07-24,3.0.0,4.0.3 and up
USR01566,GAME,4.3,2045554,28,50000000,Free,0,Teen,Role Playing,2018-07-30,4.0.1,4.0.3 and up
USR01567,GAME,4.6,745684,83,5000000,Free,0,Teen,Role Playing,2018-07-17,3.0.2,4.0.3 and up
USR01568,GAME,4.7,416540,99,10000000,Free,0,Everyone 10+,Role Playing,2018-05-30,1.14.0,2.3 and up
USR01569,GAME,4.4,16601,55,500000,Free,0,Teen,Role Playing,2018-07-26,1.18.0,4.0 and up
USR01570,GAME,4.4,3057481,14,50000000,Free,0,Teen,Strategy,2018-07-26,1.76,2.3 and up
USR01571,GAME,4.3,224514,81,5000000,Free,0,Teen,Strategy,2018-07-18,1.1.8,4.0.3 and up
USR01572,GAME,4.2,26247,,1000000,Free,0,Teen,Role Playing,2018-07-26,1.1.40,4.0.3 and up
USR01573,GAME,4.4,22430188,74,500000000,Free,0,Everyone,Casual,2018-07-05,1.129.0.2,4.1 and up
USR01574,GAME,4.5,4449910,67,100000000,Free,0,Everyone 10+,Adventure;Action & Adventure,2018-07-31,2.347.225742,4.1 and up
USR01575,GAME,4.5,14201891,52,100000000,Free,0,Everyone,Sports,2018-07-31,4.0.0,4.0.3 and up
USR01576,GAME,4.5,27725352,76,1000000000,Free,0,Everyone 10+,Arcade,2018-07-12,1.90.0,4.1 and up
USR01577,GAME,4.4,6199095,67,100000000,Free,0,Everyone,Casual,2018-07-10,1.118.4,4.1 and up
USR01578,GAME,4.3,10493,50,1000000,Free,0,Mature 17+,Action,2018-08-01,1.0.8,2.3 and up
USR01579,GAME,4.5,148945,46,10000000,Free,0,Everyone,Casual,2018-07-17,1.20.1,4.0.3 and up
USR01580,GAME,4.7,1351771,,10000000,Free,0,Everyone,Puzzle,2018-07-30,3196,4.1 and up
USR01581,GAME,4.7,1889582,,50000000,Free,0,Everyone,Puzzle,2018-07-23,5423,4.1 and up
USR01582,GAME,4.6,23136735,97,100000000,Free,0,Everyone 10+,Strategy,2018-06-27,2.3.2,4.1 and up
USR01583,GAME,4.6,44893888,98,100000000,Free,0,Everyone 10+,Strategy,2018-07-15,10.322.16,4.1 and up
USR01584,GAME,4.4,7614415,70,100000000,Free,0,Everyone,Casual,2018-07-26,5.1.8,2.3 and up
USR01585,GAME,4.4,4067651,69,100000000,Free,0,Everyone 10+,Strategy,2018-07-06,2.2.00,4.1 and up
USR01586,GAME,4.7,295576,3.9,10000000,Free,0,Everyone,Word,2018-06-06,1.1.3,3.0 and up
USR01587,GAME,4.6,59907,7.8,5000000,Free,0,Everyone,Puzzle,2018-03-06,2.9,2.3 and up
USR01588,GAME,4.5,10460,18,1000000,Free,0,Everyone,Arcade,2018-07-11,2.2.3181,4.0 and up
USR01589,GAME,4.3,10486018,24,500000000,Free,0,Everyone,Casual,2018-05-25,1.4.77,4.0 and up
USR01590,GAME,4.3,8119151,62,500000000,Free,0,Everyone,Action,2018-07-05,1.49.1,4.0 and up
USR01591,GAME,4.3,1295625,11,100000000,Free,0,Everyone,Puzzle,2018-04-11,4,4.1 and up
USR01592,GAME,4.6,3093932,,10000000,Free,0,Everyone,Casual,2018-07-13,1.8.0.900,4.0.3 and up
USR01593,GAME,4.8,230849,87,10000000,Free,0,Everyone,Word,2018-08-02,1.0.47,4.1 and up
USR01594,GAME,4.5,9883367,99,100000000,Free,0,Everyone,Casual,2018-07-03,3.7.2.51,4.1 and up
USR01595,GAME,4.4,5235294,,100000000,Free,0,Everyone,Action,2017-11-14,Varies with device,2.3 and up
USR01596,GAME,4.5,3198176,82,100000000,Free,0,Everyone,Arcade,2018-07-12,2.8.0,4.0.3 and up
USR01597,GAME,4.5,10055521,94,100000000,Free,0,Everyone,Casual,2018-06-28,1_39_93,4.0.3 and up
USR01598,GAME,4.6,4129665,,50000000,Free,0,Everyone,Casual,2018-07-13,2.6.2,4.0.3 and up
USR01599,GAME,4.6,2158580,,10000000,Free,0,Everyone,Puzzle,2018-07-19,2.21.5,4.0.3 and up
USR01600,GAME,4.6,506593,,10000000,Free,0,Everyone,Arcade,2018-08-01,5.66,4.1 and up
USR01601,GAME,4.6,5419676,96,100000000,Free,0,Everyone,Sports,2018-06-13,1.751,4.4 and up
USR01602,GAME,4.7,990723,75,10000000,Free,0,Everyone,Action,2018-05-24,1.0.27,4.1 and up
USR01603,GAME,4.5,592504,,50000000,Free,0,Everyone,Music,2018-08-03,5.13.007,4.1 and up
USR01604,GAME,4.5,21892,14,1000000,Free,0,Everyone,Puzzle,2017-12-29,1.3,4.0 and up
USR01605,GAME,4.5,1138239,59,50000000,Free,0,Teen,Arcade,2018-05-29,1.4.0.1,4.0 and up
USR01606,GAME,4.6,9883806,74,100000000,Free,0,Everyone,Sports,2018-07-16,5.064,4.4 and up
USR01607,GAME,4.5,197540,29,10000000,Free,0,Everyone,Puzzle,2018-07-16,79,4.1 and up
USR01608,GAME,4.4,74695,17,10000000,Free,0,Everyone,Casual,2018-07-06,3.3.3179,4.0.3 and up
USR01609,GAME,4.4,5566889,97,100000000,Free,0,Everyone,Arcade,2018-05-24,7.9.3,4.1 and up
USR01610,GAME,4.6,2698882,78,100000000,Free,0,Everyone,Action,2018-07-31,2.8.2.59,4.1 and up
USR01611,GAME,4.7,1535973,,50000000,Free,0,Teen,Action,2018-07-23,2.12.5,4.1 and up
USR01612,GAME,4.5,14892469,,500000000,Free,0,Everyone,Casual,2018-07-19,4.8.0.132,4.1 and up
USR01613,GAME,4.4,8923818,63,100000000,Free,0,Everyone,Racing,2018-07-02,1.37.2,4.2 and up
USR01614,GAME,4.6,7674252,,100000000,Free,0,Mature 17+,Action,2018-08-02,Varies with device,Varies with device
USR01615,GAME,4.7,1125438,25,10000000,Free,0,Everyone,Puzzle,2018-07-17,3.9.2,4.3 and up
USR01616,GAME,4.6,29445,29,5000000,Free,0,Everyone,Casual,2018-05-11,14,4.0.3 and up
USR01617,GAME,4.5,655145,72,10000000,Free,0,Teen,Arcade,2017-07-17,1.2.1,4.0.3 and up
USR01618,GAME,4.4,4921451,,100000000,Free,0,Everyone 10+,Arcade,2018-06-15,Varies with device,Varies with device
USR01619,GAME,4.5,5476569,53,100000000,Free,0,Teen,Action,2018-08-03,1.21.0,4.0.3 and up
USR01620,GAME,4.3,1083571,,50000000,Free,0,Everyone,Arcade,2018-07-20,Varies with device,Varies with device
USR01621,GAME,4.2,1500999,33,100000000,Free,0,Everyone,Action,2018-04-09,1.0.6,4.1 and up
USR01622,GAME,4.5,4230886,60,100000000,Free,0,Everyone,Action,2018-08-01,3.1.0,5.0 and up
USR01623,GAME,4.3,8119154,62,500000000,Free,0,Everyone,Action,2018-07-05,1.49.1,4.0 and up
USR01624,GAME,4.6,2698889,78,100000000,Free,0,Everyone,Action,2018-07-31,2.8.2.59,4.1 and up
USR01625,GAME,4.7,990663,75,10000000,Free,0,Everyone,Action,2018-05-24,1.0.27,4.1 and up
USR01626,GAME,4.4,2119218,70,50000000,Free,0,Everyone 10+,Action,2018-06-29,3.0.1,4.1 and up
USR01627,GAME,4.6,1327265,99,50000000,Free,0,Teen,Racing,2017-04-12,1.3,2.3.3 and up
USR01628,GAME,4.5,184210,99,10000000,Free,0,Everyone,Action,2018-07-30,1.0.6,4.4 and up
USR01629,GAME,4.3,1003269,,50000000,Free,0,Teen,Action,2018-07-05,Varies with device,4.4 and up
USR01630,GAME,4.5,1242855,27,50000000,Free,0,Teen,Action,2018-07-18,3.0.0,4.2 and up
USR01631,GAME,4.5,401425,70,10000000,Free,0,Everyone,Action,2017-04-12,1.6.1,4.0.3 and up
USR01632,GAME,4.6,10979062,88,100000000,Free,0,Everyone 10+,Action,2018-07-02,1.9.38,3.0 and up
USR01633,GAME,4.6,515657,63,10000000,Free,0,Everyone,Action,2018-06-05,1.7.1,4.0 and up
USR01634,GAME,4.3,955656,82,10000000,Free,0,Teen,Action,2018-06-26,5.1.2,3.0 and up
USR01635,GAME,4.5,1468591,,50000000,Free,0,Mature 17+,Action,2018-07-23,Varies with device,Varies with device
USR01636,GAME,4.7,725897,31,10000000,Free,0,Teen,Action,2018-08-03,1.8.20,4.1 and up
USR01637,GAME,4.5,549039,23,50000000,Free,0,Teen,Action,2018-08-03,1.1.5,2.3 and up
USR01638,GAME,4.7,1559650,,50000000,Free,0,Everyone,Action,2018-07-09,2.11.1,4.1 and up
USR01639,GAME,4.7,292164,59,10000000,Free,0,Everyone 10+,Action,2018-08-01,1.8.4,4.1 and up
USR01640,GAME,4.6,520962,39,10000000,Free,0,Teen,Action,2017-06-28,108,4.0 and up
USR01641,GAME,4.4,1381820,54,10000000,Free,0,Teen,Action,2017-03-14,3.1.1,3.0 and up
USR01642,GAME,4.3,525517,48,10000000,Free,0,Everyone,Action;Action & Adventure,2017-10-15,1.2.3,2.3 and up
USR01643,GAME,4.5,696,,100000,Free,0,Everyone,Action,2018-07-05,1.1.7,4.1 and up
USR01644,GAME,4.3,194969,30,10000000,Free,0,Everyone 10+,Action,2018-01-29,1.4.0,4.1 and up
USR01645,GAME,4.4,327599,66,10000000,Free,0,Teen,Action,2017-07-28,2.4.2,2.3.3 and up
USR01646,GAME,4.2,3816799,32,100000000,Free,0,Everyone,Action,2018-07-23,2.2.8,4.0.3 and up
USR01647,GAME,4.3,10538,50,1000000,Free,0,Mature 17+,Action,2018-08-01,1.0.8,2.3 and up
USR01648,GAME,4.4,105620,61,1000000,Free,0,Everyone 10+,Action,2018-07-16,0.5.8,4.1 and up
USR01649,GAME,4.7,37139,49,1000000,Free,0,Everyone 10+,Action,2018-01-24,8,4.1 and up
USR01650,GAME,4.2,147791,38,5000000,Free,0,Teen,Action,2018-07-26,1.3,5.0 and up
USR01651,GAME,4.1,347883,20,10000000,Free,0,Everyone,Action,2018-03-16,1.2.7,4.0.3 and up
USR01652,GAME,4.5,343263,,10000000,Free,0,Everyone 10+,Action,2018-08-06,1.2.6,4.0.3 and up
USR01653,GAME,4.5,216849,,10000000,Free,0,Everyone,Action;Action & Adventure,2018-07-16,Varies with device,Varies with device
USR01654,GAME,4.5,354373,66,10000000,Free,0,Everyone 10+,Action,2017-10-12,1.2.7,4.1 and up
USR01655,GAME,4.1,753043,57,100000000,Free,0,Teen,Action,2018-08-01,1.15.2,4.0.3 and up
USR01656,GAME,4.3,43055,95,5000000,Free,0,Everyone,Action;Action & Adventure,2018-06-29,2.8.0,4.0 and up
USR01657,GAME,4.5,80678,,5000000,Free,0,Mature 17+,Action,2018-05-25,Varies with device,Varies with device
USR01658,GAME,4.4,153381,,10000000,Free,0,Teen,Action,2018-06-18,1.11.2,4.1 and up
USR01659,GAME,4.5,559,32,100000,Free,0,Everyone 10+,Action,2018-08-03,1.0.7,4.0 and up
USR01660,GAME,4.6,3073251,33,50000000,Free,0,Everyone 10+,Action,2018-07-25,4.1.1,4.1 and up
USR01661,GAME,4,26649,66,5000000,Free,0,Teen,Action,2018-08-05,1.2,4.2 and up
USR01662,GAME,4.3,2151039,75,50000000,Free,0,Teen,Action,2018-08-01,2.6.61,4.0.3 and up
USR01663,GAME,4.5,306764,29,10000000,Free,0,Everyone,Trivia,2018-08-03,6.2,4.0.3 and up
USR01664,GAME,4.2,1500622,33,100000000,Free,0,Everyone,Action,2018-04-09,1.0.6,4.1 and up
USR01665,GAME,4.5,14201604,52,100000000,Free,0,Everyone,Sports,2018-07-31,4.0.0,4.0.3 and up
USR01666,GAME,4.6,280098,50,10000000,Free,0,Everyone,Arcade,2018-07-20,2.11.2,4.0.3 and up
USR01667,GAME,4.5,148990,46,10000000,Free,0,Everyone,Casual,2018-07-17,1.20.1,4.0.3 and up
USR01668,GAME,4.7,154264,12,10000000,Free,0,Everyone,Card,2018-06-08,Varies with device,Varies with device
USR01669,GAME,4.5,26985,41,5000000,Free,0,Everyone,Casual,2018-06-04,1.9.1,4.0.3 and up
USR01670,GAME,4.5,1125438,63,10000000,Free,0,Everyone,Casual,2018-07-05,57.0.8,4.0.3 and up
USR01671,GAME,4.5,5387781,53,100000000,Free,0,Everyone,Racing,2018-02-27,2.5,4.1 and up
USR01672,GAME,4.4,8923847,63,100000000,Free,0,Everyone,Racing,2018-07-02,1.37.2,4.2 and up
USR01673,GAME,4.6,1327269,99,50000000,Free,0,Teen,Racing,2017-04-12,1.3,2.3.3 and up
USR01674,GAME,4.3,23043,,5000000,Free,0,Everyone,Arcade,2018-07-25,3.5,4.1 and up
USR01675,GAME,4.4,42145,20,10000000,Free,0,Everyone,Casual;Brain Games,2018-07-04,2.9.3181,4.0.3 and up
USR01676,GAME,4.7,990796,75,10000000,Free,0,Everyone,Action,2018-05-24,1.0.27,4.1 and up
USR01677,GAME,4.7,171448,13,10000000,Free,0,Teen,Puzzle,2018-08-03,1.0.109,4.0 and up
USR01678,GAME,4.4,2610680,46,100000000,Free,0,Everyone,Arcade,2018-07-03,2.6.9,4.1 and up
USR01679,GAME,4.3,1300619,78,50000000,Free,0,Everyone,Puzzle,2018-07-20,2.1.10,4.0 and up
USR01680,GAME,4.4,2123793,49,100000000,Free,0,Everyone,Puzzle,2018-07-05,3.7.2,4.1 and up
USR01681,GAME,4.5,6074627,100,100000000,Free,0,Teen,Arcade,2018-07-25,6.0.0,4.1 and up
USR01682,GAME,4.4,104303,,10000000,Free,0,Everyone,Arcade,2018-08-02,3.15,4.1 and up
USR01683,GAME,4.4,5566908,97,100000000,Free,0,Everyone,Arcade,2018-05-24,7.9.3,4.1 and up
USR01684,GAME,4.6,1480182,,10000000,Free,0,Everyone,Casual,2018-08-02,5.8.1,Varies with device
USR01685,GAME,4.6,2750645,,100000000,Free,0,Everyone,Racing,2018-08-02,1.17.2,4.2 and up
USR01686,GAME,4.4,47644,15,5000000,Free,0,Everyone,Puzzle,2018-06-15,2.4.2,4.0 and up
USR01687,GAME,4.6,125647,33,10000000,Free,0,Everyone,Casual,2018-07-23,60,4.1 and up
USR01688,GAME,4.2,4355,,1000000,Free,0,Everyone,Casual,2017-07-17,1.6,2.3 and up
USR01689,GAME,4.4,2119235,70,50000000,Free,0,Everyone 10+,Action,2018-06-29,3.0.1,4.1 and up
USR01690,GAME,4.6,214878,10,10000000,Free,0,Everyone,Board,2018-08-03,2.0.4,4.1 and up
USR01691,GAME,4.6,811040,77,10000000,Free,0,Teen,Strategy,2018-05-10,1.7.04,4.4 and up
USR01692,GAME,4.7,1536349,,50000000,Free,0,Teen,Action,2018-07-23,2.12.5,4.1 and up
USR01693,GAME,4.2,17044,4.9,5000000,Free,0,Everyone,Puzzle,2018-04-13,2.9,2.3.3 and up
USR01694,GAME,4.6,155186,,10000000,Free,0,Everyone,Puzzle,2018-08-03,1.3.35,4.1 and up
USR01695,GAME,4.7,1125566,25,10000000,Free,0,Everyone,Puzzle,2018-07-17,3.9.2,4.3 and up
USR01696,GAME,4.3,34494,23,5000000,Free,0,Everyone 10+,Arcade,2018-07-11,2.5.3182,2.3 and up
USR01697,GAME,4.6,260651,51,10000000,Free,0,Everyone,Arcade,2018-02-14,1.1,4.0 and up
USR01698,GAME,4.4,4638163,96,100000000,Free,0,Everyone 10+,Arcade,2018-07-19,1.10.12,4.1 and up
USR01699,GAME,4.4,4921409,,100000000,Free,0,Everyone 10+,Arcade,2018-06-15,Varies with device,Varies with device
USR01700,GAME,4.5,1468638,,50000000,Free,0,Mature 17+,Action,2018-07-23,Varies with device,Varies with device
USR01701,GAME,4.2,344585,,50000000,Free,0,Everyone,Word,2018-07-02,Varies with device,Varies with device
USR01702,GAME,4.4,7614407,70,100000000,Free,0,Everyone,Casual,2018-07-26,5.1.8,2.3 and up
USR01703,GAME,4.3,234110,38,50000000,Free,0,Everyone,Racing,2016-11-22,1,2.3.3 and up
USR01704,GAME,4.7,48615,24,10000000,Free,0,Everyone,Simulation;Action & Adventure,2018-05-22,1.4.12,4.1 and up
USR01705,FAMILY,4.5,470694,,50000000,Free,0,Everyone,Entertainment;Music & Video,2018-08-03,3.43.3,4.1 and up
USR01706,FAMILY,4.4,42145,20,10000000,Free,0,Everyone,Casual;Brain Games,2018-07-04,2.9.3181,4.0.3 and up
USR01707,FAMILY,4.5,4449910,67,100000000,Free,0,Everyone 10+,Adventure;Action & Adventure,2018-07-31,2.347.225742,4.1 and up
USR01708,FAMILY,4.4,14774,19,1000000,Free,0,Everyone,Casual;Brain Games,2018-07-23,1.9.3901,4.0.3 and up
USR01709,FAMILY,4.4,12753,51,5000000,Free,0,Everyone,Educational;Creativity,2018-07-17,1.49,4.0.3 and up
USR01710,FAMILY,4.5,33983,22,5000000,Free,0,Everyone,Puzzle;Brain Games,2018-08-02,1.24.3181,4.0.3 and up
USR01711,FAMILY,4.6,20267,46,1000000,Free,0,Everyone,Educational;Education,2018-07-16,1.1.6.7,4.1 and up
USR01712,FAMILY,4.5,5761,21,1000000,Free,0,Everyone,Casual;Brain Games,2018-07-04,1.8.3181,4.0.3 and up
USR01713,FAMILY,4.3,11618,39,5000000,Free,0,Everyone,Educational;Education,2018-04-03,2.4,4.1 and up
USR01714,FAMILY,4.7,12948,23,1000000,Free,0,Everyone,Casual;Brain Games,2018-05-24,2.0.3165,2.3 and up
USR01715,FAMILY,4.4,685,26,100000,Free,0,Everyone,Card;Brain Games,2018-07-16,1.7.101,4.1 and up
USR01716,FAMILY,4.5,9779,39,5000000,Free,0,Everyone,Education;Creativity,2018-02-25,1.2.8,4.0 and up
USR01717,FAMILY,4.2,369378,24,50000000,Free,0,Everyone,Casual;Pretend Play,2018-04-17,1.5,4.1 and up
USR01718,FAMILY,4.5,11436,15,1000000,Free,0,Everyone,Casual;Brain Games,2018-04-17,2.2.3169,4.0.3 and up
USR01719,FAMILY,4.5,2150,20,500000,Free,0,Everyone,Casual;Brain Games,2018-02-01,1.0.3122,4.0.3 and up
USR01720,FAMILY,4.7,48615,24,10000000,Free,0,Everyone,Simulation;Action & Adventure,2018-05-22,1.4.12,4.1 and up
USR01721,FAMILY,4.4,382,44,500000,Free,0,Everyone,Education;Creativity,2018-08-01,1.1.0,2.3 and up
USR01722,FAMILY,4.3,24936,38,5000000,Free,0,Everyone,Educational;Education,2018-05-16,3.1,4.1 and up
USR01723,FAMILY,4.6,1109,52,1000000,Free,0,Everyone,Educational;Brain Games,2018-07-18,1.0.6,4.1 and up
USR01724,FAMILY,3.9,974,14,500000,Free,0,Everyone,Art & Design;Pretend Play,2018-01-15,2.0.0,4.0.3 and up
USR01725,FAMILY,4.2,108795,49,10000000,Free,0,Everyone,Educational;Pretend Play,2018-06-15,8.25.10.00,4.0.3 and up
USR01726,FAMILY,4.5,1455,8.9,500000,Free,0,Everyone,Education;Education,2018-02-01,2.7,2.3 and up
USR01727,FAMILY,4.3,1024,,1000000,Free,0,Everyone,Educational;Education,2018-05-28,Varies with device,Varies with device
USR01728,FAMILY,4.5,1014822,56,50000000,Free,0,Everyone,Educational;Pretend Play,2017-06-29,1.2.3-play,4.1 and up
USR01729,FAMILY,4.4,86961,99,10000000,Free,0,Everyone,Casual;Action & Adventure,2018-06-05,2.0.1,4.0.3 and up
USR01730,FAMILY,4.4,7320,10,1000000,Free,0,Everyone,Entertainment;Education,2017-07-07,1.0.1,4.0.3 and up
USR01731,FAMILY,4.8,269194,6.9,10000000,Free,0,Everyone,Entertainment;Brain Games,2018-08-03,Varies with device,Varies with device
USR01732,FAMILY,4.4,59843,20,5000000,Free,0,Everyone,Puzzle;Brain Games,2018-01-09,2.3.3122,2.3 and up
USR01733,FAMILY,4.4,18616,10,1000000,Free,0,Everyone,Casual;Education,2018-08-05,1.0.9,4.0.3 and up
USR01734,FAMILY,4.3,11950,19,5000000,Free,0,Everyone,Educational;Education,2018-07-12,6.1,4.0.3 and up
USR01735,FAMILY,4.6,4289,33,500000,Free,0,Everyone,Casual;Brain Games,2018-07-31,3.5.3183,4.0.3 and up
USR01736,FAMILY,4.1,68286,85,10000000,Free,0,Everyone,Casual;Creativity,2018-07-30,1.3.7,4.1 and up
USR01737,FAMILY,4.5,11716,48,1000000,Free,0,Everyone,Casual;Brain Games,2018-08-03,8.4.3180,4.0 and up
USR01738,FAMILY,4.5,3323,9.6,1000000,Free,0,Everyone,Casual;Pretend Play,2017-07-14,1.0.1,4.0.3 and up
USR01739,FAMILY,4.5,36606,,10000000,Free,0,Everyone,Educational;Education,2018-06-22,Varies with device,4.0 and up
USR01740,FAMILY,4,328619,15,10000000,Free,0,Everyone,Casual;Creativity,2017-10-06,2.2,4.1 and up
USR01741,FAMILY,4.5,10216997,,100000000,Free,0,Everyone 10+,Casual;Action & Adventure,2018-07-12,Varies with device,Varies with device
USR01742,FAMILY,4.6,46741,50,10000000,Free,0,Everyone,Music;Music & Video,2018-08-03,1.73,4.0.3 and up
USR01743,FAMILY,4.5,530854,51,10000000,Free,0,Everyone,Simulation;Action & Adventure,2017-07-17,1.4.4,2.3.3 and up
USR01744,FAMILY,4.5,7050,24,1000000,Free,0,Everyone,Educational;Education,2018-05-27,2,4.0 and up
USR01745,FAMILY,4.5,235906,13,10000000,Free,0,Everyone,Entertainment;Brain Games,2018-07-29,1.2.0,4.1 and up
USR01746,FAMILY,4.4,17753,16,1000000,Free,0,Everyone,Casual;Brain Games,2018-05-25,2.2.3172,4.0.3 and up
USR01747,FAMILY,4.7,6294400,,100000000,Free,0,Everyone,Education;Education,2018-08-01,Varies with device,Varies with device
USR01748,FAMILY,4.5,520609,,10000000,Free,0,Everyone,Racing;Action & Adventure,2018-06-28,Varies with device,4.4 and up
USR01749,FAMILY,4.5,432,63,100000,Free,0,Everyone 10+,Educational;Education,2018-07-27,1.0.89,4.4 and up
USR01750,FAMILY,4.2,32029,15,5000000,Free,0,Everyone,Casual;Pretend Play,2017-11-06,1.2,4.1 and up
USR01751,FAMILY,4.3,4207,26,100000,Free,0,Everyone,Music;Music & Video,2018-07-23,2.180723,4.1 and up
USR01752,FAMILY,4.5,64,81,10000,Free,0,Everyone,Educational;Education,2018-07-18,1.1.2,5.0 and up
USR01753,FAMILY,4.2,96,79,5000,Paid,3.99,Everyone,Educational;Creativity,2018-06-14,1.0.1,4.4 and up
USR01754,FAMILY,4.3,82471,,5000000,Free,0,Everyone,Entertainment;Music & Video,2018-07-05,Varies with device,4.4 and up
USR01755,FAMILY,4.4,496,94,100000,Free,0,Everyone,Education;Education,2018-07-11,1,4.2 and up
USR01756,FAMILY,4.6,29436,43,1000000,Free,0,Everyone,Educational;Education,2018-03-21,2.0.5.0,4.1 and up
USR01757,FAMILY,4.5,19230,45,5000000,Free,0,Everyone,Educational;Brain Games,2018-07-12,8.25.10.01,4.0.3 and up
USR01758,FAMILY,4.2,11126,91,1000000,Free,0,Everyone,Educational;Pretend Play,2018-03-23,1.6.4,4.1 and up
USR01759,FAMILY,4.5,23671,91,1000000,Free,0,Everyone,Arcade;Pretend Play,2018-07-31,1.2.0,4.1 and up
USR01760,FAMILY,4.6,9652,53,1000000,Free,0,Everyone,Educational;Education,2018-07-16,2.0.7.4,4.1 and up
USR01761,FAMILY,4.6,9626,28,1000000,Free,0,Everyone,Action;Action & Adventure,2018-02-07,1.1,4.4 and up
USR01762,FAMILY,4.1,29319,26,5000000,Free,0,Everyone,Casual;Action & Adventure,2018-05-18,2.4,4.4 and up
USR01763,FAMILY,4.5,1791,56,500000,Free,0,Everyone,Education;Education,2018-06-02,5.3.11,5.0 and up
USR01764,FAMILY,4.6,9199,80,500000,Free,0,Everyone,Puzzle;Brain Games,2018-08-03,1.2.7,4.1 and up
USR01765,FAMILY,4.6,14014,60,1000000,Free,0,Everyone,Education;Education,2018-07-06,7.32,4.0.3 and up
USR01766,FAMILY,4.5,110877,,1000000,Free,0,Everyone 10+,Casual;Action & Adventure,2018-03-28,Varies with device,Varies with device
USR01767,FAMILY,4.3,160,67,50000,Free,0,Everyone,Education;Education,2018-06-18,3.4.0,Varies with device
USR01768,FAMILY,3.8,10366,78,1000000,Free,0,Everyone,Education;Pretend Play,2018-07-24,1.2.1,4.1 and up
USR01769,FAMILY,4.5,47644,27,1000000,Free,0,Everyone,Adventure;Action & Adventure,2018-05-31,10.18053,4.0.3 and up
USR01770,FAMILY,4.1,530792,,10000000,Free,0,Everyone,Role Playing;Action & Adventure,2018-05-30,Varies with device,Varies with device
USR01771,FAMILY,4.8,12137,63,100000,Free,0,Everyone 10+,Simulation;Pretend Play,2018-08-06,149,4.1 and up
USR01772,FAMILY,3.9,237,26,100000,Free,0,Everyone,Education;Education,2018-07-12,1.7.2,4.1 and up
USR01773,FAMILY,4.5,6404,46,500000,Free,0,Everyone,Educational;Brain Games,2018-07-16,1.8.3,4.1 and up
USR01774,FAMILY,4.4,6356,83,500000,Free,0,Everyone,Puzzle;Creativity,2018-07-04,1.180702,4.1 and up
USR01775,FAMILY,4.3,169,60,5000,Paid,2.99,Everyone,Educational;Pretend Play,2018-05-25,1.08,4.1 and up
USR01776,FAMILY,4.2,8,44,1000,Paid,3.99,Everyone,Education;Pretend Play,2018-07-09,1.1,4.4 and up
USR01777,FAMILY,3,2,82,500,Paid,2.99,Everyone,Educational;Creativity,2018-06-25,1.5.0,4.1 and up
USR01778,FAMILY,4.5,4450855,67,100000000,Free,0,Everyone 10+,Adventure;Action & Adventure,2018-07-31,2.347.225742,4.1 and up
USR01779,FAMILY,4.7,48701,24,10000000,Free,0,Everyone,Simulation;Action & Adventure,2018-05-22,1.4.12,4.1 and up
USR01780,FAMILY,4.1,15246,78,1000000,Free,0,Everyone,Simulation;Action & Adventure,2017-07-12,3.2.473.202,4.0 and up
USR01781,FAMILY,4.5,520654,,10000000,Free,0,Everyone,Racing;Action & Adventure,2018-06-28,Varies with device,4.4 and up
USR01782,FAMILY,4.5,4076,,100000,Free,0,Everyone,Sports;Action & Adventure,2018-08-01,1.3.3,4.1 and up
USR01783,FAMILY,4.5,530904,51,10000000,Free,0,Everyone,Simulation;Action & Adventure,2017-07-17,1.4.4,2.3.3 and up
USR01784,FAMILY,4.6,106750,94,1000000,Free,0,Everyone,Simulation;Action & Adventure,2018-06-29,1.221,4.1 and up
USR01785,FAMILY,4.3,33785,16,5000000,Free,0,Everyone,Casual;Action & Adventure,2017-12-20,1.3,4.1 and up
USR01786,FAMILY,4.3,4207,93,500000,Free,0,Everyone,Racing;Action & Adventure,2017-08-31,1.1.9,4.1 and up
USR01787,FAMILY,4.5,58795,77,10000000,Free,0,Everyone,Racing;Action & Adventure,2018-05-21,1.6,4.0.3 and up
USR01788,FAMILY,4.2,3235,32,1000000,Free,0,Everyone,Educational;Action & Adventure,2018-06-20,8.25.10.00,4.0.3 and up
USR01789,FAMILY,4.2,47031,58,1000000,Free,0,Everyone,Simulation;Action & Adventure,2018-07-30,3.2.4,4.4 and up
USR01790,FAMILY,4.4,131,48,100000,Free,0,Everyone,Racing;Action & Adventure,2018-06-13,1.1.1,4.2 and up
USR01791,FAMILY,4.5,114,69,50000,Free,0,Everyone,Racing;Action & Adventure,2018-06-13,1.4.3,4.2 and up
USR01792,FAMILY,4.1,673203,73,50000000,Free,0,Everyone,Educational;Action & Adventure,2018-01-19,6.7.5222,4.1 and up
USR01793,FAMILY,4.2,2178,99,500000,Free,0,Everyone,Racing;Action & Adventure,2017-08-23,1.0.8,4.1 and up
USR01794,FAMILY,4.1,175625,16,10000000,Free,0,Everyone,Racing;Action & Adventure,2017-11-22,1.4,4.1 and up
USR01795,FAMILY,4.7,8508,54,500000,Free,0,Everyone 10+,Arcade;Action & Adventure,2018-08-02,1.1.23,4.0.3 and up
USR01796,FAMILY,4.3,3484,56,1000000,Free,0,Everyone,Entertainment;Action & Adventure,2017-03-07,1.0.1,4.0 and up
USR01797,FAMILY,4.4,379415,68,10000000,Free,0,Everyone,Casual;Action & Adventure,2018-06-26,1.28.01,4.1 and up
USR01798,FAMILY,4.4,19245,25,1000000,Free,0,Everyone,Casual;Action & Adventure,2018-03-28,1.3,4.1 and up
USR01799,FAMILY,4.3,24877,54,5000000,Free,0,Everyone,Puzzle;Action & Adventure,2018-06-20,2.1.6579,4.1 and up
USR01800,FAMILY,4.4,765,51,1000000,Free,0,Everyone,Education;Action & Adventure,2017-01-19,1.0.9,2.3 and up
USR01801,FAMILY,4.3,10088,,1000000,Free,0,Everyone,Casual;Action & Adventure,2018-03-08,Varies with device,4.1 and up
USR01802,FAMILY,4.3,525552,48,10000000,Free,0,Everyone,Action;Action & Adventure,2017-10-15,1.2.3,2.3 and up
USR01803,FAMILY,4.2,3762,44,1000000,Free,0,Everyone,Education;Action & Adventure,2018-07-02,1.47,4.3 and up
USR01804,FAMILY,4.2,141363,8.7,10000000,Free,0,Everyone,Casual;Action & Adventure,2018-01-21,1.20.2,2.3 and up
USR01805,FAMILY,4.3,472584,91,10000000,Free,0,Everyone,Simulation;Action & Adventure,2018-08-02,3.2.0h,4.0.3 and up
USR01806,FAMILY,4.3,1329192,97,50000000,Free,0,Everyone,Racing;Action & Adventure,2017-10-04,2.1.20,2.3.3 and up
USR01807,FAMILY,4.1,148295,26,10000000,Free,0,Everyone,Casual;Action & Adventure,2018-03-05,1.6,4.1 and up
USR01808,FAMILY,4.2,41273,16,5000000,Free,0,Everyone,Adventure;Action & Adventure,2018-07-05,1.5,4.1 and up
USR01809,FAMILY,4.5,278,,100000,Free,0,Everyone,Racing;Action & Adventure,2018-07-11,3.49,4.2 and up
USR01810,FAMILY,4.3,392596,53,10000000,Free,0,Everyone,Role Playing;Action & Adventure,2016-07-22,37893,4.0 and up
USR01811,FAMILY,4.3,43060,95,5000000,Free,0,Everyone,Action;Action & Adventure,2018-06-29,2.8.0,4.0 and up
USR01812,FAMILY,4.5,514088,83,10000000,Free,0,Everyone,Arcade;Action & Adventure,2018-05-30,3.200.18289,4.4 and up
USR01813,FAMILY,4.1,41867,78,1000000,Free,0,Everyone,Racing;Action & Adventure,2017-05-18,1.4.2.1,2.3.3 and up
USR01814,FAMILY,4.5,1014846,56,50000000,Free,0,Everyone,Educational;Pretend Play,2017-06-29,1.2.3-play,4.1 and up
USR01815,FAMILY,4.2,23060,21,1000000,Free,0,Everyone,Educational;Education,2018-07-26,1.19,4.1 and up
USR01816,FAMILY,4.4,112080,26,10000000,Free,0,Everyone,Casual;Pretend Play,2018-07-26,1.24,4.1 and up
USR01817,FAMILY,4,15489,60,1000000,Free,0,Everyone,Casual;Pretend Play,2017-10-11,2.4.9,4.0 and up
USR01818,FAMILY,4.1,51895,22,10000000,Free,0,Everyone,Educational;Brain Games,2018-06-16,18.1,4.2 and up
USR01819,FAMILY,4.4,623398,58,10000000,Free,0,Everyone,Puzzle;Brain Games,2017-08-31,1.22.0,4.0.3 and up
USR01820,FAMILY,4.1,66661,22,5000000,Free,0,Everyone,Casual;Pretend Play,2018-02-02,5.2,4.1 and up
USR01821,FAMILY,4,10447,36,1000000,Free,0,Everyone,Simulation;Action & Adventure,2016-02-18,1.0.4,2.3 and up
USR01822,FAMILY,4.3,1574197,37,50000000,Free,0,Everyone,Puzzle;Action & Adventure,2018-07-27,6.7.0,4.2 and up
USR01823,FAMILY,4.6,19170,70,1000000,Free,0,Everyone,Strategy;Action & Adventure,2017-03-15,1.4.2,4.0.3 and up
USR01824,FAMILY,4.3,169609,34,10000000,Free,0,Everyone,Arcade;Action & Adventure,2018-06-13,3.6.1,4.1 and up
USR01825,FAMILY,4.7,6188,49,500000,Free,0,Everyone 10+,Entertainment;Music & Video,2018-04-03,1.6.4,4.1 and up
USR01826,FAMILY,4.3,1369,9.8,500000,Free,0,Everyone,Music & Audio;Music & Video,2016-03-05,1.0.3,2.3 and up
USR01827,FAMILY,4.4,2952,37,500000,Free,0,Everyone,Education;Education,2018-06-19,1.2.0,5.1 and up
USR01828,FAMILY,4.2,731,,100000,Free,0,Everyone,Educational;Education,2018-07-28,3.7.2.7,4.2 and up
USR01829,FAMILY,4.7,9856,55,100000,Free,0,Everyone,Health & Fitness;Education,2016-02-02,1.1.1,4.0 and up
USR01830,FAMILY,3.9,10753,84,1000000,Free,0,Everyone,Educational;Education,2018-07-23,2.5.6,4.1 and up
USR01831,FAMILY,4.1,154,16,10000,Free,0,Everyone,Educational;Education,2017-01-13,2.0.0,4.1 and up
USR01832,FAMILY,4.1,288523,92,10000000,Free,0,Everyone,Adventure;Education,2018-05-08,2.7.4,4.0 and up
USR01833,FAMILY,4.1,4522,57,500000,Free,0,Everyone,Educational;Education,2018-06-21,2.19.01,4.1 and up
USR01834,FAMILY,4.2,3328,,100000,Paid,3.99,Everyone,Education;Creativity,2017-07-13,Varies with device,Varies with device
USR01835,FAMILY,4.7,31100,24,500000,Paid,3.99,Everyone,Education;Pretend Play,2018-07-06,1.5-play,4.4 and up
USR01836,FAMILY,4.4,854,6.9,10000,Paid,4.99,Everyone,Casual;Pretend Play,2015-12-01,Varies with device,4.0.3 and up
USR01837,FAMILY,4.3,560,44,10000,Paid,3.99,Everyone,Casual;Education,2015-06-17,2.0.1,2.3 and up
USR01838,FAMILY,4.5,197,11,1000,Paid,2.99,Everyone,Casual;Action & Adventure,2017-03-23,4.0.2,2.3 and up
USR01839,FAMILY,4.3,63186,16,10000000,Free,0,Everyone,Puzzle;Brain Games,2018-07-12,7.5,4.0.3 and up
USR01840,FAMILY,4.3,23772,17,5000000,Free,0,Everyone,Board;Brain Games,2017-08-02,1.15.3028.0,2.3 and up
USR01841,FAMILY,4.1,6007,18,1000000,Free,0,Everyone,Board;Action & Adventure,2017-07-03,1.6.3028.0,2.3 and up
USR01842,FAMILY,4.1,2903,16,1000000,Free,0,Everyone,Board;Brain Games,2018-07-05,5.2,4.1 and up
USR01843,FAMILY,4.1,3617,19,1000000,Free,0,Everyone,Board;Brain Games,2018-07-24,4.0.2,4.1 and up
USR01844,FAMILY,4.6,3063,1.6,100000,Free,0,Everyone,Board;Brain Games,2018-05-24,2.9.7,3.0 and up
USR01845,FAMILY,4.1,3234,47,100000,Free,0,Everyone,Puzzle;Brain Games,2018-05-15,2.2.3,4.1 and up
USR01846,FAMILY,4.4,276,16,50000,Free,0,Everyone,Puzzle;Brain Games,2017-09-12,1.2.16,2.3 and up
USR01847,FAMILY,4.4,1595,14,500000,Free,0,Everyone,Puzzle;Brain Games,2018-07-04,2.8,4.0.3 and up
USR01848,FAMILY,4.3,879,,100000,Free,0,Everyone,Board;Brain Games,2018-05-22,1.1.0,4.1 and up
USR01849,FAMILY,4,68559,75,5000000,Free,0,Everyone,Board;Action & Adventure,2018-07-31,1.19.56.434,4.4 and up
USR01850,FAMILY,4.8,61,25,1000,Free,0,Everyone,Casual;Brain Games,2017-01-26,0.1.0,4.0 and up
USR01851,FAMILY,3.8,1123,5.7,100000,Free,0,Everyone,Board;Brain Games,2016-09-08,4.2,2.3 and up
USR01852,FAMILY,4.7,30,,1000,Paid,7.49,Everyone,Educational;Education,2018-05-16,Varies with device,Varies with device
USR01853,FAMILY,4.5,566,17,50000,Free,0,Everyone,Board;Brain Games,2018-06-13,20180609,4.0 and up
USR01854,FAMILY,4.8,97,3.5,1000,Paid,2.99,Everyone,Board;Brain Games,2018-03-30,2.4.15,4.0 and up
USR01855,FAMILY,4.4,38,16,100,Paid,0.99,Everyone,Board;Brain Games,2018-06-14,20180609,4.0 and up
USR01856,FAMILY,4.8,4,42,100,Paid,0.99,Everyone,Board;Pretend Play,2015-09-03,1.1,5.1 and up
USR01857,FAMILY,4.2,38,47,1000,Paid,0.99,Everyone,Casual;Pretend Play,2014-11-14,1.2,2.3.3 and up
USR01858,FAMILY,4.2,214,67,5000,Paid,4.99,Everyone,Board;Brain Games,2017-12-13,3.3.1,4.1 and up
USR01859,FAMILY,4,248,26,5000,Paid,2.99,Everyone,Board;Action & Adventure,2018-07-24,1.6,4.1 and up
USR01860,FAMILY,4.7,185,72,1000,Paid,4.99,Everyone,Board;Brain Games,2018-05-01,1.16.5,4.1 and up
USR01861,FAMILY,4.7,2195,37,10000,Paid,2.99,Everyone,Board;Brain Games,2016-08-02,1.3.3,2.3 and up
USR01862,FAMILY,3.9,1615,1.2,10000,Paid,4.99,Everyone,Board;Brain Games,2016-02-09,1.0.3,4.0 and up
USR01863,FAMILY,4.5,359,17,5000,Paid,4.99,Everyone,Board;Brain Games,2015-08-12,2.0.5,2.3 and up
USR01864,FAMILY,4.1,38021,19,10000000,Free,0,Everyone,Casual;Music & Video,2018-07-06,18.2,4.0.3 and up
USR01865,FAMILY,4.4,6190,23,1000000,Free,0,Everyone,Educational;Education,2015-08-24,1.7.1,4.0 and up
USR01866,FAMILY,3.9,6903,25,1000000,Free,0,Everyone,Educational;Pretend Play,2018-01-31,2.0.7,2.3 and up
USR01867,FAMILY,4.4,13155,83,1000000,Free,0,Everyone,Education;Pretend Play,2016-06-16,1.3,4.0.3 and up
USR01868,FAMILY,3.6,418,97,100000,Free,0,Everyone,Educational;Education,2016-11-07,1.0.3,4.0.3 and up
USR01869,FAMILY,4.4,1160,37,100000,Free,0,Everyone,Education;Music & Video,2013-05-22,1,2.2 and up
USR01870,FAMILY,4.1,59917,92,5000000,Free,0,Everyone,Education;Pretend Play,2018-07-31,2.3,4.4 and up
USR01871,FAMILY,3.6,1042,48,100000,Free,0,Everyone,Role Playing;Pretend Play,2017-08-04,2.5,4.3 and up
USR01872,FAMILY,4.6,73,12,1000,Paid,2.99,Everyone,Education;Pretend Play,2018-05-21,1.7.0,4.0.3 and up
USR01873,FAMILY,4.3,382,15,10000,Paid,2.99,Everyone,Education;Action & Adventure,2017-03-07,2.6,2.3 and up
USR01874,FAMILY,4.5,253,83,10000,Paid,3.99,Everyone,Education;Pretend Play,2016-10-28,1.1,4.0.3 and up
USR01875,FAMILY,4.4,3396,9.5,50000,Paid,3.99,Everyone,Casual;Pretend Play,2014-12-09,1.8,4.0 and up
USR01876,FAMILY,4.5,4450890,67,100000000,Free,0,Everyone 10+,Adventure;Action & Adventure,2018-07-31,2.347.225742,4.1 and up
USR01877,FAMILY,4.1,182173,,10000000,Free,0,Everyone,Entertainment;Music & Video,2018-07-30,Varies with device,Varies with device
USR01878,FAMILY,4.5,470713,,50000000,Free,0,Everyone,Entertainment;Music & Video,2018-08-03,3.43.3,4.1 and up
USR01879,FAMILY,4.1,59729,,10000000,Free,0,Everyone,Racing;Action & Adventure,2018-06-27,3.46,4.2 and up
USR01880,FAMILY,3.9,133117,63,5000000,Free,0,Everyone,Casual;Pretend Play,2018-07-12,2.6,4.1 and up
USR01881,FAMILY,4.1,47213,14,5000000,Free,0,Everyone,Entertainment;Pretend Play,2017-12-09,1.8,4.2 and up
USR01882,FAMILY,3.9,95537,58,10000000,Free,0,Everyone,Educational;Education,2018-07-13,2.2.54,4.4 and up
USR01883,FAMILY,4.1,66660,22,5000000,Free,0,Everyone,Casual;Pretend Play,2018-02-02,5.2,4.1 and up
USR01884,FAMILY,4.2,51838,15,5000000,Free,0,Everyone,Casual;Creativity,2017-11-21,1.6,4.1 and up
USR01885,FAMILY,4.7,6294397,,100000000,Free,0,Everyone,Education;Education,2018-08-01,Varies with device,Varies with device
USR01886,FAMILY,3.8,36028,50,5000000,Free,0,Everyone,Educational;Education,2018-07-02,1.3.51,4.4 and up
USR01887,FAMILY,4.3,528745,59,10000000,Free,0,Everyone,Educational;Pretend Play,2018-07-26,1.38.0,4.1 and up
USR01888,FAMILY,3.9,44062,54,1000000,Free,0,Everyone,Casual;Pretend Play,2016-12-30,1.3,4.0.3 and up
USR01889,FAMILY,4,79667,,10000000,Free,0,Everyone,Racing;Action & Adventure,2018-08-03,3.52,4.2 and up
USR01890,FAMILY,4,20763,,5000000,Free,0,Everyone,Educational;Education,2018-03-06,3.6.17,2.3 and up
USR01891,FAMILY,4.3,1574204,37,50000000,Free,0,Everyone,Puzzle;Action & Adventure,2018-07-27,6.7.0,4.2 and up
USR01892,FAMILY,4.2,123322,25,10000000,Free,0,Everyone 10+,Entertainment;Music & Video,2018-01-24,2.0.8,4.4 and up
USR01893,FAMILY,4,8126,61,1000000,Free,0,Everyone,Entertainment;Brain Games,2018-07-31,1.1.1,6.0 and up
USR01894,FAMILY,4.3,50887,91,5000000,Free,0,Everyone,Education;Education,2018-07-03,7.2.0,4.4 and up
USR01895,FAMILY,4.3,63160,17,1000000,Free,0,Everyone,Simulation;Pretend Play,2016-07-22,1.0.0,2.3 and up
USR01896,FAMILY,4.2,28737,17,1000000,Free,0,Everyone,Casual;Action & Adventure,2016-02-05,1,2.3 and up
USR01897,FAMILY,4.3,45579,64,1000000,Free,0,Everyone,Arcade;Action & Adventure,2016-04-14,1.1.0,4.0 and up
USR01898,FAMILY,4.2,19720,41,1000000,Free,0,Everyone,Education;Education,2017-11-07,1.35.23,4.0 and up
USR01899,FAMILY,4.6,361970,58,5000000,Free,0,Everyone,Casual;Pretend Play,2018-08-02,28.0.14,4.1 and up
USR01900,FAMILY,4.1,159619,23,5000000,Free,0,Everyone,Video Players & Editors;Creativity,2018-07-17,6.14.091,4.3 and up
USR01901,FAMILY,4.5,354384,71,10000000,Free,0,Everyone,Racing;Action & Adventure,2018-07-02,6.4.0,4.1 and up
USR01902,FAMILY,4.4,272321,,10000000,Free,0,Everyone,Education;Brain Games,2018-08-03,3.14.15,5.0 and up
USR01903,FAMILY,4.5,2376564,,10000000,Paid,6.99,Everyone 10+,Arcade;Action & Adventure,2018-07-24,1.5.2.1,Varies with device
USR01904,FAMILY,4.3,129603,23,1000000,Paid,2.99,Everyone 10+,Card;Action & Adventure,2016-02-11,1.11.0,2.3.3 and up
USR01905,MEDICAL,4.2,1135,12,100000,Paid,9,Everyone,Medical,2018-07-16,2.0.7,4.0 and up
USR01906,MEDICAL,4.4,578,0.688,10000,Paid,0.99,Everyone,Medical,2014-11-30,7.0.1,2.2 and up
USR01907,MEDICAL,4.6,129,2.9,10000,Paid,5.49,Everyone,Medical,2018-04-06,3.0.1.0,4.1 and up
USR01908,MEDICAL,4.5,63,25,10000,Paid,9.99,Everyone,Medical,2016-10-03,2.1.1,2.2 and up
USR01909,MEDICAL,4.8,216,,10000,Paid,6.99,Everyone,Medical,2017-06-17,Varies with device,Varies with device
USR01910,MEDICAL,4.5,171,20,10000,Paid,10,Everyone 10+,Medical,2017-09-21,1.8.3,4.1 and up
USR01911,MEDICAL,3.2,45,21,5000,Paid,3.99,Everyone,Medical,2017-11-15,2.0.1,6.0 and up
USR01912,MEDICAL,4.6,717,5.4,5000,Paid,5.99,Everyone,Medical,2018-05-31,6.5.0,5.0 and up
USR01913,MEDICAL,4.5,2921,25,100000,Paid,24.99,Everyone,Medical,2018-05-25,2018.5.47,5.0 and up
USR01914,MEDICAL,4.1,1533,42,50000,Paid,11.99,Mature 17+,Medical,2014-08-07,1.1.3,4.0.3 and up
USR01915,MEDICAL,4.6,92,32,1000,Paid,79.99,Everyone,Medical,2018-06-18,19,4.0.3 and up
USR01916,MEDICAL,4.5,199,1.8,10000,Paid,11.99,Everyone,Medical,2018-06-27,3.0.5,4.4W and up
USR01917,MEDICAL,4.4,1361,33,50000,Paid,2.99,Everyone,Medical,2018-07-17,2.4.4,4.0.3 and up
USR01918,MEDICAL,4.4,12,3.8,1000,Paid,16.99,Everyone,Medical,2017-01-27,1.0.5,4.0.3 and up
USR01919,MEDICAL,4.4,15,5.8,1000,Paid,3.99,Everyone,Medical,2018-08-01,2.1,4.1 and up
USR01920,MEDICAL,3.8,206,9.5,10000,Paid,2.99,Everyone,Medical,2018-04-25,1.17.0,4.0 and up
USR01921,MEDICAL,4.6,395,19,1000,Paid,9.99,Everyone,Medical,2018-07-16,6.5.1,5.0 and up
USR01922,MEDICAL,2.5,79,,1000,Paid,3.99,Everyone,Medical,2017-12-06,Varies with device,Varies with device
USR01923,MEDICAL,4,15,5,1000,Paid,14.99,Everyone,Medical,2018-08-01,7.6.14,4.0 and up
USR01924,MEDICAL,5,3,23,100,Paid,2.99,Everyone,Medical,2018-04-20,1,4.1 and up
USR01925,MEDICAL,4.3,35,0.842,5000,Paid,3.99,Everyone,Medical,2014-12-03,1.1,4.0.3 and up
USR01926,MEDICAL,3.4,77,9.9,5000,Paid,2.99,Everyone,Medical,2017-04-18,1.6.2,4.0.3 and up
USR01927,MEDICAL,3.4,51,2.4,1000,Paid,29.99,Everyone,Medical,2014-10-22,2.0.2,4.0 and up
USR01928,MEDICAL,4.3,214,0.878,10000,Paid,2.99,Everyone,Medical,2012-11-22,2.5,2.1 and up
USR01929,MEDICAL,4.4,104,38,1000,Paid,2.99,Teen,Medical,2018-05-24,3.2.0,4.1 and up
USR01930,MEDICAL,4.4,8,6.5,100,Paid,12.99,Everyone,Medical,2018-07-25,7,3.0 and up
USR01931,MEDICAL,4.2,45,14,1000,Paid,4.99,Everyone,Medical,2015-08-18,6,4.0 and up
USR01932,MEDICAL,5,2,1.2,500,Paid,2.99,Everyone,Medical,2015-12-16,1,4.0 and up
USR01933,MEDICAL,4.1,80,48,5000,Paid,14.99,Everyone,Medical,2013-11-05,1,3.0 and up
USR01934,MEDICAL,3.9,10,0.369,1000,Paid,5.99,Everyone,Medical,2015-05-26,1,3.0 and up
USR01935,MEDICAL,4.6,156,22,500,Paid,3.49,Everyone,Medical,2018-03-14,1.10.0.user.pro.release,4.4 and up
USR01936,MEDICAL,4.2,178,4.8,1000,Paid,0.99,Everyone,Medical,2018-07-22,4.1.5 (Steglitz),4.1 and up
USR01937,MEDICAL,4.4,576,,5000,Paid,2.49,Everyone,Medical,2017-08-05,Varies with device,Varies with device
USR01938,MEDICAL,4.2,168,25,10000,Paid,24.99,Everyone,Medical,2017-08-11,7.1.17,4.4 and up
USR01939,MEDICAL,3.6,25,0.26,1000,Paid,10.99,Everyone,Medical,2016-12-08,1.2,2.1 and up
USR01940,MEDICAL,4.5,163,0.366,10000,Paid,1.99,Everyone,Medical,2015-08-03,3.4.3,1.6 and up
USR01941,MEDICAL,4.7,25,1.2,1000,Paid,4.99,Everyone,Medical,2016-06-11,3.1.6,3.0 and up
USR01942,MEDICAL,4.6,319,,5000,Paid,3.99,Everyone,Medical,2018-03-06,Varies with device,Varies with device
USR01943,MEDICAL,4.5,133,2.8,10000,Paid,2.99,Everyone,Medical,2014-08-02,3,2.3 and up
USR01944,MEDICAL,4.2,9,95,1000,Paid,7.49,Everyone,Medical,2017-09-14,1.0.3,4.1 and up
USR01945,MEDICAL,4.2,74,2.6,1000,Paid,1.5,Everyone,Medical,2014-09-06,1,2.3.3 and up
USR01946,MEDICAL,4.3,3,4.6,100,Paid,2.99,Everyone,Medical,2018-01-02,1.5,4.1 and up
USR01947,MEDICAL,4.4,4207,,50000,Paid,3.99,Everyone,Medical,2013-07-26,Varies with device,Varies with device
USR01948,MEDICAL,4.1,12,5.1,1000,Paid,1.99,Everyone,Medical,2017-03-02,1.2,4.1 and up
USR01949,MEDICAL,4.4,17,1.8,1000,Paid,9.99,Everyone 10+,Medical,2018-05-14,2.0.5,4.4W and up
USR01950,MEDICAL,4.6,358,,5000,Paid,3.99,Everyone,Medical,2017-10-25,Varies with device,Varies with device
USR01951,MEDICAL,4.4,726,,5000,Paid,3.99,Everyone,Medical,2018-03-05,Varies with device,Varies with device
USR01952,MEDICAL,4.2,33,53,1000,Paid,3.99,Everyone,Medical,2018-05-08,2.29,4.2 and up
USR01953,MEDICAL,4.5,492,39,10000,Paid,7.99,Everyone,Medical,2018-04-13,4.4.5,4.1 and up
USR01954,MEDICAL,2.6,41,14,1000,Paid,9.99,Everyone,Medical,2015-05-06,1.3.4,2.3.3 and up
USR01955,MEDICAL,4.6,625,8.4,10000,Paid,3.99,Everyone,Medical,2017-01-08,2.1,2.1 and up
USR01956,MEDICAL,4.8,12,18,1000,Paid,19.99,Everyone,Medical,2017-06-05,6.0.4,4.1 and up
USR01957,MEDICAL,4.2,64,41,1000,Paid,29.99,Everyone,Medical,2015-12-22,2.1,2.2 and up
USR01958,MEDICAL,4.7,11,100,500,Paid,15.99,Everyone,Medical,2018-01-14,1.2.0,4.0.3 and up
USR01959,MEDICAL,3,4,3.4,500,Paid,0.99,Everyone,Medical,2017-05-09,1,2.3.3 and up
USR01960,MEDICAL,3.5,214,68,1000,Paid,33.99,Everyone,Medical,2017-10-02,2.1.35,4.0 and up
USR01961,MEDICAL,4.6,66,2.6,5000,Paid,0.99,Everyone,Medical,2013-12-02,4.1,3.2 and up
USR01962,MEDICAL,4.8,59158,11,1000000,Free,0,Everyone,Medical,2018-07-26,5.4.8,4.1 and up
USR01963,MEDICAL,4.2,19473,,1000000,Free,0,Everyone,Medical,2018-07-24,Varies with device,Varies with device
USR01964,MEDICAL,4.6,73118,37,1000000,Free,0,Everyone,Medical,2018-05-10,3.3,4.4 and up
USR01965,MEDICAL,4.4,27524,,1000000,Free,0,Everyone,Medical,2018-07-30,Varies with device,Varies with device
USR01966,MEDICAL,4.8,102858,9.8,1000000,Free,0,Everyone,Medical,2018-08-03,2.2.4,4.3 and up
USR01967,MEDICAL,4,2094,23,500000,Free,0,Everyone,Medical,2018-07-26,3.19,4.3 and up
USR01968,MEDICAL,3.7,236,18,50000,Free,0,Everyone,Medical,2018-07-25,1.1.0.0.1487,5.0 and up
USR01969,MEDICAL,4.2,33033,7.4,5000000,Free,0,Everyone,Medical,2018-07-24,3.27.3,4.1 and up
USR01970,MEDICAL,4.8,78825,11,1000000,Free,0,Everyone,Medical,2018-08-02,1.2.16,4.1 and up
USR01971,MEDICAL,4.7,18674,,1000000,Free,0,Everyone,Medical,2018-07-27,3.25.0,4.4 and up
USR01972,MEDICAL,3.5,250,23,100000,Free,0,Everyone,Medical,2018-07-09,1.2.0,4.4 and up
USR01973,MEDICAL,3.9,6266,34,500000,Free,0,Everyone,Medical,2018-05-22,3.5,5.1 and up
USR01974,MEDICAL,4.2,22,15,10000,Free,0,Everyone,Medical,2018-05-30,Varies with device,Varies with device
USR01975,MEDICAL,4.8,53743,13,1000000,Free,0,Everyone,Medical,2018-07-27,Varies with device,4.3 and up
USR01976,MEDICAL,2.7,2657,24,500000,Free,0,Everyone,Medical,2018-07-27,8.0.226,4.4 and up
USR01977,MEDICAL,4.2,4476,20,500000,Free,0,Everyone,Medical,2018-07-31,1.6.2,4.1 and up
USR01978,MEDICAL,4.7,156410,14,5000000,Free,0,Everyone,Medical,2018-08-03,5.9.6,4.1 and up
USR01979,MEDICAL,4.6,2006,69,50000,Free,0,Everyone,Medical,2018-08-03,6.02.000,6.0 and up
USR01980,MEDICAL,4.5,6099,38,500000,Free,0,Everyone,Medical,2018-07-31,3.18.2,4.3 and up
USR01981,MEDICAL,4.7,23160,26,1000000,Free,0,Everyone,Medical,2018-07-27,7.4.1,5.0 and up
USR01982,MEDICAL,4.7,8348,2.6,500000,Free,0,Everyone,Medical,2018-04-13,1.4.6,4.0 and up
USR01983,MEDICAL,4.5,7837,21,100000,Free,0,Everyone,Medical,2018-07-31,2.4,4.1 and up
USR01984,MEDICAL,4.7,6185,38,100000,Free,0,Everyone,Medical,2018-08-03,1.2.0,4.3 and up
USR01985,MEDICAL,4,3803,16,100000,Free,0,Everyone,Medical,2018-03-13,2.17,4.0 and up
USR01986,MEDICAL,3.4,1838,21,100000,Free,0,Everyone,Medical,2018-07-02,2.11.0,4.0.3 and up
USR01987,MEDICAL,3.5,3707,10,500000,Free,0,Everyone,Medical,2018-07-28,4.36,4.4 and up
USR01988,MEDICAL,3,315,22,100000,Free,0,Everyone,Medical,2017-10-10,1.0.02,4.0 and up
USR01989,MEDICAL,4.7,87418,14,1000000,Free,0,Everyone,Medical,2018-07-16,2.25.0,4.4 and up
USR01990,MEDICAL,4.6,21189,36,1000000,Free,0,Everyone,Medical,2018-08-06,3.52.1,5.0 and up
USR01991,MEDICAL,4.2,1746,16,50000,Free,0,Everyone,Medical,2018-07-25,2.1.3,4.1 and up
USR01992,MEDICAL,4.8,69126,61,1000000,Free,0,Everyone,Medical,2018-06-01,2.6.1,4.1 and up
USR01993,MEDICAL,4.5,453,11,100000,Free,0,Everyone,Medical,2017-07-07,1.1,4.0.3 and up
USR01994,MEDICAL,4.2,10710,8.5,100000,Free,0,Everyone,Medical,2018-07-03,2.15,5.0 and up
USR01995,MEDICAL,3.8,700,37,100000,Free,0,Everyone,Medical,2018-06-21,3.3.0,4.4 and up
USR01996,MEDICAL,3,914,,100000,Free,0,Everyone,Medical,2018-07-17,4.6.0,5.0 and up
USR01997,MEDICAL,4.4,15875,,1000000,Free,0,Everyone,Medical,2018-05-22,Varies with device,4.4 and up
USR01998,MEDICAL,4.5,503,22,50000,Free,0,Everyone,Medical,2018-06-10,3.2.4,5.0 and up
USR01999,MEDICAL,4,488,17,100000,Free,0,Everyone,Medical,2018-08-01,3.8,4.1 and up
USR02000,MEDICAL,3.6,190,7.7,100000,Free,0,Everyone,Medical,2018-01-02,2.4.0,4.4 and up
USR02001,MEDICAL,4.4,15,39,1000,Free,0,Everyone,Medical,2018-07-19,1.16.0,4.1 and up
USR02002,MEDICAL,4.7,26862,30,500000,Free,0,Everyone,Medical,2018-06-25,25.3.1,4.0.3 and up
USR02003,MEDICAL,4.9,100082,3.7,1000000,Free,0,Everyone,Medical,2018-07-09,1.2.2,4.1 and up
USR02004,MEDICAL,3.6,27,28,10000,Free,0,Everyone,Medical,2018-04-19,1.0.0,4.1 and up
USR02005,MEDICAL,4.5,72167,16,1000000,Free,0,Everyone,Medical,2018-07-18,2,4.1 and up
USR02006,MEDICAL,4.1,21,20,1000,Free,0,Everyone,Medical,2018-06-11,1.1,4.1 and up
USR02007,MEDICAL,4.6,6035,8.9,100000,Free,0,Everyone,Medical,2018-07-05,1.2.0,4.4 and up
USR02008,MEDICAL,4.7,9945,97,500000,Free,0,Everyone,Medical,2018-07-05,5.11,4.1 and up
USR02009,MEDICAL,4.7,4318,12,100000,Free,0,Everyone,Medical,2018-07-26,1.3.185,4.1 and up
USR02010,MEDICAL,2.8,78,72,50000,Free,0,Everyone,Medical,2018-06-27,2.2.12,4.4 and up
USR02011,MEDICAL,4.3,2218,,500000,Free,0,Everyone,Medical,2018-08-01,Varies with device,Varies with device
USR02012,MEDICAL,4.6,47,21,10000,Free,0,Everyone,Medical,2018-08-02,1.7.1 (946),5.0 and up
USR02013,MEDICAL,4.3,23889,,1000000,Free,0,Everyone,Medical,2018-07-10,Varies with device,4.0 and up
USR02014,MEDICAL,3.4,650,27,100000,Free,0,Everyone,Medical,2018-07-23,4.23.0,4.4 and up
USR02015,MEDICAL,4,3498,6.6,100000,Free,0,Everyone,Medical,2018-05-01,1.7.2,4.0 and up
USR02016,MEDICAL,4.8,3052,12,100000,Free,0,Everyone,Medical,2018-07-31,3.8.0,4.1 and up
USR02017,MEDICAL,4.2,1747,5.9,100000,Free,0,Everyone,Medical,2016-10-17,1.2.2,4.0 and up
USR02018,MEDICAL,3,45,20,5000,Free,0,Everyone,Medical,2018-07-16,1.2.3.2,6.0 and up
USR02019,MEDICAL,4.5,1686,15,100000,Free,0,Everyone,Medical,2018-07-30,2.9,4.4 and up
USR02020,MEDICAL,3.7,529,26,100000,Free,0,Everyone,Medical,2018-07-30,4.4.7,5.0 and up
USR02021,MEDICAL,4.5,1388,3.3,100000,Free,0,Everyone,Medical,2018-07-03,2.1.11,4.1 and up
USR02022,MEDICAL,4.5,572,44,50000,Free,0,Everyone,Medical,2018-07-13,4.3.2.315,4.4 and up
USR02023,MEDICAL,3.6,54,17,5000,Free,0,Mature 17+,Medical,2018-07-03,2.6.5,4.1 and up
USR02024,MEDICAL,4.4,275,5.8,10000,Free,0,Everyone 10+,Medical,2018-03-16,3.16.4.1669,4.4 and up
USR02025,MEDICAL,4.4,2159,11,10000,Free,0,Everyone,Medical,2018-05-17,4.5.1,4.4 and up
USR02026,MEDICAL,4.5,2951,16,50000,Free,0,Everyone,Medical,2018-07-11,4.5.2,4.4 and up
USR02027,MEDICAL,4.1,84,6.1,10000,Free,0,Everyone,Medical,2017-12-11,2.7.36,4.1 and up
USR02028,MEDICAL,4.6,15545,,100000,Free,0,Everyone,Medical,2018-08-01,6.1.3,Varies with device
USR02029,MEDICAL,4.3,5521,22,100000,Free,0,Everyone,Medical,2018-07-01,4.9.6,4.1 and up
USR02030,MEDICAL,4.3,2108,28,50000,Free,0,Everyone,Medical,2018-05-02,4.5.1,4.4 and up
USR02031,MEDICAL,4.7,73,6.3,10000,Free,0,Everyone,Medical,2017-12-08,2.7.36,4.1 and up
USR02032,MEDICAL,4.5,408,60,50000,Free,0,Everyone,Medical,2018-03-24,2.1.0.372,4.4 and up
USR02033,MEDICAL,4.2,33,8,10000,Free,0,Everyone,Medical,2018-05-02,2.6.2,4.2 and up
USR02034,MEDICAL,4.4,197,20,10000,Free,0,Everyone,Medical,2018-08-02,3.5.7,7.0 and up
USR02035,MEDICAL,3.9,272,6.4,50000,Free,0,Everyone,Medical,2017-12-11,2.7.36,4.1 and up
USR02036,MEDICAL,4.2,4852,34,100000,Free,0,Everyone,Medical,2013-10-22,1.3,2.2 and up
USR02037,MEDICAL,4.1,38,70,5000,Free,0,Everyone,Medical,2018-07-12,2.1.4,4.1 and up
USR02038,MEDICAL,4.1,90,21,1000,Free,0,Everyone,Medical,2018-07-11,1.0.0,7.0 and up
USR02039,MEDICAL,3.5,1288,38,100000,Free,0,Everyone,Medical,2018-07-10,1.0.0.10,3.0 and up
USR02040,MEDICAL,4.2,4303,,100000,Free,0,Everyone,Medical,2016-09-06,Varies with device,Varies with device
USR02041,MEDICAL,4,1545,74,100000,Free,0,Everyone,Medical,2018-07-30,4.8.2,4.0.3 and up
USR02042,MEDICAL,4.3,283,12,5000,Free,0,Everyone,Medical,2018-07-12,4.5.3,4.4 and up
USR02043,MEDICAL,4.3,460,13,10000,Free,0,Everyone,Medical,2018-07-12,4.5.2,4.4 and up
USR02044,MEDICAL,2.3,17,6.8,1000,Free,0,Everyone,Medical,2018-03-29,2.6,4.2 and up
USR02045,MEDICAL,4.5,513,12,5000,Free,0,Everyone,Medical,2018-07-11,4.5.2,4.4 and up
USR02046,MEDICAL,4.3,168,5.8,10000,Free,0,Everyone,Medical,2018-01-29,2.7.38,4.1 and up
USR02047,MEDICAL,3.1,82,42,5000,Free,0,Everyone,Medical,2017-12-23,1.6.17,4.1 and up
USR02048,MEDICAL,4.4,112,13,1000,Free,0,Everyone,Medical,2018-07-12,4.5.2,4.4 and up
USR02049,MEDICAL,2.9,92,1.5,10000,Free,0,Everyone,Medical,2018-06-15,3.1-2018 – (13),4.0 and up
USR02050,MEDICAL,3.1,83,3.2,10000,Free,0,Everyone,Medical,2018-07-30,6.6,4.1 and up
USR02051,MEDICAL,3.7,3,7.7,5000,Free,0,Everyone,Medical,2018-07-16,2.7.6,5.0 and up
USR02052,MEDICAL,4,6,1.3,100,Paid,39.99,Everyone,Medical,2018-04-04,3.0.1,4.1 and up
USR02053,MEDICAL,3.8,343,26,50000,Free,0,Everyone,Medical,2018-05-01,3.3.1,4.1 and up
USR02054,MEDICAL,4.4,137,11,1000,Free,0,Everyone,Medical,2018-05-17,4.5.1,4.4 and up
USR02055,MEDICAL,4.3,4107,,100000,Free,0,Everyone,Medical,2018-04-17,Varies with device,Varies with device
USR02056,MEDICAL,3.7,9,2.9,500,Free,0,Everyone,Medical,2018-07-21,1.1,4.0.3 and up
USR02057,MEDICAL,5,3,22,100,Free,0,Everyone,Medical,2018-07-25,3.0.0,5.0 and up
USR02058,MEDICAL,3,2,16,500,Free,0,Everyone,Medical,2018-07-17,1.2.9,4.4 and up
USR02059,MEDICAL,3.7,20,19,1000,Free,0,Everyone,Medical,2018-06-27,1.830.0.564-(e405bb2),5.0 and up
USR02060,MEDICAL,3.7,3,10,100,Free,0,Everyone,Medical,2018-07-17,1.5.0,4.1 and up
USR02061,MEDICAL,5,1,22,10,Free,0,Everyone,Medical,2018-08-03,1.2,4.2 and up
USR02062,MEDICAL,5,3,20,100,Free,0,Everyone,Medical,2018-07-19,1,4.1 and up
USR02063,MEDICAL,5,4,2.5,5,Free,0,Everyone,Medical,2018-08-03,1,4.1 and up
USR02064,MEDICAL,5,2,24,50,Free,0,Everyone,Medical,2018-07-27,1,4.1 and up
USR02065,MEDICAL,5,4,25,1,Free,0,Everyone,Medical,2018-08-02,1.0.72,4.0.3 and up
USR02066,MEDICAL,5,2,29,50,Free,0,Everyone,Medical,2018-07-11,300000.1.11,4.0.3 and up
USR02067,MEDICAL,5,3,53,10,Free,0,Everyone,Medical,2018-07-13,0.1,4.1 and up
USR02068,MEDICAL,5,2,83,10,Free,0,Everyone,Medical,2018-07-12,1,5.0 and up
USR02069,MEDICAL,5,1,4.6,5,Free,0,Everyone,Medical,2018-08-02,2,4.0 and up
USR02070,MEDICAL,4.3,10,46,100,Free,0,Everyone,Medical,2018-07-19,5.0.16,4.1 and up
USR02071,MEDICAL,4.9,28,5.7,5000,Free,0,Everyone,Medical,2018-07-07,1,4.4 and up
USR02072,MEDICAL,5,1,4.2,10,Free,0,Everyone,Medical,2018-07-24,1,4.0.3 and up
USR02073,MEDICAL,4.9,14,7,100,Free,0,Everyone,Medical,2018-07-13,PN.1.0,4.0.3 and up
USR02074,MEDICAL,4.6,5,11,100,Free,0,Everyone,Medical,2018-08-03,1,4.1 and up
USR02075,MEDICAL,5,1,5.6,10,Free,0,Everyone,Medical,2018-07-27,1,4.1 and up
USR02076,MEDICAL,4,1,3.3,10,Free,0,Everyone,Medical,2018-07-12,0.1.2,4.4 and up
USR02077,MEDICAL,5,2,7.1,5,Free,0,Everyone,Medical,2018-08-03,1.0.51.0.3,8.0 and up
USR02078,MEDICAL,2.6,496,24,100000,Free,0,Everyone,Medical,2018-07-27,8.0.226,4.4 and up
USR02079,MEDICAL,4.8,53747,13,1000000,Free,0,Everyone,Medical,2018-07-27,Varies with device,4.3 and up
USR02080,MEDICAL,4.3,44,34,10000,Free,0,Everyone,Medical,2018-04-12,3.4.0.10,4.0.3 and up
USR02081,MEDICAL,4.7,10,4.3,1000,Free,0,Everyone,Medical,2018-06-05,1,5.0 and up
USR02082,MEDICAL,2.5,124,43,10000,Free,0,Everyone,Medical,2017-01-13,3.0.2,3.0 and up
USR02083,MEDICAL,4.6,2014,69,50000,Free,0,Everyone,Medical,2018-08-03,6.02.000,6.0 and up
USR02084,MEDICAL,4.5,11,25,1000,Free,0,Everyone,Medical,2018-01-17,1.0.7,4.2 and up
USR02085,MEDICAL,4.3,573,2,100000,Free,0,Everyone,Medical,2017-06-01,3.1,3.0 and up
USR02086,MEDICAL,4.4,163,40,10000,Free,0,Everyone,Medical,2018-06-29,10.4.1.015_05,4.0.3 and up
USR02087,MEDICAL,4.5,330,17,50000,Free,0,Everyone,Medical,2018-07-31,1.12,4.0.3 and up
USR02088,MEDICAL,3.8,24,4.4,1000,Free,0,Everyone,Medical,2017-09-26,5.51,3.0 and up
USR02089,MEDICAL,4,531,2.3,100000,Free,0,Everyone,Medical,2015-01-18,1,3.0 and up
USR02090,MEDICAL,4.5,20,40,5000,Free,0,Everyone,Medical,2018-04-10,10.4.1.000_00,4.0.3 and up
USR02091,MEDICAL,3.7,3596,8.4,1000000,Free,0,Everyone,Medical,2018-07-18,4.0.9,4.0.3 and up
USR02092,MEDICAL,4.3,56,11,10000,Free,0,Everyone,Medical,2018-07-31,3.0.8,4.3 and up
USR02093,MEDICAL,4.4,27,15,5000,Free,0,Everyone,Medical,2018-07-20,2.5.0 b665,5.0 and up
USR02094,MEDICAL,3.8,63,24,10000,Free,0,Everyone,Medical,2018-06-22,2.3.1,5.0 and up
USR02095,MEDICAL,4.3,123,86,10000,Free,0,Everyone,Medical,2018-06-01,0.6.88,5.0 and up
USR02096,MEDICAL,3.8,122,,10000,Free,0,Everyone,Medical,2018-08-03,Varies with device,Varies with device
USR02097,MEDICAL,5,2,11,100,Free,0,Mature 17+,Medical,2018-06-06,1.0.1,4.1 and up
USR02098,MEDICAL,3.6,26,0.952,5000,Free,0,Everyone,Medical,2015-05-10,1.1,2.2 and up
USR02099,MEDICAL,4,122,0.957,10000,Free,0,Everyone,Medical,2018-07-13,1.4,4.0 and up
USR02100,MEDICAL,4.3,17,6,10000,Free,0,Everyone,Medical,2017-02-25,1.0.1,4.4 and up
USR02101,MEDICAL,4.7,623,20,50000,Free,0,Teen,Medical,2018-07-29,4.0.5,4.3 and up
USR02102,MEDICAL,5,6,26,1000,Free,0,Everyone,Medical,2018-05-25,1.0.32,4.4 and up
USR02103,MEDICAL,4.7,6,13,1000,Free,0,Everyone,Medical,2018-03-31,1.3.0,5.0 and up
USR02104,MEDICAL,4.6,7,2.7,1000,Free,0,Everyone,Medical,2018-04-16,43,4.0.3 and up
USR02105,MEDICAL,3.1,253,4.2,50000,Free,0,Everyone,Medical,2016-09-12,1.3.4,2.3.3 and up
USR02106,MEDICAL,4.4,3786,28,50000,Free,0,Everyone,Medical,2018-07-16,4.4.3,4.0.3 and up
USR02107,MEDICAL,5,1,6.1,100,Free,0,Mature 17+,Medical,2018-03-08,2.3.5,4.1 and up
USR02108,MEDICAL,3.6,10,15,1000,Free,0,Everyone,Medical,2017-11-20,0.0.1,4.0 and up
USR02109,MEDICAL,2.8,66,1.2,50000,Free,0,Everyone,Medical,2016-10-25,1,4.0.3 and up
USR02110,MEDICAL,4.4,65,37,10000,Free,0,Everyone,Medical,2018-04-05,10.4.1.000_00,4.0.3 and up
USR02111,MEDICAL,4.6,17,14,1000,Free,0,Everyone,Medical,2018-07-11,1.9.0.0,4.1 and up
USR02112,MEDICAL,4.2,28,2.3,10000,Free,0,Everyone,Medical,2015-01-20,1,3.0 and up
USR02113,MEDICAL,3.8,292,2.7,100000,Free,0,Everyone,Medical,2018-04-16,43,4.0.3 and up
USR02114,MEDICAL,3.5,19,2.2,5000,Free,0,Everyone,Medical,2018-05-12,1.4.15-free,4.0.3 and up
USR02115,SOCIAL,4.1,78158306,,1000000000,Free,0,Teen,Social,2018-08-03,Varies with device,Varies with device
USR02116,SOCIAL,4.5,66577313,,1000000000,Free,0,Teen,Social,2018-07-31,Varies with device,Varies with device
USR02117,SOCIAL,4.3,8606259,,500000000,Free,0,Teen,Social,2018-08-01,Varies with device,Varies with device
USR02118,SOCIAL,4.4,49173,4,10000000,Free,0,Everyone,Social,2018-06-04,1.24,4.1 and up
USR02119,SOCIAL,4.4,2955326,,100000000,Free,0,Mature 17+,Social,2018-08-01,Varies with device,Varies with device
USR02120,SOCIAL,4.2,22492,1.5,1000000,Free,0,Everyone,Social,2018-05-21,2.4.12,4.0 and up
USR02121,SOCIAL,4,17014787,,500000000,Free,0,Teen,Social,2018-07-30,Varies with device,Varies with device
USR02122,SOCIAL,4.3,1403,3.7,100000,Free,0,Everyone,Social,2018-01-30,1,4.0 and up
USR02123,SOCIAL,4.6,4305441,,100000000,Free,0,Teen,Social,2018-08-03,Varies with device,Varies with device
USR02124,SOCIAL,4.4,441189,,10000000,Free,0,Everyone,Social,2018-08-03,Varies with device,Varies with device
USR02125,SOCIAL,4.2,4831125,,1000000000,Free,0,Teen,Social,2018-07-26,Varies with device,Varies with device
USR02126,SOCIAL,4.4,4919,2.8,1000000,Free,0,Everyone,Social,2018-08-03,0.1.1,4.1 and up
USR02127,SOCIAL,4.4,13762,3.9,1000000,Free,0,Everyone,Social,2018-05-09,1.0.2,4.1 and up
USR02128,SOCIAL,4.3,6086,3.1,1000000,Free,0,Teen,Social,2018-06-14,1.0.9,4.3 and up
USR02129,SOCIAL,4.6,70616,,5000000,Free,0,Teen,Social,2018-07-27,Varies with device,Varies with device
USR02130,SOCIAL,4.4,1200,2.8,100000,Free,0,Everyone,Social,2018-08-02,0.1.1,4.1 and up
USR02131,SOCIAL,4.5,76480,20,1000000,Free,0,Mature 17+,Social,2018-08-06,4.95.4,5.0 and up
USR02132,SOCIAL,4.6,271445,9.9,5000000,Free,0,Everyone,Social,2018-06-24,4.1.1,4.0.3 and up
USR02133,SOCIAL,4.6,225103,5.3,5000000,Free,0,Everyone,Social,2018-06-13,5.1.1,4.1 and up
USR02134,SOCIAL,4.6,33177,10,1000000,Free,0,Everyone,Social,2018-06-12,2.1.6,4.0 and up
USR02135,SOCIAL,4.4,54768,2.6,5000000,Free,0,Everyone,Social,2018-05-16,3.6.1,4.0.3 and up
USR02136,SOCIAL,4.5,457197,,10000000,Free,0,Teen,Social,2018-08-03,Varies with device,Varies with device
USR02137,SOCIAL,4.5,25562,31,5000000,Free,0,Teen,Social,2018-08-02,2.6.10,4.1 and up
USR02138,SOCIAL,4.3,16404,2.3,1000000,Free,0,Everyone,Social,2018-06-24,1.6,2.3 and up
USR02139,SOCIAL,4.4,2508,6,500000,Free,0,Everyone,Social,2017-11-20,2.0.1,4.0.3 and up
USR02140,SOCIAL,4.6,79658,17,5000000,Free,0,Mature 17+,Social,2018-08-06,2.1.3.2,4.3 and up
USR02141,SOCIAL,4.3,374,20,50000,Free,0,Everyone,Social,2018-07-30,T4.6.5-tl2.0.1,4.1 and up
USR02142,SOCIAL,4.8,1259075,62,10000000,Free,0,Teen,Social,2018-07-20,1.8.19179,4.0.3 and up
USR02143,SOCIAL,4.2,4751,,1000000,Free,0,Teen,Social,2018-06-30,13,4.1 and up
USR02144,SOCIAL,4.6,60562,15,5000000,Free,0,Mature 17+,Social,2018-08-06,1.3.2,4.3 and up
USR02145,SOCIAL,4,22695,,1000000,Free,0,Everyone 10+,Social,2018-06-21,Varies with device,Varies with device
USR02146,SOCIAL,4.6,22098,18,1000000,Free,0,Everyone,Social,2018-07-24,4.2.4,4.0.3 and up
USR02147,SOCIAL,4.3,231325,5.4,10000000,Free,0,Everyone,Social,2018-08-02,4.81,4.0 and up
USR02148,SOCIAL,3.6,13223,2.8,10000000,Free,0,Mature 17+,Social,2016-06-08,8.00.752746,4.4 and up
USR02149,SOCIAL,4,479908,15,10000000,Free,0,Mature 17+,Social,2018-07-09,1.23.3.0,4.4 and up
USR02150,SOCIAL,4.5,313633,,10000000,Free,0,Teen,Social,2018-07-25,Varies with device,Varies with device
USR02151,SOCIAL,4.4,540930,5.3,10000000,Free,0,Teen,Social,2018-07-23,50.2 lite,2.2 and up
USR02152,SOCIAL,4.5,57146,,1000000,Free,0,Everyone,Social,2018-07-27,Varies with device,4.0.3 and up
USR02153,SOCIAL,4.2,1225339,,100000000,Free,0,Everyone,Social,2018-08-02,4.1.202,5.0 and up
USR02154,SOCIAL,4.5,19583,37,1000000,Free,0,Teen,Social,2018-08-01,5.2.1,4.4 and up
USR02155,SOCIAL,4.3,344921,,10000000,Free,0,Everyone,Social,2018-06-07,Varies with device,Varies with device
USR02156,SOCIAL,4.2,79129,23,5000000,Free,0,Teen,Social,2018-08-02,3.10.26,4.4 and up
USR02157,SOCIAL,4.2,83488,,5000000,Free,0,Everyone,Social,2018-07-24,Varies with device,Varies with device
USR02158,SOCIAL,4.3,3781770,,100000000,Free,0,Mature 17+,Social,2018-08-02,Varies with device,Varies with device
USR02159,SOCIAL,4.3,315441,,10000000,Free,0,Everyone,Social,2018-07-26,Varies with device,Varies with device
USR02160,SOCIAL,4.1,382120,28,10000000,Free,0,Everyone,Social,2018-07-26,7.3.1,4.1 and up
USR02161,SOCIAL,4.5,412725,35,10000000,Free,0,Everyone,Social,2018-07-31,3.8.1,4.1 and up
USR02162,SOCIAL,4.3,3806669,,100000000,Free,0,Mature 17+,Social,2018-08-01,Varies with device,Varies with device
USR02163,SOCIAL,4.2,1259849,76,50000000,Free,0,Mature 17+,Social,2018-08-03,Varies with device,4.1 and up
USR02164,SOCIAL,4.1,486824,,10000000,Free,0,Mature 17+,Social,2018-06-21,Varies with device,Varies with device
USR02165,SOCIAL,4.3,1157004,34,50000000,Free,0,Everyone,Social,2017-10-16,4.2.1,4.3 and up
USR02166,SOCIAL,4.2,423105,,10000000,Free,0,Mature 17+,Social,2018-07-09,Varies with device,Varies with device
USR02167,SOCIAL,4.1,205803,,5000000,Free,0,Teen,Social,2018-07-18,Varies with device,Varies with device
USR02168,SOCIAL,4.1,285816,,10000000,Free,0,Mature 17+,Social,2018-06-19,Varies with device,Varies with device
USR02169,SOCIAL,4.4,2955325,,100000000,Free,0,Mature 17+,Social,2018-08-01,Varies with device,Varies with device
USR02170,SOCIAL,3.7,138026,2.7,5000000,Free,0,Mature 17+,Social,2016-02-29,2.1.3,2.1 and up
USR02171,SOCIAL,3.9,8936,,500000,Free,0,Everyone,Social,2017-05-18,Varies with device,Varies with device
USR02172,SOCIAL,3.7,4253,4.1,100000,Free,0,Teen,Social,2018-05-31,7.0.7,4.0.3 and up
USR02173,SOCIAL,4,17014705,,500000000,Free,0,Teen,Social,2018-07-30,Varies with device,Varies with device
USR02174,SOCIAL,4.5,66577446,,1000000000,Free,0,Teen,Social,2018-07-31,Varies with device,Varies with device
USR02175,SOCIAL,3.6,14835,,1000000,Free,0,Teen,Social,2018-08-02,Varies with device,Varies with device
USR02176,SOCIAL,4.1,6388,,500000,Free,0,Teen,Social,2017-12-05,Varies with device,Varies with device
USR02177,SOCIAL,4.1,309872,85,10000000,Free,0,Teen,Social,2018-08-03,14.0.13,4.1 and up
USR02178,SOCIAL,4,479909,15,10000000,Free,0,Mature 17+,Social,2018-07-09,1.23.3.0,4.4 and up
USR02179,SOCIAL,4.1,17955,89,500000,Free,0,Teen,Social,2018-08-02,7.23.4,4.1 and up
USR02180,SOCIAL,4,17015352,,500000000,Free,0,Teen,Social,2018-07-30,Varies with device,Varies with device
USR02181,SOCIAL,4.3,51502,20,5000000,Free,0,Teen,Social,2018-07-25,2.69,5.0 and up
USR02182,SOCIAL,4.3,1064049,,50000000,Free,0,Mature 17+,Social,2018-07-28,Varies with device,Varies with device
USR02183,SOCIAL,4.2,58341,9.3,1000000,Free,0,Everyone,Social,2015-07-25,4.6.2.0,2.3 and up
USR02184,SOCIAL,4.5,637309,,10000000,Free,0,Teen,Social,2018-07-18,Varies with device,Varies with device
USR02185,SOCIAL,4.2,1259894,76,50000000,Free,0,Mature 17+,Social,2018-08-03,Varies with device,4.1 and up
USR02186,SOCIAL,4.3,1157003,34,50000000,Free,0,Everyone,Social,2017-10-16,4.2.1,4.3 and up
USR02187,SOCIAL,4.1,161610,16,5000000,Free,0,Teen,Social,2018-08-05,4.5.3,4.1 and up
USR02188,SOCIAL,3.8,19446,,1000000,Free,0,Mature 17+,Social,2017-12-01,3.4.5,4.0.3 and up
USR02189,SOCIAL,4.2,1225367,,100000000,Free,0,Everyone,Social,2018-08-02,4.1.202,5.0 and up
USR02190,SOCIAL,4.4,1520959,,10000000,Free,0,Teen,Social,2018-05-09,Varies with device,Varies with device
USR02191,SOCIAL,4.2,423138,,10000000,Free,0,Mature 17+,Social,2018-07-09,Varies with device,Varies with device
USR02192,SOCIAL,4.1,285820,,10000000,Free,0,Mature 17+,Social,2018-06-19,Varies with device,Varies with device
USR02193,SOCIAL,4,33249,8.4,1000000,Free,0,Everyone,Social,2015-03-05,1.8.0,2.3 and up
USR02194,SOCIAL,4.3,51504,20,5000000,Free,0,Teen,Social,2018-07-25,2.69,5.0 and up
USR02195,SOCIAL,4.2,1175794,,50000000,Free,0,Mature 17+,Social,2018-07-31,Varies with device,Varies with device
USR02196,SOCIAL,4,852455,68,10000000,Free,0,Mature 17+,Social,2018-08-03,27,4.2 and up
USR02197,SOCIAL,4.4,900064,13,10000000,Free,0,Mature 17+,Social,2018-07-31,4.17.2,4.1 and up
USR02198,SOCIAL,4,3677,50,100000,Free,0,Mature 17+,Social,2018-06-21,10.6.3,5.0 and up
USR02199,SOCIAL,4.4,695613,,50000000,Free,0,Everyone,Social,2018-08-02,Varies with device,Varies with device
USR02200,SOCIAL,4.1,382121,28,10000000,Free,0,Everyone,Social,2018-07-26,7.3.1,4.1 and up
USR02201,SOCIAL,4.1,207712,,10000000,Free,0,Everyone,Social,2018-06-09,4.18.962.5,2.3 and up
USR02202,SOCIAL,4.3,175722,,10000000,Free,0,Mature 17+,Social,2018-07-23,Varies with device,Varies with device
USR02203,SOCIAL,4,2052,7,100000,Free,0,Teen,Social,2017-09-27,2.16,4.4 and up
USR02204,SOCIAL,4.2,79130,23,5000000,Free,0,Teen,Social,2018-08-02,3.10.26,4.4 and up
USR02205,SOCIAL,4.2,1175815,,50000000,Free,0,Mature 17+,Social,2018-07-31,Varies with device,Varies with device
USR02206,SOCIAL,4.1,486830,,10000000,Free,0,Mature 17+,Social,2018-06-21,Varies with device,Varies with device
USR02207,SOCIAL,4.3,1064076,,50000000,Free,0,Mature 17+,Social,2018-07-28,Varies with device,Varies with device
USR02208,SOCIAL,4.4,624557,56,10000000,Free,0,Mature 17+,Social,2018-07-27,5.4.7.1,4.3 and up
USR02209,SOCIAL,4.2,522018,,10000000,Free,0,Mature 17+,Social,2018-08-02,Varies with device,Varies with device
USR02210,SHOPPING,4,141613,22,10000000,Free,0,Teen,Shopping,2018-07-31,16.14.0.850,4.4 and up
USR02211,SHOPPING,4.5,6210998,15,100000000,Free,0,Everyone,Shopping,2018-08-03,4.20.5,4.1 and up
USR02212,SHOPPING,4.6,591312,,10000000,Free,0,Everyone,Shopping,2018-08-03,Varies with device,Varies with device
USR02213,SHOPPING,4.3,94294,30,10000000,Free,0,Everyone,Shopping,2018-07-23,2.25.17,4.1 and up
USR02214,SHOPPING,4.2,608753,30,10000000,Free,0,Everyone,Shopping,2018-07-23,2.25.17,4.1 and up
USR02215,SHOPPING,4.3,38961,27,5000000,Free,0,Everyone,Shopping,2018-08-02,14.2.1,5.0 and up
USR02216,SHOPPING,4.6,5916606,,100000000,Free,0,Teen,Shopping,2018-08-06,Varies with device,Varies with device
USR02217,SHOPPING,4.4,441473,,10000000,Free,0,Everyone,Shopping,2018-07-30,Varies with device,Varies with device
USR02218,SHOPPING,4.4,2788923,,100000000,Free,0,Teen,Shopping,2018-07-30,Varies with device,Varies with device
USR02219,SHOPPING,4.5,973270,20,50000000,Free,0,Teen,Shopping,2018-08-06,2.4.9,4.1 and up
USR02220,SHOPPING,4.3,909226,42,100000000,Free,0,Teen,Shopping,2018-07-31,16.14.0.100,4.4 and up
USR02221,SHOPPING,4.2,1573054,,50000000,Free,0,Everyone,Shopping,2018-08-02,Varies with device,4.2 and up
USR02222,SHOPPING,4.2,857923,18,50000000,Free,0,Everyone,Shopping,2018-07-31,11.7.3.0,4.1 and up
USR02223,SHOPPING,4.4,35563,4.2,1000000,Free,0,Everyone,Shopping,2018-07-23,10.2.1,4.1 and up
USR02224,SHOPPING,4.6,85858,,10000000,Free,0,Everyone,Shopping,2018-07-30,Varies with device,Varies with device
USR02225,SHOPPING,4.2,106798,30,5000000,Free,0,Everyone,Shopping,2018-07-23,2.25.17,4.1 and up
USR02226,SHOPPING,3.6,8820,33,5000000,Free,0,Everyone,Shopping,2018-07-25,3.0.5,4.0.3 and up
USR02227,SHOPPING,4.5,37186,7.9,1000000,Free,0,Everyone,Shopping,2018-06-30,3.4.5,4.0 and up
USR02228,SHOPPING,4.4,25714,12,1000000,Free,0,Everyone,Shopping,2018-07-24,3.8.2.2,4.0.3 and up
USR02229,SHOPPING,3.8,44255,15,10000000,Free,0,Everyone,Shopping,2018-08-03,6.0.4,4.1 and up
USR02230,SHOPPING,4.7,1084945,,50000000,Free,0,Teen,Shopping,2018-08-03,Varies with device,Varies with device
USR02231,SHOPPING,3.6,18252,10,10000000,Free,0,Everyone,Shopping,2018-08-06,6.3.8,4.1 and up
USR02232,SHOPPING,4.2,42750,9.9,10000000,Free,0,Everyone,Shopping,2018-08-04,2.8.7,4.1 and up
USR02233,SHOPPING,3.6,3656,9,1000000,Free,0,Teen,Shopping,2018-08-03,4.16.2,4.1 and up
USR02234,SHOPPING,4.3,216741,,5000000,Free,0,Everyone,Shopping,2018-08-06,4.6.0,4.1 and up
USR02235,SHOPPING,4.4,662287,21,10000000,Free,0,Everyone,Shopping,2018-08-03,4.26.7,4.1 and up
USR02236,SHOPPING,4.5,30834,13,1000000,Free,0,Everyone,Shopping,2018-07-17,3.2.6,4.0.3 and up
USR02237,SHOPPING,4.1,367290,11,10000000,Free,0,Everyone,Shopping,2018-07-20,4.9.3,4.0.3 and up
USR02238,SHOPPING,4.3,2588,21,1000000,Free,0,Everyone,Shopping,2018-07-23,2.4.0,4.1 and up
USR02239,SHOPPING,4.3,162655,8.1,10000000,Free,0,Teen,Shopping,2018-07-10,4.7.1,4.4 and up
USR02240,SHOPPING,4.7,3860225,,50000000,Free,0,Everyone,Shopping,2018-08-03,Varies with device,Varies with device
USR02241,SHOPPING,4.3,125783,,10000000,Free,0,Teen,Shopping,2018-08-06,Varies with device,Varies with device
USR02242,SHOPPING,4.2,171584,12,10000000,Free,0,Everyone,Shopping,2018-07-26,4.9.5,4.2 and up
USR02243,SHOPPING,4.2,244141,7.3,10000000,Free,0,Everyone,Shopping,2018-08-06,4.4.5,4.3 and up
USR02244,SHOPPING,4.3,568273,,10000000,Free,0,Everyone,Shopping,2018-08-04,Varies with device,Varies with device
USR02245,SHOPPING,4.2,142512,15,10000000,Free,0,Everyone,Shopping,2018-07-25,6.2.0,4.1 and up
USR02246,SHOPPING,4.3,109124,22,10000000,Free,0,Everyone,Shopping,2018-08-02,3.11.1,4.1 and up
USR02247,SHOPPING,4.6,135043,11,10000000,Free,0,Everyone,Shopping,2018-07-30,4.0.2,4.2 and up
USR02248,SHOPPING,4.4,108592,8.3,10000000,Free,0,Everyone,Shopping,2018-07-24,4.7.5,4.1 and up
USR02249,SHOPPING,4.3,1315242,,50000000,Free,0,Everyone,Shopping,2018-07-21,3.27.1,4.1 and up
USR02250,SHOPPING,3.8,48732,20,10000000,Free,0,Everyone,Shopping,2018-07-31,7.8.1,4.0 and up
USR02251,SHOPPING,4.6,308234,38,10000000,Free,0,Everyone,Shopping,2018-08-02,5.3.0,4.0.3 and up
USR02252,SHOPPING,4.5,178497,9.1,10000000,Free,0,Everyone,Shopping,2018-08-02,4.33.0,4.0.3 and up
USR02253,SHOPPING,4.1,68406,24,10000000,Free,0,Everyone,Shopping,2018-07-25,6.25.0+1906001476,5.0 and up
USR02254,SHOPPING,4.4,6012719,,100000000,Free,0,Teen,Shopping,2018-08-06,Varies with device,Varies with device
USR02255,SHOPPING,4.3,45362,,5000000,Free,0,Everyone,Shopping,2018-07-20,Varies with device,Varies with device
USR02256,SHOPPING,3.8,18364,29,1000000,Free,0,Everyone,Shopping,2018-08-04,29.14,4.2 and up
USR02257,SHOPPING,4,15867,,5000000,Free,0,Everyone,Shopping,2018-08-06,Varies with device,4.0.3 and up
USR02258,SHOPPING,3.3,9189,98,1000000,Free,0,Teen,Shopping,2018-08-01,7.0.14,4.0 and up
USR02259,SHOPPING,4.1,23187,25,1000000,Free,0,Everyone,Shopping,2018-06-21,4.89,4.3 and up
USR02260,SHOPPING,4.1,11798,,1000000,Free,0,Everyone,Shopping,2018-05-10,Varies with device,Varies with device
USR02261,SHOPPING,4.2,9975,18,1000000,Free,0,Everyone,Shopping,2018-01-22,1.4,4.3 and up
USR02262,SHOPPING,4.1,52896,,10000000,Free,0,Everyone,Shopping,2018-06-18,Varies with device,Varies with device
USR02263,SHOPPING,4.4,7793,6.1,500000,Free,0,Everyone,Shopping,2018-02-06,3.0.3,4.0.3 and up
USR02264,SHOPPING,4.1,9701,14,500000,Free,0,Everyone,Shopping,2018-07-25,2.4.0,4.4 and up
USR02265,SHOPPING,4.2,31519,21,1000000,Free,0,Everyone,Shopping,2018-06-12,4.9.1,4.0 and up
USR02266,SHOPPING,4.5,181990,,10000000,Free,0,Everyone,Shopping,2018-04-27,Varies with device,Varies with device
USR02267,SHOPPING,4.3,213735,43,10000000,Free,0,Everyone,Shopping,2018-07-24,5.3.73,4.4 and up
USR02268,SHOPPING,4.5,6211039,15,100000000,Free,0,Everyone,Shopping,2018-08-03,4.20.5,4.1 and up
USR02269,SHOPPING,4.1,42871,23,1000000,Free,0,Everyone,Shopping,2018-07-27,8.9.1,4.1 and up
USR02270,SHOPPING,4.5,315908,52,10000000,Free,0,Everyone,Shopping,2018-08-01,5.21.1,4.1 and up
USR02271,SHOPPING,4.4,210208,,10000000,Free,0,Everyone,Shopping,2018-08-01,Varies with device,Varies with device
USR02272,SHOPPING,4.6,1370749,,50000000,Free,0,Teen,Shopping,2018-08-03,Varies with device,Varies with device
USR02273,SHOPPING,4.5,79261,57,5000000,Free,0,Everyone,Shopping,2018-08-03,7.36,4.4 and up
USR02274,SHOPPING,4.6,284725,20,10000000,Free,0,Everyone,Shopping,2018-07-31,7.2.1,4.1 and up
USR02275,SHOPPING,4.7,67071,40,1000000,Free,0,Everyone,Shopping,2018-08-01,2.24.0,4.4 and up
USR02276,SHOPPING,4.3,46153,17,10000000,Free,0,Everyone,Shopping,2018-08-04,2.124.01,4.4 and up
USR02277,SHOPPING,4.4,101883,13,10000000,Free,0,Everyone,Shopping,2018-08-03,6.9.2,5.0 and up
USR02278,SHOPPING,4.4,1659,33,50000,Free,0,Everyone,Shopping,2018-06-29,2.4.0,4.4 and up
USR02279,SHOPPING,4.7,57920,,1000000,Free,0,Everyone,Shopping,2018-05-31,Varies with device,Varies with device
USR02280,SHOPPING,4.1,28523,29,5000000,Free,0,Everyone,Shopping,2018-08-03,18.10.157066,4.4 and up
USR02281,SHOPPING,4.2,24953,,1000000,Free,0,Everyone,Shopping,2018-06-21,Varies with device,Varies with device
USR02282,SHOPPING,4.5,37253,31,1000000,Free,0,Everyone,Shopping,2018-08-03,4.31.2,4.4 and up
USR02283,SHOPPING,4.2,33758,,1000000,Free,0,Everyone,Shopping,2018-08-06,Varies with device,Varies with device
USR02284,SHOPPING,4.6,284721,20,10000000,Free,0,Everyone,Shopping,2018-07-31,7.2.1,4.1 and up
USR02285,SHOPPING,4.3,3420,13,100000,Free,0,Everyone,Shopping,2018-02-27,2.3.2,4.1 and up
USR02286,SHOPPING,4.1,7193,7.3,500000,Free,0,Everyone,Shopping,2018-07-13,5.0.2,4.4 and up
USR02287,SHOPPING,4.6,2278,12,500000,Free,0,Everyone,Shopping,2018-07-15,3.28.1.3.1359,4.4 and up
USR02288,SHOPPING,4.2,5121,8.8,500000,Free,0,Everyone,Shopping,2018-07-13,9.0.30,4.1 and up
USR02289,SHOPPING,4.2,39735,18,5000000,Free,0,Teen,Shopping,2018-07-25,3.13.09,4.0 and up
USR02290,SHOPPING,4.2,1558,21,100000,Free,0,Everyone,Shopping,2015-07-29,1.2.12,2.3 and up
USR02291,SHOPPING,4.2,16966,34,1000000,Free,0,Everyone,Shopping,2018-07-12,6.10.0,4.0.3 and up
USR02292,SHOPPING,4,41986,26,5000000,Free,0,Teen,Shopping,2018-08-06,3.69.0,4.1 and up
USR02293,SHOPPING,4.4,186116,34,5000000,Free,0,Everyone,Shopping,2018-08-03,11.6.0,4.4 and up
USR02294,SHOPPING,4,13085,2.7,1000000,Free,0,Teen,Shopping,2017-11-08,5.1,4.0.3 and up
USR02295,SHOPPING,4.6,5916569,,100000000,Free,0,Teen,Shopping,2018-08-06,Varies with device,Varies with device
USR02296,SHOPPING,4.5,28560,,1000000,Free,0,Everyone,Shopping,2018-07-23,Varies with device,Varies with device
USR02297,SHOPPING,3.9,34171,,1000000,Free,0,Everyone,Shopping,2018-07-24,Varies with device,Varies with device
USR02298,SHOPPING,4.5,44588,20,5000000,Free,0,Everyone,Shopping,2018-07-12,9.0.0,4.4 and up
USR02299,SHOPPING,4.2,4158,23,500000,Free,0,Teen,Shopping,2018-07-02,2.8,4.0.3 and up
USR02300,SHOPPING,4.3,105773,,10000000,Free,0,Everyone,Shopping,2018-08-05,Varies with device,4.4 and up
USR02301,SHOPPING,4.3,909204,42,100000000,Free,0,Teen,Shopping,2018-07-31,16.14.0.100,4.4 and up
USR02302,SHOPPING,4.4,279428,16,10000000,Free,0,Everyone,Shopping,2018-08-03,6.4.2,4.4 and up
USR02303,SHOPPING,4.5,33583,12,1000000,Free,0,Everyone,Shopping,2018-07-30,3.9,4.4 and up
USR02304,SHOPPING,4.6,94205,6.5,1000000,Free,0,Everyone,Shopping,2018-06-13,5.6.8,4.4 and up
USR02305,SHOPPING,4.3,95520,15,10000000,Free,0,Teen,Shopping,2018-08-03,5.3.1,4.1 and up
USR02306,SHOPPING,4.7,181798,22,10000000,Free,0,Everyone,Shopping,2018-07-30,4.4.9,4.4 and up
USR02307,SHOPPING,4.4,25719,,1000000,Free,0,Teen,Shopping,2018-08-06,Varies with device,Varies with device
USR02308,SHOPPING,4,4602,6.2,500000,Free,0,Everyone,Shopping,2017-12-22,3.0.0,4.1 and up
USR02309,SHOPPING,4.5,72596,19,1000000,Free,0,Teen,Shopping,2018-08-03,4.2.2,4.1 and up
USR02310,SHOPPING,4.1,110425,27,10000000,Free,0,Everyone,Shopping,2018-06-18,13.6.4,4.0.3 and up
USR02311,SHOPPING,4.4,2375,1.1,100000,Free,0,Everyone,Shopping,2016-11-02,3.1,2.3.3 and up
USR02312,SHOPPING,4.6,5917485,,100000000,Free,0,Teen,Shopping,2018-08-06,Varies with device,Varies with device
USR02313,SHOPPING,4.5,35497,16,1000000,Free,0,Everyone,Shopping,2018-07-11,4.16.0,4.4 and up
USR02314,SHOPPING,4.4,3878,8.8,100000,Free,0,Everyone,Shopping,2018-05-08,5.6.8,4.1 and up
USR02315,SHOPPING,4.1,68406,24,10000000,Free,0,Everyone,Shopping,2018-08-06,6.25.0+1906001476,5.0 and up
USR02316,SHOPPING,4.3,44071,56,5000000,Free,0,Everyone,Shopping,2018-07-19,5.1,4.4 and up
USR02317,SHOPPING,4.5,6212081,15,100000000,Free,0,Everyone,Shopping,2018-08-03,4.20.5,4.1 and up
USR02318,SHOPPING,3.8,6380,,1000000,Free,0,Everyone,Shopping,2018-08-02,Varies with device,Varies with device
USR02319,SHOPPING,4.5,5123,14,500000,Free,0,Everyone,Shopping,2018-07-28,4.4.4,5.0 and up
USR02320,SHOPPING,4.7,181823,22,10000000,Free,0,Everyone,Shopping,2018-07-30,4.4.9,4.4 and up
USR02321,PHOTOGRAPHY,4.1,19232,28,1000000,Free,0,Everyone,Photography,2018-08-06,7.4.2,4.4 and up
USR02322,PHOTOGRAPHY,4.6,98716,59,5000000,Free,0,Everyone,Photography,2018-08-01,5.13.1,5.0 and up
USR02323,PHOTOGRAPHY,4.8,109500,37,1000000,Free,0,Everyone,Photography,2018-08-02,2.18.2,4.1 and up
USR02324,PHOTOGRAPHY,4,21159,36,500000,Free,0,Everyone,Photography,2018-01-31,2.1.9,4.0.3 and up
USR02325,PHOTOGRAPHY,4.7,1320,9.5,50000,Free,0,Everyone,Photography,2018-06-27,2.1.9,4.1 and up
USR02326,PHOTOGRAPHY,4.7,50424,82,1000000,Free,0,Everyone,Photography,2018-08-02,584,4.1 and up
USR02327,PHOTOGRAPHY,4.1,32398,28,1000000,Free,0,Everyone,Photography,2018-08-01,9.6.4,4.4 and up
USR02328,PHOTOGRAPHY,4.5,10858556,,1000000000,Free,0,Everyone,Photography,2018-08-06,Varies with device,Varies with device
USR02329,PHOTOGRAPHY,3.6,219745,,50000000,Free,0,Everyone,Photography,2016-01-25,Varies with device,Varies with device
USR02330,PHOTOGRAPHY,4.5,38953,9.7,5000000,Free,0,Everyone,Photography,2018-07-26,2.2.4,4.2 and up
USR02331,PHOTOGRAPHY,4.7,142634,22,10000000,Free,0,Everyone,Photography,2018-07-06,1.5.1,4.4 and up
USR02332,PHOTOGRAPHY,4.7,259450,17,10000000,Free,0,Everyone,Photography,2018-05-24,1.0.4,4.1 and up
USR02333,PHOTOGRAPHY,4.5,123029,,10000000,Free,0,Everyone,Photography,2018-08-02,Varies with device,4.0.3 and up
USR02334,PHOTOGRAPHY,4.2,914804,,50000000,Free,0,Everyone,Photography,2018-07-22,5.0.508,4.4 and up
USR02335,PHOTOGRAPHY,4.5,21841,7.7,1000000,Free,0,Everyone,Photography,2018-07-24,1.6.4,4.2 and up
USR02336,PHOTOGRAPHY,4.4,5282578,,100000000,Free,0,Everyone,Photography,2018-07-30,7.6.5,4.3 and up
USR02337,PHOTOGRAPHY,4.5,10349,11,1000000,Free,0,Everyone,Photography,2017-07-29,1.6.0,2.3 and up
USR02338,PHOTOGRAPHY,4.5,859,21,100000,Free,0,Everyone,Photography,2018-07-18,1.5.1,4.0.3 and up
USR02339,PHOTOGRAPHY,4.4,40289,19,5000000,Free,0,Everyone,Photography,2018-07-11,2.2,5.0 and up
USR02340,PHOTOGRAPHY,3.7,3362,,1000000,Free,0,Everyone,Photography,2018-05-22,Varies with device,4.0 and up
USR02341,PHOTOGRAPHY,4.3,49680,8.7,5000000,Free,0,Everyone,Photography,2018-07-11,1.8.5,4.2 and up
USR02342,PHOTOGRAPHY,4.5,3378,30,1000000,Free,0,Mature 17+,Photography,2018-07-25,1.7,4.1 and up
USR02343,PHOTOGRAPHY,4.4,10525,25,1000000,Free,0,Everyone,Photography,2018-07-27,8.9.9,4.0 and up
USR02344,PHOTOGRAPHY,3.3,3492,17,5000000,Free,0,Everyone,Photography,2018-06-14,1.5.3.8,7.0 and up
USR02345,PHOTOGRAPHY,4.3,654419,,50000000,Free,0,Everyone,Photography,2018-02-01,Varies with device,4.0.3 and up
USR02346,PHOTOGRAPHY,4.4,1864,13,500000,Free,0,Everyone,Photography,2018-05-03,22,4.0.3 and up
USR02347,PHOTOGRAPHY,4.5,74476,23,10000000,Free,0,Everyone,Photography,2018-06-19,1.6,4.0 and up
USR02348,PHOTOGRAPHY,4.4,221858,,10000000,Free,0,Everyone,Photography,2018-08-01,Varies with device,4.1 and up
USR02349,PHOTOGRAPHY,4.2,401820,,50000000,Free,0,Everyone,Photography,2018-04-27,Varies with device,Varies with device
USR02350,PHOTOGRAPHY,4.5,3116,22,500000,Free,0,Everyone,Photography,2018-08-03,2.15.180,4.0.3 and up
USR02351,PHOTOGRAPHY,4.7,31985,9.1,1000000,Free,0,Everyone,Photography,2018-08-06,1.7.14,4.2 and up
USR02352,PHOTOGRAPHY,4.5,4400,8.3,1000000,Free,0,Everyone,Photography,2018-07-28,2.0.1,4.0.3 and up
USR02353,PHOTOGRAPHY,4.6,3337956,,100000000,Free,0,Everyone,Photography,2018-08-06,Varies with device,Varies with device
USR02354,PHOTOGRAPHY,4.6,11677,19,1000000,Free,0,Everyone,Photography,2018-07-05,1.0.3,4.4 and up
USR02355,PHOTOGRAPHY,4.4,3158047,53,100000000,Free,0,Everyone,Photography,2018-07-31,6.9.031,4.1 and up
USR02356,PHOTOGRAPHY,4.3,125259,,50000000,Free,0,Everyone,Photography,2018-08-02,Varies with device,Varies with device
USR02357,PHOTOGRAPHY,4.3,56114,17,10000000,Free,0,Everyone,Photography,2018-07-09,2.6,2.3 and up
USR02358,PHOTOGRAPHY,4.6,15700,10,1000000,Free,0,Everyone,Photography,2018-07-07,2.3,4.0.3 and up
USR02359,PHOTOGRAPHY,4.4,16523,,1000000,Free,0,Everyone,Photography,2018-07-30,1.2.31,4.1 and up
USR02360,PHOTOGRAPHY,4.5,26361,29,5000000,Free,0,Everyone,Photography,2018-07-25,5.3,4.1 and up
USR02361,PHOTOGRAPHY,4.5,285788,46,10000000,Free,0,Everyone,Photography,2017-12-04,1.8.0.170824_9,5.0 - 8.0
USR02362,PHOTOGRAPHY,4.2,4410,4.5,1000000,Free,0,Everyone,Photography,2018-06-27,4.1,4.0.3 and up
USR02363,PHOTOGRAPHY,4,5855,4.9,1000000,Free,0,Everyone,Photography,2018-07-12,1.6,2.3 and up
USR02364,PHOTOGRAPHY,4.4,47090,,5000000,Free,0,Everyone,Photography,2018-07-28,Varies with device,Varies with device
USR02365,PHOTOGRAPHY,4.7,233039,24,10000000,Free,0,Everyone,Photography,2018-07-28,1.5.3,4.4 and up
USR02366,PHOTOGRAPHY,4.3,28578,23,10000000,Free,0,Everyone,Photography,2018-07-28,6.21,4.0 and up
USR02367,PHOTOGRAPHY,4.6,1159058,25,100000000,Free,0,Everyone,Photography,2018-08-03,2.73.672,4.0.3 and up
USR02368,PHOTOGRAPHY,4.4,53421,26,10000000,Free,0,Everyone,Photography,2018-08-06,2.74.685,4.0.3 and up
USR02369,PHOTOGRAPHY,4.5,1579287,,100000000,Free,0,Everyone,Photography,2018-07-25,Varies with device,Varies with device
USR02370,PHOTOGRAPHY,4.3,116880,2,10000000,Free,0,Everyone,Photography,2018-04-23,1.43.3,4.0.3 and up
USR02371,PHOTOGRAPHY,4.3,21730,19,1000000,Free,0,Everyone,Photography,2018-05-23,1.6.0,4.0 and up
USR02372,PHOTOGRAPHY,4.4,62421,9.6,5000000,Free,0,Everyone,Photography,2018-07-28,2.4,4.1 and up
USR02373,PHOTOGRAPHY,4.5,10858538,,1000000000,Free,0,Everyone,Photography,2018-08-06,Varies with device,Varies with device
USR02374,PHOTOGRAPHY,4.4,70189,13,5000000,Free,0,Teen,Photography,2015-08-11,4.0.10,4.0 and up
USR02375,PHOTOGRAPHY,4.6,847159,4.2,10000000,Free,0,Everyone,Photography,2017-11-10,4.7.4,4.0 and up
USR02376,PHOTOGRAPHY,4.3,251951,16,10000000,Free,0,Mature 17+,Photography,2018-07-11,4.7.3,4.4 and up
USR02377,PHOTOGRAPHY,4.3,654418,,50000000,Free,0,Everyone,Photography,2018-02-01,Varies with device,4.0.3 and up
USR02378,PHOTOGRAPHY,4.4,5282558,,100000000,Free,0,Everyone,Photography,2018-07-30,7.6.5,4.3 and up
USR02379,PHOTOGRAPHY,4.2,240475,9.5,10000000,Free,0,Everyone,Photography,2017-11-22,3.8,4.0 and up
USR02380,PHOTOGRAPHY,4.3,527247,,50000000,Free,0,Everyone,Photography,2018-02-01,1.6.1,Varies with device
USR02381,PHOTOGRAPHY,4.4,3157936,53,100000000,Free,0,Everyone,Photography,2018-07-31,6.9.031,4.1 and up
USR02382,PHOTOGRAPHY,3.9,55427,6.6,10000000,Free,0,Everyone,Photography,2016-03-25,5.1,2.3.3 and up
USR02383,PHOTOGRAPHY,4.3,68070,,5000000,Free,0,Everyone,Photography,2018-05-05,Varies with device,Varies with device
USR02384,PHOTOGRAPHY,4.4,2418135,,100000000,Free,0,Everyone,Photography,2018-07-12,Varies with device,Varies with device
USR02385,PHOTOGRAPHY,4.2,329160,27,10000000,Free,0,Everyone,Photography,2018-05-29,3.1.8.180529,2.3 and up
USR02386,PHOTOGRAPHY,4.3,42677,22,1000000,Free,0,Everyone,Photography,2018-06-15,1.28,4.0.3 and up
USR02387,PHOTOGRAPHY,4.3,1517369,,100000000,Free,0,Everyone,Photography,2018-03-06,Varies with device,Varies with device
USR02388,PHOTOGRAPHY,4.3,811693,50,50000000,Free,0,Everyone,Photography,2018-08-02,4.0.26,4.4 and up
USR02389,PHOTOGRAPHY,4.1,23440,30,1000000,Free,0,Everyone,Photography,2018-07-11,1.8.2,4.0 and up
USR02390,PHOTOGRAPHY,4.4,3368649,,100000000,Free,0,Everyone,Photography,2018-07-16,4.47,4.0.3 and up
USR02391,PHOTOGRAPHY,4.3,42079,17,1000000,Free,0,Everyone,Photography,2015-09-24,Varies with device,4.0.3 and up
USR02392,PHOTOGRAPHY,4,29707,18,1000000,Free,0,Everyone,Photography,2015-02-10,1.1.6,4.0 and up
USR02393,PHOTOGRAPHY,4,15098,10,1000000,Free,0,Everyone,Photography,2017-03-03,1.43,2.3 and up
USR02394,PHOTOGRAPHY,4,35724,9.9,1000000,Free,0,Everyone,Photography,2015-02-11,1.4,4.0 and up
USR02395,PHOTOGRAPHY,4.4,71898,23,5000000,Free,0,Everyone,Photography,2017-10-10,6.1.7.100920,4.0.3 and up
USR02396,PHOTOGRAPHY,4.3,4865093,51,100000000,Free,0,Everyone,Photography,2018-08-06,9.3.1,4.0.3 and up
USR02397,PHOTOGRAPHY,4.1,106080,35,10000000,Free,0,Everyone,Photography,2018-06-27,6.1.6,4.1 and up
USR02398,PHOTOGRAPHY,4.2,44941,16,1000000,Free,0,Everyone,Photography,2016-10-19,1.6.2,3.0 and up
USR02399,PHOTOGRAPHY,3.9,129272,11,10000000,Free,0,Everyone,Photography,2018-07-30,1.32,4.1 and up
USR02400,PHOTOGRAPHY,4.4,111066,74,5000000,Free,0,Everyone,Photography,2018-08-03,4.8.7,4.0.3 and up
USR02401,PHOTOGRAPHY,4.4,49553,48,1000000,Paid,5.99,Everyone,Photography,2018-07-25,1.3.1,4.1 and up
USR02402,PHOTOGRAPHY,4.5,10859051,,1000000000,Free,0,Everyone,Photography,2018-08-06,Varies with device,Varies with device
USR02403,PHOTOGRAPHY,4.1,43296,,5000000,Free,0,Everyone,Photography,2017-09-20,Varies with device,Varies with device
USR02404,PHOTOGRAPHY,4,130081,5.6,10000000,Free,0,Everyone,Photography,2017-11-10,3.31.4,4.0 and up
USR02405,PHOTOGRAPHY,4.3,462152,1.5,10000000,Free,0,Everyone,Photography,2015-10-17,2.3.1,Varies with device
USR02406,PHOTOGRAPHY,4.2,140917,5.7,10000000,Free,0,Everyone,Photography,2018-06-11,2.2.93,4.0 and up
USR02407,PHOTOGRAPHY,4,88860,6.1,5000000,Free,0,Everyone,Photography,2017-04-06,6.2.9,2.3 and up
USR02408,PHOTOGRAPHY,4.1,49211,1.9,1000000,Free,0,Everyone,Photography,2017-01-19,1.5.5,2.1 and up
USR02409,PHOTOGRAPHY,4.1,351254,4,10000000,Free,0,Everyone,Photography,2018-06-29,4.6.0.0,4.2 and up
USR02410,PHOTOGRAPHY,4,157506,47,10000000,Free,0,Everyone,Photography,2018-05-24,4.5.2,5.0 and up
USR02411,PHOTOGRAPHY,4.3,1871416,,100000000,Free,0,Everyone,Photography,2017-12-21,Varies with device,Varies with device
USR02412,PHOTOGRAPHY,4.5,420973,,10000000,Free,0,Everyone,Photography,2018-08-02,Varies with device,Varies with device
USR02413,PHOTOGRAPHY,4,34753,22,1000000,Free,0,Everyone,Photography,2018-07-03,1.4.0_180703,4.2 and up
USR02414,PHOTOGRAPHY,4.4,635846,14,50000000,Free,0,Everyone,Photography,2018-05-23,4.2.14,4.0 and up
USR02415,PHOTOGRAPHY,4.1,78140,10,5000000,Free,0,Everyone,Photography,2018-02-11,5.5.2,4.0.3 and up
USR02416,PHOTOGRAPHY,4.3,244371,,10000000,Free,0,Everyone,Photography,2018-07-05,Varies with device,Varies with device
USR02417,PHOTOGRAPHY,4.3,12865,6.9,100000,Paid,2.99,Everyone,Photography,2014-11-06,4.7,2.2 and up
USR02418,PHOTOGRAPHY,4.2,215343,44,10000000,Free,0,Everyone,Photography,2018-07-14,6.4.3,4.0.3 and up
USR02419,PHOTOGRAPHY,4.3,6120977,,100000000,Free,0,Everyone,Photography,2018-06-28,6.1.0,Varies with device
USR02420,PHOTOGRAPHY,4.4,3368646,,100000000,Free,0,Everyone,Photography,2018-07-16,4.47,4.0.3 and up
USR02421,PHOTOGRAPHY,4.4,753115,,50000000,Free,0,Everyone,Photography,2018-08-03,71,4.4 and up
USR02422,PHOTOGRAPHY,4.3,4865107,51,100000000,Free,0,Everyone,Photography,2018-08-06,9.3.1,4.0.3 and up
USR02423,PHOTOGRAPHY,3.8,16320,,100000,Paid,3.95,Everyone,Photography,2017-11-10,Varies with device,Varies with device
USR02424,PHOTOGRAPHY,4.4,852649,43,50000000,Free,0,Teen,Photography,2018-06-26,4.1.0.1,4.2 and up
USR02425,PHOTOGRAPHY,4.4,1494491,21,50000000,Free,0,Everyone,Photography,2017-03-21,3.3.8,3.1 and up
USR02426,PHOTOGRAPHY,4.3,527248,,50000000,Free,0,Everyone,Photography,2018-02-01,1.6.1,Varies with device
USR02427,PHOTOGRAPHY,4.6,819774,25,10000000,Free,0,Everyone,Photography,2018-06-26,4.2.3,4.0 and up
USR02428,PHOTOGRAPHY,4,33439,3.9,5000000,Free,0,Everyone,Photography,2016-07-18,3.2,2.3.3 and up
USR02429,PHOTOGRAPHY,4.1,351255,4,10000000,Free,0,Everyone,Photography,2018-06-29,4.6.0.0,4.2 and up
USR02430,PHOTOGRAPHY,4.2,477831,51,10000000,Free,0,Everyone,Photography,2018-07-28,2.0.17.9,4.0 and up
USR02431,PHOTOGRAPHY,4.3,1871421,,100000000,Free,0,Everyone,Photography,2017-12-21,Varies with device,Varies with device
USR02432,PHOTOGRAPHY,4.6,3337952,,100000000,Free,0,Everyone,Photography,2018-08-06,Varies with device,Varies with device
USR02433,PHOTOGRAPHY,4.6,126337,9.6,1000000,Free,0,Everyone,Photography,2017-03-15,2.0.5,4.0 and up
USR02434,PHOTOGRAPHY,4.3,68071,,5000000,Free,0,Everyone,Photography,2018-05-05,Varies with device,Varies with device
USR02435,PHOTOGRAPHY,4.1,373606,,10000000,Free,0,Everyone,Photography,2018-03-27,Varies with device,Varies with device
USR02436,PHOTOGRAPHY,4.2,15426,50,1000000,Free,0,Everyone,Photography,2018-07-24,3.8.3,5.1 and up
USR02437,PHOTOGRAPHY,4.6,714340,,10000000,Free,0,Everyone,Photography,2018-07-28,Varies with device,Varies with device
USR02438,PHOTOGRAPHY,4.6,1451000,,50000000,Free,0,Everyone,Photography,2018-07-19,Varies with device,Varies with device
USR02439,PHOTOGRAPHY,4.4,1490732,21,50000000,Free,0,Everyone,Photography,2018-07-19,4.8.4,4.1 and up
USR02440,PHOTOGRAPHY,4.7,2163282,,50000000,Free,0,Everyone,Photography,2018-07-10,Varies with device,Varies with device
USR02441,PHOTOGRAPHY,4.4,1163232,31,50000000,Free,0,Everyone,Photography,2018-07-20,3.4.0,4.0.3 and up
USR02442,PHOTOGRAPHY,4.1,114680,27,10000000,Free,0,Everyone,Photography,2018-02-15,1.38,4.1 and up
USR02443,PHOTOGRAPHY,4.3,751766,,10000000,Free,0,Everyone,Photography,2018-05-10,Varies with device,Varies with device
USR02444,PHOTOGRAPHY,4.4,2418158,,100000000,Free,0,Everyone,Photography,2018-07-12,Varies with device,Varies with device
USR02445,PHOTOGRAPHY,4.2,914917,,50000000,Free,0,Everyone,Photography,2018-07-22,5.0.508,4.4 and up
USR02446,PHOTOGRAPHY,4.4,3158151,53,100000000,Free,0,Everyone,Photography,2018-07-31,6.9.031,4.1 and up
USR02447,PHOTOGRAPHY,4.5,7594559,34,100000000,Free,0,Teen,Photography,2018-08-06,9.40.3,4.0.3 and up
USR02448,PHOTOGRAPHY,4.2,1028637,,100000000,Free,0,Everyone,Photography,2017-12-21,Varies with device,Varies with device
USR02449,PHOTOGRAPHY,3.8,167652,12,10000000,Free,0,Everyone,Photography,2018-04-23,4.5,4.1 and up
USR02450,PHOTOGRAPHY,4.3,811714,50,50000000,Free,0,Everyone,Photography,2018-08-02,4.0.26,4.4 and up
USR02451,PHOTOGRAPHY,4.4,1075277,47,100000000,Free,0,Mature 17+,Photography,2018-08-03,4.21,4.1 and up
USR02452,PHOTOGRAPHY,4.6,7529865,,100000000,Free,0,Everyone,Photography,2018-08-06,6.71,Varies with device
USR02453,PHOTOGRAPHY,4.4,3368705,,100000000,Free,0,Everyone,Photography,2018-07-16,4.47,4.0.3 and up
USR02454,PHOTOGRAPHY,4.5,1579343,,100000000,Free,0,Everyone,Photography,2018-07-25,Varies with device,Varies with device
USR02455,PHOTOGRAPHY,4.2,93726,9.2,5000000,Free,0,Everyone,Photography,2018-07-08,2.0.18,4.3 and up
USR02456,PHOTOGRAPHY,4.5,597068,,10000000,Free,0,Everyone,Photography,2018-07-09,Varies with device,Varies with device
USR02457,PHOTOGRAPHY,4.5,823109,,50000000,Free,0,Everyone,Photography,2018-06-29,2.19.0.201907232,4.4 and up
USR02458,PHOTOGRAPHY,4.3,4865132,51,100000000,Free,0,Everyone,Photography,2018-08-06,9.3.1,4.0.3 and up
USR02459,PHOTOGRAPHY,4.2,197295,24,10000000,Free,0,Everyone,Photography,2017-06-23,4.0.7,4.0 and up
USR02460,PHOTOGRAPHY,4.1,21578,1.6,1000000,Free,0,Everyone,Photography,2017-09-08,1.1.3,2.3 and up
USR02461,PHOTOGRAPHY,4.3,307453,17,10000000,Free,0,Everyone,Photography,2017-10-26,1.7.16,4.0.3 and up
USR02462,PHOTOGRAPHY,4,32896,31,5000000,Free,0,Everyone,Photography,2018-03-14,3.3.5,2.3.3 and up
USR02463,PHOTOGRAPHY,4.6,98717,59,5000000,Free,0,Everyone,Photography,2018-08-01,5.13.1,5.0 and up
USR02464,PHOTOGRAPHY,4.3,542561,46,10000000,Free,0,Everyone,Photography,2018-01-02,4.7.0,4.0 and up
USR02465,PHOTOGRAPHY,4.5,462702,45,10000000,Free,0,Everyone,Photography,2018-08-01,8.1.0.6,4.3 and up
USR02466,SPORTS,4.2,521138,,10000000,Free,0,Everyone 10+,Sports,2018-07-19,Varies with device,5.0 and up
USR02467,SPORTS,4.3,1802,9.8,100000,Free,0,Everyone,Sports,2018-06-21,1.4,4.0.3 and up
USR02468,SPORTS,4.4,283662,,10000000,Free,0,Everyone,Sports,2018-06-15,Varies with device,4.1 and up
USR02469,SPORTS,4.2,82882,,5000000,Free,0,Everyone,Sports,2018-07-30,Varies with device,Varies with device
USR02470,SPORTS,4.1,459795,,50000000,Free,0,Everyone,Sports,2018-08-02,Varies with device,Varies with device
USR02471,SPORTS,4.4,133825,34,10000000,Free,0,Everyone 10+,Sports,2018-07-25,6.17.2,4.4 and up
USR02472,SPORTS,4.7,911995,20,10000000,Free,0,Everyone,Sports,2018-08-01,10.8.1.330,4.4 and up
USR02473,SPORTS,4.6,1733,19,500000,Free,0,Everyone,Sports,2018-07-17,2.1,4.1 and up
USR02474,SPORTS,4.2,342909,6,10000000,Free,0,Everyone,Sports,2018-08-03,4.3.1,4.4 and up
USR02475,SPORTS,4.3,31908,,1000000,Free,0,Everyone,Sports,2017-09-27,Varies with device,Varies with device
USR02476,SPORTS,4.3,56270,15,5000000,Free,0,Everyone,Sports,2018-08-03,5.4.2,5.0 and up
USR02477,SPORTS,4.5,107724,6.5,5000000,Free,0,Everyone,Sports,2018-07-31,1004,4.0 and up
USR02478,SPORTS,4.6,101455,6.2,5000000,Free,0,Everyone,Sports,2018-08-03,2.24.2.0,4.0.3 and up
USR02479,SPORTS,4.5,152780,,10000000,Free,0,Everyone,Sports,2018-07-18,Varies with device,Varies with device
USR02480,SPORTS,4.4,21733,,1000000,Free,0,Mature 17+,Sports,2018-06-29,Varies with device,Varies with device
USR02481,SPORTS,4.7,410384,,10000000,Free,0,Everyone,Sports,2018-07-31,Varies with device,Varies with device
USR02482,SPORTS,4.2,277902,,5000000,Free,0,Mature 17+,Sports,2018-08-02,Varies with device,Varies with device
USR02483,SPORTS,4.3,91031,,5000000,Free,0,Everyone,Sports,2018-08-04,Varies with device,5.0 and up
USR02484,SPORTS,4.2,112725,,5000000,Free,0,Everyone,Sports,2018-07-31,Varies with device,Varies with device
USR02485,SPORTS,3.9,76346,14,5000000,Free,0,Everyone,Sports,2018-07-25,6.3.3,4.1 and up
USR02486,SPORTS,3.9,63938,,5000000,Free,0,Everyone,Sports,2018-08-06,Varies with device,Varies with device
USR02487,SPORTS,4.2,18678,,1000000,Free,0,Everyone,Sports,2018-04-25,Varies with device,Varies with device
USR02488,SPORTS,4.3,39878,6.1,1000000,Free,0,Everyone,Sports,2018-07-28,3.6.7,4.1 and up
USR02489,SPORTS,4.6,152867,17,10000000,Free,0,Everyone,Sports,2018-08-03,3.0.5,4.1 and up
USR02490,SPORTS,4.3,63580,24,5000000,Free,0,Everyone,Sports,2018-07-20,1.1.5,4.1 and up
USR02491,SPORTS,4,121003,,10000000,Free,0,Everyone,Sports,2018-08-06,Varies with device,Varies with device
USR02492,SPORTS,4,135763,13,10000000,Free,0,Everyone,Sports,2018-08-02,1.5.13,4.1 and up
USR02493,SPORTS,4,176448,10,5000000,Free,0,Everyone,Sports,2017-11-21,5.3.0,4.4 and up
USR02494,SPORTS,4.6,1981,10,100000,Free,0,Everyone,Sports,2018-06-21,2.9.9go,4.1 and up
USR02495,SPORTS,4.3,16016,6.9,1000000,Free,0,Everyone,Sports,2016-01-07,2.7.0,4.2 and up
USR02496,SPORTS,4.2,9992,31,1000000,Free,0,Everyone,Sports,2018-05-23,6.5,4.1 and up
USR02497,SPORTS,4.3,36490,,1000000,Free,0,Everyone,Sports,2018-07-25,Varies with device,Varies with device
USR02498,SPORTS,4.4,122282,,5000000,Free,0,Everyone 10+,Sports,2018-07-20,Varies with device,Varies with device
USR02499,SPORTS,4,218,28,100000,Free,0,Everyone,Sports,2018-07-19,5,4.1 and up
USR02500,SPORTS,4.6,4011,2.6,500000,Free,0,Teen,Sports,2018-07-01,1.0.16,2.3 and up
USR02501,SPORTS,4.7,25172,30,500000,Free,0,Everyone,Sports,2018-05-23,5.5,4.1 and up
USR02502,SPORTS,4.3,14123,13,500000,Free,0,Everyone,Sports,2018-08-01,4.0.0,4.0 and up
USR02503,SPORTS,4,2487,27,1000000,Free,0,Everyone,Sports,2018-08-03,12,4.0.3 and up
USR02504,SPORTS,4.5,180938,29,10000000,Free,0,Everyone,Sports,2018-07-24,6.4.8,4.0.3 and up
USR02505,SPORTS,4.7,950,18,100000,Free,0,Everyone,Sports,2018-07-17,2.6,4.1 and up
USR02506,SPORTS,4.4,232423,35,5000000,Free,0,Everyone,Sports,2018-06-11,4.2.2,4.0.3 and up
USR02507,SPORTS,4.8,1664,17,100000,Free,0,Everyone,Sports,2018-07-31,1.2.677,4.4 and up
USR02508,SPORTS,3.3,1391,,100000,Free,0,Everyone,Sports,2018-05-04,Varies with device,Varies with device
USR02509,SPORTS,4.3,2486,18,500000,Free,0,Everyone,Sports,2018-07-30,06.11.00,4.4 and up
USR02510,SPORTS,3.9,188834,,10000000,Free,0,Everyone,Sports,2018-07-24,Varies with device,Varies with device
USR02511,SPORTS,4.4,697,3,100000,Free,0,Everyone,Sports,2017-03-16,1.1,4.1 and up
USR02512,SPORTS,3.9,5510,32,1000000,Free,0,Everyone,Sports,2018-07-16,7.3.0,4.2 and up
USR02513,SPORTS,4.4,4549,24,500000,Free,0,Everyone,Sports,2018-08-01,2.4.0,4.1 and up
USR02514,SPORTS,4.4,6106,,100000,Free,0,Everyone,Sports,2018-08-01,Varies with device,Varies with device
USR02515,SPORTS,4.2,277900,,5000000,Free,0,Mature 17+,Sports,2018-08-02,Varies with device,Varies with device
USR02516,SPORTS,4.1,288809,6.6,10000000,Free,0,Everyone,Sports,2017-09-27,2.5.1,4.4 and up
USR02517,SPORTS,4,43611,27,1000000,Free,0,Everyone,Sports,2018-06-27,3.17.0+3,5.0 and up
USR02518,SPORTS,3.1,78442,25,5000000,Free,0,Everyone,Sports,2018-06-22,5.12.4,4.1 and up
USR02519,SPORTS,2.9,3017,24,100000,Free,0,Everyone,Sports,2018-07-02,3.7,4.1 and up
USR02520,SPORTS,4,30840,,1000000,Free,0,Teen,Sports,2018-05-22,Varies with device,Varies with device
USR02521,SPORTS,4.5,36255,25,1000000,Free,0,Everyone,Sports,2018-08-01,5.10.5,4.1 and up
USR02522,SPORTS,4.3,752,33,100000,Free,0,Everyone,Sports,2018-07-10,2.6.3,4.1 and up
USR02523,SPORTS,4.1,19230,88,1000000,Free,0,Everyone,Sports,2018-05-30,4.5.19.56,4.1 and up
USR02524,SPORTS,4.3,926,9.3,100000,Free,0,Everyone,Sports,2018-01-17,5.9,4.1 and up
USR02525,SPORTS,4.5,26102,,1000000,Free,0,Everyone,Sports,2018-05-03,Varies with device,Varies with device
USR02526,SPORTS,4.6,37167,,1000000,Free,0,Everyone,Sports,2018-07-30,Varies with device,4.4 and up
USR02527,SPORTS,4.4,2020,84,100000,Free,0,Everyone,Sports,2018-05-24,4.4.0,5.0 and up
USR02528,SPORTS,4.2,798,4.7,50000,Free,0,Everyone 10+,Sports,2018-08-01,3.5,4.0 and up
USR02529,SPORTS,4.3,7543,25,500000,Free,0,Everyone,Sports,2018-07-11,1.31.0,4.1 and up
USR02530,SPORTS,3.4,1845,12,100000,Free,0,Everyone,Sports,2017-06-07,1.3.0,4.2 and up
USR02531,SPORTS,4.6,13098,,1000000,Free,0,Everyone,Sports,2018-07-28,Varies with device,Varies with device
USR02532,SPORTS,4.2,1904,9.9,100000,Free,0,Everyone,Sports,2018-06-11,2.0.22,2.3 and up
USR02533,SPORTS,4,11085,61,1000000,Free,0,Everyone,Sports,2018-06-21,8.9.3,4.0.3 and up
USR02534,SPORTS,4.1,3387,25,50000,Paid,29.99,Everyone,Sports,2018-07-11,4.18.0,4.1 and up
USR02535,SPORTS,4,11151,52,1000000,Free,0,Everyone,Sports,2018-06-27,2018.6,5.0 and up
USR02536,SPORTS,4.6,29673,57,1000000,Free,0,Mature 17+,Sports,2018-08-06,2.46.1,5.0 and up
USR02537,SPORTS,4.2,277904,,5000000,Free,0,Mature 17+,Sports,2018-08-02,Varies with device,Varies with device
USR02538,SPORTS,4.5,50017,41,1000000,Free,0,Adults only 18+,Sports,2018-07-24,3.21.324,4.4 and up
USR02539,SPORTS,4.4,63650,4.6,1000000,Free,0,Everyone,Sports,2018-08-03,7.0.2,4.1 and up
USR02540,SPORTS,4,176450,10,5000000,Free,0,Everyone,Sports,2017-11-21,5.3.0,4.4 and up
USR02541,SPORTS,3.5,50179,23,1000000,Free,0,Everyone,Sports,2018-08-02,2.5.7.1,5.0 and up
USR02542,SPORTS,4.2,521140,,10000000,Free,0,Everyone 10+,Sports,2018-07-19,Varies with device,5.0 and up
USR02543,SPORTS,4,9971,33,1000000,Free,0,Everyone,Sports,2018-06-05,7.1,5.0 and up
USR02544,SPORTS,4.4,122283,,5000000,Free,0,Everyone 10+,Sports,2018-07-20,Varies with device,Varies with device
USR02545,SPORTS,4.8,1660,4.7,10000,Free,0,Everyone,Sports,2018-06-05,3.9,4.0.3 and up
USR02546,SPORTS,4.1,361,2.2,50000,Free,0,Everyone,Sports,2016-10-13,1,2.3 and up
USR02547,SPORTS,4.6,5305,,100000,Free,0,Everyone,Sports,2018-05-18,Varies with device,Varies with device
USR02548,SPORTS,4.3,24082,95,1000000,Free,0,Everyone,Sports,2018-07-04,6.5,4.4 and up
USR02549,SPORTS,4.4,133833,34,10000000,Free,0,Everyone 10+,Sports,2018-07-25,6.17.2,4.4 and up
USR02550,SPORTS,4.3,91033,,5000000,Free,0,Everyone,Sports,2018-08-04,Varies with device,5.0 and up
USR02551,SPORTS,4.6,990,9.4,100000,Free,0,Everyone,Sports,2018-07-18,2.28.1,4.1 and up
USR02552,SPORTS,4.5,32386,19,1000000,Free,0,Everyone,Sports,2018-08-01,7.8.0,5.1 and up
USR02553,SPORTS,4.3,101,3.9,10000,Free,0,Everyone,Sports,2018-07-15,5.4,4.1 and up
USR02554,SPORTS,4.2,82883,,5000000,Free,0,Everyone,Sports,2018-07-30,Varies with device,Varies with device
USR02555,SPORTS,4.5,35394,21,500000,Free,0,Everyone,Sports,2018-07-05,1.2.0,4.2 and up
USR02556,SPORTS,4,28895,82,5000000,Free,0,Teen,Sports,2018-08-02,4.4.15,5.0 and up
USR02557,SPORTS,4.7,410395,,10000000,Free,0,Everyone,Sports,2018-07-31,Varies with device,Varies with device
USR02558,SPORTS,4.6,11549,,100000,Free,0,Everyone,Sports,2018-07-07,Varies with device,Varies with device
USR02559,SPORTS,4.1,34123,19,5000000,Free,0,Everyone,Sports,2018-03-30,7.1.0,5.0 and up
USR02560,SPORTS,4.1,459797,,50000000,Free,0,Everyone,Sports,2018-08-02,Varies with device,Varies with device
USR02561,SPORTS,3.5,4057,26,500000,Free,0,Everyone,Sports,2018-05-10,3.2.12,4.0.3 and up
USR02562,SPORTS,4.5,5517,5.2,500000,Free,0,Everyone,Sports,2018-04-03,6.9.12,2.3 and up
USR02563,SPORTS,3.9,4272,16,500000,Free,0,Everyone,Sports,2018-04-23,3.0.13,4.1 and up
USR02564,SPORTS,4.6,539,,10000,Free,0,Everyone,Sports,2016-08-23,Varies with device,Varies with device
USR02565,SPORTS,4.2,342912,6,10000000,Free,0,Everyone,Sports,2018-08-03,4.3.1,4.4 and up
USR02566,SPORTS,4.6,666521,25,10000000,Free,0,Everyone,Sports,2018-07-29,5.5.9,4.1 and up
USR02567,SPORTS,4.5,838765,,50000000,Free,0,Everyone,Sports,2018-05-18,Varies with device,Varies with device
USR02568,SPORTS,4.5,2943,8.1,100000,Free,0,Everyone,Sports,2018-05-15,6.1.3,2.3.3 and up
USR02569,SPORTS,4.4,108318,35,10000000,Free,0,Everyone,Sports,2018-07-09,2017.7.1,4.4 and up
USR02570,SPORTS,4.2,18679,,1000000,Free,0,Everyone,Sports,2018-04-25,Varies with device,Varies with device
USR02571,SPORTS,4,68935,48,5000000,Free,0,Everyone,Sports,2018-06-27,9.4.0,4.2 and up
USR02572,SPORTS,4.2,80900,21,1000000,Free,0,Everyone,Sports,2018-07-25,7.1.7.4,4.4 and up
USR02573,SPORTS,3.9,5511,32,1000000,Free,0,Everyone,Sports,2018-07-16,7.3.0,4.2 and up
USR02574,SPORTS,4.2,75545,,5000000,Free,0,Everyone,Sports,2018-07-23,Varies with device,Varies with device
USR02575,SPORTS,4.5,1605267,,10000000,Free,0,Everyone,Sports,2016-12-05,Varies with device,Varies with device
USR02576,TRAVEL_AND_LOCAL,4.1,136626,14,10000000,Free,0,Everyone,Travel & Local,2018-08-06,18.30.0,5.0 and up
USR02577,TRAVEL_AND_LOCAL,4.2,219848,,50000000,Free,0,Everyone,Travel & Local,2018-08-02,Varies with device,Varies with device
USR02578,TRAVEL_AND_LOCAL,4.4,52029,,5000000,Free,0,Everyone,Travel & Local,2018-06-29,Varies with device,5.0 and up
USR02579,TRAVEL_AND_LOCAL,4.4,49190,25,1000000,Free,0,Everyone,Travel & Local,2018-06-15,7.5.0,5.0 and up
USR02580,TRAVEL_AND_LOCAL,4.1,5150,,500000,Free,0,Everyone,Travel & Local,2018-05-29,Varies with device,Varies with device
USR02581,TRAVEL_AND_LOCAL,4.3,64713,58,1000000,Free,0,Everyone,Travel & Local,2018-06-09,10.9.8 (Play),5.0 and up
USR02582,TRAVEL_AND_LOCAL,4.5,216388,19,10000000,Free,0,Everyone,Travel & Local,2018-07-31,Varies with device,Varies with device
USR02583,TRAVEL_AND_LOCAL,4.5,481545,29,10000000,Free,0,Everyone,Travel & Local,2018-08-06,5.48,4.4 and up
USR02584,TRAVEL_AND_LOCAL,4.4,6012,81,500000,Free,0,Everyone,Travel & Local,2018-03-05,4.6.0,4.0.3 and up
USR02585,TRAVEL_AND_LOCAL,4.5,260121,,10000000,Free,0,Everyone,Travel & Local,2018-07-04,Varies with device,Varies with device
USR02586,TRAVEL_AND_LOCAL,4.7,1830388,,100000000,Free,0,Everyone,Travel & Local,2018-08-06,Varies with device,Varies with device
USR02587,TRAVEL_AND_LOCAL,4.4,17878,28,1000000,Free,0,Everyone,Travel & Local,2018-07-16,6.7.1,4.1 and up
USR02588,TRAVEL_AND_LOCAL,4.1,26871,,5000000,Free,0,Everyone,Travel & Local,2018-07-26,1.10.0.205086730,4.1 and up
USR02589,TRAVEL_AND_LOCAL,4.4,1162837,,100000000,Free,0,Everyone,Travel & Local,2018-08-04,Varies with device,Varies with device
USR02590,TRAVEL_AND_LOCAL,4.4,359403,,10000000,Free,0,Everyone,Travel & Local,2018-08-02,Varies with device,Varies with device
USR02591,TRAVEL_AND_LOCAL,4.3,9235155,,1000000000,Free,0,Everyone,Travel & Local,2018-07-31,Varies with device,Varies with device
USR02592,TRAVEL_AND_LOCAL,4,33782,7.6,5000000,Free,0,Everyone,Travel & Local,2018-07-11,4.6,4.0 and up
USR02593,TRAVEL_AND_LOCAL,4.7,192641,33,5000000,Free,0,Everyone,Travel & Local,2018-06-07,17.4.1,4.0.3 and up
USR02594,TRAVEL_AND_LOCAL,4.3,2338655,,100000000,Free,0,Everyone,Travel & Local,2018-06-18,9.2.17.13,4.1 and up
USR02595,TRAVEL_AND_LOCAL,4.6,751551,42,10000000,Free,0,Mature 17+,Travel & Local,2018-08-02,5.2.0 21127,4.4 and up
USR02596,TRAVEL_AND_LOCAL,3.9,24781,8.3,5000000,Free,0,Everyone,Travel & Local,2018-07-11,5.6.1,6.0 and up
USR02597,TRAVEL_AND_LOCAL,3.6,32862,14,10000000,Free,0,Everyone,Travel & Local,2016-12-06,5.10.6.2.8466393,4.1 and up
USR02598,TRAVEL_AND_LOCAL,4,16101,,50000000,Free,0,Everyone,Travel & Local,2018-01-22,Varies with device,4.2 and up
USR02599,TRAVEL_AND_LOCAL,4.1,76779,,10000000,Free,0,Everyone,Travel & Local,2018-07-30,Varies with device,Varies with device
USR02600,TRAVEL_AND_LOCAL,4.2,2129689,,1000000000,Free,0,Everyone,Travel & Local,2018-08-06,Varies with device,Varies with device
USR02601,TRAVEL_AND_LOCAL,3.9,98585,37,10000000,Free,0,Everyone,Travel & Local,2018-07-16,5.0.4,4.4 and up
USR02602,TRAVEL_AND_LOCAL,4.1,136633,14,10000000,Free,0,Everyone,Travel & Local,2018-08-06,18.30.0,5.0 and up
USR02603,TRAVEL_AND_LOCAL,4.3,459851,,10000000,Free,0,Everyone,Travel & Local,2018-08-01,3.9.7,4.3 and up
USR02604,TRAVEL_AND_LOCAL,3.1,5572,21,1000000,Free,0,Everyone,Travel & Local,2018-07-12,5.16.1,4.4 and up
USR02605,TRAVEL_AND_LOCAL,3.7,16815,28,1000000,Free,0,Everyone,Travel & Local,2018-07-15,3.1.3,5.0 and up
USR02606,TRAVEL_AND_LOCAL,3.4,2277,27,1000000,Free,0,Everyone,Travel & Local,2018-05-07,4.4.7,4.0.3 and up
USR02607,TRAVEL_AND_LOCAL,4.4,45562,,5000000,Free,0,Everyone,Travel & Local,2018-07-30,4.0.9.1,4.1 and up
USR02608,TRAVEL_AND_LOCAL,3.6,285,39,500000,Free,0,Everyone,Travel & Local,2018-01-22,10.7.8.111,4.2 and up
USR02609,TRAVEL_AND_LOCAL,4.4,1162838,,100000000,Free,0,Everyone,Travel & Local,2018-08-04,Varies with device,Varies with device
USR02610,TRAVEL_AND_LOCAL,3.3,256,17,100000,Free,0,Everyone,Travel & Local,2018-08-01,1.1.2,5.0 and up
USR02611,TRAVEL_AND_LOCAL,3.7,21443,,5000000,Free,0,Everyone,Travel & Local,2018-01-30,Varies with device,Varies with device
USR02612,TRAVEL_AND_LOCAL,3,2750,39,5000000,Free,0,Everyone,Travel & Local,2018-01-22,10.7.8.111,4.2 and up
USR02613,TRAVEL_AND_LOCAL,3.6,7081,51,1000000,Free,0,Everyone,Travel & Local,2018-08-06,4.1.21,4.4 and up
USR02614,TRAVEL_AND_LOCAL,4.8,17882,86,1000000,Free,0,Everyone,Travel & Local,2018-08-03,3.4.5,5.0 and up
USR02615,TRAVEL_AND_LOCAL,3.9,421800,,10000000,Free,0,Teen,Travel & Local,2018-07-27,Varies with device,Varies with device
USR02616,TRAVEL_AND_LOCAL,3.8,43935,,10000000,Free,0,Everyone,Travel & Local,2018-08-01,8.13.3,5.0 and up
USR02617,TRAVEL_AND_LOCAL,4.3,171889,,10000000,Free,0,Everyone,Travel & Local,2018-07-18,7.8.0,Varies with device
USR02618,TRAVEL_AND_LOCAL,4.5,251037,26,10000000,Free,0,Everyone,Travel & Local,2018-08-05,13.0.16,4.1 and up
USR02619,TRAVEL_AND_LOCAL,3.4,15750,,5000000,Free,0,Everyone,Travel & Local,2018-08-02,Varies with device,Varies with device
USR02620,TRAVEL_AND_LOCAL,3.7,27560,46,5000000,Free,0,Everyone,Travel & Local,2018-07-31,4.13.2,5.0 and up
USR02621,TRAVEL_AND_LOCAL,4.5,481546,29,10000000,Free,0,Everyone,Travel & Local,2018-08-06,5.48,4.4 and up
USR02622,TRAVEL_AND_LOCAL,4.4,150932,27,10000000,Free,0,Everyone,Travel & Local,2018-07-30,9.1.0,4.1 and up
USR02623,TRAVEL_AND_LOCAL,4.1,928,14,1000000,Free,0,Everyone,Travel & Local,2018-01-09,11.0.269 (m),4.1 and up
USR02624,TRAVEL_AND_LOCAL,4.5,768833,,50000000,Free,0,Everyone,Travel & Local,2018-07-30,Varies with device,Varies with device
USR02625,TRAVEL_AND_LOCAL,4,26665,10,5000000,Free,0,Everyone,Travel & Local,2018-03-29,2.5.26,4.1 and up
USR02626,TRAVEL_AND_LOCAL,3.9,13275,71,1000000,Free,0,Everyone,Travel & Local,2018-07-03,8.60.0.2586,4.0 and up
USR02627,TRAVEL_AND_LOCAL,4.4,48930,15,5000000,Free,0,Everyone,Travel & Local,2018-07-26,4.38.176,4.4 and up
USR02628,TRAVEL_AND_LOCAL,4.8,43054,,1000000,Free,0,Everyone,Travel & Local,2018-08-06,Varies with device,Varies with device
USR02629,TRAVEL_AND_LOCAL,4.7,1830387,,100000000,Free,0,Everyone,Travel & Local,2018-08-06,Varies with device,Varies with device
USR02630,TRAVEL_AND_LOCAL,4.3,15680,11,1000000,Free,0,Everyone,Travel & Local,2018-07-06,6.2.3,4.1 and up
USR02631,TRAVEL_AND_LOCAL,3.7,16980,,5000000,Free,0,Everyone,Travel & Local,2018-07-18,Varies with device,Varies with device
USR02632,TRAVEL_AND_LOCAL,4.2,5112,62,1000000,Free,0,Everyone,Travel & Local,2018-07-27,8.8.2,4.4 and up
USR02633,TRAVEL_AND_LOCAL,3.5,30447,80,5000000,Free,0,Everyone,Travel & Local,2018-07-20,2.1.56,5.0 and up
USR02634,TRAVEL_AND_LOCAL,4.3,165299,5.4,10000000,Free,0,Everyone,Travel & Local,2018-07-30,8,4.1 and up
USR02635,TRAVEL_AND_LOCAL,4.7,620534,9.8,10000000,Free,0,Everyone,Travel & Local,2018-07-30,5.7.3,4.0.3 and up
USR02636,TRAVEL_AND_LOCAL,4.3,599872,,10000000,Free,0,Everyone,Travel & Local,2018-08-04,7.3.3,4.4 and up
USR02637,TRAVEL_AND_LOCAL,4.1,12564,,1000000,Free,0,Everyone,Travel & Local,2018-07-05,Varies with device,Varies with device
USR02638,TRAVEL_AND_LOCAL,3.1,2528,,100000,Free,0,Everyone,Travel & Local,2016-07-14,Varies with device,Varies with device
USR02639,TRAVEL_AND_LOCAL,4.3,34,7.6,1000,Free,0,Everyone,Travel & Local,2017-08-29,2.3,4.0.3 and up
USR02640,TRAVEL_AND_LOCAL,4.1,427,26,100000,Free,0,Everyone,Travel & Local,2016-03-21,1.2.1,4.1 and up
USR02641,TRAVEL_AND_LOCAL,4.2,35560,13,5000000,Free,0,Everyone,Travel & Local,2016-07-05,4.0.21,4.0.3 and up
USR02642,TRAVEL_AND_LOCAL,4.3,397422,,10000000,Free,0,Teen,Travel & Local,2018-08-03,Varies with device,Varies with device
USR02643,TRAVEL_AND_LOCAL,4.3,11182,62,1000000,Free,0,Everyone,Travel & Local,2018-07-30,11.26,4.1 and up
USR02644,TRAVEL_AND_LOCAL,4.3,16734,10,1000000,Free,0,Everyone,Travel & Local,2018-07-31,8.8.2,5.0 and up
USR02645,TRAVEL_AND_LOCAL,4.6,10035,,1000000,Free,0,Everyone,Travel & Local,2018-05-04,Varies with device,Varies with device
USR02646,TRAVEL_AND_LOCAL,4.4,20313,57,100000,Free,0,Everyone,Travel & Local,2018-08-05,17.7.8,4.4 and up
USR02647,TRAVEL_AND_LOCAL,4.2,25740,51,1000000,Free,0,Everyone,Travel & Local,2018-07-24,4.2,4.4 and up
USR02648,TRAVEL_AND_LOCAL,4.2,42546,24,5000000,Free,0,Everyone,Travel & Local,2018-04-25,7.6.5,4.4 and up
USR02649,TRAVEL_AND_LOCAL,4.4,6925,,1000000,Free,0,Everyone,Travel & Local,2018-07-25,Varies with device,Varies with device
USR02650,TRAVEL_AND_LOCAL,4.4,24281,29,1000000,Free,0,Everyone,Travel & Local,2018-07-25,4.4.2,4.4 and up
USR02651,TRAVEL_AND_LOCAL,4.4,52028,,5000000,Free,0,Everyone,Travel & Local,2018-06-29,Varies with device,5.0 and up
USR02652,TRAVEL_AND_LOCAL,4.4,18039,3.1,1000000,Free,0,Everyone,Travel & Local,2018-07-26,3.6.6,4.1 and up
USR02653,TRAVEL_AND_LOCAL,4.4,22748,55,1000000,Free,0,Everyone,Travel & Local,2018-08-06,4.7.1,5.0 and up
USR02654,TRAVEL_AND_LOCAL,4.4,47780,19,5000000,Free,0,Everyone,Travel & Local,2018-07-31,Varies with device,Varies with device
USR02655,TRAVEL_AND_LOCAL,3.7,7705,40,1000000,Free,0,Everyone,Travel & Local,2018-08-06,9.7.1,4.1 and up
USR02656,TRAVEL_AND_LOCAL,4.4,33256,,1000000,Free,0,Everyone,Travel & Local,2018-07-31,Varies with device,Varies with device
USR02657,TRAVEL_AND_LOCAL,3.6,14544,43,1000000,Free,0,Everyone,Travel & Local,2018-07-27,7.2.5,4.1 and up
USR02658,TRAVEL_AND_LOCAL,4.4,134895,50,10000000,Free,0,Everyone,Travel & Local,2018-07-01,2.32.2,4.2 and up
USR02659,TRAVEL_AND_LOCAL,4,48082,,5000000,Free,0,Everyone,Travel & Local,2018-07-25,4.1.3,4.0.3 and up
USR02660,TRAVEL_AND_LOCAL,4.1,2419,13,1000000,Free,0,Everyone,Travel & Local,2018-05-29,1.24.5,4.1 and up
USR02661,TRAVEL_AND_LOCAL,4.4,17915,,1000000,Free,0,Everyone,Travel & Local,2018-07-18,Varies with device,Varies with device
USR02662,TRAVEL_AND_LOCAL,4.4,61776,,1000000,Free,0,Teen,Travel & Local,2018-07-10,Varies with device,Varies with device
USR02663,TRAVEL_AND_LOCAL,4.3,10323,,1000000,Free,0,Everyone,Travel & Local,2018-07-19,Varies with device,Varies with device
USR02664,TRAVEL_AND_LOCAL,4.2,1609,4,100000,Free,0,Everyone,Travel & Local,2018-04-26,53.89.55,4.1 and up
USR02665,TRAVEL_AND_LOCAL,4.3,30403,,5000000,Free,0,Everyone,Travel & Local,2018-08-01,Varies with device,Varies with device
USR02666,TRAVEL_AND_LOCAL,4.3,18622,44,1000000,Free,0,Everyone,Travel & Local,2018-08-03,4.15.1,4.4 and up
USR02667,TRAVEL_AND_LOCAL,4.2,8258,22,1000000,Free,0,Everyone,Travel & Local,2018-07-03,v5.4.3,4.4 and up
USR02668,TRAVEL_AND_LOCAL,4.5,260133,,10000000,Free,0,Everyone,Travel & Local,2018-07-04,Varies with device,Varies with device
USR02669,TRAVEL_AND_LOCAL,4.4,57573,,5000000,Free,0,Everyone,Travel & Local,2018-07-31,Varies with device,Varies with device
USR02670,TRAVEL_AND_LOCAL,4.4,359560,,10000000,Free,0,Everyone,Travel & Local,2018-08-02,Varies with device,Varies with device
USR02671,TRAVEL_AND_LOCAL,4.1,17202,12,5000000,Free,0,Everyone,Travel & Local,2017-11-13,4.9.2,4.1 and up
USR02672,TRAVEL_AND_LOCAL,4.6,263525,,10000000,Free,0,Everyone,Travel & Local,2018-08-04,Varies with device,Varies with device
USR02673,TRAVEL_AND_LOCAL,4.4,14114,46,1000000,Free,0,Everyone,Travel & Local,2018-08-04,18.21.0,5.0 and up
USR02674,TRAVEL_AND_LOCAL,4.1,890,7.6,100000,Free,0,Everyone,Travel & Local;Action & Adventure,2017-08-09,4.0.38,4.4 and up
USR02675,TRAVEL_AND_LOCAL,4.5,7153,,1000000,Free,0,Everyone,Travel & Local,2018-07-30,Varies with device,Varies with device
USR02676,TRAVEL_AND_LOCAL,4.3,9235373,,1000000000,Free,0,Everyone,Travel & Local,2018-07-31,Varies with device,Varies with device
USR02677,TRAVEL_AND_LOCAL,4.5,149723,4.1,10000000,Free,0,Everyone,Travel & Local,2018-06-13,8.1.171,4.0 and up
USR02678,TRAVEL_AND_LOCAL,4.2,6762,8.5,1000000,Free,0,Everyone,Travel & Local,2015-07-14,8,4.0 and up
USR02679,TRAVEL_AND_LOCAL,4.2,120373,31,5000000,Free,0,Everyone,Travel & Local,2018-07-31,3.19.35.999,4.0.3 and up
USR02680,TRAVEL_AND_LOCAL,4.2,40225,4.1,1000000,Free,0,Everyone,Travel & Local,2018-07-18,4.0.3,4.1 and up
USR02681,TRAVEL_AND_LOCAL,4.5,42849,,1000000,Free,0,Everyone,Travel & Local,2016-08-10,Varies with device,Varies with device
USR02682,TRAVEL_AND_LOCAL,4.7,9971,22,500000,Free,0,Teen,Travel & Local,2018-08-06,1.28.1,5.0 and up
USR02683,TRAVEL_AND_LOCAL,4,5960,,500000,Free,0,Everyone,Travel & Local,2018-05-23,Varies with device,Varies with device
USR02684,TRAVEL_AND_LOCAL,4.2,18294,28,1000000,Free,0,Everyone,Travel & Local,2018-08-02,13.8.3,4.0 and up
USR02685,TRAVEL_AND_LOCAL,4.2,2129707,,1000000000,Free,0,Everyone,Travel & Local,2018-08-06,Varies with device,Varies with device
USR02686,TOOLS,4.1,38655,5.9,10000000,Free,0,Everyone,Tools,2018-02-01,v3.7.93,5.0 and up
USR02687,TOOLS,4.4,8033493,,1000000000,Free,0,Everyone,Tools,2018-08-03,Varies with device,Varies with device
USR02688,TOOLS,4.4,5745093,,500000000,Free,0,Everyone,Tools,2018-08-04,Varies with device,Varies with device
USR02689,TOOLS,4.2,18239,,10000000,Free,0,Everyone,Tools,2018-08-06,Varies with device,Varies with device
USR02690,TOOLS,4.2,24199,3.9,50000000,Free,0,Everyone,Tools,2014-11-21,1.02.53,4.4 and up
USR02691,TOOLS,4.1,37333,,50000000,Free,0,Everyone,Tools,2016-01-17,Varies with device,Varies with device
USR02692,TOOLS,4.5,12759663,15,100000000,Free,0,Everyone,Tools,2018-07-25,3.1.2,4.0 and up
USR02693,TOOLS,4.6,308,4.3,1000000,Free,0,Everyone,Tools,2018-06-08,0.2.32,8.0 and up
USR02694,TOOLS,4.1,33216,,10000000,Free,0,Everyone,Tools,2018-06-05,Varies with device,Varies with device
USR02695,TOOLS,4.3,40770,,100000000,Free,0,Everyone,Tools,2017-11-21,Varies with device,Varies with device
USR02696,TOOLS,4.2,28860,,100000000,Free,0,Everyone,Tools,2018-07-18,Varies with device,Varies with device
USR02697,TOOLS,4.1,76604,,100000000,Free,0,Everyone,Tools,2016-07-27,Varies with device,Varies with device
USR02698,TOOLS,4,26189,5.3,10000000,Free,0,Everyone,Tools,2018-06-27,MyMetro_HTML_2.0_430029,4.0 and up
USR02699,TOOLS,4.6,739329,,50000000,Free,0,Everyone,Tools,2018-04-17,Varies with device,Varies with device
USR02700,TOOLS,3.1,45838,16,50000000,Free,0,Everyone,Tools,2018-07-25,7.6.1,4.1 and up
USR02701,TOOLS,4.6,25592,7.5,10000000,Free,0,Everyone,Tools,2018-07-31,v8.0.1.8.0629.1,4.2 and up
USR02702,TOOLS,4.5,34126,,10000000,Free,0,Everyone,Tools,2018-07-13,Varies with device,Varies with device
USR02703,TOOLS,3.2,2394,,5000000,Free,0,Everyone,Tools,2014-11-13,Varies with device,Varies with device
USR02704,TOOLS,4.3,330468,,10000000,Free,0,Everyone,Tools,2018-05-29,Varies with device,Varies with device
USR02705,TOOLS,4.6,136874,,10000000,Free,0,Everyone,Tools,2018-06-25,Varies with device,Varies with device
USR02706,TOOLS,4.4,1236,5.8,100000,Free,0,Everyone,Tools,2018-07-06,8.1.6,4.2 and up
USR02707,TOOLS,4.6,7790693,17,500000000,Free,0,Everyone,Tools,2018-07-30,4.5.28_ww,4.1 and up
USR02708,TOOLS,4.5,537554,,10000000,Free,0,Everyone,Tools,2018-08-01,Varies with device,Varies with device
USR02709,TOOLS,4.6,315585,8.5,10000000,Free,0,Everyone,Tools,2018-07-18,1.0.204375696,5.0 and up
USR02710,TOOLS,4.4,12215,9.1,5000000,Free,0,Everyone,Tools,2018-08-01,1.7.4,7.0 and up
USR02711,TOOLS,4.2,127223,7.6,10000000,Free,0,Everyone,Tools,2018-08-03,v7.0.7.1.0625.1_06_0629,5.0 and up
USR02712,TOOLS,4.4,9602,2.5,100000000,Free,0,Everyone,Tools,2018-07-05,6.0.61.5,7.0 and up
USR02713,TOOLS,3.1,24151,15,10000000,Free,0,Everyone,Tools,2018-08-06,11.7.0,4.1 and up
USR02714,TOOLS,3.6,45483,,10000000,Free,0,Everyone,Tools,2018-07-30,Varies with device,Varies with device
USR02715,TOOLS,4.1,28250,,10000000,Free,0,Everyone,Tools,2017-03-21,Varies with device,Varies with device
USR02716,TOOLS,4.2,1859115,,500000000,Free,0,Everyone,Tools,2018-07-31,Varies with device,Varies with device
USR02717,TOOLS,3.5,74819,,100000000,Free,0,Everyone,Tools,2018-06-25,Varies with device,7.1 and up
USR02718,TOOLS,3.9,18513,6.1,10000000,Free,0,Everyone,Tools,2018-04-26,3.2,4.1 and up
USR02719,TOOLS,3,66,,10000000,Free,0,Everyone,Tools,2018-07-19,Varies with device,Varies with device
USR02720,TOOLS,3.9,14552,17,10000000,Free,0,Everyone,Tools,2018-07-31,v7.0.9.1.0526.1_06_0704,5.0 and up
USR02721,TOOLS,4.5,87055,,10000000,Free,0,Everyone,Tools,2017-01-03,Varies with device,Varies with device
USR02722,TOOLS,3.4,17030,,10000000,Free,0,Everyone,Tools,2017-05-12,Varies with device,Varies with device
USR02723,TOOLS,4.4,1280423,,100000000,Free,0,Everyone,Tools,2018-07-20,Varies with device,Varies with device
USR02724,TOOLS,3.4,25094,,10000000,Free,0,Everyone,Tools,2018-07-18,Varies with device,Varies with device
USR02725,TOOLS,4.3,357,58,1000000,Free,0,Everyone,Tools,2018-05-30,6.2.6.7,4.0.3 and up
USR02726,TOOLS,3.7,315,4.6,500000,Free,0,Everyone,Tools,2018-07-27,1.8.203182757.armeabi-v7a.release,8.0 and up
USR02727,TOOLS,3.5,163997,16,10000000,Free,0,Everyone,Tools,2018-08-05,5.36,4.2 and up
USR02728,TOOLS,3.8,5431,1.3,10000000,Free,0,Everyone,Tools,2017-11-13,1.5.0,6.0 and up
USR02729,TOOLS,3.6,59,2.3,50000,Free,0,Everyone,Tools,2014-04-22,9.7.753080,4.1 and up
USR02730,TOOLS,3.1,124,1.9,100000,Free,0,Everyone,Tools,2014-04-22,9.7.753080,4.1 and up
USR02731,TOOLS,3.8,1420,2.7,100000,Free,0,Everyone,Tools,2014-04-22,9.7.753080,4.1 and up
USR02732,TOOLS,4.2,118439,16,10000000,Free,0,Everyone,Tools,2018-06-19,10.4,4.4 and up
USR02733,TOOLS,4,59973,11,10000000,Free,0,Everyone,Tools,2018-03-16,1.2.5,4.0 and up
USR02734,TOOLS,4.3,32111,5.3,1000000,Free,0,Everyone,Tools,2018-08-03,3.1.0.1126,4.4 and up
USR02735,TOOLS,4.3,114788,,5000000,Free,0,Everyone,Tools,2018-01-22,Varies with device,Varies with device
USR02736,TOOLS,4.5,70404,4.2,1000000,Free,0,Everyone,Tools,2018-05-25,3.4.0,4.0 and up
USR02737,TOOLS,4.5,429580,,10000000,Free,0,Everyone,Tools,2018-03-16,Varies with device,Varies with device
USR02738,TOOLS,4.5,876866,9.1,50000000,Free,0,Everyone,Tools,2018-07-27,1.4.9,4.0.3 and up
USR02739,TOOLS,4.4,207706,4.3,10000000,Free,0,Everyone,Tools,2017-07-10,2.4,3.0 and up
USR02740,TOOLS,4.4,4254879,,100000000,Free,0,Everyone,Tools,2018-07-08,Varies with device,Varies with device
USR02741,TOOLS,4.3,111507,,10000000,Free,0,Everyone,Tools,2017-12-29,Varies with device,Varies with device
USR02742,TOOLS,4.2,472904,,50000000,Free,0,Everyone,Tools,2017-12-14,Varies with device,Varies with device
USR02743,TOOLS,4.7,115409,,10000000,Free,0,Everyone,Tools,2018-08-06,Varies with device,Varies with device
USR02744,TOOLS,4.4,166367,1.8,5000000,Free,0,Everyone,Tools,2018-05-25,1.4.0,2.3 and up
USR02745,TOOLS,4.3,618918,,50000000,Free,0,Everyone,Tools,2018-07-28,Varies with device,Varies with device
USR02746,TOOLS,4.4,192661,8.5,10000000,Free,0,Everyone,Tools,2018-07-07,2.4.1,4.1 and up
USR02747,TOOLS,4.3,54207,4.4,5000000,Free,0,Everyone,Tools,2017-07-11,3.2,3.0 and up
USR02748,TOOLS,4.5,60571,,5000000,Free,0,Everyone,Tools,2018-07-02,Varies with device,Varies with device
USR02749,TOOLS,4.7,1335799,3.8,50000000,Free,0,Everyone,Tools,2017-10-27,2.5.2,4.2 and up
USR02750,TOOLS,4.5,148506,11,5000000,Free,0,Everyone,Tools,2018-07-15,Varies with device,Varies with device
USR02751,TOOLS,4.6,679912,,10000000,Free,0,Everyone,Tools,2018-07-27,Varies with device,Varies with device
USR02752,TOOLS,4.7,152692,11,5000000,Free,0,Everyone,Tools,2018-07-07,3.5.6,4.1 and up
USR02753,TOOLS,4.6,77311,,5000000,Free,0,Everyone,Tools,2018-01-09,Varies with device,Varies with device
USR02754,TOOLS,4.8,48211,7.4,1000000,Free,0,Everyone,Tools,2017-11-18,32.1,4.1 and up
USR02755,TOOLS,3.9,12388,5.3,1000000,Free,0,Everyone,Tools,2016-04-01,1.17,2.3 and up
USR02756,TOOLS,4.5,85387,5.4,1000000,Free,0,Everyone,Tools,2018-07-03,2.1.54,4.0 and up
USR02757,TOOLS,4.6,33509,3.6,1000000,Free,0,Everyone,Tools,2018-05-12,2.2.7,4.4 and up
USR02758,TOOLS,4.5,342336,,10000000,Free,0,Everyone,Tools;Education,2015-08-10,Varies with device,Varies with device
USR02759,TOOLS,4.4,90831,4.3,10000000,Free,0,Everyone,Tools,2017-06-18,3.1.00,4.2 and up
USR02760,TOOLS,4.5,12718,,1000000,Free,0,Everyone,Tools,2018-03-05,Varies with device,Varies with device
USR02761,TOOLS,4,85659,27,5000000,Free,0,Everyone,Tools,2018-02-25,1.51,3.0 and up
USR02762,TOOLS,4.3,16395,,1000000,Free,0,Everyone,Tools,2018-06-28,Varies with device,Varies with device
USR02763,TOOLS,4,807,1.8,100000,Free,0,Everyone,Tools,2018-05-18,20180517,2.3 and up
USR02764,TOOLS,4.4,24265,3.3,1000000,Free,0,Everyone,Tools,2017-07-25,4.0.6,4.0.3 and up
USR02765,TOOLS,4.1,1657,2,100000,Free,0,Everyone,Tools,2017-09-17,2.1.0,5.0 and up
USR02766,TOOLS,4.3,576454,6.1,50000000,Free,0,Everyone,Tools,2018-02-05,2.0.9,4.0.3 and up
USR02767,TOOLS,4.1,88675,9.6,5000000,Free,0,Everyone,Tools,2018-07-24,6.0.1,4.0 and up
USR02768,TOOLS,4.3,56848,9.6,1000000,Free,0,Everyone,Tools,2018-05-18,1.6.11,4.1 and up
USR02769,TOOLS,4.2,19096,10,1000000,Free,0,Everyone,Tools,2018-07-05,2.0.2,4.1 and up
USR02770,TOOLS,4.2,1116393,8.2,50000000,Free,0,Everyone,Tools,2018-08-06,6.1.0,4.1 and up
USR02771,TOOLS,4.2,154578,14,10000000,Free,0,Everyone,Tools,2018-05-25,3.0.5,4.1 and up
USR02772,TOOLS,4.2,40676,25,1000000,Free,0,Everyone,Tools,2018-07-05,2.27.1,4.1 and up
USR02773,TOOLS,4.3,39833,9.9,1000000,Free,0,Everyone,Tools,2018-07-09,2.5.1.7592,4.0.3 and up
USR02774,TOOLS,4.5,273283,22,5000000,Free,0,Everyone,Tools,2018-07-11,4.1.0,4.0.3 and up
USR02775,TOOLS,4.4,139480,,5000000,Free,0,Everyone,Tools,2018-04-19,v150,4.1 and up
USR02776,TOOLS,4.5,801054,8.9,10000000,Free,0,Everyone,Tools,2018-08-01,4.3.0,4.1 and up
USR02777,TOOLS,4.2,1859109,,500000000,Free,0,Everyone,Tools,2018-07-31,Varies with device,Varies with device
USR02778,TOOLS,4.1,65597,2.4,10000000,Free,0,Everyone,Tools,2017-04-28,4.20.1,2.3 and up
USR02779,TOOLS,4.4,1107320,25,50000000,Free,0,Everyone,Tools,2018-08-07,3.4.500,4.1 and up
USR02780,TOOLS,4.5,4594198,,100000000,Free,0,Everyone,Tools,2018-07-31,Varies with device,Varies with device
USR02781,TOOLS,4.3,94427,,10000000,Free,0,Everyone,Tools,2018-08-02,Varies with device,Varies with device
USR02782,TOOLS,4.4,335115,1.8,10000000,Free,0,Everyone,Tools,2018-04-07,3.11.2,6.0 and up
USR02783,TOOLS,4.1,33926,17,1000000,Free,0,Everyone,Tools,2018-08-03,4.78.06,4.2 and up
USR02784,TOOLS,4.4,1028794,,100000000,Free,0,Everyone,Tools,2018-07-19,Varies with device,Varies with device
USR02785,TOOLS,4.2,134203,4.1,10000000,Free,0,Everyone,Tools,2018-08-06,6.06.14,4.4 and up
USR02786,TOOLS,4.1,15693,18,1000000,Free,0,Everyone,Tools,2018-08-03,4.32.07,4.2 and up
USR02787,TOOLS,4.6,48979,14,1000000,Free,0,Everyone,Tools,2018-08-04,5.0.0.8,4.0.3 and up
USR02788,TOOLS,4.5,410303,,10000000,Free,0,Everyone,Tools,2016-09-05,Varies with device,Varies with device
USR02789,TOOLS,4.3,63712,,5000000,Free,0,Everyone,Tools,2016-05-12,Varies with device,2.3 and up
USR02790,TOOLS,4.1,10595,,1000000,Free,0,Everyone,Tools,2018-03-18,Varies with device,Varies with device
USR02791,TOOLS,4.1,9496,0.68,1000000,Free,0,Everyone,Tools,2014-04-25,1.0.19,2.2 and up
USR02792,TOOLS,4.2,428581,4.7,10000000,Free,0,Everyone,Tools,2018-07-17,1.33,4.0 and up
USR02793,TOOLS,4.1,225544,8.1,10000000,Free,0,Everyone,Tools,2018-07-17,3.1.2,4.0 and up
USR02794,TOOLS,4.6,3090727,,100000000,Free,0,Everyone,Tools,2018-07-31,Varies with device,Varies with device
USR02795,TOOLS,4.5,474439,7.9,10000000,Free,0,Everyone,Tools,2018-06-26,6.1.7.5,4.2 and up
USR02796,TOOLS,4,41137,4.6,1000000,Free,0,Everyone,Tools,2017-11-15,1.7.3,3.2 and up
USR02797,TOOLS,3.5,75336,0.531,1000000,Free,0,Everyone,Tools,2016-02-05,1.3,4.0 and up
USR02798,TOOLS,4.4,745245,3.5,10000000,Free,0,Everyone,Tools,2018-04-13,7.2.0,2.3 and up
USR02799,TOOLS,4.4,4934130,,100000000,Free,0,Everyone,Tools,2018-06-11,Varies with device,Varies with device
USR02800,TOOLS,4.4,137562,,10000000,Free,0,Everyone,Tools,2018-05-31,Varies with device,Varies with device
USR02801,TOOLS,4.1,172990,0.513,10000000,Free,0,Everyone,Tools,2017-12-02,1.17.4,2.2 and up
USR02802,TOOLS,4.2,68309,2.1,1000000,Free,0,Everyone,Tools,2017-11-23,v3.9f,4.0 and up
USR02803,PERSONALIZATION,4.6,1121805,,50000000,Free,0,Everyone,Personalization,2018-05-14,Varies with device,Varies with device
USR02804,PERSONALIZATION,4.4,7146,14,1000000,Free,0,Everyone 10+,Personalization,2018-02-02,1.1,4.0 and up
USR02805,PERSONALIZATION,4.6,6466641,,100000000,Free,0,Teen,Personalization,2018-07-19,Varies with device,Varies with device
USR02806,PERSONALIZATION,4.6,49657,8.7,5000000,Free,0,Everyone,Personalization,2018-08-06,3.6.21_pre,4.4 and up
USR02807,PERSONALIZATION,4.5,1724,21,100000,Free,0,Mature 17+,Personalization,2018-06-26,5.34.10,4.0.3 and up
USR02808,PERSONALIZATION,4.7,139258,,5000000,Free,0,Everyone,Personalization,2018-08-03,Varies with device,4.4 and up
USR02809,PERSONALIZATION,4.4,32794,12,5000000,Free,0,Everyone,Personalization,2018-07-31,1.284.1.83,4.2 and up
USR02810,PERSONALIZATION,4.5,102923,18,1000000,Free,0,Everyone,Personalization,2018-07-10,2.1.2,5.0 and up
USR02811,PERSONALIZATION,4.6,6702776,17,100000000,Free,0,Teen,Personalization,2018-08-03,5.41.0,4.0.3 and up
USR02812,PERSONALIZATION,4.6,7583,3.8,500000,Free,0,Everyone 10+,Personalization,2018-07-04,2.6.2.1,4.0.3 and up
USR02813,PERSONALIZATION,4,24215,,1000000,Free,0,Everyone,Personalization,2018-08-03,Varies with device,Varies with device
USR02814,PERSONALIZATION,4.6,5073,23,1000000,Free,0,Everyone 10+,Personalization,2017-09-25,1.1,4.0 and up
USR02815,PERSONALIZATION,4.5,15633,14,1000000,Free,0,Everyone,Personalization,2017-03-09,1.1,4.0.3 and up
USR02816,PERSONALIZATION,4.7,1141545,15,50000000,Free,0,Everyone,Personalization,2018-07-31,Varies with device,Varies with device
USR02817,PERSONALIZATION,4.7,29485,9.9,1000000,Free,0,Everyone,Personalization,2018-07-20,1.0.4,4.0 and up
USR02818,PERSONALIZATION,4.4,142393,12,10000000,Free,0,Everyone,Personalization,2018-07-31,1.284.1.126,4.2 and up
USR02819,PERSONALIZATION,4.3,71688,12,10000000,Free,0,Everyone,Personalization,2018-06-11,3.5,4.1 and up
USR02820,PERSONALIZATION,4.7,114851,20,10000000,Free,0,Everyone,Personalization,2018-07-20,2.1.9,4.1 and up
USR02821,PERSONALIZATION,4.1,62209,7.4,10000000,Free,0,Everyone,Personalization,2018-07-01,6.7.1,4.0.3 and up
USR02822,PERSONALIZATION,4.7,202474,3,10000000,Free,0,Teen,Personalization,2017-08-09,2.6.0,4.0 and up
USR02823,PERSONALIZATION,4.4,512102,,10000000,Free,0,Everyone,Personalization,2018-07-16,Varies with device,Varies with device
USR02824,PERSONALIZATION,4.6,298321,14,10000000,Free,0,Everyone,Personalization,2018-08-05,2.5.5.9,4.2 and up
USR02825,PERSONALIZATION,4.5,5783441,14,100000000,Free,0,Everyone,Personalization,2018-08-06,3.9.7,4.0.3 and up
USR02826,PERSONALIZATION,4.4,47393,7.2,10000000,Free,0,Everyone,Personalization,2018-05-24,1.8.0.24_180511,5.0 and up
USR02827,PERSONALIZATION,4.4,55525,22,10000000,Free,0,Everyone,Personalization,2018-02-26,1.2.7,4.0 and up
USR02828,PERSONALIZATION,4.3,2267,7.2,500000,Free,0,Everyone,Personalization,2018-07-09,6.7.5,4.0.3 and up
USR02829,PERSONALIZATION,4.3,266401,,10000000,Free,0,Everyone,Personalization,2018-08-04,Varies with device,Varies with device
USR02830,PERSONALIZATION,4.6,649568,26,10000000,Free,0,Everyone,Personalization,2018-08-01,4.12.0.44682,4.2 and up
USR02831,PERSONALIZATION,4.7,6342,38,1000000,Free,0,Everyone,Personalization,2018-07-13,1.8,4.1 and up
USR02832,PERSONALIZATION,4.3,5413,3.9,1000000,Free,0,Everyone,Personalization,2018-07-28,3.3.a,4.0 and up
USR02833,PERSONALIZATION,4.5,1237135,,50000000,Free,0,Everyone,Personalization,2018-07-18,Varies with device,Varies with device
USR02834,PERSONALIZATION,4.6,4724,5.4,1000000,Free,0,Everyone,Personalization,2018-07-30,1.2,4.0.3 and up
USR02835,PERSONALIZATION,4.4,43960,9.8,10000000,Free,0,Everyone,Personalization,2017-12-01,2.0.0.39_171124,5.0 and up
USR02836,PERSONALIZATION,4.5,3277209,7.6,100000000,Free,0,Everyone,Personalization,2018-05-09,3.2.5,4.0 and up
USR02837,PERSONALIZATION,4.7,229,1.1,500000,Free,0,Everyone,Personalization,2018-05-23,1.9.1.180419172630.4a15962,5.0 and up
USR02838,PERSONALIZATION,4.3,6626,9.1,1000000,Free,0,Everyone,Personalization,2018-07-25,6.7.25.2018,4.0.3 and up
USR02839,PERSONALIZATION,3.7,10796,6.8,1000000,Free,0,Everyone,Personalization,2018-07-06,6.7.5,4.0.3 and up
USR02840,PERSONALIZATION,4.7,273994,12,10000000,Free,0,Everyone,Personalization,2018-07-23,2.3.27,4.4 and up
USR02841,PERSONALIZATION,4.5,29203,3.3,5000000,Free,0,Everyone,Personalization,2017-12-10,40,4.0 and up
USR02842,PERSONALIZATION,4.4,18918,12,5000000,Free,0,Everyone,Personalization,2018-06-19,1.14,4.0 and up
USR02843,PERSONALIZATION,4.3,2056,9.8,500000,Free,0,Everyone,Personalization,2018-07-25,6.7.24.2018,4.0.3 and up
USR02844,PERSONALIZATION,4.8,440,0.898,500000,Free,0,Everyone,Personalization,2018-05-23,1.9.2.180419172639.dbf3246,5.0 and up
USR02845,PERSONALIZATION,4.6,66453,14,5000000,Free,0,Everyone,Personalization,2018-04-10,1.57,2.3 and up
USR02846,PERSONALIZATION,4.1,398,6.8,100000,Free,0,Everyone,Personalization,2018-06-29,6.6.28,4.0.3 and up
USR02847,PERSONALIZATION,4.7,12089,27,500000,Free,0,Everyone,Personalization,2018-07-03,1.2.5,4.0 and up
USR02848,PERSONALIZATION,4.1,2828,7.4,100000,Free,0,Everyone,Personalization,2017-01-22,2.11.5,4.1 and up
USR02849,PERSONALIZATION,4.2,89342,29,10000000,Free,0,Everyone,Personalization,2018-01-30,1.13,4.1 and up
USR02850,PERSONALIZATION,4.3,495905,,50000000,Free,0,Everyone,Personalization,2018-07-29,Varies with device,Varies with device
USR02851,PERSONALIZATION,4.2,86743,,5000000,Free,0,Everyone,Personalization,2016-11-01,Varies with device,Varies with device
USR02852,PERSONALIZATION,4,30498,5.9,1000000,Free,0,Everyone,Personalization,2015-03-11,2.6,3.2 and up
USR02853,PERSONALIZATION,4.2,97890,14,1000000,Paid,2.49,Everyone,Personalization,2016-08-24,5.7.8,2.3 and up
USR02854,PERSONALIZATION,3.9,25037,14,1000000,Free,0,Everyone,Personalization,2016-10-20,5.7.6,2.3 and up
USR02855,PERSONALIZATION,4.3,58617,26,1000000,Paid,0.99,Everyone,Personalization,2016-12-07,4.3.2,4.4 and up
USR02856,PERSONALIZATION,4.1,62301,1.9,1000000,Free,0,Everyone,Personalization,2016-05-11,1.7.2,4.2 and up
USR02857,PERSONALIZATION,4.2,37237,3.9,5000000,Free,0,Everyone,Personalization,2014-04-04,3.5.6,1.6 and up
USR02858,PERSONALIZATION,4.4,1591,0.761,10000,Paid,0.99,Everyone,Personalization,2015-01-07,1.1,4.0.3 and up
USR02859,PERSONALIZATION,4.3,595120,,10000000,Free,0,Everyone,Personalization,2018-07-10,Varies with device,Varies with device
USR02860,PERSONALIZATION,4.3,100130,,5000000,Free,0,Everyone,Personalization,2018-06-25,Varies with device,Varies with device
USR02861,PERSONALIZATION,4.4,294701,5.1,10000000,Free,0,Teen,Personalization,2018-03-17,2.85,4.0.3 and up
USR02862,PERSONALIZATION,4.3,63624,10,5000000,Free,0,Everyone,Personalization,2017-11-20,11,4.0.3 and up
USR02863,PERSONALIZATION,4.1,112977,13,10000000,Free,0,Everyone,Personalization,2018-05-22,3.6,4.1 and up
USR02864,PERSONALIZATION,4.2,58052,4,5000000,Free,0,Teen,Personalization,2017-09-14,1.1.8,2.3.3 and up
USR02865,PERSONALIZATION,4.1,12180,5.4,1000000,Free,0,Everyone,Personalization,2016-12-24,1.3,2.1 and up
USR02866,PERSONALIZATION,4.1,118459,3.3,10000000,Free,0,Everyone,Personalization,2017-10-27,4,4.1 and up
USR02867,PERSONALIZATION,4.2,112479,4.3,10000000,Free,0,Everyone,Personalization,2018-07-25,3.0.5,4.2 and up
USR02868,PERSONALIZATION,4.1,69417,0.833,10000000,Free,0,Everyone,Personalization,2014-05-01,2.41,2.1 and up
USR02869,PERSONALIZATION,4.4,733838,21,10000000,Free,0,Everyone,Personalization,2018-06-29,2.4.25,4.0.3 and up
USR02870,PERSONALIZATION,4.1,157495,6.4,10000000,Free,0,Everyone,Personalization,2018-07-24,4.0.0.7,4.4 and up
USR02871,PERSONALIZATION,4.3,86481,8.6,10000000,Free,0,Everyone,Personalization,2018-01-31,4.8.3,4.0 and up
USR02872,PERSONALIZATION,4.6,484981,2.1,10000000,Free,0,Everyone,Personalization,2016-11-28,1.7.1,3.0 and up
USR02873,PERSONALIZATION,4.1,77724,7.1,5000000,Free,0,Teen,Personalization,2018-05-31,2.7.2,4.0 and up
USR02874,PERSONALIZATION,4.6,2390185,,100000000,Free,0,Teen,Personalization,2018-08-04,Varies with device,Varies with device
USR02875,PERSONALIZATION,4.2,33074,3.3,1000000,Free,0,Everyone,Personalization,2018-05-04,4.1,4.1 and up
USR02876,PERSONALIZATION,4.1,35771,3.5,5000000,Free,0,Everyone,Personalization,2018-05-04,4.1,4.1 and up
USR02877,PERSONALIZATION,4.2,290241,4.1,50000000,Free,0,Everyone,Personalization,2014-06-24,1.9,2.1 and up
USR02878,PERSONALIZATION,4.5,69488,9.7,1000000,Free,0,Everyone,Personalization,2018-07-08,6.07,4.1 and up
USR02879,PERSONALIZATION,4.3,10401,3.3,1000000,Free,0,Everyone,Personalization,2017-10-27,7.5,4.1 and up
USR02880,PERSONALIZATION,4.2,28806,7.1,1000000,Free,0,Everyone,Personalization,2018-05-22,18,4.1 and up
USR02881,PERSONALIZATION,4,11343,8.4,1000000,Free,0,Everyone,Personalization,2018-05-22,18,4.1 and up
USR02882,PERSONALIZATION,4.2,66730,7,5000000,Free,0,Everyone,Personalization,2018-05-21,18,4.1 and up
USR02883,PERSONALIZATION,4.2,25807,5.5,1000000,Free,0,Everyone,Personalization,2017-10-29,15,4.1 and up
USR02884,PERSONALIZATION,4.3,266402,,10000000,Free,0,Everyone,Personalization,2018-08-04,Varies with device,Varies with device
USR02885,PERSONALIZATION,4.4,512106,,10000000,Free,0,Everyone,Personalization,2018-07-16,Varies with device,Varies with device
USR02886,PERSONALIZATION,4.4,251616,13,10000000,Free,0,Everyone,Personalization,2017-11-13,1.9.7.07,4.0.3 and up
USR02887,PERSONALIZATION,4.4,87300,,1000000,Free,0,Everyone,Personalization,2015-03-17,2.32,Varies with device
USR02888,PERSONALIZATION,4.3,181399,,10000000,Free,0,Everyone,Personalization,2017-12-08,Varies with device,Varies with device
USR02889,PERSONALIZATION,4.3,881,5.9,10000,Paid,9.99,Everyone,Personalization,2018-06-20,2.5.9,2.1 and up
USR02890,PERSONALIZATION,4.6,40704,,100000,Paid,4.49,Everyone,Personalization,2018-03-16,Varies with device,Varies with device
USR02891,PERSONALIZATION,4.5,624924,24,10000000,Free,0,Everyone,Personalization,2018-08-01,4.8.2.2195,4.1 and up
USR02892,PERSONALIZATION,4.1,51145,6.2,10000000,Free,0,Everyone,Personalization,2018-06-28,1,4.0.3 and up
USR02893,PERSONALIZATION,4.3,647844,,10000000,Free,0,Everyone,Personalization,2018-07-24,Varies with device,Varies with device
USR02894,PERSONALIZATION,4.4,2591941,,100000000,Free,0,Everyone,Personalization,2018-07-20,Varies with device,Varies with device
USR02895,PERSONALIZATION,4.2,7435,6.9,1000000,Free,0,Everyone,Personalization,2018-06-28,1,4.0.3 and up
USR02896,PERSONALIZATION,4.2,115773,,10000000,Free,0,Everyone,Personalization,2018-05-22,Varies with device,4.1 and up
USR02897,PERSONALIZATION,4.1,12008,6.1,1000000,Free,0,Everyone,Personalization,2016-05-27,5,4.0 and up
USR02898,PRODUCTIVITY,4.5,2084126,,500000000,Free,0,Everyone,Productivity,2018-07-11,16.0.10325.20043,4.4 and up
USR02899,PRODUCTIVITY,4.7,536926,,10000000,Free,0,Everyone,Productivity,2018-08-05,Varies with device,Varies with device
USR02900,PRODUCTIVITY,4.3,3016297,,100000000,Free,0,Everyone,Productivity,2018-04-17,Varies with device,Varies with device
USR02901,PRODUCTIVITY,4.4,1188154,24,10000000,Free,0,Everyone,Productivity,2018-06-14,4.6.4,4.1 and up
USR02902,PRODUCTIVITY,4.4,2731171,,1000000000,Free,0,Everyone,Productivity,2018-08-06,Varies with device,Varies with device
USR02903,PRODUCTIVITY,3.8,8226,4.1,10000000,Free,0,Everyone,Productivity,2018-07-20,1.8.4,4.4 and up
USR02904,PRODUCTIVITY,4.4,228794,,10000000,Free,0,Everyone,Productivity,2018-08-06,68.0.3440.91,Varies with device
USR02905,PRODUCTIVITY,4.3,3252896,50,100000000,Free,0,Everyone,Productivity,2018-08-02,2.2.194,4.4 and up
USR02906,PRODUCTIVITY,4.2,226456,,10000000,Free,0,Everyone,Productivity,2017-10-09,Varies with device,Varies with device
USR02907,PRODUCTIVITY,4.5,1079491,,100000000,Free,0,Everyone,Productivity,2018-07-14,16.0.10325.20059,4.4 and up
USR02908,PRODUCTIVITY,3.2,11200,11,5000000,Free,0,Everyone,Productivity,2018-07-23,3.1.1,4.4 and up
USR02909,PRODUCTIVITY,4.5,9653,5.1,1000000,Free,0,Everyone,Productivity,2018-08-06,1.2.5,4.1 and up
USR02910,PRODUCTIVITY,4.2,58675,1.3,10000000,Free,0,Everyone,Productivity,2018-03-09,0.1.187945513,5.0 and up
USR02911,PRODUCTIVITY,4.4,1038306,,100000000,Free,0,Everyone,Productivity,2018-08-01,Varies with device,Varies with device
USR02912,PRODUCTIVITY,4.7,287250,,50000000,Free,0,Everyone,Productivity,2018-05-09,Varies with device,Varies with device
USR02913,PRODUCTIVITY,4.4,480643,,100000000,Free,0,Everyone,Productivity,2018-07-22,16.0.10325.20024,4.4 and up
USR02914,PRODUCTIVITY,4,27800,,10000000,Free,0,Everyone,Productivity,2017-08-10,Varies with device,Varies with device
USR02915,PRODUCTIVITY,4.4,691474,,100000000,Free,0,Everyone,Productivity,2018-08-06,Varies with device,Varies with device
USR02916,PRODUCTIVITY,4,2131,2.3,5000000,Free,0,Everyone,Productivity,2016-04-22,4.1.4,4.1 and up
USR02917,PRODUCTIVITY,4.6,5383985,16,100000000,Free,0,Everyone,Productivity,2018-08-03,4.1.8.2.2,4.0 and up
USR02918,PRODUCTIVITY,4.5,26559,,10000000,Free,0,Everyone,Productivity,2017-04-14,Varies with device,Varies with device
USR02919,PRODUCTIVITY,4.2,13500,,10000000,Free,0,Everyone,Productivity,2017-12-11,Varies with device,Varies with device
USR02920,PRODUCTIVITY,4,8550,15,1000000,Free,0,Everyone,Productivity,2018-07-25,2.1.5,4.0 and up
USR02921,PRODUCTIVITY,4.4,1861310,61,500000000,Free,0,Everyone,Productivity,2018-08-01,Varies with device,Varies with device
USR02922,PRODUCTIVITY,4.5,23089,1.6,10000000,Free,0,Everyone,Productivity,2018-04-11,1.10.0.33_180403,5.0 - 8.0
USR02923,PRODUCTIVITY,3.9,6949,,10000000,Free,0,Everyone,Productivity,2017-12-27,Varies with device,Varies with device
USR02924,PRODUCTIVITY,4.2,858208,,500000000,Free,0,Everyone,Productivity,2018-08-06,Varies with device,Varies with device
USR02925,PRODUCTIVITY,4.3,815981,,100000000,Free,0,Everyone,Productivity,2018-08-06,Varies with device,Varies with device
USR02926,PRODUCTIVITY,4.2,102451,,10000000,Free,0,Everyone,Productivity,2018-03-15,Varies with device,Varies with device
USR02927,PRODUCTIVITY,4.2,56403,49,5000000,Free,0,Everyone,Productivity,2018-07-27,4.0.5,4.4 and up
USR02928,PRODUCTIVITY,4.4,115072,,5000000,Free,0,Everyone,Productivity,2018-07-31,Varies with device,Varies with device
USR02929,PRODUCTIVITY,4.7,19302,7.2,5000000,Free,0,Everyone,Productivity,2018-06-28,3.5.12,4.0.3 and up
USR02930,PRODUCTIVITY,4.6,1488396,,100000000,Free,0,Everyone,Productivity,2018-08-03,Varies with device,Varies with device
USR02931,PRODUCTIVITY,3.1,6572,,10000000,Free,0,Everyone,Productivity,2018-05-29,Varies with device,Varies with device
USR02932,PRODUCTIVITY,4.4,577059,1.5,50000000,Free,0,Everyone,Productivity,2016-08-07,2.2.1B216,2.3.3 and up
USR02933,PRODUCTIVITY,4.1,1092367,,10000000,Free,0,Everyone,Productivity,2018-08-04,8.0.1.0,Varies with device
USR02934,PRODUCTIVITY,4.5,618798,,100000000,Free,0,Everyone,Productivity,2018-07-11,16.0.10325.20043,4.4 and up
USR02935,PRODUCTIVITY,4.6,209696,49,5000000,Free,0,Everyone,Productivity,2018-06-18,3.2.258b ae1da5165,4.3 and up
USR02936,PRODUCTIVITY,4.3,1498393,14,50000000,Free,0,Everyone,Productivity,2018-08-02,4.3.2.0,4.2 and up
USR02937,PRODUCTIVITY,3.9,15368,,100000000,Free,0,Everyone,Productivity,2018-01-22,Varies with device,Varies with device
USR02938,PRODUCTIVITY,4.5,123412,,50000000,Free,0,Everyone,Productivity,2018-04-13,Varies with device,Varies with device
USR02939,PRODUCTIVITY,4.3,185632,,50000000,Free,0,Everyone,Productivity,2018-07-18,Varies with device,4.4 and up
USR02940,PRODUCTIVITY,3.7,80847,,50000000,Free,0,Everyone,Productivity,2018-07-18,Varies with device,5.0 and up
USR02941,PRODUCTIVITY,4.5,2764964,,100000000,Free,0,Everyone,Productivity,2018-08-02,Varies with device,Varies with device
USR02942,PRODUCTIVITY,4.4,41418,1.2,1000000,Free,0,Everyone,Productivity,2016-12-11,v1.39.3,2.2 and up
USR02943,PRODUCTIVITY,4,549973,,50000000,Free,0,Everyone,Productivity,2018-07-04,Varies with device,Varies with device
USR02944,PRODUCTIVITY,4,212,10,1000000,Free,0,Everyone,Productivity,2018-04-26,5.0.44,4.1 and up
USR02945,PRODUCTIVITY,4.4,6011,4.3,500000,Free,0,Everyone,Productivity,2015-12-19,3.2.1,4.1 and up
USR02946,PRODUCTIVITY,4.7,17955,3.8,1000000,Free,0,Everyone,Productivity,2018-05-23,1.7.9,4.0.3 and up
USR02947,PRODUCTIVITY,4.6,25370,,1000000,Free,0,Everyone,Productivity,2018-08-06,Varies with device,Varies with device
USR02948,PRODUCTIVITY,4.2,74146,32,10000000,Free,0,Everyone,Productivity,2018-07-16,12.1.0,4.4 and up
USR02949,PRODUCTIVITY,4.5,176873,4.5,1000000,Free,0,Everyone,Productivity,2017-10-30,17.7.20,4.1 and up
USR02950,PRODUCTIVITY,4.6,404617,,10000000,Free,0,Everyone,Productivity,2018-04-06,Varies with device,Varies with device
USR02951,PRODUCTIVITY,4,10270,8.4,1000000,Free,0,Everyone,Productivity,2018-03-23,4.4.1,4.0 and up
USR02952,PRODUCTIVITY,4.5,155999,12,10000000,Free,0,Everyone,Productivity,2018-08-05,12.8.2,4.4 and up
USR02953,PRODUCTIVITY,4.4,56713,25,1000000,Free,0,Everyone,Productivity,2018-07-05,9.3.5776,4.1 and up
USR02954,PRODUCTIVITY,4.3,117255,,1000000,Free,0,Everyone,Productivity,2018-08-06,Varies with device,Varies with device
USR02955,PRODUCTIVITY,4.5,298843,,10000000,Free,0,Everyone,Productivity,2018-08-05,Varies with device,Varies with device
USR02956,PRODUCTIVITY,4.5,72513,12,5000000,Free,0,Everyone,Productivity,2018-07-18,5.0.1.11068-production,5.0 and up
USR02957,PRODUCTIVITY,4.4,205191,7.1,10000000,Free,0,Everyone,Productivity,2018-06-20,2.4.5,4.1 and up
USR02958,PRODUCTIVITY,4.6,73695,,1000000,Free,0,Everyone,Productivity,2018-08-06,Varies with device,5.0 and up
USR02959,PRODUCTIVITY,4.3,144879,,10000000,Free,0,Everyone,Productivity,2016-01-24,3.5.0,Varies with device
USR02960,PRODUCTIVITY,4.6,5383971,16,100000000,Free,0,Everyone,Productivity,2018-08-03,4.1.8.2.2,4.0 and up
USR02961,PRODUCTIVITY,4.5,49794,6.5,1000000,Free,0,Everyone,Productivity,2017-06-17,1.7.3,2.3 and up
USR02962,PRODUCTIVITY,4.3,609182,9.2,50000000,Free,0,Everyone,Productivity,2018-07-02,6.4.0,4.0 and up
USR02963,PRODUCTIVITY,4.1,979,0.703,100000,Free,0,Everyone,Productivity,2013-09-30,2.1.3,2.2 and up
USR02964,PRODUCTIVITY,4.2,53015,2.2,5000000,Free,0,Everyone,Productivity,2017-11-12,2.2.2,2.3 and up
USR02965,PRODUCTIVITY,4.2,277794,,10000000,Free,0,Everyone,Productivity,2016-12-07,Varies with device,Varies with device
USR02966,PRODUCTIVITY,4.6,67523,,1000000,Free,0,Everyone,Productivity,2018-07-19,2.5.4,4.1 and up
USR02967,PRODUCTIVITY,4.2,17415,4.1,1000000,Free,0,Everyone,Productivity,2018-07-05,3.5.9,4.0 and up
USR02968,PRODUCTIVITY,4.5,2084125,,500000000,Free,0,Everyone,Productivity,2018-07-11,16.0.10325.20043,4.4 and up
USR02969,PRODUCTIVITY,4.4,2731211,,1000000000,Free,0,Everyone,Productivity,2018-08-06,Varies with device,Varies with device
USR02970,PRODUCTIVITY,4.3,3016305,,100000000,Free,0,Everyone,Productivity,2018-04-17,Varies with device,Varies with device
USR02971,PRODUCTIVITY,4.3,496399,,100000000,Free,0,Everyone,Productivity,2018-08-06,Varies with device,Varies with device
USR02972,PRODUCTIVITY,4.5,1079616,,100000000,Free,0,Everyone,Productivity,2018-07-14,16.0.10325.20059,4.4 and up
USR02973,PRODUCTIVITY,4.3,815974,,100000000,Free,0,Everyone,Productivity,2018-08-06,Varies with device,Varies with device
USR02974,PRODUCTIVITY,4.3,549900,60,10000000,Free,0,Everyone,Productivity,2018-07-18,7.3.30,4.1 and up
USR02975,PRODUCTIVITY,4.5,618796,,100000000,Free,0,Everyone,Productivity,2018-07-11,16.0.10325.20043,4.4 and up
USR02976,PRODUCTIVITY,4.5,1508137,37,100000000,Free,0,Everyone,Productivity,2018-07-30,11.1.3,4.0 and up
USR02977,PRODUCTIVITY,4.4,480640,,100000000,Free,0,Everyone,Productivity,2018-07-22,16.0.10325.20024,4.4 and up
USR02978,PRODUCTIVITY,4.2,858227,,500000000,Free,0,Everyone,Productivity,2018-08-06,Varies with device,Varies with device
USR02979,PRODUCTIVITY,4.2,244567,,100000000,Free,0,Everyone,Productivity,2018-08-06,Varies with device,Varies with device
USR02980,PRODUCTIVITY,4.6,2401017,,100000000,Free,0,Everyone,Productivity,2018-06-27,Varies with device,Varies with device
USR02981,PRODUCTIVITY,4.4,57033,,5000000,Free,0,Everyone,Productivity,2016-10-18,4.2.11,Varies with device
USR02982,PRODUCTIVITY,4.3,12321,0.696,1000000,Free,0,Everyone,Productivity,2016-12-25,2.0.1,2.3 and up
USR02983,PRODUCTIVITY,4.6,122424,4.7,5000000,Free,0,Everyone,Productivity,2018-03-16,1.35.2,2.3.3 and up
USR02984,PRODUCTIVITY,4.2,21507,6.6,1000000,Free,0,Everyone,Productivity,2017-08-31,13.4,4.0 and up
USR02985,PRODUCTIVITY,4.2,80581,2.5,10000000,Free,0,Everyone,Productivity,2016-10-16,2.4,2.3 and up
USR02986,PRODUCTIVITY,4.2,37204,19,1000000,Free,0,Everyone,Productivity,2018-07-21,3.4.4.4-GP,4.0 and up
USR02987,PRODUCTIVITY,4,10643,,5000000,Free,0,Everyone,Productivity,2018-05-19,Varies with device,Varies with device
USR02988,PRODUCTIVITY,4.3,226295,4.2,10000000,Free,0,Everyone,Productivity,2018-06-06,4.3.19,2.3.3 and up
USR02989,PRODUCTIVITY,4.6,57904,11,1000000,Free,0,Everyone,Productivity,2018-07-01,12.8.2-pi,4.2 and up
USR02990,PRODUCTIVITY,4.6,404610,,10000000,Free,0,Everyone,Productivity,2018-04-06,Varies with device,Varies with device
USR02991,PRODUCTIVITY,4.6,1488397,,100000000,Free,0,Everyone,Productivity,2018-08-03,Varies with device,Varies with device
USR02992,PRODUCTIVITY,4.5,298854,,10000000,Free,0,Everyone,Productivity,2018-08-05,Varies with device,Varies with device
USR02993,PRODUCTIVITY,4.4,480638,,100000000,Free,0,Everyone,Productivity,2018-07-22,16.0.10325.20024,4.4 and up
USR02994,PRODUCTIVITY,4.3,5157,,500000,Free,0,Everyone,Productivity,2018-07-31,Varies with device,Varies with device
USR02995,PRODUCTIVITY,4,8985,5.7,1000000,Free,0,Everyone,Productivity,2017-01-16,1.07.59,4.0.3 and up
USR02996,PRODUCTIVITY,4.2,16349,9,1000000,Free,0,Everyone,Productivity,2016-04-25,4.0.7.3,4.1 and up
USR02997,PRODUCTIVITY,4.2,30291,,1000000,Free,0,Everyone,Productivity,2018-05-29,Varies with device,Varies with device
USR02998,PRODUCTIVITY,4.5,25985,6.9,1000000,Free,0,Everyone,Productivity,2018-07-20,1.0.167,4.0.3 and up
USR02999,PRODUCTIVITY,4.2,60840,1.9,5000000,Free,0,Everyone,Productivity,2018-05-31,1.26.2,4.0.3 and up
USR03000,PRODUCTIVITY,4.4,133573,,5000000,Free,0,Everyone,Productivity,2018-07-03,Varies with device,Varies with device
USR03001,PRODUCTIVITY,4.6,23393,,1000000,Free,0,Everyone,Productivity,2018-07-12,Varies with device,Varies with device
USR03002,PRODUCTIVITY,4.3,198051,,10000000,Free,0,Everyone,Productivity,2018-07-30,Varies with device,Varies with device
USR03003,PRODUCTIVITY,4.6,102594,15,5000000,Free,0,Everyone,Productivity,2018-07-23,2.30.1,4.1 and up
USR03004,PRODUCTIVITY,4.2,858230,,500000000,Free,0,Everyone,Productivity,2018-08-06,Varies with device,Varies with device
USR03005,PRODUCTIVITY,4.4,80119,,10000000,Free,0,Everyone,Productivity,2018-06-25,Varies with device,Varies with device
USR03006,PRODUCTIVITY,4.6,26919,,100000,Paid,5.99,Everyone,Productivity,2018-06-25,Varies with device,Varies with device
USR03007,PRODUCTIVITY,4.6,267189,,5000000,Free,0,Everyone,Productivity,2018-04-29,Varies with device,Varies with device
USR03008,PRODUCTIVITY,4.4,1038303,,100000000,Free,0,Everyone,Productivity,2018-08-01,Varies with device,Varies with device
USR03009,PRODUCTIVITY,4.1,6850,11,100000,Free,0,Everyone,Productivity,2016-08-08,2.3.3-play,4.1 and up
USR03010,PRODUCTIVITY,4.4,1861309,61,500000000,Free,0,Everyone,Productivity,2018-08-01,Varies with device,Varies with device
USR03011,PRODUCTIVITY,4.4,18669,4.1,1000000,Free,0,Everyone,Productivity,2018-01-08,1.9.1.147.0-google,4.2 and up
USR03012,PRODUCTIVITY,4.1,16420,3.8,1000000,Free,0,Everyone,Productivity,2018-05-16,4.4.0.4,2.3.3 and up
USR03013,PRODUCTIVITY,4.3,16149,,1000000,Free,0,Everyone,Productivity,2018-07-24,Varies with device,Varies with device
USR03014,PRODUCTIVITY,4.1,71432,3.8,5000000,Free,0,Everyone,Productivity,2017-11-01,4.2.2,4.1 and up
USR03015,PRODUCTIVITY,4.1,282460,,500000000,Free,0,Everyone,Productivity,2018-05-23,Varies with device,Varies with device
USR03016,PARENTING,4.5,86,2.8,10000,Free,0,Everyone,Parenting,2018-08-03,1.7,4.0.3 and up
USR03017,PARENTING,3.9,17941,,5000000,Free,0,Everyone,Parenting;Music & Video,2018-05-27,Varies with device,Varies with device
USR03018,PARENTING,3.8,3614,3.3,1000000,Free,0,Everyone,Parenting;Brain Games,2018-05-28,2.15.2714,4.0 and up
USR03019,PARENTING,4.6,1413,14,100000,Free,0,Mature 17+,Parenting,2018-07-20,2.9.9,4.1 and up
USR03020,PARENTING,4.7,39,95,10000,Free,0,Everyone,Parenting,2018-07-06,1.2.5,4.2 and up
USR03021,PARENTING,4,3789,42,1000000,Free,0,Everyone,Parenting;Education,2018-06-21,8.25.10.00,4.0.3 and up
USR03022,PARENTING,4.7,107,98,50000,Free,0,Teen,Parenting,2018-07-09,1.4.0,4.2 and up
USR03023,PARENTING,4.1,559,6.4,100000,Free,0,Everyone,Parenting,2018-05-20,1.3.1,4.1 and up
USR03024,PARENTING,3.7,4976,2.8,1000000,Free,0,Everyone,Parenting;Education,2018-05-28,2.04.2714,4.0 and up
USR03025,PARENTING,4.1,44,3.6,10000,Free,0,Everyone,Parenting,2018-08-07,8.2,4.0.3 and up
USR03026,PARENTING,3.7,9293,2.4,1000000,Free,0,Everyone,Parenting,2018-05-28,2.03.2714,4.0 and up
USR03027,PARENTING,4.6,62386,3.4,1000000,Free,0,Everyone,Parenting,2018-06-12,2.7,4.0 and up
USR03028,PARENTING,4.4,162,1.5,10000,Free,0,Everyone,Parenting,2018-05-01,1,4.1 and up
USR03029,PARENTING,4.6,1002,5,50000,Free,0,Everyone,Parenting,2016-08-18,3,4.0.3 and up
USR03030,PARENTING,4.1,99,6.6,10000,Free,0,Everyone,Parenting,2018-03-29,1.1,4.1 and up
USR03031,PARENTING,4.4,498,,50000,Free,0,Everyone,Parenting,2018-07-25,1.5.3.1807,4.4 and up
USR03032,PARENTING,4.7,34336,,1000000,Free,0,Everyone,Parenting,2018-07-31,Varies with device,Varies with device
USR03033,PARENTING,4.4,9073,,500000,Free,0,Everyone,Parenting,2018-08-02,Varies with device,4.2 and up
USR03034,PARENTING,4.8,190,6.8,100000,Free,0,Everyone,Parenting,2018-06-24,1.5,4.0 and up
USR03035,PARENTING,4,464,24,100000,Free,0,Everyone,Parenting,2018-08-06,2.3.1,5.0 and up
USR03036,PARENTING,4.9,717,6.6,100000,Free,0,Everyone,Parenting,2017-12-30,1.6.0,4.1 and up
USR03037,PARENTING,4.8,7505,9.1,100000,Free,0,Everyone,Parenting,2017-01-07,1.1.27.477-free,2.3 and up
USR03038,PARENTING,4.4,11501,11,1000000,Free,0,Everyone,Parenting,2018-07-30,3.7.1,4.0.3 and up
USR03039,PARENTING,4.7,69,5.8,5000,Free,0,Everyone,Parenting,2018-07-10,1.0.6,4.0.3 and up
USR03040,PARENTING,4.2,2715,24,500000,Free,0,Everyone,Parenting;Music & Video,2018-07-24,FreeTimeApp-aosp_v3.14_Build-1.0.204367.0.13014,5.0 and up
USR03041,PARENTING,4.6,349,4.4,100000,Free,0,Everyone,Parenting,2018-03-21,1.7,4.4 and up
USR03042,PARENTING,4.6,37,16,10000,Free,0,Everyone,Parenting,2018-07-09,3.19,4.0.3 and up
USR03043,PARENTING,4.5,806,11,500000,Free,0,Everyone,Parenting,2018-08-04,4.2,4.0.3 and up
USR03044,PARENTING,4.6,60,4.9,10000,Free,0,Everyone,Parenting,2018-04-01,Natalia Studio Development,4.0.3 and up
USR03045,PARENTING,4.1,319,11,100000,Free,0,Everyone,Parenting,2018-07-12,5.3,4.0.3 and up
USR03046,PARENTING,3.8,824,53,1000000,Free,0,Everyone,Parenting,2018-08-02,8.9,4.0.3 and up
USR03047,PARENTING,4.8,6668,20,100000,Free,0,Everyone,Parenting,2018-03-28,2.5.9,4.1 and up
USR03048,PARENTING,4.8,1940,38,100000,Free,0,Everyone,Parenting;Music & Video,2018-07-18,1.04,4.2 and up
USR03049,PARENTING,4.5,1025,17,100000,Free,0,Everyone,Parenting,2018-06-29,1.3.9,4.1 and up
USR03050,PARENTING,4,3346,37,1000000,Free,0,Everyone,Parenting;Music & Video,2018-06-15,8.25.10.00,4.0.3 and up
USR03051,PARENTING,4.4,5343,5.2,1000000,Free,0,Everyone,Parenting,2018-03-30,2.1.1,4.1 and up
USR03052,PARENTING,4.7,247,28,100000,Free,0,Everyone,Parenting;Music & Video,2018-03-19,1.3.0,4.4 and up
USR03053,PARENTING,3.9,3182,46,1000000,Free,0,Everyone,Parenting;Education,2018-06-15,8.25.10.00,4.0.3 and up
USR03054,PARENTING,4.4,1528,16,100000,Free,0,Everyone,Parenting,2018-07-24,8.1.2,4.4 and up
USR03055,PARENTING,4.4,39,18,10000,Free,0,Everyone,Parenting;Music & Video,2017-10-31,1.2,4.0 and up
USR03056,PARENTING,4.5,76795,18,1000000,Free,0,Everyone,Parenting,2018-08-01,2.0.6,4.1 and up
USR03057,WEATHER,4.4,1558437,,50000000,Free,0,Everyone,Weather,2018-08-01,Varies with device,Varies with device
USR03058,WEATHER,4.8,159455,10,1000000,Free,0,Everyone,Weather,2018-05-08,1.11.93,4.4 and up
USR03059,WEATHER,4.4,2053404,,50000000,Free,0,Everyone,Weather,2018-08-06,Varies with device,Varies with device
USR03060,WEATHER,4.8,892,17,10000,Free,0,Everyone,Weather,2018-07-17,1.1,4.4 and up
USR03061,WEATHER,4.5,981995,,10000000,Free,0,Everyone,Weather,2018-06-07,Varies with device,Varies with device
USR03062,WEATHER,4.7,11118,9.7,1000000,Free,0,Everyone,Weather,2018-04-26,30,4.0 and up
USR03063,WEATHER,4.5,178934,,10000000,Free,0,Everyone,Weather,2018-08-04,Varies with device,Varies with device
USR03064,WEATHER,3.5,11297,,1000000,Free,0,Everyone,Weather,2018-06-26,Varies with device,Varies with device
USR03065,WEATHER,4.4,15370,21,1000000,Free,0,Everyone,Weather,2018-08-02,12.2.6.3660,4.1 and up
USR03066,WEATHER,4.3,18194,3.2,1000000,Free,0,Everyone,Weather,2017-06-28,1.7.7,3.0 and up
USR03067,WEATHER,4.4,40606,15,10000000,Free,0,Everyone,Weather,2018-08-05,v7.0.02.3.0516.1_06_0713,5.0 and up
USR03068,WEATHER,4.2,133338,44,5000000,Free,0,Everyone,Weather,2018-06-26,6.1.3,4.1 and up
USR03069,WEATHER,4.6,36900,4.8,500000,Free,0,Everyone,Weather,2018-07-28,1.3.6,4.0 and up
USR03070,WEATHER,4.4,1312037,,10000000,Free,0,Everyone,Weather,2018-08-01,Varies with device,Varies with device
USR03071,WEATHER,4.4,4184,10,1000000,Free,0,Everyone,Weather,2018-03-26,7.1.12.12,5.0 and up
USR03072,WEATHER,3.9,100994,54,5000000,Free,0,Everyone,Weather,2018-07-13,5.9.7,4.1 and up
USR03073,WEATHER,4.3,20008,9.1,5000000,Free,0,Everyone,Weather,2018-07-03,7.1.34.28,5.0 and up
USR03074,WEATHER,4.5,13426,19,1000000,Free,0,Everyone,Weather,2018-07-17,9.9.1.1910,4.1 and up
USR03075,WEATHER,4.2,18773,12,10000000,Free,0,Everyone,Weather,2018-05-24,1.3.A.2.9,4.4 and up
USR03076,WEATHER,3.7,26941,,5000000,Free,0,Everyone,Weather,2018-07-13,Varies with device,Varies with device
USR03077,WEATHER,4.2,7457,,1000000,Free,0,Everyone,Weather,2018-08-02,Varies with device,Varies with device
USR03078,WEATHER,3.9,135337,,5000000,Free,0,Everyone,Weather,2018-08-06,Varies with device,Varies with device
USR03079,WEATHER,3.6,7623,19,1000000,Free,0,Everyone,Weather,2018-07-11,3.18.5,4.4 and up
USR03080,WEATHER,4.5,1422858,,50000000,Free,0,Everyone,Weather,2018-08-03,Varies with device,Varies with device
USR03081,WEATHER,4.3,21404,7.6,1000000,Free,0,Everyone,Weather,2017-06-15,2.2,4.4 and up
USR03082,WEATHER,4.3,2143,,100000,Free,0,Everyone,Weather,2018-07-31,Varies with device,Varies with device
USR03083,WEATHER,4.2,189313,38,10000000,Free,0,Everyone,Weather,2018-08-06,Varies with device,Varies with device
USR03084,WEATHER,4.6,89868,,1000000,Free,0,Everyone,Weather,2018-06-12,Varies with device,Varies with device
USR03085,WEATHER,4.5,309617,,10000000,Free,0,Everyone,Weather,2018-07-23,Varies with device,Varies with device
USR03086,WEATHER,4.5,3478,6.1,500000,Free,0,Everyone,Weather,2018-08-02,2.9.10,4.2 and up
USR03087,WEATHER,4.2,24349,9.2,1000000,Free,0,Everyone,Weather,2018-05-14,1.8.4.5,4.1 and up
USR03088,WEATHER,3.9,22154,,10000000,Free,0,Everyone,Weather,2017-08-10,8.50.935520,4.4 and up
USR03089,WEATHER,4.8,17493,11,100000,Paid,4.49,Everyone,Weather,2018-04-20,1.3,4.4 and up
USR03090,WEATHER,3.8,15966,9.2,1000000,Free,0,Everyone,Weather,2017-07-17,2,2.3 and up
USR03091,WEATHER,4.5,2332,20,500000,Free,0,Teen,Weather,2018-08-03,12.2.7.3671,4.1 and up
USR03092,WEATHER,4.5,29344,22,500000,Free,0,Everyone,Weather,2018-07-25,4.1.11 - Hegoa,4.1 and up
USR03093,WEATHER,4.2,67772,,5000000,Free,0,Everyone,Weather,2018-08-02,Varies with device,Varies with device
USR03094,WEATHER,4,634,,100000,Free,0,Everyone,Weather,2018-06-15,1.0.34,4.1 and up
USR03095,WEATHER,4.2,18425,5.3,1000000,Free,0,Everyone,Weather,2017-07-29,3.1.7,4.1 and up
USR03096,VIDEO_PLAYERS,4.3,25655305,,1000000000,Free,0,Teen,Video Players & Editors,2018-08-02,Varies with device,Varies with device
USR03097,VIDEO_PLAYERS,4.3,7557,5.6,1000000,Free,0,Everyone,Video Players & Editors,2018-07-25,1.0.1,4.4 and up
USR03098,VIDEO_PLAYERS,4.2,59089,5.4,10000000,Free,0,Everyone,Video Players & Editors,2018-08-03,1.0.8,4.4 and up
USR03099,VIDEO_PLAYERS,4.3,1551,2.9,1000000,Free,0,Everyone,Video Players & Editors,2018-07-25,1.1,4.1 and up
USR03100,VIDEO_PLAYERS,3.6,12764,25,1000000,Free,0,Teen,Video Players & Editors,2018-07-11,7.1,4.0 and up
USR03101,VIDEO_PLAYERS,3.9,54807,,100000000,Free,0,Everyone,Video Players & Editors,2018-05-02,Varies with device,Varies with device
USR03102,VIDEO_PLAYERS,4.8,259003,,10000000,Free,0,Everyone,Video Players & Editors,2018-08-03,Varies with device,4.3 and up
USR03103,VIDEO_PLAYERS,3.9,121916,23,100000000,Free,0,Everyone,Video Players & Editors,2016-01-25,Varies with device,Varies with device
USR03104,VIDEO_PLAYERS,3.7,400,7.2,100000,Free,0,Teen,Video Players & Editors,2018-05-28,v1.0.3,4.0.3 and up
USR03105,VIDEO_PLAYERS,4.6,3930,3.3,500000,Free,0,Everyone,Video Players & Editors,2018-07-26,1.1.7,4.0.3 and up
USR03106,VIDEO_PLAYERS,4.4,1032076,,100000000,Free,0,Everyone,Video Players & Editors,2018-07-30,Varies with device,2.3 and up
USR03107,VIDEO_PLAYERS,4.4,239242,,10000000,Free,0,Everyone,Video Players & Editors,2017-11-19,17.6,5.0 and up
USR03108,VIDEO_PLAYERS,4.2,193381,17,50000000,Free,0,Teen,Video Players & Editors,2018-08-03,1.78,4.0.3 and up
USR03109,VIDEO_PLAYERS,4.1,7624,6,1000000,Free,0,Everyone,Video Players & Editors,2018-04-20,1.9,4.0.3 and up
USR03110,VIDEO_PLAYERS,3.8,19738,33,1000000,Free,0,Teen,Video Players & Editors,2018-08-07,9.7.6,4.0 and up
USR03111,VIDEO_PLAYERS,4.4,259605,3.1,10000000,Free,0,Everyone,Video Players & Editors,2018-08-03,1.6.1,4.0.3 and up
USR03112,VIDEO_PLAYERS,4.5,18699,4.1,1000000,Free,0,Everyone,Video Players & Editors,2018-03-27,1,4.0.3 and up
USR03113,VIDEO_PLAYERS,4.6,98819,27,5000000,Free,0,Everyone,Video Players & Editors,2018-08-06,1.251.54,4.3 and up
USR03114,VIDEO_PLAYERS,4.7,53006,44,1000000,Free,0,Everyone,Video Players & Editors,2018-08-03,1.5.1,4.4 and up
USR03115,VIDEO_PLAYERS,4.3,436921,,10000000,Free,0,Teen,Video Players & Editors,2018-06-28,Varies with device,Varies with device
USR03116,VIDEO_PLAYERS,4.5,351168,13,10000000,Free,0,Everyone,Video Players & Editors,2016-10-18,2.0.0,2.3 and up
USR03117,VIDEO_PLAYERS,4.3,1615596,,50000000,Free,0,Teen,Video Players & Editors,2018-08-03,Varies with device,4.0.3 and up
USR03118,VIDEO_PLAYERS,3.7,906384,,1000000000,Free,0,Teen,Video Players & Editors,2018-08-06,Varies with device,Varies with device
USR03119,VIDEO_PLAYERS,3.9,3484,3,10000000,Free,0,Everyone,Video Players & Editors,2015-12-03,7.10.621414,5.0 and up
USR03120,VIDEO_PLAYERS,3.6,5639,,1000000,Free,0,Everyone,Video Players & Editors,2018-04-12,Varies with device,Varies with device
USR03121,VIDEO_PLAYERS,4.5,504823,,50000000,Free,0,Everyone,Video Players & Editors,2017-12-13,Varies with device,Varies with device
USR03122,VIDEO_PLAYERS,4.4,25922,6.1,50000000,Free,0,Everyone,Video Players & Editors,2018-05-09,1.4.08.2,7.0 and up
USR03123,VIDEO_PLAYERS,3.8,5555,64,1000000,Free,0,Everyone,Video Players & Editors,2018-07-12,2.6.71,7.1 and up
USR03124,VIDEO_PLAYERS,4.6,921868,47,50000000,Free,0,Teen,Video Players & Editors,2018-08-04,2.4.11,4.0 and up
USR03125,VIDEO_PLAYERS,4.2,6449,,5000000,Free,0,Everyone,Video Players & Editors,2015-02-13,6.5.852058,5.0 and up
USR03126,VIDEO_PLAYERS,4.3,15874,5.4,1000000,Free,0,Everyone,Video Players & Editors,2018-07-05,1.2,4.1 and up
USR03127,VIDEO_PLAYERS,3.8,2093,,5000000,Free,0,Everyone,Video Players & Editors,2015-02-03,Varies with device,Varies with device
USR03128,VIDEO_PLAYERS,4.4,26421,,1000000,Free,0,Everyone,Video Players & Editors,2018-05-30,3.4.5,4.1 and up
USR03129,VIDEO_PLAYERS,3.1,2689,,1000000,Free,0,Everyone,Video Players & Editors,2018-07-18,Varies with device,Varies with device
USR03130,VIDEO_PLAYERS,4.6,36969,27,1000000,Free,0,Everyone,Video Players & Editors,2018-08-06,1.137.22,4.3 and up
USR03131,VIDEO_PLAYERS,4.1,45744,,10000000,Free,0,Everyone,Video Players & Editors,2016-06-03,9.51.755029,4.4 and up
USR03132,VIDEO_PLAYERS,4.5,714665,50,10000000,Free,0,Everyone,Video Players & Editors,2018-07-24,4.13.3,4.3 and up
USR03133,VIDEO_PLAYERS,4,119202,,10000000,Free,0,Everyone 10+,Video Players & Editors;Music & Video,2018-06-21,Varies with device,Varies with device
USR03134,VIDEO_PLAYERS,4.5,6474426,,500000000,Free,0,Everyone,Video Players & Editors,2018-08-06,Varies with device,Varies with device
USR03135,VIDEO_PLAYERS,4.3,6685,4,1000000,Free,0,Everyone,Video Players & Editors,2018-08-02,1.1.4,4.1 and up
USR03136,VIDEO_PLAYERS,3.7,11549,,1000000,Free,0,Teen,Video Players & Editors,2018-07-13,Varies with device,Varies with device
USR03137,VIDEO_PLAYERS,3.9,28835,,1000000,Free,0,Teen,Video Players & Editors,2018-07-26,Varies with device,Varies with device
USR03138,VIDEO_PLAYERS,3.5,13205,44,1000000,Free,0,Teen,Video Players & Editors,2018-07-31,6.2.2.17136,3.0 and up
USR03139,VIDEO_PLAYERS,3.3,1261,2.5,10000,Free,0,Everyone,Video Players & Editors,2014-10-30,1,2.3 and up
USR03140,VIDEO_PLAYERS,4.3,1215,23,100000,Free,0,Everyone 10+,Video Players & Editors,2018-07-20,1.5.4,4.1 and up
USR03141,VIDEO_PLAYERS,4.5,6474672,,500000000,Free,0,Everyone,Video Players & Editors,2018-08-06,Varies with device,Varies with device
USR03142,VIDEO_PLAYERS,4.1,159622,23,5000000,Free,0,Everyone,Video Players & Editors;Creativity,2018-07-17,6.14.091,4.3 and up
USR03143,VIDEO_PLAYERS,4.4,169965,14,10000000,Free,0,Teen,Video Players & Editors,2018-08-02,1.32.1,4.3 and up
USR03144,VIDEO_PLAYERS,4.4,38630,89,1000000,Free,0,Everyone,Video Players & Editors,2018-08-05,2.1.6,4.4 and up
USR03145,NEWS_AND_MAGAZINES,4.5,249919,,10000000,Free,0,Everyone 10+,News & Magazines,2018-07-30,Varies with device,Varies with device
USR03146,NEWS_AND_MAGAZINES,4.4,158196,,10000000,Free,0,Everyone,News & Magazines,2018-07-27,Varies with device,Varies with device
USR03147,NEWS_AND_MAGAZINES,4.3,42624,16,1000000,Free,0,Everyone 10+,News & Magazines,2018-08-01,6.6.4,4.0 and up
USR03148,NEWS_AND_MAGAZINES,4.5,26411,26,1000000,Free,0,Everyone,News & Magazines,2018-03-26,2.3.2,4.1 and up
USR03149,NEWS_AND_MAGAZINES,4.3,296781,,10000000,Free,0,Everyone 10+,News & Magazines,2018-07-24,Varies with device,Varies with device
USR03150,NEWS_AND_MAGAZINES,4.6,29706,11,1000000,Free,0,Teen,News & Magazines,2018-08-02,2.71,4.1 and up
USR03151,NEWS_AND_MAGAZINES,4.1,30693,,1000000,Free,0,Everyone 10+,News & Magazines,2018-08-01,Varies with device,Varies with device
USR03152,NEWS_AND_MAGAZINES,4.2,83558,,5000000,Free,0,Everyone,News & Magazines,2018-07-18,Varies with device,Varies with device
USR03153,NEWS_AND_MAGAZINES,3.5,6066,56,1000000,Free,0,Everyone,News & Magazines,2018-04-16,2.1.4,4.4 and up
USR03154,NEWS_AND_MAGAZINES,4,293080,25,10000000,Free,0,Everyone 10+,News & Magazines,2018-08-06,5.17,4.4 and up
USR03155,NEWS_AND_MAGAZINES,3.8,54256,,5000000,Free,0,Everyone,News & Magazines,2018-07-23,Varies with device,Varies with device
USR03156,NEWS_AND_MAGAZINES,4.3,355921,17,10000000,Free,0,Teen,News & Magazines,2018-08-01,9.1.4,4.0 and up
USR03157,NEWS_AND_MAGAZINES,4.3,37882,9.1,1000000,Free,0,Teen,News & Magazines,2018-06-01,8.2.9,4.0.3 and up
USR03158,NEWS_AND_MAGAZINES,4.1,190888,11,10000000,Free,0,Teen,News & Magazines,2018-07-13,5.2.5,4.1 and up
USR03159,NEWS_AND_MAGAZINES,4.3,948198,,50000000,Free,0,Teen,News & Magazines,2018-07-19,Varies with device,Varies with device
USR03160,NEWS_AND_MAGAZINES,4.5,9548,15,1000000,Free,0,Everyone,News & Magazines,2018-08-01,6.6.4,4.0 and up
USR03161,NEWS_AND_MAGAZINES,4.4,1071,9.7,500000,Free,0,Everyone,News & Magazines,2018-07-25,5.8.0,4.1 and up
USR03162,NEWS_AND_MAGAZINES,4,11908,5.5,1000000,Free,0,Everyone,News & Magazines,2018-07-01,8.3,4.1 and up
USR03163,NEWS_AND_MAGAZINES,4.1,185058,6.7,10000000,Free,0,Teen,News & Magazines,2018-08-01,3.1.6.9,4.1 and up
USR03164,NEWS_AND_MAGAZINES,4.6,697212,,10000000,Free,0,Mature 17+,News & Magazines,2018-08-02,Varies with device,Varies with device
USR03165,NEWS_AND_MAGAZINES,4.3,978,2.9,100000,Free,0,Everyone,News & Magazines,2018-05-12,1.8.2,4.0.3 and up
USR03166,NEWS_AND_MAGAZINES,3.9,877635,13,1000000000,Free,0,Teen,News & Magazines,2018-08-01,5.2.0,4.4 and up
USR03167,NEWS_AND_MAGAZINES,4.5,51684,8.5,10000000,Free,0,Teen,News & Magazines,2018-07-31,4.2.2254.129147,Varies with device
USR03168,NEWS_AND_MAGAZINES,4.7,175110,25,10000000,Free,0,Mature 17+,News & Magazines,2018-08-06,6.7.3,4.0 and up
USR03169,NEWS_AND_MAGAZINES,4.3,11667403,,500000000,Free,0,Mature 17+,News & Magazines,2018-08-06,Varies with device,Varies with device
USR03170,NEWS_AND_MAGAZINES,4.5,357944,12,10000000,Free,0,Everyone,News & Magazines,2018-07-12,9.1,4.1 and up
USR03171,NEWS_AND_MAGAZINES,3.1,735,6.3,500000,Free,0,Everyone,News & Magazines,2018-07-25,6.3.0,4.0.3 and up
USR03172,NEWS_AND_MAGAZINES,4.7,2543,6.3,500000,Free,0,Everyone,News & Magazines,2018-07-19,8.0.6,4.1 and up
USR03173,NEWS_AND_MAGAZINES,3.8,18818,,1000000,Free,0,Everyone 10+,News & Magazines,2018-06-26,Varies with device,Varies with device
USR03174,NEWS_AND_MAGAZINES,4,30287,19,1000000,Free,0,Everyone 10+,News & Magazines,2018-08-03,4.11.0.611033,4.1 and up
USR03175,NEWS_AND_MAGAZINES,4.2,31504,31,1000000,Free,0,Everyone 10+,News & Magazines,2018-07-30,18.201.01,5.0 and up
USR03176,NEWS_AND_MAGAZINES,4,13950,,1000000,Free,0,Mature 17+,News & Magazines,2018-08-06,Varies with device,Varies with device
USR03177,NEWS_AND_MAGAZINES,4.2,21147,9,5000000,Free,0,Teen,News & Magazines,2018-08-06,2.2.1,4.0.3 and up
USR03178,NEWS_AND_MAGAZINES,3.4,41490,25,5000000,Free,0,Teen,News & Magazines,2018-07-24,4.6.0,4.1 and up
USR03179,NEWS_AND_MAGAZINES,4.6,2090,4.6,50000,Free,0,Everyone,News & Magazines,2018-08-05,1.9.0,4.1 and up
USR03180,NEWS_AND_MAGAZINES,4.5,44274,8,1000000,Free,0,Everyone,News & Magazines,2018-08-06,4.0.6,4.4 and up
USR03181,NEWS_AND_MAGAZINES,4,7006,23,1000000,Free,0,Everyone,News & Magazines,2018-07-31,5.6.40,4.0 and up
USR03182,NEWS_AND_MAGAZINES,4.4,2959,9.8,1000000,Free,0,Everyone,News & Magazines,2018-08-04,7.5.0,4.1 and up
USR03183,NEWS_AND_MAGAZINES,4.2,40167,8.7,1000000,Free,0,Everyone,News & Magazines,2018-07-30,3.12.0,4.4 and up
USR03184,NEWS_AND_MAGAZINES,4.1,56807,,5000000,Free,0,Everyone 10+,News & Magazines,2018-07-30,Varies with device,Varies with device
USR03185,NEWS_AND_MAGAZINES,4.4,1284017,,500000000,Free,0,Everyone 10+,News & Magazines,2018-08-03,Varies with device,Varies with device
USR03186,NEWS_AND_MAGAZINES,4,4332,12,1000000,Free,0,Everyone,News & Magazines,2018-03-16,3.0.42,4.1 and up
USR03187,NEWS_AND_MAGAZINES,3.7,10382,,1000000,Free,0,Everyone,News & Magazines,2018-07-28,Varies with device,Varies with device
USR03188,NEWS_AND_MAGAZINES,4.6,413999,10,5000000,Free,0,Teen,News & Magazines,2018-08-03,3.53.2,4.1 and up
USR03189,NEWS_AND_MAGAZINES,4.5,66978,,1000000,Free,0,Teen,News & Magazines,2018-08-06,Varies with device,Varies with device
USR03190,NEWS_AND_MAGAZINES,4.6,66384,19,1000000,Free,0,Teen,News & Magazines,2018-07-25,4.1.0.72,4.0 and up
USR03191,NEWS_AND_MAGAZINES,4.5,17703,6.6,500000,Free,0,Teen,News & Magazines,2018-06-07,4.10.0,4.4 and up
USR03192,NEWS_AND_MAGAZINES,3.9,32121,,1000000,Free,0,Everyone,News & Magazines,2018-04-13,Varies with device,Varies with device
USR03193,NEWS_AND_MAGAZINES,4.3,350,14,10000,Free,0,Everyone,News & Magazines,2018-07-22,3.000.1,4.2 and up
USR03194,NEWS_AND_MAGAZINES,4.4,74425,8.6,1000000,Free,0,Everyone,News & Magazines,2018-07-18,5.14.0,4.0.3 and up
USR03195,NEWS_AND_MAGAZINES,4.3,131028,13,5000000,Free,0,Teen,News & Magazines,2018-07-30,5.38,4.4 and up
USR03196,NEWS_AND_MAGAZINES,4.4,84957,,1000000,Free,0,Everyone 10+,News & Magazines,2018-01-13,Varies with device,Varies with device
USR03197,NEWS_AND_MAGAZINES,3.6,3311,10,100000,Free,0,Everyone,News & Magazines,2018-04-24,4.0.1,4.2 and up
USR03198,NEWS_AND_MAGAZINES,4.5,23158,,1000000,Free,0,Everyone 10+,News & Magazines,2018-07-17,Varies with device,Varies with device
USR03199,NEWS_AND_MAGAZINES,3.6,1380,,100000,Free,0,Everyone,News & Magazines,2018-07-26,Varies with device,4.1 and up
USR03200,NEWS_AND_MAGAZINES,4.1,49259,,5000000,Free,0,Everyone 10+,News & Magazines,2018-08-02,Varies with device,Varies with device
USR03201,NEWS_AND_MAGAZINES,4.4,185884,7.5,1000000,Free,0,Mature 17+,News & Magazines,2017-09-17,3.1.9,4.1 and up
USR03202,NEWS_AND_MAGAZINES,4.1,40975,36,1000000,Free,0,Everyone 10+,News & Magazines,2018-08-02,4.4.2.19,4.1 and up
USR03203,NEWS_AND_MAGAZINES,4.2,27104,8.2,1000000,Free,0,Everyone 10+,News & Magazines,2018-08-03,2.42.1.9,4.4 and up
USR03204,NEWS_AND_MAGAZINES,4.7,247992,22,5000000,Free,0,Teen,News & Magazines,2018-07-25,6.5.1725,4.1 and up
USR03205,NEWS_AND_MAGAZINES,3.9,63647,23,10000000,Free,0,Everyone 10+,News & Magazines,2018-08-01,6.19.5,4.4 and up
USR03206,NEWS_AND_MAGAZINES,3.9,6105,,100000,Free,0,Teen,News & Magazines,2016-03-11,Varies with device,Varies with device
USR03207,NEWS_AND_MAGAZINES,4.4,30722,,1000000,Free,0,Teen,News & Magazines,2018-08-02,Varies with device,Varies with device
USR03208,NEWS_AND_MAGAZINES,4.6,56524,14,1000000,Free,0,Teen,News & Magazines,2018-08-06,3.5.13,4.0.3 and up
USR03209,NEWS_AND_MAGAZINES,4,24790,,1000000,Free,0,Everyone,News & Magazines,2018-07-20,Varies with device,Varies with device
USR03210,NEWS_AND_MAGAZINES,4.3,13169,25,1000000,Free,0,Everyone 10+,News & Magazines,2018-06-06,3.4.4,4.1 and up
USR03211,NEWS_AND_MAGAZINES,4.2,61692,27,10000000,Free,0,Everyone,News & Magazines,2018-07-25,5.9.1.1347176.a3ca6ab274,4.4 and up
USR03212,NEWS_AND_MAGAZINES,4.3,3684,,100000,Free,0,Everyone 10+,News & Magazines,2018-08-02,Varies with device,Varies with device
USR03213,NEWS_AND_MAGAZINES,4,18976,35,1000000,Free,0,Everyone 10+,News & Magazines,2018-06-06,3.19.11,5.0 and up
USR03214,NEWS_AND_MAGAZINES,4.1,63020,,5000000,Free,0,Everyone 10+,News & Magazines,2018-02-13,Varies with device,Varies with device
USR03215,NEWS_AND_MAGAZINES,4.6,62740,8.6,500000,Free,0,Mature 17+,News & Magazines,2018-06-16,16.3,4.1 and up
USR03216,NEWS_AND_MAGAZINES,4.5,76677,4.6,1000000,Free,0,Everyone 10+,News & Magazines,2017-05-25,4.4.3,4.0 and up
USR03217,NEWS_AND_MAGAZINES,4.2,78154,12,1000000,Free,0,Everyone 10+,News & Magazines,2018-08-03,19.2.8,4.4 and up
USR03218,NEWS_AND_MAGAZINES,4.3,479594,18,10000000,Free,0,Teen,News & Magazines,2018-07-28,9.2.3,4.0 and up
USR03219,NEWS_AND_MAGAZINES,4.2,201737,,10000000,Free,0,Everyone 10+,News & Magazines,2018-07-03,Varies with device,Varies with device
USR03220,NEWS_AND_MAGAZINES,4.2,233305,3.1,10000000,Free,0,Everyone,News & Magazines,2018-08-03,5.1.10,2.2 and up
USR03221,NEWS_AND_MAGAZINES,4,80368,,10000000,Free,0,Everyone,News & Magazines,2018-05-17,Varies with device,Varies with device
USR03222,NEWS_AND_MAGAZINES,4.2,23292,14,1000000,Free,0,Everyone 10+,News & Magazines,2018-05-24,3.1.12,4.1 and up
USR03223,NEWS_AND_MAGAZINES,4.3,23641,23,1000000,Free,0,Everyone 10+,News & Magazines,2018-06-29,3.9.0,4.1 and up
USR03224,NEWS_AND_MAGAZINES,3.9,13217,8.8,1000000,Free,0,Teen,News & Magazines,2018-08-03,1.8.7.0,5.0 and up
USR03225,NEWS_AND_MAGAZINES,4,17240,,1000000,Free,0,Everyone 10+,News & Magazines,2018-08-03,Varies with device,4.1 and up
USR03226,NEWS_AND_MAGAZINES,4.5,256680,12,10000000,Free,0,Everyone,News & Magazines,2018-07-24,6.7.15.7,4.0.3 and up
USR03227,NEWS_AND_MAGAZINES,4.1,62465,,5000000,Free,0,Everyone 10+,News & Magazines,2018-08-02,Varies with device,Varies with device
USR03228,NEWS_AND_MAGAZINES,3.9,877643,13,1000000000,Free,0,Teen,News & Magazines,2018-08-01,5.2.0,4.4 and up
USR03229,NEWS_AND_MAGAZINES,4.5,103074,,1000000,Free,0,Mature 17+,News & Magazines,2018-07-02,Varies with device,Varies with device
USR03230,NEWS_AND_MAGAZINES,4.4,1284018,,500000000,Free,0,Everyone 10+,News & Magazines,2018-08-03,Varies with device,Varies with device
USR03231,MAPS_AND_NAVIGATION,4.6,7232629,,100000000,Free,0,Everyone,Maps & Navigation,2018-07-29,Varies with device,Varies with device
USR03232,MAPS_AND_NAVIGATION,4.2,15681,,5000000,Free,0,Everyone,Maps & Navigation,2018-08-02,Varies with device,Varies with device
USR03233,MAPS_AND_NAVIGATION,4.1,53481,,10000000,Free,0,Everyone,Maps & Navigation,2018-05-22,Varies with device,Varies with device
USR03234,MAPS_AND_NAVIGATION,4.4,104800,22,10000000,Free,0,Everyone,Maps & Navigation,2018-07-26,7.0.1,4.0 and up
USR03235,MAPS_AND_NAVIGATION,4.4,50459,,5000000,Free,0,Everyone,Maps & Navigation,2018-07-26,Varies with device,Varies with device
USR03236,MAPS_AND_NAVIGATION,4.2,43269,,5000000,Free,0,Everyone,Maps & Navigation,2018-07-18,4.4.7,Varies with device
USR03237,MAPS_AND_NAVIGATION,4.5,56443,43,1000000,Free,0,Everyone,Maps & Navigation,2018-06-26,6.2.0,4.1 and up
USR03238,MAPS_AND_NAVIGATION,4.2,4928420,,100000000,Free,0,Everyone,Maps & Navigation,2018-08-06,Varies with device,Varies with device
USR03239,MAPS_AND_NAVIGATION,4.4,1421884,33,50000000,Free,0,Everyone,Maps & Navigation,2018-07-26,17.4.11,4.0.3 and up
USR03240,MAPS_AND_NAVIGATION,4.4,3652,32,500000,Free,0,Everyone,Maps & Navigation,2018-07-25,4.8.1,4.1 and up
USR03241,MAPS_AND_NAVIGATION,4,126282,,10000000,Free,0,Everyone,Maps & Navigation,2018-07-30,5.7,4.1 and up
USR03242,MAPS_AND_NAVIGATION,4.3,14110,6.8,1000000,Free,0,Everyone,Maps & Navigation,2018-07-24,4.3,5.0 and up
USR03243,MAPS_AND_NAVIGATION,4.4,18710,4,1000000,Free,0,Everyone,Maps & Navigation,2018-08-03,3.2.2,4.0.3 and up
USR03244,MAPS_AND_NAVIGATION,4.2,22063,,1000000,Free,0,Everyone,Maps & Navigation,2018-07-31,Varies with device,Varies with device
USR03245,MAPS_AND_NAVIGATION,4.3,286454,3.7,10000000,Free,0,Everyone,Maps & Navigation,2016-08-09,2.1.2,2.3 and up
USR03246,MAPS_AND_NAVIGATION,4.1,15922,,1000000,Free,0,Everyone,Maps & Navigation,2018-07-26,Varies with device,Varies with device
USR03247,MAPS_AND_NAVIGATION,4.4,652,3.4,100000,Free,0,Everyone,Maps & Navigation,2018-05-26,116,4.1 and up
USR03248,MAPS_AND_NAVIGATION,4.3,29768,,5000000,Free,0,Everyone,Maps & Navigation,2018-08-04,Varies with device,Varies with device
USR03249,MAPS_AND_NAVIGATION,4.4,102248,,5000000,Free,0,Everyone,Maps & Navigation,2018-08-01,Varies with device,Varies with device
USR03250,MAPS_AND_NAVIGATION,4.2,41225,,5000000,Free,0,Everyone,Maps & Navigation,2018-08-03,Varies with device,Varies with device
USR03251,MAPS_AND_NAVIGATION,4.7,162049,48,5000000,Free,0,Everyone,Maps & Navigation,2018-08-07,18.0.2,4.4 and up
USR03252,MAPS_AND_NAVIGATION,4.3,26014,7.7,1000000,Free,0,Everyone,Maps & Navigation,2017-11-06,2.4.1,4.0.3 and up
USR03253,MAPS_AND_NAVIGATION,4.5,53562,60,1000000,Free,0,Everyone,Maps & Navigation,2018-05-04,2.10.06,5.0 and up
USR03254,MAPS_AND_NAVIGATION,3.7,10562,60,1000000,Free,0,Everyone,Maps & Navigation,2018-08-03,04.08.00,4.4 and up
USR03255,MAPS_AND_NAVIGATION,4.3,21589,5.6,1000000,Free,0,Everyone,Maps & Navigation,2018-08-01,5.1.0 free,4.0 and up
USR03256,MAPS_AND_NAVIGATION,4.2,3682,,100000,Free,0,Everyone,Maps & Navigation,2018-08-02,Varies with device,Varies with device
USR03257,MAPS_AND_NAVIGATION,4.1,2909,5.2,100000,Free,0,Everyone,Maps & Navigation,2018-06-26,1.39,4.1 and up
USR03258,MAPS_AND_NAVIGATION,4.5,37937,25,1000000,Free,0,Everyone,Maps & Navigation,2018-08-01,3.6.7,4.0.3 and up
USR03259,MAPS_AND_NAVIGATION,4.8,15865,3.3,1000000,Free,0,Everyone,Maps & Navigation,2018-08-03,10,4.1 and up
USR03260,MAPS_AND_NAVIGATION,4.3,63920,29,5000000,Free,0,Everyone,Maps & Navigation,2018-07-28,7.16.8,4.0.3 and up
USR03261,MAPS_AND_NAVIGATION,4.7,38375,49,1000000,Free,0,Everyone,Maps & Navigation,2018-07-26,3.0.2,4.1 and up
USR03262,MAPS_AND_NAVIGATION,4.3,16657,3.6,1000000,Free,0,Everyone,Maps & Navigation,2018-07-17,4.7.5,4.0.3 and up
USR03263,MAPS_AND_NAVIGATION,4.2,301413,48,5000000,Free,0,Everyone,Maps & Navigation,2018-08-01,5.44.1,4.1 and up
USR03264,MAPS_AND_NAVIGATION,3.7,20605,,1000000,Free,0,Everyone,Maps & Navigation,2018-08-06,Varies with device,Varies with device
USR03265,MAPS_AND_NAVIGATION,4.6,16094,5.4,1000000,Free,0,Everyone,Maps & Navigation,2018-07-31,2.7.2,4.0 and up
USR03266,MAPS_AND_NAVIGATION,4.5,65590,18,5000000,Free,0,Everyone,Maps & Navigation,2018-07-09,3.1.0,4.0 and up
USR03267,MAPS_AND_NAVIGATION,4.3,32225,3.2,1000000,Free,0,Everyone,Maps & Navigation,2018-07-26,2.0.0,4.2 and up
USR03268,MAPS_AND_NAVIGATION,4.5,44348,11,5000000,Free,0,Everyone,Maps & Navigation,2018-07-06,6.2.3,4.1 and up
USR03269,MAPS_AND_NAVIGATION,4.2,23279,8.5,1000000,Free,0,Everyone,Maps & Navigation,2018-04-26,5.2.10,4.1 and up
USR03270,MAPS_AND_NAVIGATION,4.2,12572,24,1000000,Free,0,Everyone,Maps & Navigation,2018-02-19,5.4 (30),4.0 and up
USR03271,MAPS_AND_NAVIGATION,4.3,70556,26,10000000,Free,0,Everyone,Maps & Navigation,2018-07-17,4.76,4.0 and up
USR03272,MAPS_AND_NAVIGATION,4.3,1240,14,100000,Free,0,Everyone,Maps & Navigation,2017-11-02,2.4.1,4.1 and up
USR03273,MAPS_AND_NAVIGATION,4.4,56471,,5000000,Free,0,Everyone,Maps & Navigation,2018-07-31,Varies with device,Varies with device
USR03274,MAPS_AND_NAVIGATION,3.7,6939,,1000000,Free,0,Everyone,Maps & Navigation,2018-07-23,Varies with device,Varies with device
USR03275,MAPS_AND_NAVIGATION,4.4,10218,78,1000000,Free,0,Everyone,Maps & Navigation,2018-07-31,5.072.1830.2,4.2 and up
USR03276,MAPS_AND_NAVIGATION,4.4,617477,,10000000,Free,0,Everyone,Maps & Navigation,2018-08-05,Varies with device,Varies with device
USR03277,MAPS_AND_NAVIGATION,4.2,1688,,50000,Free,0,Everyone,Maps & Navigation,2018-08-03,6.1.2,4.0 and up
USR03278,MAPS_AND_NAVIGATION,3.5,18857,7,1000000,Free,0,Everyone,Maps & Navigation,2018-05-24,9.3.3,4.0.3 and up
USR03279,MAPS_AND_NAVIGATION,4.2,11838,9.2,1000000,Free,0,Everyone,Maps & Navigation,2018-04-09,1.7.3,4.0.3 and up
USR03280,MAPS_AND_NAVIGATION,4.2,60838,,5000000,Free,0,Everyone,Maps & Navigation,2018-08-06,Varies with device,Varies with device
USR03281,SOCIAL,4,17000166,,500000000,Free,0,Teen,Social,2018-07-30,Varies with device,Varies with device
USR03282,TOOLS,4.5,162335,4.9,10000000,Free,0,Everyone,Tools,2018-07-06,8.10.1,4.0 and up
USR03283,FAMILY,4.2,886418,6.5,50000000,Free,0,Everyone,Strategy,2018-06-30,1.7.3,4.1 and up
USR03284,FAMILY,3.9,3720,11,1000000,Free,0,Everyone,Entertainment,2016-12-04,4.2.3,4.0.3 and up
USR03285,GAME,4.3,9951,96,1000000,Free,0,Mature 17+,Arcade,2016-08-26,1,2.3 and up
USR03286,FAMILY,3.7,2398,2.9,500000,Free,0,Everyone,Education,2017-01-05,5.8,4.0 and up
USR03287,GAME,4.3,213340,24,10000000,Free,0,Everyone,Adventure,2018-06-14,1.2.1.49,4.0 and up
USR03288,FAMILY,4.3,1805398,55,50000000,Free,0,Teen,Entertainment,2018-06-11,6.5.2,4.4 and up
USR03289,FAMILY,4.6,94989,74,5000000,Free,0,Teen,Simulation,2018-04-22,8.6,4.0 and up
USR03290,FAMILY,4.3,10483141,24,500000000,Free,0,Everyone,Casual,2018-05-25,1.4.77,4.0 and up
USR03291,GAME,4.2,3815614,32,100000000,Free,0,Everyone,Action,2018-07-23,2.2.8,4.0.3 and up
USR03292,FAMILY,4.6,10247,15,1000000,Free,0,Everyone,Entertainment,2018-07-27,1.3.13,4.1 and up
USR03293,FINANCE,3.9,730,6.3,10000,Free,0,Everyone,Finance,2018-06-26,5.4.4,4.4 and up
USR03294,GAME,4.4,5565856,97,100000000,Free,0,Everyone,Arcade,2018-05-24,7.9.3,4.1 and up
USR03295,FAMILY,4.6,263454,74,10000000,Free,0,Everyone,Puzzle,2018-08-02,2.1.1,4.1 and up
USR03296,GAME,4.1,1728557,,50000000,Free,0,Everyone,Card,2017-09-20,Varies with device,Varies with device
USR03297,FAMILY,4.8,39480,14,500000,Free,0,Everyone,Puzzle,2017-06-16,4.1.1,4.1 and up
USR03298,FAMILY,4.3,1311,14,10000,Free,0,Everyone,Education,2018-07-11,4.5.2,4.4 and up
USR03299,FAMILY,4.5,14885236,,500000000,Free,0,Everyone,Casual,2018-07-19,4.8.0.132,4.1 and up
USR03300,FAMILY,4.4,5453997,,100000000,Free,0,Teen,Entertainment,2018-07-31,Varies with device,Varies with device
USR03301,FAMILY,4.4,174,5.7,10000,Free,0,Everyone,Education,2018-04-19,2.0.7,4.1 and up
USR03302,FAMILY,3.3,8642,19,500000,Free,0,Teen,Casual,2017-12-30,4.0.4,2.3 and up
USR03303,COMMUNICATION,4.2,1092337,,50000000,Free,0,Mature 17+,Communication,2018-07-24,Varies with device,Varies with device
USR03304,GAME,3.8,4257,,500000,Free,0,Everyone,Board,2018-05-13,Varies with device,Varies with device
USR03305,GAME,4.5,43576,50,5000000,Free,0,Everyone,Arcade,2017-09-13,4.4,2.3 and up
USR03306,PRODUCTIVITY,4.3,3014548,,100000000,Free,0,Everyone,Productivity,2018-04-17,Varies with device,Varies with device
USR03307,GAME,4.5,27711703,76,1000000000,Free,0,Everyone 10+,Arcade,2018-07-12,1.90.0,4.1 and up
USR03308,GAME,3.7,1221896,70,100000000,Free,0,Everyone,Action,2018-07-12,3.0.11,4.2 and up
USR03309,GAME,4.5,152658,29,1000000,Free,0,Teen,Adventure,2014-09-12,2.1.8,2.1 and up
USR03310,COMMUNICATION,4.1,14766,16,500000,Free,0,Teen,Communication,2017-09-20,0.81 beta,4.0.3 and up
USR03311,FAMILY,4.4,1852384,,10000000,Free,0,Everyone,Simulation,2018-07-13,9.3.6,4.0.3 and up
USR03312,FAMILY,3.7,353342,13,50000000,Free,0,Everyone,Entertainment,2017-11-24,2.0.7,4.0 and up
USR03313,FAMILY,4.1,672089,73,50000000,Free,0,Everyone,Educational;Action & Adventure,2018-01-19,6.7.5222,4.1 and up
USR03314,FAMILY,4.8,3053,17,50000,Free,0,Everyone,Education,2018-07-03,1.7,4.2 and up
USR03315,COMMUNICATION,4.4,69109672,,1000000000,Free,0,Everyone,Communication,2018-08-03,Varies with device,Varies with device
USR03316,VIDEO_PLAYERS,4.3,960726,,10000000,Free,0,Everyone,Video Players & Editors,2018-08-02,Varies with device,Varies with device
USR03317,GAME,4.1,1703479,,100000000,Free,0,Everyone,Arcade,2018-07-22,1.3.8,4.1 and up
USR03318,TOOLS,4.4,5741684,,500000000,Free,0,Everyone,Tools,2018-08-04,Varies with device,Varies with device
USR03319,GAME,4.1,10421284,85,100000000,Free,0,Everyone,Adventure,2018-07-23,0.111.3,4.4 and up
USR03320,SOCIAL,4.5,66509917,,1000000000,Free,0,Teen,Social,2018-07-31,Varies with device,Varies with device
USR03321,FAMILY,4.5,9876369,99,100000000,Free,0,Everyone,Casual,2018-07-03,3.7.2.51,4.1 and up
USR03322,FAMILY,4.5,469851,,50000000,Free,0,Everyone,Entertainment;Music & Video,2018-08-03,3.43.3,4.1 and up
USR03323,GAME,4.5,8389714,92,100000000,Free,0,Teen,Racing,2018-07-04,3.7.1a,4.0.3 and up
USR03324,GAME,4.2,685450,37,100000000,Free,0,Everyone,Arcade,2018-05-15,6.6.3,4.1 and up
USR03325,SPORTS,4.4,867920,45,10000000,Free,0,Everyone,Sports,2018-07-14,1.16.2,4.0.3 and up
USR03326,FAMILY,4.5,787107,,10000000,Free,0,Everyone,Entertainment,2018-06-20,Varies with device,Varies with device
USR03327,GAME,4.3,798522,57,100000000,Free,0,Everyone 10+,Arcade,2018-06-07,1.9.8.0,4.1 and up
USR03328,FAMILY,3.8,6760,26,500000,Free,0,Everyone,Entertainment,2015-06-11,1.4.6,3.2 and up
USR03329,GAME,4.5,13118,47,500000,Free,0,Teen,Adventure,2018-06-25,1.0.19,4.0.3 and up
USR03330,GAME,3.7,413609,22,10000000,Free,0,Mature 17+,Racing,2018-08-01,2.8,4.1 and up
USR03331,FAMILY,4.5,1013465,56,50000000,Free,0,Everyone,Educational;Pretend Play,2017-06-29,1.2.3-play,4.1 and up
USR03332,GAME,4.5,1117212,50,50000000,Free,0,Everyone,Board,2018-08-03,Varies with device,4.0.3 and up
USR03333,SHOPPING,4.3,908525,42,100000000,Free,0,Teen,Shopping,2018-07-31,16.14.0.100,4.4 and up
USR03334,FAMILY,4.6,305765,34,10000000,Free,0,Everyone,Role Playing,2018-07-31,1.1.7,4.1 and up
USR03335,PRODUCTIVITY,4.3,154668,,10000000,Free,0,Everyone,Productivity,2018-08-02,Varies with device,Varies with device
USR03336,FAMILY,4.4,98324,70,1000000,Free,0,Everyone,Simulation,2018-07-28,1.19.1,4.1 and up
USR03337,FOOD_AND_DRINK,4.3,27931,17,5000000,Free,0,Everyone,Food & Drink,2018-08-03,6.0.1,5.0 and up
USR03338,GAME,4.3,47698,4.1,5000000,Free,0,Everyone,Board,2016-04-12,1.0.21,1.5 and up
USR03339,VIDEO_PLAYERS,4.3,25623548,,1000000000,Free,0,Teen,Video Players & Editors,2018-08-02,Varies with device,Varies with device
USR03340,GAME,4.3,133195,11,5000000,Free,0,Everyone,Board,2018-06-11,1.58,4.1 and up
USR03341,FAMILY,4.3,1295293,11,100000000,Free,0,Everyone,Puzzle,2018-04-11,4,4.1 and up
USR03342,FAMILY,4.4,17069,94,500000,Free,0,Everyone 10+,Role Playing,2018-08-01,1.0.17.2,5.0 and up
USR03343,PRODUCTIVITY,4.2,145088,24,10000000,Free,0,Everyone,Productivity,2018-07-23,4.5.19,4.4 and up
USR03344,FAMILY,4.9,46253,56,500000,Free,0,Everyone 10+,Simulation,2018-02-07,1.0.1,4.0 and up
USR03345,PRODUCTIVITY,4.5,2078744,,500000000,Free,0,Everyone,Productivity,2018-07-11,16.0.10325.20043,4.4 and up
USR03346,FAMILY,4.6,111741,66,5000000,Free,0,Teen,Simulation,2018-02-27,5.4,4.0 and up
USR03347,GAME,4.6,515240,63,10000000,Free,0,Everyone,Action,2018-06-05,1.7.1,4.0 and up
USR03348,FINANCE,4.6,49275,91,500000,Free,0,Everyone,Finance,2018-07-17,2.0.3.1,4.4 and up
USR03349,GAME,3.4,29265,17,1000000,Free,0,Everyone,Adventure,2017-05-19,1.1.0,4.0.3 and up
USR03350,SPORTS,3.8,85763,21,1000000,Free,0,Everyone,Sports,2015-08-24,2.8.0.17,3.0 and up
USR03351,GAME,4.4,4918776,,100000000,Free,0,Everyone 10+,Arcade,2018-06-15,Varies with device,Varies with device
USR03352,BOOKS_AND_REFERENCE,4.7,2440695,,100000000,Free,0,Teen,Books & Reference,2018-08-02,Varies with device,Varies with device
USR03353,FAMILY,4.6,137198,81,5000000,Free,0,Everyone 10+,Simulation,2018-04-22,3.7,4.0 and up
USR03354,SOCIAL,4.1,78128208,,1000000000,Free,0,Teen,Social,2018-08-03,Varies with device,Varies with device
USR03355,GAME,3.8,22191,3,1000000,Free,0,Everyone,Board,2015-05-04,1.1,2.3 and up
USR03356,SOCIAL,4.4,5637451,59,100000000,Free,0,Teen,Social,2018-08-03,8.0.0,4.1 and up
USR03357,PHOTOGRAPHY,4.4,5276983,,100000000,Free,0,Everyone,Photography,2018-07-30,7.6.5,4.3 and up
USR03358,FAMILY,3.9,31061,83,1000000,Free,0,Everyone,Health & Fitness;Action & Adventure,2018-06-16,4.0.6,4.2 and up
USR03359,SOCIAL,4.1,12495,19,1000000,Free,0,Mature 17+,Social,2017-08-19,7.1.1,2.3 and up
USR03360,PHOTOGRAPHY,4.5,512996,23,10000000,Free,0,Everyone,Photography,2018-08-02,4.0.3.5,4.1 and up
USR03361,FINANCE,3.7,800,32,50000,Free,0,Everyone,Finance,2018-06-21,2.16.5426,4.4 and up
USR03362,SOCIAL,4.4,2349421,39,100000000,Free,0,Teen,Social,2018-07-27,4.1.0,4.0 and up
USR03363,FAMILY,4.5,944661,57,50000000,Free,0,Everyone,Simulation,2018-03-05,2.10.2,4.0.3 and up
USR03364,SPORTS,4.5,14184910,52,100000000,Free,0,Everyone,Sports,2018-07-31,4.0.0,4.0.3 and up
USR03365,TOOLS,3.8,159,7.5,10000,Free,0,Everyone,Tools,2018-04-20,5.5,5.0 and up
USR03366,GAME,3.1,50,7.4,10000,Free,0,Everyone,Music,2017-11-15,2,4.0 and up
USR03367,TOOLS,4.5,799206,8.9,10000000,Free,0,Everyone,Tools,2018-08-01,4.3.0,4.1 and up
USR03368,TOOLS,5,2,6.3,100,Paid,1.99,Everyone,Tools,2018-05-15,1.19,4.4 and up
USR03369,GAME,4.4,3039889,18,10000000,Free,0,Mature 17+,Action,2018-06-27,1.18.2,4.0 and up
USR03370,GAME,4.3,1305050,,50000000,Free,0,Everyone 10+,Adventure,2018-07-29,1.1.11.11,4.1 and up
USR03371,FOOD_AND_DRINK,2.9,155,20,10000,Free,0,Everyone,Food & Drink,2018-04-04,4.94.19,4.1 and up
USR03372,LIFESTYLE,3.1,3042,,500000,Free,0,Everyone,Lifestyle,2018-07-05,Varies with device,Varies with device
USR03373,HEALTH_AND_FITNESS,3.3,14210,96,1000000,Free,0,Everyone,Health & Fitness,2018-07-19,6.0.1,5.0 and up
USR03374,PERSONALIZATION,4.1,291,35,5000,Paid,1.99,Everyone,Personalization,2016-10-22,2.2,2.0 and up
USR03375,PERSONALIZATION,4.4,83,8.6,1000,Paid,1.7,Everyone,Personalization,2015-08-16,1.05,2.2 and up
USR03376,GAME,4.5,4487182,55,50000000,Free,0,Teen,Action,2018-07-04,15.1.2,4.0.3 and up
USR03377,GAME,4.3,12,29,100,Paid,0.99,Everyone,Arcade,2017-09-02,1.5.9,2.3 and up
USR03378,TOOLS,4.3,668,13,50000,Free,0,Everyone,Tools,2016-03-31,2.1.8,2.1 and up
USR03379,MEDICAL,4.5,2948,16,50000,Free,0,Everyone,Medical,2018-07-11,4.5.2,4.4 and up
USR03380,TRAVEL_AND_LOCAL,2.2,83,6.7,50000,Free,0,Everyone,Travel & Local,2018-07-05,1.0.17.3905,4.4 and up
USR03381,GAME,4.5,6071542,100,100000000,Free,0,Teen,Arcade,2018-07-25,6.0.0,4.1 and up
USR03382,GAME,4.2,828489,,50000000,Free,0,Everyone,Music,2018-08-04,Varies with device,Varies with device
USR03383,FAMILY,4.5,10053186,94,100000000,Free,0,Everyone,Casual,2018-06-28,1_39_93,4.0.3 and up
USR03384,LIFESTYLE,4.6,815280,4.4,10000000,Free,0,Everyone,Lifestyle,2018-06-30,4.9,4.1 and up
USR03385,GAME,3.9,24,64,1000,Paid,1.99,Teen,Action,2017-10-17,0.8.17,3.2 and up
USR03386,PERSONALIZATION,4.1,8,4.5,1000,Free,0,Everyone,Personalization,2018-05-21,3.1,4.0.3 and up
USR03387,MAPS_AND_NAVIGATION,3.3,19,6,5000,Free,0,Everyone,Maps & Navigation,2017-07-12,1.2,4.3 and up
USR03388,FAMILY,4.5,472247,,50000000,Free,0,Everyone,Puzzle,2018-07-31,1.5.10,4.1 and up
USR03389,PHOTOGRAPHY,4.1,283,7.4,100000,Free,0,Everyone,Photography,2018-05-12,1.1.7.4,4.0 and up
USR03390,ART_AND_DESIGN,4.8,253,3.7,50000,Free,0,Everyone,Art & Design,2017-11-01,1.0.0,4.0 and up
USR03391,MAPS_AND_NAVIGATION,4.1,41,25,1000,Free,0,Everyone,Maps & Navigation,2018-07-04,0.19.13-SPECTRUM,4.0.3 and up
USR03392,PERSONALIZATION,4.5,2,10,500,Free,0,Mature 17+,Personalization,2018-06-10,1.3,4.0.3 and up
USR03393,FAMILY,4.6,44881447,98,100000000,Free,0,Everyone 10+,Strategy,2018-07-15,10.322.16,4.1 and up
USR03394,FAMILY,4.6,23125280,97,100000000,Free,0,Everyone 10+,Strategy,2018-06-27,2.3.2,4.1 and up
USR03395,FAMILY,4.3,22248,1.8,1000000,Free,0,Everyone,Education,2015-06-28,3,2.3 and up
USR03396,FAMILY,4.1,29978,,1000000,Free,0,Everyone,Education,2017-08-17,Varies with device,Varies with device
USR03397,FAMILY,4.5,349,11,50000,Free,0,Everyone,Education,2018-03-16,2.1.1,4.0 and up
USR03398,FAMILY,4.3,4624,78,100000,Free,0,Everyone,Education,2018-07-07,2.5.1,4.0.3 and up
USR03399,GAME,4.4,1397944,50,10000000,Free,0,Teen,Action,2018-07-31,0.9.10.f96,4.4 and up
USR03400,FAMILY,4.7,2890,,50000,Paid,2.99,Everyone,Education,2017-08-26,Varies with device,Varies with device
USR03401,FAMILY,4.4,22419455,74,500000000,Free,0,Everyone,Casual,2018-07-05,1.129.0.2,4.1 and up
USR03402,SHOPPING,4.4,27275,8.3,1000000,Free,0,Teen,Shopping,2018-07-30,27500000,4.1 and up
USR03403,COMMUNICATION,4.3,9642112,,1000000000,Free,0,Everyone,Communication,2018-08-01,Varies with device,Varies with device
USR03404,PERSONALIZATION,4.2,1531,7.7,10000,Paid,2.99,Everyone,Personalization,2017-12-05,8.3.4,4.1 and up
USR03405,BOOKS_AND_REFERENCE,4.2,873,2.5,50000,Free,0,Everyone,Books & Reference,2014-07-31,2.2,2.1 and up
USR03406,FAMILY,4.6,73404,5.3,1000000,Free,0,Everyone,Education,2017-12-25,4.5.2,4.0 and up
USR03407,PERSONALIZATION,4.5,901110,,10000000,Free,0,Everyone 10+,Personalization,2018-07-10,Varies with device,Varies with device
USR03408,FAMILY,4.6,1218,4,50000,Free,0,Everyone,Education,2017-05-13,3,4.0.3 and up
USR03409,BOOKS_AND_REFERENCE,4.7,88,4.2,1000,Free,0,Everyone,Books & Reference,2017-12-08,1.0.1,4.1 and up
USR03410,PERSONALIZATION,4.8,557,74,10000,Paid,0.99,Everyone,Personalization,2018-07-27,4.5.0,4.0.3 and up
USR03411,FAMILY,4.7,2387,6.9,100000,Free,0,Everyone,Education,2018-06-09,2.5.1,4.1 and up
USR03412,TOOLS,4.7,42916526,,500000000,Free,0,Everyone,Tools,2018-08-03,Varies with device,Varies with device
USR03413,LIFESTYLE,1.7,686,6.6,10000,Free,0,Everyone,Lifestyle,2018-07-11,4.1.07,4.3 and up
USR03414,LIFESTYLE,4.5,8096,16,1000000,Free,0,Mature 17+,Lifestyle,2018-08-03,1.6.4,4.1 and up
USR03415,PRODUCTIVITY,4,499,4.7,10000,Free,0,Everyone,Productivity,2017-01-27,1.37,4.0 and up
USR03416,FAMILY,3.6,608,5.4,100000,Free,0,Everyone,Entertainment,2018-05-17,4.3.2,4.1 and up
USR03417,TOOLS,2,24,35,1000,Free,0,Everyone,Tools,2017-12-29,1.7,6.0 and up
USR03418,LIFESTYLE,4.7,707,26,5000,Free,0,Everyone,Lifestyle,2018-07-17,2.2.0,4.4 and up
USR03419,PRODUCTIVITY,4.1,376,32,50000,Free,0,Everyone,Productivity,2018-07-23,2.15.1,4.4 and up
USR03420,FAMILY,4.3,109,2.7,5000,Free,0,Everyone,Education,2017-06-24,4.1,4.0 and up
USR03421,FAMILY,4.3,43,3.7,10000,Free,0,Everyone,Education,2017-12-16,1.0.3,4.1 and up
USR03422,FAMILY,4.5,2751,7,100000,Free,0,Everyone,Education,2018-06-15,3.2.8,4.0.3 and up
USR03423,FAMILY,4.4,77,6.9,5000,Free,0,Everyone,Education,2018-01-05,1.1.9,5.0 and up
USR03424,GAME,4.4,8921451,63,100000000,Free,0,Everyone,Racing,2018-07-02,1.37.2,4.2 and up
USR03425,FAMILY,4.6,130,2.2,10000,Free,0,Everyone,Education,2016-04-04,1.0.3,4.0.3 and up
USR03426,FAMILY,3.7,452,30,100000,Free,0,Everyone,Entertainment,2018-02-02,1.0.8,4.4 and up
USR03427,FAMILY,4.5,4115,5.8,100000,Free,0,Everyone,Education,2018-07-08,7.1.0,4.0 and up
USR03428,BOOKS_AND_REFERENCE,4,459,3.1,50000,Free,0,Everyone,Books & Reference,2017-11-16,2.2.3.3,4.0 and up
USR03429,FAMILY,4.8,55,1.5,1000,Free,0,Everyone,Education,2015-09-26,1,4.0.3 and up
USR03430,FAMILY,4,1320,8.6,100000,Free,0,Everyone,Education,2018-06-03,4.1.0,4.1 and up
USR03431,FAMILY,4.7,27,0.754,5000,Free,0,Everyone,Education,2016-01-20,1,3.0 and up
USR03432,FAMILY,4.8,306,3.3,5000,Free,0,Everyone,Education,2017-06-03,1.2,4.1 and up
USR03433,FAMILY,4.6,498,5,50000,Free,0,Everyone,Education,2017-10-15,2,4.0.3 and up
USR03434,FAMILY,4.3,36,1.1,5000,Free,0,Everyone,Education,2017-08-30,1.2,3.0 and up
USR03435,FAMILY,4.2,1002,4.4,10000,Free,0,Everyone,Education,2016-08-31,3.9,4.0 and up
USR03436,FAMILY,4.8,138,2.1,10000,Free,0,Everyone,Education,2017-09-22,1,3.0 and up
USR03437,FAMILY,4.2,20,1.6,5000,Free,0,Everyone,Education,2017-01-03,1,4.0 and up
USR03438,PERSONALIZATION,4.6,6459626,,100000000,Free,0,Teen,Personalization,2018-07-19,Varies with device,Varies with device
USR03439,VIDEO_PLAYERS,4.2,1971777,29,100000000,Free,0,Teen,Video Players & Editors,2018-05-11,2.35.8,4.1 and up
USR03440,COMMUNICATION,4.5,305347,39,10000000,Free,0,Teen,Communication,2018-07-27,7.1.8,4.1 and up
USR03441,GAME,4.6,408292,29,10000000,Paid,0.99,Mature 17+,Action,2018-07-12,1.7.110758,4.1 and up
USR03442,GAME,4.5,1736105,14,10000000,Free,0,Mature 17+,Action,2014-05-16,3.0.4,2.1 and up
USR03443,FAMILY,4.5,10214862,,100000000,Free,0,Everyone 10+,Casual;Action & Adventure,2018-07-12,Varies with device,Varies with device
USR03444,GAME,4.3,5091448,41,100000000,Free,0,Everyone,Arcade,2018-07-12,2.6.7.487220,4.1 and up
USR03445,VIDEO_PLAYERS,4.8,2588730,9.7,50000000,Free,0,Everyone,Video Players & Editors,2018-07-30,1.7.1.3,5.0 and up
USR03446,GAME,4.5,4229977,60,100000000,Free,0,Everyone,Action,2018-08-01,3.1.0,5.0 and up
USR03447,GAME,4.3,8116142,62,500000000,Free,0,Everyone,Action,2018-07-05,1.49.1,4.0 and up
USR03448,GAME,4.2,640974,47,50000000,Free,0,Everyone,Racing,2018-06-05,1.5,4.0.3 and up
USR03449,GAME,4.4,3058687,89,100000000,Free,0,Everyone 10+,Arcade,2016-07-18,1.2.0,4.0 and up
USR03450,GAME,4.5,4972230,9.9,100000000,Free,0,Everyone,Racing,2018-03-02,1.52,4.0.3 and up
USR03451,GAME,4.2,951,64,100000,Free,0,Teen,Action,2018-05-25,1.2,4.1 and up
USR03452,GAME,4.6,1591129,48,50000000,Free,0,Everyone,Arcade,2017-12-22,1.01,4.0 and up
USR03453,PERSONALIZATION,4.6,14026,12,100000,Paid,0.99,Everyone,Personalization,2014-06-24,1.9,2.2 and up
USR03454,PRODUCTIVITY,4.4,1860844,61,500000000,Free,0,Everyone,Productivity,2018-08-01,Varies with device,Varies with device
USR03455,VIDEO_PLAYERS,4.5,1013867,32,50000000,Free,0,Everyone,Video Players & Editors,2018-08-03,4.5.0.10701.GP,4.1 and up
USR03456,FAMILY,4.5,762706,28,10000000,Free,0,Teen,Simulation,2018-03-30,6.7.5,4.0 and up
USR03457,GAME,4.6,7657490,,100000000,Free,0,Mature 17+,Action,2018-08-02,Varies with device,Varies with device
USR03458,GAME,4.5,2586261,,100000000,Free,0,Everyone,Racing,2018-07-31,7.7.9,4.2 and up
USR03459,FAMILY,4.4,91171,36,1000000,Free,0,Everyone,Role Playing,2018-08-03,1.0.8,4.1 and up
USR03460,SPORTS,4.1,1076243,13,100000000,Free,0,Everyone,Sports,2018-01-18,3.1,2.0.1 and up
USR03461,FAMILY,4.4,4064868,69,100000000,Free,0,Everyone 10+,Strategy,2018-07-06,2.2.00,4.1 and up
USR03462,SPORTS,4.6,9873470,74,100000000,Free,0,Everyone,Sports,2018-07-16,5.064,4.4 and up
USR03463,FAMILY,4.6,15301,18,100000,Paid,2.99,Everyone,Puzzle;Brain Games,2018-07-18,3.0.5,2.3 and up
USR03464,PERSONALIZATION,4.5,10158,3.6,500000,Free,0,Everyone,Personalization,2018-03-01,1.5,4.0.3 and up
USR03465,GAME,4.5,4147718,79,100000000,Free,0,Everyone,Arcade,2015-11-26,1.4.0,2.3 and up
USR03466,FAMILY,4.3,1168959,66,50000000,Free,0,Everyone,Puzzle,2017-05-03,2.3.3,4.1 and up
USR03467,GAME,4.3,4000433,42,100000000,Free,0,Everyone,Arcade,2018-08-02,1.9.1,4.0 and up
USR03468,FAMILY,3.3,23682,9.8,1000000,Free,0,Teen,Casual,2018-06-14,6.2,4.0 and up
USR03469,TOOLS,3.7,338449,2.8,10000000,Free,0,Everyone,Tools,2018-06-19,8.6,2.3.3 and up
USR03470,TOOLS,4.5,214265,,10000000,Free,0,Everyone,Tools,2018-06-04,Varies with device,Varies with device
USR03471,FAMILY,4.4,187892,40,5000000,Free,0,Everyone,Simulation,2018-05-10,1.2.0,4.0 and up
USR03472,FAMILY,3.1,740,20,100000,Free,0,Teen,Entertainment,2018-05-24,3.3.1.41,4.4 and up
USR03473,NEWS_AND_MAGAZINES,4,15443,25,1000000,Free,0,Teen,News & Magazines,2018-06-19,4.2.133,4.4 and up
USR03474,SHOPPING,4.4,2788460,,100000000,Free,0,Teen,Shopping,2018-07-30,Varies with device,Varies with device
USR03475,SPORTS,4.2,521081,,10000000,Free,0,Everyone 10+,Sports,2018-07-19,Varies with device,5.0 and up
USR03476,FAMILY,3.9,94910,44,10000000,Free,0,Everyone,Action;Action & Adventure,2017-01-10,1.12,4.3 and up
USR03477,FAMILY,4.4,63773,8.8,5000000,Free,0,Everyone,Entertainment,2018-07-30,5.7.2,5.0 and up
USR03478,PRODUCTIVITY,4.6,5378795,16,100000000,Free,0,Everyone,Productivity,2018-08-03,4.1.8.2.2,4.0 and up
USR03479,FAMILY,4.8,1506783,89,10000000,Free,0,Teen,Role Playing,2018-07-18,1.2.115,4.0 and up
USR03480,COMMUNICATION,4.4,3075096,,100000000,Free,0,Everyone,Communication,2018-07-10,Varies with device,Varies with device
USR03481,FINANCE,3.9,10657,58,1000000,Free,0,Everyone,Finance,2018-08-02,6.8.2,4.4 and up
USR03482,FAMILY,4.5,736824,20,10000000,Free,0,Teen,Entertainment,2018-01-19,3.17.2,4.1 and up
USR03483,FAMILY,3.6,1354,4.8,500000,Free,0,Mature 17+,Entertainment,2017-10-23,1,2.3 and up
USR03484,LIFESTYLE,3.4,4082,0.311,500000,Free,0,Everyone,Lifestyle,2014-10-16,1,4.2 and up
USR03485,PRODUCTIVITY,4.7,564759,,10000000,Free,0,Everyone,Productivity,2018-07-27,Varies with device,Varies with device
USR03486,TOOLS,4.4,951413,13,100000000,Free,0,Everyone,Tools,2018-07-31,10.23.2-964159b,4.4 and up
USR03487,FAMILY,4.4,1657,4.9,100000,Free,0,Everyone,Education;Education,2018-07-17,1.35,4.1 and up
USR03488,SOCIAL,4.5,17350,12,500000,Free,0,Everyone,Social,2018-07-18,1.078,Varies with device
USR03489,BOOKS_AND_REFERENCE,4.2,814151,,100000000,Free,0,Teen,Books & Reference,2018-07-27,Varies with device,Varies with device
USR03490,PRODUCTIVITY,4.6,1488289,,100000000,Free,0,Everyone,Productivity,2018-08-03,Varies with device,Varies with device
USR03491,TRAVEL_AND_LOCAL,4.3,15209,,100000,Paid,8.99,Everyone,Travel & Local,2018-08-01,Varies with device,Varies with device
USR03492,COMMUNICATION,4.3,27156,66,5000000,Free,0,Everyone,Communication,2018-07-28,42.0.0.2059,4.4 and up
USR03493,PRODUCTIVITY,4.3,3249518,50,100000000,Free,0,Everyone,Productivity,2018-08-02,2.2.194,4.4 and up
USR03494,SOCIAL,4.6,4300936,,100000000,Free,0,Teen,Social,2018-08-03,Varies with device,Varies with device
USR03495,FAMILY,4.4,148536,59,10000000,Free,0,Everyone,Education;Education,2018-08-03,4.21.1,4.1 and up
USR03496,SHOPPING,4.5,181983,,10000000,Free,0,Everyone,Shopping,2018-04-27,Varies with device,Varies with device
USR03497,SPORTS,4.5,16257,14,500000,Free,0,Everyone 10+,Sports,2017-02-03,2.8,4.1 and up
USR03498,PRODUCTIVITY,4,4660,5.9,1000000,Free,0,Everyone,Productivity,2016-10-06,1,4.0 and up
USR03499,BOOKS_AND_REFERENCE,4.3,1476,41,100000,Free,0,Everyone,Books & Reference,2017-02-21,1,3.0 and up
USR03500,PRODUCTIVITY,4.5,75951,,5000000,Free,0,Everyone,Productivity,2018-07-08,Varies with device,Varies with device
USR03501,FINANCE,4,10374,,500000,Free,0,Everyone,Finance,2016-10-24,Varies with device,Varies with device
USR03502,TRAVEL_AND_LOCAL,4.3,9231613,,1000000000,Free,0,Everyone,Travel & Local,2018-07-31,Varies with device,Varies with device
USR03503,SHOPPING,4.6,5911055,,100000000,Free,0,Teen,Shopping,2018-08-01,Varies with device,Varies with device
USR03504,BOOKS_AND_REFERENCE,4.2,210534,22,10000000,Free,0,Everyone,Books & Reference,2018-06-13,3.0.58,4.0 and up
USR03505,SHOPPING,4.4,6003590,,100000000,Free,0,Teen,Shopping,2018-08-02,Varies with device,Varies with device
USR03506,SHOPPING,4.5,6200739,15,100000000,Free,0,Everyone,Shopping,2018-08-03,4.20.5,4.1 and up
USR03507,FINANCE,4.3,9400,6.1,1000000,Free,0,Everyone,Finance,2016-05-12,1.09,2.2 and up
USR03508,SOCIAL,4.3,8595964,,500000000,Free,0,Teen,Social,2018-08-01,Varies with device,Varies with device
USR03509,COMMUNICATION,4.4,1429038,,100000000,Free,0,Everyone,Communication,2018-07-25,37.0.0.7.163,2.3 and up
USR03510,TOOLS,4.6,894435,3.1,50000000,Free,0,Teen,Tools,2018-07-01,2.2.8,4.0 and up
USR03511,PHOTOGRAPHY,4.4,1302,0.057,10000,Paid,4.99,Everyone,Photography,2015-08-05,3.2,2.2 and up
USR03512,FAMILY,4.3,4551,79,500000,Free,0,Everyone,Simulation,2017-12-26,1,2.3 and up
USR03513,PHOTOGRAPHY,4.2,12726,15,1000000,Free,0,Everyone,Photography,2018-07-21,4.9.18,4.1 and up
USR03514,FAMILY,4.3,3213548,55,100000000,Free,0,Everyone 10+,Entertainment,2018-07-25,5.3.5.16,4.1 and up
USR03515,TOOLS,4.3,3943,11,100000,Free,0,Everyone,Tools,2018-05-23,1.4.2,5.0 and up
USR03516,TOOLS,4.6,57,13,5000,Free,0,Everyone,Tools,2018-07-04,1.0.988,5.0 and up
USR03517,GAME,3.6,214,4.9,50000,Free,0,Everyone,Adventure,2018-07-19,3.0.1,4.2 and up
USR03518,NEWS_AND_MAGAZINES,4.3,11657972,,500000000,Free,0,Mature 17+,News & Magazines,2018-07-30,Varies with device,Varies with device
USR03519,TOOLS,4.2,2588,7.6,100000,Free,0,Everyone,Tools,2018-06-27,4.7.4,4.0 and up
USR03520,PRODUCTIVITY,4.2,1117,3,50000,Free,0,Everyone,Productivity,2017-10-18,1.0.6,5.0 and up
USR03521,PRODUCTIVITY,4.4,607,37,50000,Free,0,Everyone,Productivity,2016-07-24,1.1,4.0.3 and up
USR03522,TOOLS,4.3,9433,9.3,500000,Free,0,Everyone,Tools,2018-07-30,17.4.0014017,5.0 and up
USR03523,AUTO_AND_VEHICLES,4.9,73,23,1000,Free,0,Everyone,Auto & Vehicles,2018-06-05,version 0.994,3.2 and up
USR03524,TOOLS,4.5,1250,0.235,50000,Free,0,Everyone,Tools,2018-03-06,1.0.1,4.0.3 and up
USR03525,COMMUNICATION,4.2,10790092,,500000000,Free,0,Everyone,Communication,2018-07-26,Varies with device,Varies with device
USR03526,TOOLS,4.2,13096,9.2,500000,Free,0,Everyone,Tools,2018-07-30,17.4.0014017,5.0 and up
USR03527,LIFESTYLE,3.8,38,4.8,5000,Free,0,Everyone,Lifestyle,2018-04-17,2.6.3,4.0 and up
USR03528,FAMILY,4.2,1671658,,50000000,Free,0,Teen,Casual,2018-07-12,Varies with device,Varies with device
USR03529,FAMILY,1,1,16,10,Paid,2.99,Everyone,Education,2016-10-07,1,2.3.3 and up
USR03530,WEATHER,4.4,6495,40,100000,Free,0,Teen,Weather,2018-07-12,4.4.4,4.4 and up
USR03531,FINANCE,4,43,13,5000,Free,0,Everyone,Finance,2018-02-20,4.5.0,4.0 and up
USR03532,FAMILY,4.4,20368,31,500000,Free,0,Teen,Role Playing,2016-12-15,3.0.0fr,2.3 and up
USR03533,FAMILY,4.4,5427,,100000,Paid,4.99,Everyone,Simulation,2014-01-28,Varies with device,Varies with device
USR03534,WEATHER,4.5,76593,,500000,Paid,5.99,Everyone,Weather,2017-11-21,Varies with device,Varies with device
USR03535,BUSINESS,3.4,58,3,10000,Free,0,Everyone,Business,2017-04-21,1,4.4 and up
USR03536,BUSINESS,3.8,183,9.9,50000,Free,0,Everyone,Business,2018-07-16,2.5.1.7594.psb,4.0.3 and up
USR03537,HEALTH_AND_FITNESS,3.7,5559,3.7,500000,Free,0,Everyone,Health & Fitness,2016-03-15,22,4.0.3 and up
USR03538,PHOTOGRAPHY,4.1,41,11,500,Paid,1.49,Everyone,Photography,2016-07-19,3.1,4.4 and up
USR03539,GAME,4.6,759838,63,10000000,Free,0,Everyone,Arcade,2017-12-22,1.03,4.0 and up
USR03540,TOOLS,4.4,51,2.1,5000,Free,0,Everyone,Tools,2018-05-21,1.5.8,4.0 and up
USR03541,BUSINESS,4.2,127,1.4,10000,Free,0,Everyone,Business,2016-10-07,2.1.3,4.0 and up
USR03542,SOCIAL,4.2,4828372,,1000000000,Free,0,Teen,Social,2018-07-26,Varies with device,Varies with device
USR03543,GAME,4.4,3697174,36,50000000,Free,0,Teen,Action,2018-07-24,0.7.0,4.3 and up
USR03544,GAME,4.5,4830407,32,50000000,Free,0,Mature 17+,Action,2018-05-25,3.7.1a,Varies with device
USR03545,TOOLS,4.2,1855262,,500000000,Free,0,Everyone,Tools,2018-07-31,Varies with device,Varies with device
USR03546,GAME,4.5,1128805,59,50000000,Free,0,Teen,Arcade,2018-05-29,1.4.0.1,4.0 and up
USR03547,FAMILY,4.3,64884,37,5000000,Free,0,Everyone,Simulation,2016-07-12,1,2.3.3 and up
USR03548,TOOLS,4.4,8021623,,1000000000,Free,0,Everyone,Tools,2018-08-03,Varies with device,Varies with device
USR03549,TOOLS,4.2,857215,7.9,100000000,Free,0,Everyone,Tools,2017-12-07,1.4.large,4.1 - 7.1.1
USR03550,GAME,3.6,2065,25,100000,Free,0,Everyone,Adventure,2017-01-25,1,2.3.3 and up
USR03551,COMMUNICATION,4,3419464,,1000000000,Free,0,Everyone,Communication,2018-07-21,Varies with device,Varies with device
USR03552,GAME,4.4,12683,19,1000000,Free,0,Everyone,Action,2018-02-05,1.1,2.3 and up
USR03553,GAME,4.6,3656,39,100000,Free,0,Everyone,Action,2018-03-15,1.1.3,3.0 and up
USR03554,TOOLS,4.5,1034,0.191,5000,Paid,4.99,Everyone,Tools,2013-09-08,1.1,2.2 and up
USR03555,SOCIAL,4.4,120,2.3,10000,Free,0,Teen,Social,2017-10-05,1,4.0.3 and up
USR03556,PERSONALIZATION,4.2,59,8.1,1000,Paid,1.7,Everyone,Personalization,2015-08-16,1.05,2.2 and up
USR03557,SPORTS,4.3,989344,51,50000000,Free,0,Teen,Sports,2018-07-23,1.64,4.0 and up
USR03558,PRODUCTIVITY,4.6,267042,,5000000,Free,0,Everyone,Productivity,2018-04-29,Varies with device,Varies with device
USR03559,TOOLS,1.8,53,3.4,1000,Paid,1.49,Everyone,Tools,2018-05-19,1.91,4.0.3 and up
USR03560,GAME,3.8,4116,8.8,100000,Free,0,Everyone,Action,2015-09-01,1.3.4,2.3 and up
USR03561,FAMILY,4.4,7715,28,500000,Free,0,Everyone,Simulation,2018-06-29,1.7,4.1 and up
USR03562,LIFESTYLE,3,4710,,100000,Free,0,Everyone,Lifestyle,2017-11-01,Varies with device,Varies with device
USR03563,PRODUCTIVITY,3.4,5,11,100,Paid,2.99,Everyone,Productivity,2016-09-26,2,3.2 and up
USR03564,SPORTS,4.6,10,6.1,100,Paid,3.88,Everyone,Sports,2013-04-10,1,2.3.3 and up
USR03565,MAPS_AND_NAVIGATION,3.7,96,14,10000,Free,0,Everyone,Maps & Navigation,2017-11-14,1.4.0,4.1 and up
USR03566,LIFESTYLE,3,543,94,50000,Free,0,Everyone,Lifestyle,2018-07-02,1.4.1(0629A),5.0 and up
USR03567,PERSONALIZATION,4.6,89,11,5000,Paid,0.99,Everyone,Personalization,2017-10-21,1.6.1,4.0.3 and up
USR03568,PRODUCTIVITY,4.4,2728941,,1000000000,Free,0,Everyone,Productivity,2018-07-30,Varies with device,Varies with device
USR03569,LIFESTYLE,3.1,777,14,50000,Free,0,Everyone,Lifestyle,2018-05-04,3.0.20,4.0 and up
USR03570,TOOLS,4.3,255,1.6,5000,Paid,14.99,Everyone,Tools,2018-07-25,14.6,4.0 and up
USR03571,PERSONALIZATION,4.3,25,15,500,Paid,1.49,Everyone,Personalization,2017-12-13,1.0.2,7.0 and up
USR03572,TOOLS,3.8,415,2.7,50000,Free,0,Everyone,Tools,2017-06-01,7,2.3 and up
USR03573,LIFESTYLE,4.5,231,5.7,5000,Paid,0.99,Everyone,Lifestyle,2017-12-24,7.0.1,4.3 and up
USR03574,GAME,3.6,517,47,50000,Free,0,Everyone,Arcade,2015-12-07,1.4,4.1 and up
USR03575,PERSONALIZATION,4.2,33,0.837,500,Paid,1.49,Everyone,Personalization,2016-01-01,2,4.0 and up
USR03576,HOUSE_AND_HOME,4.5,30,25,1000,Free,0,Everyone,House & Home,2018-08-01,2.4,4.0.3 and up
USR03577,TOOLS,4.2,184,1.3,10000,Free,0,Everyone,Tools,2017-07-29,2.23,4.0 and up
USR03578,TOOLS,3.3,6,1.5,100,Paid,5.99,Everyone,Tools,2018-06-18,3.2,4.0 and up
USR03579,GAME,4.2,1485806,33,100000000,Free,0,Everyone,Action,2018-04-09,1.0.6,4.1 and up
USR03580,TOOLS,4.3,99290,3.9,5000000,Free,0,Everyone,Tools,2017-12-05,3.1 Release b2,2.3 and up
USR03581,FAMILY,4.2,1960,87,100000,Free,0,Everyone,Simulation,2017-10-06,1.4,2.3 and up
USR03582,LIFESTYLE,3.7,41917,14,10000000,Free,0,Everyone,Lifestyle,2018-07-30,9.6.3,4.4 and up
USR03583,FAMILY,3.8,29544,10,10000000,Free,0,Everyone,Entertainment,2018-07-25,3.15,4.0 and up
USR03584,HEALTH_AND_FITNESS,2.9,1786,5.9,100000,Free,0,Everyone,Health & Fitness,2018-06-12,3.5.2,4.4 and up
USR03585,GAME,4.5,6181640,58,100000000,Free,0,Everyone,Arcade,2017-12-22,2.2,4.0 and up
USR03586,TOOLS,4.3,123,1.9,5000,Free,0,Everyone,Tools,2017-09-30,1.2,4.0 and up
USR03587,LIFESTYLE,4.9,145,48,5000,Paid,1.99,Mature 17+,Lifestyle,2016-04-07,1,4.0.3 and up
USR03588,GAME,4.4,19816,57,1000000,Free,0,Everyone,Racing,2017-11-03,1.8.1,4.4 and up
USR03589,COMMUNICATION,4.4,9,0.05,500,Paid,3.99,Everyone,Communication,2017-02-08,3.6,2.2 and up
USR03590,ART_AND_DESIGN,4.4,13,4.5,1000,Free,0,Everyone,Art & Design,2018-03-27,2,4.0.3 and up
USR03591,HEALTH_AND_FITNESS,2.9,4031,8.9,500000,Free,0,Everyone,Health & Fitness,2018-06-15,3.0.2,4.4 and up
USR03592,DATING,4.2,46,26,10000,Free,0,Mature 17+,Dating,2018-07-29,2.1.6,5.0 and up
USR03593,HEALTH_AND_FITNESS,4,50,15,5000,Free,0,Everyone,Health & Fitness,2018-07-03,2.14,4.4 and up
USR03594,FAMILY,4.3,6,1.5,100,Paid,399.99,Everyone,Entertainment,2018-07-16,1,7.0 and up
USR03595,COMMUNICATION,4.3,15439,2.2,1000000,Free,0,Everyone,Communication,2016-11-07,2.0.0,2.3 and up
USR03596,FAMILY,3.9,38,42,5000,Free,0,Everyone,Entertainment,2018-04-06,5055.524.5,4.1 and up
USR03597,FAMILY,4.3,103064,5.6,5000000,Free,0,Everyone,Entertainment,2018-07-05,4.6.2,2.3.3 and up
USR03598,HEALTH_AND_FITNESS,4,214,8.9,10000,Free,0,Everyone,Health & Fitness,2018-06-13,3.0.2,4.4 and up
USR03599,GAME,4.6,4108,13,10000,Paid,17.99,Everyone 10+,Arcade,2015-12-14,1.0.4,4.0 and up
USR03600,FAMILY,3.7,126,13,10000,Free,0,Everyone,Entertainment,2017-08-22,1.0-build20170819,4.1 and up
USR03601,HOUSE_AND_HOME,4,65914,,10000000,Free,0,Everyone,House & Home,2018-06-29,Varies with device,Varies with device
USR03602,PERSONALIZATION,4.6,621,5.4,50000,Free,0,Everyone,Personalization,2017-12-01,a.2,4.4 and up
USR03603,GAME,4.4,3250,27,1000000,Free,0,Everyone,Racing,2018-07-19,1.2,4.0 and up
USR03604,PERSONALIZATION,4.5,2,3,100,Free,0,Everyone,Personalization,2017-12-21,1,4.1 and up
USR03605,FAMILY,3,4,19,1000,Free,0,Everyone,Entertainment,2018-02-07,3.0.1,4.1 and up
USR03606,PRODUCTIVITY,3.1,67,8.3,10000,Free,0,Everyone,Productivity,2018-07-18,3.5.3,4.0.3 and up
USR03607,FAMILY,4.3,1633565,57,100000000,Free,0,Everyone,Entertainment,2018-07-03,3.5.2.2,4.1 and up
USR03608,PRODUCTIVITY,4.5,107,1.2,50000,Free,0,Everyone,Productivity,2015-05-19,10.0.3148,4.0 and up
USR03609,FAMILY,4.5,681,2.8,50000,Free,0,Everyone,Education,2015-11-20,1.1,2.3 and up
USR03610,BUSINESS,4.5,176,19,10000,Free,0,Everyone,Business,2016-10-25,2,5.0 and up
USR03611,TOOLS,4.1,10426,7.2,1000000,Free,0,Everyone,Tools,2018-02-04,1.4,4.0 and up
USR03612,AUTO_AND_VEHICLES,4.6,4140,,50000,Paid,1.99,Everyone,Auto & Vehicles,2018-05-13,Varies with device,Varies with device
USR03613,FAMILY,4.2,1752017,52,100000000,Free,0,Everyone,Entertainment,2018-07-05,2.5.6.11,4.1 and up
USR03614,FAMILY,4.4,2122705,49,100000000,Free,0,Everyone,Puzzle,2018-07-05,3.7.2,4.1 and up
USR03615,SOCIAL,3.2,185,4.7,10000,Free,0,Teen,Social,2017-10-20,1.0.1,4.1 and up
USR03616,FAMILY,3.5,339,,100000,Free,0,Everyone,Entertainment,2017-12-12,Varies with device,4.0.3 and up
USR03617,FAMILY,4.6,61264,43,1000000,Paid,0.99,Everyone,Puzzle,2018-06-19,3.7.0,4.1 and up
USR03618,FAMILY,4.3,1329008,97,50000000,Free,0,Everyone,Racing;Action & Adventure,2017-10-04,2.1.20,2.3.3 and up
USR03619,FAMILY,4.1,405824,,10000000,Free,0,Everyone,Entertainment,2018-08-04,7.1.1,4.2 and up
USR03620,PERSONALIZATION,4.1,8,3.1,1000,Free,0,Everyone,Personalization,2018-01-11,1,4.1 and up
USR03621,PERSONALIZATION,4.1,797,6.7,50000,Free,0,Everyone,Personalization,2018-07-29,1.279.13.98,4.0.3 and up
USR03622,FAMILY,4.7,36,7.1,1000,Free,0,Everyone,Entertainment,2018-03-12,1.3,4.0.3 and up
USR03623,TOOLS,3.5,81747,9.1,10000000,Free,0,Everyone,Tools,2018-05-26,3.8.2,4.1 and up
USR03624,FAMILY,3.9,28,98,1000,Free,0,Everyone,Entertainment,2018-05-31,0.4.4,4.4 and up
USR03625,GAME,4.1,609,13,10000,Free,0,Everyone,Action,2014-05-14,1.7,2.2 and up
USR03626,FAMILY,4.7,17,2.4,1000,Free,0,Everyone,Puzzle,2017-09-26,1,2.3.3 and up
USR03627,FAMILY,4.6,7,7.3,1000,Free,0,Mature 17+,Entertainment,2018-04-11,1.3,4.0.3 and up
USR03628,PERSONALIZATION,4.5,164,33,10000,Free,0,Everyone,Personalization,2018-07-19,4.3,6.0 and up
USR03629,PERSONALIZATION,4.7,98,3.4,10000,Free,0,Everyone,Personalization,2018-05-19,1.1.1,4.0 and up
USR03630,PERSONALIZATION,4.9,934,3.8,10000,Free,0,Everyone,Personalization,2014-10-17,4.1,4.0.3 and up
USR03631,COMMUNICATION,4.3,2451136,,100000000,Free,0,Teen,Communication,2018-08-03,Varies with device,Varies with device
USR03632,HEALTH_AND_FITNESS,4.1,290,40,50000,Free,0,Teen,Health & Fitness,2018-07-22,1.7.2992,4.1 and up
USR03633,SHOPPING,4.4,9140,14,500000,Free,0,Everyone,Shopping,2018-07-31,5.9.0,4.4 and up
USR03634,COMMUNICATION,4.2,1603,,10000,Paid,4.99,Everyone,Communication,2016-07-23,Varies with device,Varies with device
USR03635,COMMUNICATION,4.1,1760,,100000,Free,0,Everyone,Communication,2016-07-23,Varies with device,Varies with device
USR03636,PHOTOGRAPHY,4.6,1656808,,50000000,Free,0,Everyone,Photography,2018-07-31,9.14.1,4.4 and up
USR03637,GAME,4.3,1017408,34,10000000,Free,0,Teen,Adventure,2018-07-16,9.2.0,4.0 and up
USR03638,FAMILY,4.4,1185,40,100000,Free,0,Everyone,Educational;Education,2018-06-17,1.5.1,4.1 and up
USR03639,FINANCE,4.4,124324,,10000000,Free,0,Everyone,Finance,2018-06-26,4.6.0,4.2 and up
USR03640,PERSONALIZATION,4.5,14,11,1000,Free,0,Everyone,Personalization,2018-07-31,31,7.0 and up
USR03641,SOCIAL,4.6,4046,63,100000,Free,0,Teen,Social,2018-07-13,1.8.19106,4.0.3 and up
USR03642,TOOLS,4.8,1955,14,100000,Free,0,Everyone,Tools,2018-03-17,1.0.8,4.1 and up
USR03643,FAMILY,4.3,1065,61,100000,Free,0,Everyone,Educational;Education,2018-05-13,4.1.10,4.1 and up
USR03644,SOCIAL,4.8,19047,63,100000,Free,0,Teen,Social,2018-07-13,1.8.19106,4.0.3 and up
USR03645,FAMILY,4.8,16,8.9,500,Paid,1.99,Everyone,Entertainment,2017-05-09,1,4.2 and up
USR03646,TOOLS,3.7,43,10,5000,Free,0,Mature 17+,Tools,2018-07-24,2.1.2,4.1 and up
USR03647,FAMILY,4.1,9019,44,1000000,Free,0,Everyone,Casual;Education,2018-03-28,6.6,4.0 and up
USR03648,FAMILY,3.7,4444,10,500000,Free,0,Everyone,Entertainment,2018-07-06,3.0.12,4.1 and up
USR03649,FAMILY,4.2,6418,59,100000,Free,0,Everyone,Casual,2017-05-08,1.3,4.1 and up
USR03650,FAMILY,4.5,39,7.4,1000,Free,0,Everyone,Entertainment,2018-03-09,3.0.57,4.1 and up
USR03651,FAMILY,4.6,28,23,1000,Paid,1.99,Everyone,Education;Education,2014-01-13,1.02,2.2 and up
USR03652,VIDEO_PLAYERS,4.5,712737,50,10000000,Free,0,Everyone,Video Players & Editors,2018-07-24,4.13.3,4.3 and up
USR03653,FAMILY,4.7,21,44,1000,Paid,5.99,Everyone,Education;Education,2017-07-21,1.3,4.1 and up
USR03654,COMMUNICATION,4.3,2546549,,100000000,Free,0,Everyone,Communication,2018-08-03,Varies with device,Varies with device
USR03655,FAMILY,4.9,55,40,1000,Free,0,Everyone,Puzzle,2018-08-03,108,4.1 and up
USR03656,GAME,4.4,2351,62,100000,Free,0,Everyone,Music,2018-07-25,1009001,4.0 and up
USR03657,FAMILY,4.6,60,2.1,10000,Free,0,Everyone,Education,2016-05-01,1,2.2 and up
USR03658,LIFESTYLE,4,42,26,5000,Free,0,Everyone,Lifestyle,2018-07-06,1.0.1,4.4 and up
USR03659,FAMILY,4.8,39,3.6,1000,Free,0,Everyone,Education,2017-02-09,1.53,4.0.3 and up
USR03660,FAMILY,4.3,159,13,10000,Free,0,Everyone,Education;Education,2015-02-03,1,4.0 and up
USR03661,COMMUNICATION,4.4,64,4.5,5000,Free,0,Teen,Communication,2017-03-27,5.206,5.0 and up
USR03662,FAMILY,4.2,11263,35,1000000,Free,0,Everyone,Entertainment;Music & Video,2018-05-03,2.1.0.2173,4.0.3 and up
USR03663,GAME,4.6,4304,71,100000,Free,0,Everyone,Music,2018-06-20,1900001,4.0 and up
USR03664,FAMILY,4.8,17,23,100,Paid,3.99,Mature 17+,Entertainment,2017-01-16,1.4.4,4.0.3 and up
USR03665,FAMILY,4,369,3.5,10000,Free,0,Everyone,Entertainment,2017-01-11,2.0.0,2.3 and up
USR03666,FAMILY,4.3,264,60,10000,Free,0,Everyone,Education,2018-07-31,v8[1.0.10],2.3 and up
USR03667,GAME,4.7,703,40,10000,Free,0,Everyone 10+,Word,2017-11-17,1.0.4,4.1 and up
USR03668,SOCIAL,4.5,456866,,10000000,Free,0,Teen,Social,2018-08-03,Varies with device,Varies with device
USR03669,GAME,4.6,2694969,78,100000000,Free,0,Everyone,Action,2018-07-31,2.8.2.59,4.1 and up
USR03670,SHOPPING,4.5,972256,20,50000000,Free,0,Teen,Shopping,2018-08-02,2.4.8,4.1 and up
USR03671,GAME,4.3,696019,,50000000,Free,0,Everyone 10+,Arcade,2018-05-26,3.0.6,4.1 and up
USR03672,LIFESTYLE,4,45224,49,5000000,Free,0,Everyone,Lifestyle,2018-08-01,6.5.1,4.1 and up
USR03673,FAMILY,4.2,357049,40,50000000,Free,0,Everyone,Puzzle,2018-07-31,1.2.7,4.1 and up
USR03674,FAMILY,4,576210,48,50000000,Free,0,Everyone,Casual,2013-08-22,3.25.3,2.3.3 and up
USR03675,GAME,4.5,2308916,87,10000000,Free,0,Teen,Action,2018-08-01,1.9.3,4.1 and up
USR03676,PERSONALIZATION,4,6263,20,500000,Free,0,Everyone,Personalization,2018-07-12,7.46,2.3 and up
USR03677,FAMILY,4.1,1111915,50,100000000,Free,0,Everyone,Entertainment,2018-04-30,2.2.1.3,4.1 and up
USR03678,FAMILY,4.6,67410,0.845,1000000,Free,0,Everyone,Entertainment,2017-11-02,1.0.9,2.2 and up
USR03679,FAMILY,3.1,306,2.9,50000,Free,0,Everyone,Simulation,2017-04-04,1.2.1,4.0.3 and up
USR03680,SOCIAL,4.9,5677,67,50000,Free,0,Teen,Social,2018-07-13,1.8.19106,4.0.3 and up
USR03681,PRODUCTIVITY,4.5,2965,2.4,100000,Free,0,Everyone,Productivity,2015-05-10,1.1.3,4.3 and up
USR03682,FAMILY,4,155276,61,10000000,Free,0,Everyone,Role Playing;Pretend Play,2018-06-18,1.1.0,4.1 and up
USR03683,PRODUCTIVITY,4,11535,6.8,1000000,Free,0,Everyone,Productivity,2017-12-07,1.42,4.0 and up
USR03684,PERSONALIZATION,3.6,5525,2.6,500000,Free,0,Everyone,Personalization,2016-06-06,1.6,2.3 and up
USR03685,FAMILY,4.5,4251,13,1000000,Free,0,Everyone,Education,2018-04-27,23,4.0.3 and up
USR03686,GAME,4.2,1185148,29,100000000,Free,0,Everyone,Arcade,2018-08-01,9.55,4.0.3 and up
USR03687,GAME,4.3,90415,84,10000000,Free,0,Everyone,Arcade,2018-07-24,1.0.20,4.1 and up
USR03688,PERSONALIZATION,3.9,2852,5.4,100000,Free,0,Everyone,Personalization,2015-09-07,1.3,4.0 and up
USR03689,PERSONALIZATION,4.3,1734,2.8,100000,Free,0,Mature 17+,Personalization,2016-04-02,4,4.0.3 and up
USR03690,SHOPPING,4.3,85,2.9,50000,Free,0,Everyone,Shopping,2018-06-26,1.24,4.4 and up
USR03691,FAMILY,4.4,222308,6.9,10000000,Free,0,Everyone,Entertainment,2018-07-31,3.0.2,4.4 and up
USR03692,FAMILY,4.3,556659,46,10000000,Free,0,Everyone,Entertainment,2018-06-20,1805.0618.1637,4.1 and up
USR03693,FAMILY,4.4,499,27,100000,Free,0,Everyone,Education,2018-03-13,2.4,4.0.3 and up
USR03694,PRODUCTIVITY,4.3,1827212,,50000000,Free,0,Everyone,Productivity,2018-07-31,3.6.0.28,4.4 and up
USR03695,FAMILY,4.5,2375336,,10000000,Paid,6.99,Everyone 10+,Arcade;Action & Adventure,2018-07-24,1.5.2.1,Varies with device
USR03696,VIDEO_PLAYERS,4.4,953894,37,10000000,Free,0,Everyone,Video Players & Editors,2018-04-26,3.5.1.8,Varies with device
USR03697,FAMILY,3.5,31538,82,1000000,Free,0,Everyone 10+,Role Playing,2018-07-24,1.2703.273,4.4 and up
USR03698,BUSINESS,4.4,236,44,10000,Free,0,Everyone,Business,2018-06-26,3.1.1,4.4 and up
USR03699,PERSONALIZATION,4.4,37234,7.3,1000000,Free,0,Everyone,Personalization,2018-03-22,1.4.9,4.1 and up
USR03700,VIDEO_PLAYERS,4.5,58820,37,1000000,Free,0,Everyone,Video Players & Editors,2018-04-26,3.5.1.8,4.4 and up
USR03701,PHOTOGRAPHY,4.4,758780,53,50000000,Free,0,Everyone,Photography,2018-08-03,4.0.55,4.0.3 and up
USR03702,GAME,4.4,596,44,100000,Free,0,Everyone,Arcade,2017-02-12,"1,01",4.0 and up
USR03703,PRODUCTIVITY,4,549214,,50000000,Free,0,Everyone,Productivity,2018-07-04,Varies with device,Varies with device
USR03704,TOOLS,3.9,84,24,10000,Free,0,Everyone,Tools,2017-12-14,2.18,4.0.3 and up
USR03705,GAME,3.9,1202,34,100000,Free,0,Everyone,Racing,2018-06-28,1.6,4.1 and up
USR03706,PRODUCTIVITY,4.3,184,,1000,Paid,2.99,Everyone,Productivity,2015-12-04,Varies with device,2.2 and up
USR03707,NEWS_AND_MAGAZINES,4.9,198,9.1,10000,Free,0,Everyone,News & Magazines,2018-05-29,3.2.2,5.0 and up
USR03708,GAME,3.7,303,38,100000,Free,0,Everyone,Arcade,2017-07-12,1.6,4.0.3 and up
USR03709,VIDEO_PLAYERS,3.3,30,15,5000,Free,0,Everyone,Video Players & Editors,2018-07-25,3.1.0.1-r4,4.0 and up
USR03710,LIFESTYLE,3.8,718,26,10000,Paid,399.99,Everyone,Lifestyle,2018-03-11,1.0.0,4.4 and up
USR03711,GAME,3.5,901,63,50000,Free,0,Everyone,Adventure,2018-06-08,1.8.5,2.3 and up
USR03712,TOOLS,4.2,38,0.245,5000,Free,0,Everyone,Tools,2017-01-26,1.4,1.6 and up
USR03713,VIDEO_PLAYERS,4.5,6469179,,500000000,Free,0,Everyone,Video Players & Editors,2018-08-01,Varies with device,Varies with device
USR03714,COMMUNICATION,3.5,400,4.2,100000,Free,0,Everyone,Communication,2017-03-20,3.8.8,2.2 and up
USR03715,LIFESTYLE,3.6,275,7.3,10000,Paid,400,Everyone,Lifestyle,2018-05-03,1.0.1,4.1 and up
USR03716,HEALTH_AND_FITNESS,4.6,71266,49,1000000,Free,0,Everyone,Health & Fitness,2018-03-30,2.3.2,4.0.3 and up
USR03717,COMMUNICATION,3.9,167229,9.7,10000000,Free,0,Everyone,Communication,2018-03-31,8.1,4.1 and up
USR03718,TOOLS,4.2,2803,1.4,100000,Free,0,Everyone,Tools,2017-02-15,1.0.4,4.0 and up
USR03719,PERSONALIZATION,4.2,202,4.9,10000,Free,0,Everyone,Personalization,2016-11-16,1.2.3,3.0 and up
USR03720,FINANCE,4,142,6.2,10000,Free,0,Everyone,Finance,2018-07-13,5.3,4.0.3 and up
USR03721,COMMUNICATION,3.2,559,6,10000,Free,0,Everyone,Communication,2018-07-25,3.4,3.0 and up
USR03722,MEDICAL,4.6,15537,,100000,Free,0,Everyone,Medical,2018-08-01,6.1.3,Varies with device
USR03723,MEDICAL,2.4,102,1.2,10000,Free,0,Everyone,Medical,2017-07-09,1.2,4.4 and up
USR03724,AUTO_AND_VEHICLES,4.5,189,16,10000,Free,0,Everyone,Auto & Vehicles,2018-07-03,1.1.6,6.0 and up
USR03725,GAME,4.1,234606,59,10000000,Free,0,Everyone,Action,2018-01-29,3.1,2.3 and up
USR03726,PERSONALIZATION,4.2,128,7.7,10000,Free,0,Everyone,Personalization,2017-06-13,1,4.1 and up
USR03727,FAMILY,3.7,10035,30,1000000,Free,0,Teen,Simulation,2018-05-23,2.07,4.1 and up
USR03728,PERSONALIZATION,4.3,2538,6.4,100000,Paid,2.99,Everyone,Personalization,2018-03-23,1.5.1,4.1 and up
USR03729,GAME,4.2,156862,64,5000000,Free,0,Everyone 10+,Action,2018-07-31,7.0.4,4.1 and up
USR03730,GAME,4.1,63680,46,1000000,Free,0,Everyone 10+,Adventure,2018-06-02,2.2.2,4.1 and up
USR03731,FAMILY,3.9,19727,76,1000000,Free,0,Teen,Simulation,2018-07-03,32,4.1 and up
USR03732,GAME,3.8,4719,54,500000,Free,0,Everyone,Action,2018-07-08,5.1.3,4.1 and up
USR03733,PERSONALIZATION,4.4,32597,8.4,1000000,Free,0,Everyone,Personalization,2018-05-24,1.5.2,4.1 and up
USR03734,LIFESTYLE,3.4,552,22,10000,Free,0,Everyone,Lifestyle,2018-08-02,3.0.4,4.4 and up
USR03735,GAME,4,166033,23,10000000,Free,0,Everyone 10+,Arcade,2018-01-31,3.6,2.3 and up
USR03736,PRODUCTIVITY,4.4,253,8.2,10000,Free,0,Everyone,Productivity,2018-07-31,0.1.22,4.1 and up
USR03737,COMMUNICATION,3.3,960,3.8,50000,Free,0,Everyone,Communication,2017-09-21,2.1.2,2.3.3 and up
USR03738,GAME,4.8,133180,54,1000000,Free,0,Everyone 10+,Arcade,2018-01-12,1.1.1,4.4 and up
USR03739,GAME,4.5,413,9.1,1000,Paid,4.99,Everyone,Adventure,2017-05-17,1.04,4.0.3 and up
USR03740,SHOPPING,3.4,620,40,100000,Free,0,Everyone,Shopping,2018-03-13,2.2.8,4.1 and up
USR03741,FAMILY,4.3,817,28,100000,Free,0,Everyone,Educational,2018-05-25,2.4.2,4.1 and up
USR03742,PRODUCTIVITY,4.3,369,11,10000,Free,0,Everyone,Productivity,2018-07-18,2.9.5,4.1 and up
USR03743,FAMILY,4.1,313,34,5000,Paid,2.99,Everyone 10+,Strategy,2016-07-15,1.1.5,2.3.3 and up
USR03744,GAME,4,37789,58,1000000,Free,0,Teen,Adventure,2018-06-06,1.5.2,4.1 and up
USR03745,FAMILY,4.4,3570,21,100000,Paid,2.99,Everyone 10+,Strategy,2017-09-22,1.8.1,2.3.3 and up
USR03746,FAMILY,3.8,48929,45,5000000,Free,0,Everyone,Educational;Education,2017-09-08,1.5.0,4.0 and up
USR03747,FAMILY,4.4,89947,22,5000000,Free,0,Everyone 10+,Strategy,2018-02-09,1.8.2,4.0 and up
USR03748,GAME,3.8,466,28,10000,Paid,0.99,Everyone,Arcade,2017-03-28,1.00.02,4.1 and up
USR03749,GAME,4.2,30630,17,1000000,Free,0,Everyone,Racing,2015-05-25,1.2.5,4.1 and up
USR03750,FAMILY,3.8,7462,31,1000000,Free,0,Everyone,Education;Music & Video,2018-02-16,3.42,2.3 and up
USR03751,PERSONALIZATION,4.8,133,59,1000,Paid,2.49,Everyone,Personalization,2018-08-03,15.6,7.0 and up
USR03752,FAMILY,4.7,8600,91,500000,Free,0,Everyone,Puzzle,2018-07-27,1.0.7,4.0.3 and up
USR03753,FAMILY,4.3,923,,10000,Paid,2.99,Everyone,Strategy,2017-11-09,Varies with device,Varies with device
USR03754,LIFESTYLE,3.5,292,20,50000,Free,0,Everyone,Lifestyle,2017-12-18,3.1.3,4.0 and up
USR03755,GAME,3.9,29505,69,1000000,Free,0,Everyone,Word,2018-04-04,3.0.11,4.0.3 and up
USR03756,FAMILY,4.2,106,71,50000,Free,0,Everyone,Simulation,2018-02-26,1.8,4.0.3 and up
USR03757,GAME,4.6,169,13,1000,Paid,0.99,Everyone,Card,2015-07-01,4.0.5,2.3.3 and up
USR03758,GAME,4.7,6187,33,100000,Free,0,Teen,Casino,2018-07-27,1.15.0,4.0.3 and up
USR03759,FAMILY,4.5,659,3.3,10000,Paid,3.99,Everyone,Strategy,2018-08-04,1.0.28,1.5 and up
USR03760,VIDEO_PLAYERS,3.8,3965,6.4,100000,Free,0,Everyone,Video Players & Editors,2018-03-26,2.2.9,4.1 and up
USR03761,FAMILY,4.5,4656,20,100000,Paid,2.99,Everyone 10+,Strategy,2017-12-08,1.4.11,4.0 and up
USR03762,GAME,3.7,80,7.6,10000,Free,0,Everyone,Trivia,2018-06-06,5,4.1 and up
USR03763,FAMILY,3.5,205,62,50000,Free,0,Everyone,Educational;Education,2017-03-06,1.0.4,4.3 and up
USR03764,GAME,4.1,155,32,1000,Paid,2.49,Everyone,Arcade,2018-05-26,1.2,4.1 and up
USR03765,GAME,3.9,168,49,5000,Paid,1.99,Everyone 10+,Arcade,2017-05-18,1.00.00,4.1 and up
USR03766,FAMILY,4.1,413,0.908,10000,Free,0,Everyone,Puzzle,2016-02-15,1.6,2.1 and up
USR03767,GAME,4.6,1475,34,10000,Paid,4.99,Teen,Action,2018-01-02,1.0.4,5.0 and up
USR03768,FAMILY,4.4,148826,49,1000000,Free,0,Teen,Role Playing,2018-06-19,1.4.9,4.0.3 and up
USR03769,COMMUNICATION,4.5,5150801,,100000000,Free,0,Everyone,Communication,2018-07-19,Varies with device,Varies with device
USR03770,COMMUNICATION,4.4,2473795,,100000000,Free,0,Everyone,Communication,2018-07-31,47.1.2249.129326,Varies with device
USR03771,PERSONALIZATION,4.6,354,24,10000,Paid,0.99,Everyone,Personalization,2018-06-13,1.6.1,4.1 and up
USR03772,FAMILY,4,1699,72,100000,Free,0,Everyone,Entertainment;Music & Video,2017-10-18,1.0.1.24,4.3 and up
USR03773,TOOLS,4.4,11393,8.7,1000000,Free,0,Everyone,Tools,2018-07-27,3.9,4.4 and up
USR03774,COMMUNICATION,4.4,401530,,10000000,Free,0,Everyone,Communication,2018-08-03,Varies with device,Varies with device
USR03775,FAMILY,4.4,925,40,10000,Paid,1.99,Everyone,Casual,2014-12-26,1.5,2.3.3 and up
USR03776,PRODUCTIVITY,4,736,6.8,50000,Free,0,Everyone,Productivity,2018-02-01,1.80.03,4.1 and up
USR03777,FAMILY,3.8,45,47,10000,Paid,2.49,Everyone,Entertainment,2018-07-16,1.2,5.0 and up
USR03778,SHOPPING,3.9,671,3.6,100000,Free,0,Everyone,Shopping,2018-07-23,1.1.2,4.0.3 and up
USR03779,TOOLS,3.7,274,26,50000,Free,0,Everyone,Tools,2018-07-30,6.1.7,4.2 and up
USR03780,SPORTS,4.2,6,1.3,100,Paid,3.02,Everyone,Sports,2017-12-27,2.0.5,3.0 and up
USR03781,GAME,4.1,140,45,50000,Free,0,Mature 17+,Card,2017-05-31,1.64,4.0.3 and up
USR03782,PRODUCTIVITY,4.3,30443,0.527,1000000,Free,0,Everyone,Productivity,2018-07-03,0.54.2.4,2.1 and up
USR03783,BOOKS_AND_REFERENCE,4.3,22401,4.6,500000,Free,0,Everyone,Books & Reference,2018-05-07,6.1.2,5.0 and up
USR03784,PERSONALIZATION,4.1,324,0.306,5000,Paid,6.99,Everyone,Personalization,2017-08-20,5.1,5.1 and up
USR03785,PERSONALIZATION,4.4,14832,8.6,1000000,Free,0,Everyone,Personalization,2018-08-03,4.6,4.0 and up
USR03786,LIFESTYLE,3.8,1140,0.729,100000,Free,0,Everyone,Lifestyle,2011-12-03,0.11,2.1 and up
USR03787,TOOLS,4.3,2059,10,100000,Free,0,Everyone,Tools,2018-05-22,1.1.4,5.0 and up
USR03788,SOCIAL,3.8,826,5.1,500000,Free,0,Teen,Social,2018-05-10,2,4.1 and up
USR03789,PHOTOGRAPHY,4.5,180697,6.1,10000000,Free,0,Everyone,Photography,2017-04-25,2.2.5,2.1 and up
USR03790,FAMILY,3.8,589,28,100000,Free,0,Everyone,Education,2018-06-11,8.3.2,4.0.3 and up
USR03791,TOOLS,3.9,145,5.2,50000,Free,0,Everyone,Tools,2018-05-15,1.0.7,4.1 and up
USR03792,GAME,4,428268,22,10000000,Free,0,Everyone,Action,2015-09-14,1.8.1,2.3 and up
USR03793,COMMUNICATION,4.3,298041,,10000000,Free,0,Everyone,Communication,2018-07-03,Varies with device,Varies with device
USR03794,PHOTOGRAPHY,4.5,7590099,34,100000000,Free,0,Teen,Photography,2018-07-31,9.40.3,4.0.3 and up
USR03795,PERSONALIZATION,4.4,38,51,1000,Free,0,Everyone,Personalization,2018-05-06,1.0.3,4.1 and up
USR03796,PERSONALIZATION,4.6,29,39,100,Paid,1.99,Everyone,Personalization,2018-05-16,1.0.0,6.0 and up
USR03797,PERSONALIZATION,5,4,12,100,Paid,0.99,Everyone,Personalization,2018-05-15,v2018.May.15.14,5.0 and up
USR03798,PERSONALIZATION,4.4,230,11,1000,Paid,1.49,Everyone,Personalization,2018-07-20,4.4,
USR03799,TOOLS,4.4,2026,7.5,100000,Free,0,Everyone,Tools,2018-08-03,1.9,4.0 and up
USR03800,SOCIAL,4.2,86956,24,1000000,Free,0,Mature 17+,Social,2018-08-03,5.0.109,4.4 and up
USR03801,PERSONALIZATION,4,13,19,100,Paid,0.99,Everyone,Personalization,2018-07-20,H7SubTV0.1_TV0.4,7.0 and up
USR03802,PERSONALIZATION,4.2,35,5.2,500,Paid,1.49,Everyone,Personalization,2018-04-26,1.33,7.0 and up
USR03803,PERSONALIZATION,4.6,5,4.5,100,Paid,1.49,Everyone,Personalization,2018-07-07,1.1,8.0 and up
USR03804,TOOLS,4.1,1129,1.7,10000,Paid,0.99,Everyone,Tools,2018-06-30,1.28,4.1 and up
USR03805,PERSONALIZATION,3.9,35,6.3,5000,Free,0,Everyone,Personalization,2018-07-01,0.9.3,5.0 and up
USR03806,PHOTOGRAPHY,4.6,108002,,10000000,Free,0,Everyone,Photography,2018-07-26,Varies with device,Varies with device
USR03807,PERSONALIZATION,4.4,8,6.2,100,Paid,1.49,Everyone,Personalization,2018-04-06,1.1,7.0 and up
USR03808,PERSONALIZATION,3.9,213,28,10000,Free,0,Everyone,Personalization,2018-05-18,1.4,4.0 and up
USR03809,PERSONALIZATION,4.6,5,4.3,100,Paid,1.49,Everyone,Personalization,2018-07-31,1.3,7.0 and up
USR03810,PERSONALIZATION,4.5,216,5.7,50000,Free,0,Everyone,Personalization,2018-04-13,1.4,4.1 and up
USR03811,PERSONALIZATION,3,12,4.9,500,Free,0,Everyone,Personalization,2018-05-30,2,4.0.3 and up
USR03812,PERSONALIZATION,3.6,53,2,5000,Free,0,Everyone,Personalization,2018-02-12,1,4.0.3 and up
USR03813,PERSONALIZATION,4.4,147,16,10000,Free,0,Everyone,Personalization,2018-05-28,1.0.0,4.4 and up
USR03814,PERSONALIZATION,4.6,3062845,7.4,100000000,Free,0,Everyone,Personalization,2018-08-03,4.0.8552,4.0.3 and up
USR03815,TOOLS,4.3,1162,7.3,100000,Free,0,Everyone,Tools,2018-07-06,2.5,4.1 and up
USR03816,PERSONALIZATION,5,1,60,100,Paid,0.99,Everyone,Personalization,2018-06-16,1,4.1 and up
USR03817,PERSONALIZATION,4.5,16,3.7,1000,Free,0,Everyone,Personalization,2018-08-01,2.3.0,5.0 and up
USR03818,PERSONALIZATION,4.1,169,24,10000,Free,0,Everyone,Personalization,2018-03-25,7,4.4 and up
USR03819,PERSONALIZATION,4.1,720,10,100000,Free,0,Everyone,Personalization,2018-03-13,12,4.4 and up
USR03820,PERSONALIZATION,4.5,61,7.5,10000,Free,0,Everyone,Personalization,2018-04-04,4,4.4 and up
USR03821,PERSONALIZATION,4.8,24,3.6,1000,Free,0,Everyone,Personalization,2018-08-03,2.244,5.0 and up
USR03822,TOOLS,4.5,502,2,10000,Free,0,Everyone,Tools,2018-07-15,1.5,5.0 and up
USR03823,TOOLS,4,164,2.3,10000,Free,0,Everyone,Tools,2018-04-23,1,5.0 and up
USR03824,PERSONALIZATION,4.8,18,16,5000,Paid,1.49,Everyone,Personalization,2018-06-21,5.1,4.0.3 and up
USR03825,COMMUNICATION,3.7,21,20,500,Paid,0.99,Everyone,Communication,2018-07-30,1.0.100rc1.withoutKeysync,5.0 and up
USR03826,PERSONALIZATION,4.5,189,2.1,10000,Free,0,Everyone,Personalization,2018-03-27,1.1,
USR03827,NEWS_AND_MAGAZINES,4.7,143,26,5000,Paid,0.99,Mature 17+,News & Magazines,2018-07-26,4.1.10,4.1 and up
USR03828,GAME,2.7,1486,14,100000,Free,0,Everyone,Trivia,2018-08-03,2.4.8,5.0 and up
USR03829,LIFESTYLE,2.9,6627,18,500000,Free,0,Everyone,Lifestyle,2018-08-01,2.5.1,4.4 and up
USR03830,FAMILY,4.2,69126,60,1000000,Free,0,Everyone,Puzzle,2018-04-19,2.9.4,4.0 and up
USR03831,PRODUCTIVITY,4.4,3031,,500000,Free,0,Everyone,Productivity,2018-03-23,Varies with device,Varies with device
USR03832,PERSONALIZATION,4.2,4383,7.1,500000,Free,0,Teen,Personalization,2015-03-16,2.7,2.3.3 and up
USR03833,BUSINESS,3.4,24,,10000,Free,0,Everyone,Business,2018-04-02,Varies with device,Varies with device
USR03834,LIFESTYLE,2.6,680,60,50000,Free,0,Everyone,Lifestyle,2017-09-19,1.0.1,4.4 and up
USR03835,FAMILY,4.1,24668,40,1000000,Free,0,Everyone,Simulation,2016-08-04,1.0.2,2.3.3 and up
USR03836,GAME,4.3,13788,55,1000000,Free,0,Everyone,Arcade,2017-04-01,1.1,4.4 and up
USR03837,SOCIAL,4.5,313403,,10000000,Free,0,Teen,Social,2018-07-25,Varies with device,Varies with device
USR03838,GAME,4.2,26893,20,1000000,Free,0,Teen,Arcade,2017-03-01,1.0.5,2.3 and up
USR03839,FAMILY,4.4,591411,19,10000000,Free,0,Teen,Entertainment,2017-05-16,3.4.1,3.0 and up
USR03840,PRODUCTIVITY,4,2194,17,500000,Free,0,Everyone,Productivity,2018-03-08,2.0.4,4.4 and up
USR03841,COMICS,4.4,2012,3.6,100000,Free,0,Everyone,Comics,2017-03-04,1.3.5,2.3 and up
USR03842,FAMILY,4.1,41,4.5,1000,Free,0,Everyone,Entertainment,2018-06-21,1.1.2.1,4.0.3 and up
USR03843,FAMILY,4.8,4,3.6,100,Paid,1.49,Teen,Entertainment,2017-03-04,1.3.5,2.3 and up
USR03844,VIDEO_PLAYERS,2.2,32,33,5000,Free,0,Everyone,Video Players & Editors,2018-07-09,3.1.0,4.0.3 and up
USR03845,FAMILY,3.8,156,43,10000,Free,0,Everyone,Education;Education,2018-06-30,2.0.13,4.1 and up
USR03846,TOOLS,3.1,657,21,100000,Free,0,Everyone,Tools,2018-01-19,3.49.0202,4.0.3 and up
USR03847,PHOTOGRAPHY,3.1,133,2.3,10000,Free,0,Everyone,Photography,2018-05-08,1.0.2.1,4.0 and up
USR03848,TOOLS,3.8,4264,14,500000,Free,0,Everyone,Tools,2014-07-12,2.6.1,2.3 and up
USR03849,MAPS_AND_NAVIGATION,3.8,114,19,10000,Free,0,Everyone,Maps & Navigation,2017-12-18,1.8.3111,4.3 and up
USR03850,GAME,4.3,21107,95,100000,Free,0,Everyone,Music,2018-07-30,1.2.1,4.0.3 and up
USR03851,TOOLS,3.6,3642,29,100000,Free,0,Everyone,Tools,2018-07-23,3.2.0,4.0.3 and up
USR03852,TOOLS,4,495971,2.7,50000000,Free,0,Everyone,Tools,2016-03-16,2.3,2.3.3 and up
USR03853,COMMUNICATION,4.4,697939,,10000000,Free,0,Everyone,Communication,2018-07-18,7.3(823181),4.4 and up
USR03854,BUSINESS,4.6,60,,1000,Free,0,Everyone,Business,2016-11-08,1.10.4,4.3 and up
USR03855,TOOLS,4.5,2,3.9,50,Paid,1.76,Everyone,Tools,2017-12-03,5,4.3 and up
USR03856,FOOD_AND_DRINK,1.8,17,3.1,10000,Free,0,Everyone,Food & Drink,2017-03-08,1.6.3,4.4 and up
USR03857,FINANCE,4.7,460,12,10000,Free,0,Everyone,Finance,2018-06-26,5.9.1.0,5.0 and up
USR03858,FAMILY,3.9,159,39,5000,Free,0,Everyone,Education,2015-12-08,2.3,2.3 and up
USR03859,MAPS_AND_NAVIGATION,4.4,75,26,5000,Free,0,Everyone,Maps & Navigation,2017-05-15,3.002,4.0.3 and up
USR03860,TOOLS,3.6,7357,19,100000,Free,0,Everyone,Tools,2018-07-12,4.4.1,5.0 and up
USR03861,FAMILY,4.5,4443407,67,100000000,Free,0,Everyone 10+,Adventure;Action & Adventure,2018-07-31,2.347.225742,4.1 and up
USR03862,FAMILY,4.4,944,12,100000,Free,0,Everyone,Education,2018-08-01,3.1.0,4.1 and up
USR03863,BOOKS_AND_REFERENCE,3.9,54,2.8,10000,Free,0,Everyone,Books & Reference,2017-12-24,1.11,4.0 and up
USR03864,FAMILY,3.9,8,6.2,1000,Free,0,Everyone,Education,2018-04-04,1.1 Build 226,2.2 and up
USR03865,FAMILY,3.8,39,2.9,1000,Free,0,Everyone,Education,2017-12-21,1,4.2 and up
USR03866,FAMILY,4.2,5369,60,500000,Free,0,Everyone,Puzzle,2018-04-19,1.0.16,4.3 and up
USR03867,FAMILY,4.1,135,4.9,1000,Paid,4.84,Everyone,Education,2014-02-21,2.03,3.0 and up
USR03868,FAMILY,4.4,1852,62,100000,Free,0,Everyone,Simulation,2017-10-31,1,2.3 and up
USR03869,FAMILY,4.4,6367,96,1000000,Free,0,Everyone,Simulation,2017-07-14,1.4,2.3 and up
USR03870,BOOKS_AND_REFERENCE,5,4,3.9,1000,Free,0,Everyone,Books & Reference,2018-03-15,1.0.0,4.1 and up
USR03871,FAMILY,4.1,17,2.2,10000,Free,0,Everyone,Education,2017-09-24,1.22,4.0.3 and up
USR03872,TOOLS,4.5,259,0.198,10000,Free,0,Everyone,Tools,2014-09-16,1.1.06,1.5 and up
USR03873,GAME,4.3,5682,37,50000,Paid,1.99,Everyone,Arcade,2017-03-02,1.1.5,2.3.3 and up
USR03874,FAMILY,3.9,169,7.7,10000,Free,0,Everyone,Education,2016-06-20,1.0.3,4.0 and up
USR03875,FAMILY,3.5,6,2.9,1000,Free,0,Everyone,Education,2017-04-25,1.0.1,4.0.3 and up
USR03876,FAMILY,3.2,513,34,100000,Free,0,Everyone,Simulation,2017-12-05,1,4.0 and up
USR03877,PRODUCTIVITY,3.3,48,0.057,5000,Free,0,Everyone,Productivity,2013-08-07,1,3.1 and up
USR03878,TOOLS,4.8,17,6.7,50,Free,0,Everyone,Tools,2018-05-05,v2,4.4 and up
USR03879,GAME,4.5,7687,23,100000,Paid,1.99,Everyone,Arcade,2017-02-27,2.3.1,2.3.3 and up
USR03880,SHOPPING,3.7,23,8.9,5000,Free,0,Everyone,Shopping,2016-07-08,2.1.1,4.0.3 and up
USR03881,FAMILY,4.8,51068,57,100000,Paid,4.99,Teen,Role Playing,2018-06-21,1.574,4.0.3 and up
USR03882,SOCIAL,4.7,144,12,1000,Free,0,Teen,Social,2017-01-31,1.0.12,4.0.3 and up
USR03883,FINANCE,4.3,90,13,5000,Free,0,Everyone,Finance,2018-05-30,5.9.1.0,5.0 and up
USR03884,FAMILY,3.8,2925,93,50000,Paid,4.77,Teen,Role Playing,2018-08-01,6.2.1,4.1 and up
USR03885,FAMILY,4.1,1655,83,100000,Free,0,Everyone,Role Playing,2018-08-02,1.1.52,4.3 and up
USR03886,PERSONALIZATION,4.7,25,41,100,Paid,0.99,Everyone,Personalization,2015-03-12,1,4.0.3 and up
USR03887,FAMILY,4.2,1696,2.7,100000,Free,0,Mature 17+,Entertainment,2012-09-19,1.4,2.1 and up
USR03888,TOOLS,4.6,7775146,17,500000000,Free,0,Everyone,Tools,2018-07-30,4.5.28_ww,4.1 and up
USR03889,PERSONALIZATION,4.2,11244,2.2,1000000,Free,0,Everyone,Personalization,2018-06-12,1.1.1,4.1 and up
USR03890,TOOLS,4.6,16771865,,100000000,Free,0,Everyone,Tools,2018-08-04,Varies with device,Varies with device
USR03891,TOOLS,4.6,14224,7.1,1000000,Free,0,Everyone,Tools,2017-10-12,1.0.98_ww,2.3 and up
USR03892,FAMILY,4.2,5178,20,1000000,Free,0,Everyone,Simulation,2017-10-10,1.7,2.3 and up
USR03893,PERSONALIZATION,4.1,47,0.025,1000,Paid,4.99,Everyone,Personalization,2016-02-12,1,4.1 and up
USR03894,LIFESTYLE,3.5,628,,100000,Free,0,Everyone,Lifestyle,2017-08-14,Varies with device,4.3 and up
USR03895,PRODUCTIVITY,4.1,12435,31,10000000,Free,0,Everyone,Productivity,2017-09-26,Varies with device,6.0 and up
USR03896,PHOTOGRAPHY,4.4,972574,45,100000000,Free,0,Everyone,Photography,2018-08-03,2.31,4.1 and up
USR03897,GAME,4.5,464900,33,10000000,Free,0,Teen,Arcade,2018-06-27,2.0.5,4.2 and up
USR03898,PRODUCTIVITY,4.1,15097,14,1000000,Free,0,Everyone,Productivity,2018-07-23,1.6.0,4.2 and up
USR03899,PERSONALIZATION,4.5,90,37,1000,Paid,1.99,Everyone,Personalization,2018-08-04,12.6,7.0 and up
USR03900,TOOLS,4.3,146913,24,100000000,Free,0,Everyone,Tools,2018-07-18,3.5.02.15,4.0 and up
USR03901,TOOLS,4.4,22503,6.5,1000000,Free,0,Everyone,Tools,2018-07-06,4.1,4.1 and up
USR03902,FAMILY,4.3,1503544,40,50000000,Free,0,Teen,Strategy,2014-11-15,1.07,2.3 and up
USR03903,GAME,4.3,5785,93,500000,Free,0,Teen,Racing,2017-04-12,1.2,2.3 and up
USR03904,TOOLS,3.8,560,0.307,50000,Free,0,Everyone,Tools,2018-06-08,2.1.0.032,4.0.3 and up
USR03905,PRODUCTIVITY,3.9,334,3.7,50000,Free,0,Everyone,Productivity,2018-01-02,1.07,4.1 and up
USR03906,FAMILY,4.1,16111,57,1000000,Free,0,Everyone,Simulation,2018-06-12,1.11,4.1 and up
USR03907,SHOPPING,4.8,14,2.7,100,Paid,2.49,Everyone,Shopping,2018-05-16,2.1,4.1 and up
USR03908,SOCIAL,4.4,2953886,,100000000,Free,0,Mature 17+,Social,2018-08-01,Varies with device,Varies with device
USR03909,LIFESTYLE,4,2789775,68,100000000,Free,0,Mature 17+,Lifestyle,2018-08-02,9.5.0,4.4 and up
USR03910,NEWS_AND_MAGAZINES,4.7,174827,25,10000000,Free,0,Mature 17+,News & Magazines,2018-08-04,6.7.3,4.0 and up
USR03911,FAMILY,4.6,2133047,,50000000,Free,0,Teen,Entertainment,2018-07-31,Varies with device,Varies with device
USR03912,TOOLS,4.3,482630,,10000000,Free,0,Everyone,Tools,2018-08-03,Varies with device,Varies with device
USR03913,GAME,4,69115,2.4,10000000,Free,0,Everyone,Arcade,2018-06-13,1.36,4.1 and up
USR03914,COMMUNICATION,4.4,3128611,,100000000,Free,0,Mature 17+,Communication,2018-07-27,Varies with device,Varies with device
USR03915,PRODUCTIVITY,3.7,80816,,50000000,Free,0,Everyone,Productivity,2018-07-18,Varies with device,5.0 and up
USR03916,FAMILY,3.7,38606,96,1000000,Free,0,Everyone,Entertainment,2018-06-13,5.9.0.0031,4.1 and up
USR03917,COMMUNICATION,3.3,3044,,1000000,Free,0,Everyone,Communication,2017-04-03,Varies with device,Varies with device
USR03918,FAMILY,4.1,75,2.2,10000,Free,0,Everyone,Education,2017-11-24,0.1.5,4.0 and up
USR03919,COMMUNICATION,3,1820,33,100000,Free,0,Everyone,Communication,2018-02-15,1.1.50,4.4 and up
USR03920,LIFESTYLE,4.1,10067,,1000000,Free,0,Everyone,Lifestyle,2017-12-07,Varies with device,4.3 and up
USR03921,FAMILY,3,480,19,1000000,Free,0,Everyone,Entertainment,2017-08-31,2.4,6.0 and up
USR03922,LIFESTYLE,3.8,2300,,10000000,Free,0,Everyone,Lifestyle,2017-03-07,Varies with device,Varies with device
USR03923,LIFESTYLE,4,53144,21,5000000,Free,0,Everyone,Lifestyle,2018-07-13,4.8.0,5.0 and up
USR03924,COMMUNICATION,4.5,7820775,,100000000,Free,0,Everyone,Communication,2018-08-01,Varies with device,Varies with device
USR03925,PRODUCTIVITY,4.6,22775,26,10000000,Free,0,Everyone,Productivity,2018-07-31,3.8.2,4.4 and up
USR03926,PRODUCTIVITY,4.1,370,29,500000,Free,0,Everyone,Productivity,2018-01-25,2.1.5,4.0 and up
USR03927,TOOLS,3.6,41502,,50000000,Free,0,Everyone,Tools,2018-07-31,Varies with device,Varies with device
USR03928,TOOLS,4.7,963,3.7,10000,Paid,2.99,Everyone,Tools,2018-05-25,3.4.0,4.0 and up
USR03929,TOOLS,3.5,21592,25,10000000,Free,0,Everyone,Tools,2017-10-24,10.1.1,4.0.3 and up
USR03930,PARENTING,3.1,103,28,10000,Free,0,Everyone,Parenting,2018-06-29,1.0.2-alpha4,4.4 and up
USR03931,COMMUNICATION,3.9,138129,2.1,10000000,Free,0,Everyone,Communication,2018-05-06,1.5.2.4-23,2.3 and up
USR03932,FAMILY,3.7,18522,,1000000,Free,0,Teen,Entertainment,2018-07-02,Varies with device,Varies with device
USR03933,COMMUNICATION,4.2,6454,15,5000000,Free,0,Everyone,Communication,2018-05-03,1.5.13-3598,5.0 and up
USR03934,GAME,4.4,17988,7.9,100000,Paid,4.99,Teen,Adventure,2018-07-25,1.06,5.0 and up
USR03935,FAMILY,4.4,1771,46,10000,Paid,4.99,Teen,Puzzle,2016-04-20,1.1.0,2.3 and up
USR03936,MAPS_AND_NAVIGATION,3.3,8465,8.9,10000000,Free,0,Everyone,Maps & Navigation,2018-05-03,1.0.4.3,4.1 and up
USR03937,EVENTS,4.8,48,13,1000,Free,0,Everyone,Events,2017-09-26,8.8,4.2 and up
USR03938,FAMILY,4.2,146,20,5000,Paid,5.99,Teen,Puzzle,2016-12-07,1.1,4.4 and up
USR03939,BOOKS_AND_REFERENCE,4.5,124,,5000,Paid,2.99,Everyone,Books & Reference,2015-08-25,Varies with device,Varies with device
USR03940,TOOLS,3.8,21943,2.3,5000000,Free,0,Everyone,Tools,2016-10-19,30,2.3 and up
USR03941,GAME,4.1,1468,4.9,10000,Paid,4.99,Teen,Adventure,2018-07-10,0.16,5.0 and up
USR03942,GAME,4.2,131,23,1000,Paid,1.61,Everyone,Board,2016-02-24,1.6.3,2.3.3 and up
USR03943,FAMILY,4.2,1088,35,10000,Paid,0.99,Everyone 10+,Simulation,2014-08-19,1.2,2.0.1 and up
USR03944,AUTO_AND_VEHICLES,4,1981,18,100000,Free,0,Everyone,Auto & Vehicles,2018-08-01,2.15.1.4,5.0 and up
USR03945,LIFESTYLE,4.2,29756,45,1000000,Free,0,Everyone,Lifestyle,2018-07-19,1.1.6.1,4.1 and up
USR03946,MAPS_AND_NAVIGATION,3.8,82,5.6,5000,Free,0,Everyone,Maps & Navigation,2018-02-23,5.1.0,4.1 and up
USR03947,FINANCE,4.5,1057,4.5,50000,Free,0,Everyone,Finance,2018-07-06,1.7,6.0 and up
USR03948,PRODUCTIVITY,3.7,10490,5.8,1000000,Free,0,Everyone,Productivity,2018-07-24,3.1.7,4.1 and up
USR03949,FINANCE,4.3,16600,24,1000000,Free,0,Everyone,Finance,2018-06-19,1.7.7,4.4 and up
USR03950,SOCIAL,4.5,67611,21,1000000,Free,0,Mature 17+,Social,2018-04-23,263.16.29,4.0.3 and up
USR03951,COMMUNICATION,4.1,6601,31,500000,Free,0,Everyone,Communication,2018-07-02,4.7.0,4.1 and up
USR03952,FAMILY,4.2,233588,74,5000000,Free,0,Teen,Simulation,2017-04-21,3.8.0,4.0.3 and up
USR03953,FAMILY,4.5,166886,21,10000000,Free,0,Everyone 10+,Education,2018-07-29,3.6.2,4.0.3 and up
USR03954,VIDEO_PLAYERS,4,93638,7.3,10000000,Free,0,Mature 17+,Video Players & Editors,2018-07-11,3.2.2,4.1 and up
USR03955,COMMUNICATION,4.4,3648765,3.3,100000000,Free,0,Teen,Communication,2018-07-18,11.4.0,4.0 and up
USR03956,MAPS_AND_NAVIGATION,4.2,4921866,,100000000,Free,0,Everyone,Maps & Navigation,2018-08-02,Varies with device,Varies with device
USR03957,FAMILY,4.3,83977,11,500000,Free,0,Everyone,Casual,2012-11-08,1.2.2,2.1 and up
USR03958,COMMUNICATION,4.7,573,53,10000,Free,0,Mature 17+,Communication,2018-07-03,4.2.4,4.1 and up
USR03959,LIFESTYLE,4.1,124,37,5000,Paid,3.99,Everyone,Lifestyle,2018-06-13,3.04,4.0.3 and up
USR03960,TRAVEL_AND_LOCAL,3.2,852,37,100000,Free,0,Everyone,Travel & Local,2018-07-31,2.2.1,4.4 and up
USR03961,MAPS_AND_NAVIGATION,3.9,139,2,10000,Free,0,Everyone,Maps & Navigation,2018-07-25,1.21.0,4.0 and up
USR03962,LIFESTYLE,4.1,438,26,50000,Free,0,Everyone,Lifestyle,2013-09-27,2.0.0,2.1 and up
USR03963,TOOLS,3.4,784,42,50000,Free,0,Everyone,Tools,2016-09-29,1.2.6 (94),2.2 and up
USR03964,TRAVEL_AND_LOCAL,3,331,7.8,50000,Free,0,Everyone,Travel & Local,2018-03-13,1.1.47,4.3 and up
USR03965,PERSONALIZATION,4.6,655,3.5,100000,Free,0,Everyone,Personalization,2018-05-08,4.3,4.1 and up
USR03966,FAMILY,4.6,34,14,1000,Free,0,Everyone,Entertainment,2018-05-21,1.3,4.1 and up
USR03967,TOOLS,4.1,3315,5.1,500000,Free,0,Everyone,Tools,2018-05-15,1.0.24,4.1 and up
USR03968,BUSINESS,3.1,71,1.9,10000,Free,0,Everyone,Business,2013-05-14,1,1.6 and up
USR03969,FAMILY,3.4,1178,38,100000,Free,0,Everyone 10+,Simulation,2018-04-08,1.0.1,5.0 and up
USR03970,PHOTOGRAPHY,4.2,2158,3,500000,Free,0,Everyone,Photography,2017-08-28,1.0.3,4.0 and up
USR03971,TOOLS,4.2,26,2.2,5000,Free,0,Everyone,Tools,2018-06-04,1.3.5,4.0 and up
USR03972,TOOLS,3,245,3.5,10000,Free,0,Everyone,Tools,2016-08-31,1.1.6.6,2.3 and up
USR03973,FAMILY,2.4,210,4,10000,Free,0,Everyone,Casual,2017-06-25,2,2.3 and up
USR03974,SOCIAL,4.1,568,27,100000,Free,0,Mature 17+,Social,2018-04-13,1.4.1,4.1 and up
USR03975,COMMUNICATION,2.9,83,13,10000,Free,0,Everyone,Communication,2018-04-26,2.4.0,5.0 and up
USR03976,SOCIAL,4,712,21,100000,Free,0,Teen,Social,2018-03-05,2.3.9,4.1 and up
USR03977,PRODUCTIVITY,4,198,3.5,50000,Free,0,Everyone,Productivity,2017-01-26,2.0.16,2.3 and up
USR03978,PRODUCTIVITY,3.8,24517,22,10000000,Free,0,Everyone,Productivity,2018-05-23,4.2.17,5.0 and up
USR03979,FAMILY,2.4,468,7.2,10000,Free,0,Everyone,Entertainment,2018-03-03,0.0.1,4.1 and up
USR03980,PERSONALIZATION,4.4,5599,4.8,500000,Free,0,Everyone,Personalization,2016-07-23,2.0.40,2.3 and up
USR03981,FINANCE,3.7,52,13,5000,Free,0,Everyone,Finance,2018-05-04,4.16.10,4.4 and up
USR03982,SOCIAL,4.3,241,7.5,10000,Free,0,Teen,Social,2018-04-10,2.8.4,4.0.3 and up
USR03983,SOCIAL,4.6,4435,5.4,100000,Free,0,Mature 17+,Social,2018-05-25,1.0.3386,4.0.3 and up
USR03984,FAMILY,4.2,11404,30,100000,Free,0,Everyone,Strategy,2017-09-11,1.0.14,4.0.3 and up
USR03985,LIFESTYLE,4.8,10249,,10000,Paid,2.49,Everyone,Lifestyle,2018-07-30,Varies with device,Varies with device
USR03986,FAMILY,3.6,906,0.191,100000,Free,0,Everyone,Entertainment,2014-02-05,1.7.3,2.3 and up
USR03987,FAMILY,3.2,1011,,100000,Free,0,Teen,Entertainment,2018-07-13,Varies with device,4.1 and up
USR03988,LIFESTYLE,4,889,16,100000,Free,0,Everyone,Lifestyle,2018-08-02,1.1.4.38,4.2 and up
USR03989,GAME,3.5,4575,3.8,500000,Free,0,Everyone,Arcade,2017-10-07,1.24,4.0.3 and up
USR03990,MAPS_AND_NAVIGATION,4.4,509,17,100000,Free,0,Everyone,Maps & Navigation,2018-06-06,1.0.7,5.0 and up
USR03991,TOOLS,2.5,20,26,5000,Free,0,Everyone,Tools,2018-07-25,6.1.5,4.2 and up
USR03992,FAMILY,3.9,93,28,10000,Free,0,Everyone,Education,2018-07-25,3.0.6,4.2 and up
USR03993,FAMILY,4.4,397147,,10000000,Free,0,Teen,Entertainment,2018-08-02,Varies with device,Varies with device
USR03994,GAME,4.2,109263,38,1000000,Free,0,Teen,Action,2018-07-10,1.0.144431,4.1 and up
USR03995,VIDEO_PLAYERS,4.2,192677,17,50000000,Free,0,Teen,Video Players & Editors,2018-08-03,1.78,4.0.3 and up
USR03996,BOOKS_AND_REFERENCE,4.3,241,20,100000,Free,0,Everyone,Books & Reference,2018-02-13,1,4.0.3 and up
USR03997,FAMILY,4.1,182103,6.9,5000000,Free,0,Teen,Entertainment,2018-07-31,5.0.12,3.0 and up
USR03998,COMMUNICATION,4.3,11335481,,500000000,Free,0,Everyone,Communication,2018-07-18,Varies with device,Varies with device
USR03999,GAME,4.2,16876,59,1000000,Free,0,Teen,Trivia,2018-06-28,3.0.1,6.0 and up
USR04000,GAME,4.2,2113,67,100000,Free,0,Everyone 10+,Action,2018-04-23,Varies with device,4.0.3 and up
USR04001,GAME,3.9,6121,61,500000,Free,0,Mature 17+,Action,2018-06-20,2.1,4.1 and up
USR04002,FAMILY,3.9,85578,,10000000,Free,0,Teen,Entertainment,2018-08-01,Varies with device,Varies with device
USR04003,VIDEO_PLAYERS,4.4,1031045,,100000000,Free,0,Everyone,Video Players & Editors,2018-07-30,Varies with device,2.3 and up
USR04004,VIDEO_PLAYERS,3.8,165723,1.6,10000000,Free,0,Everyone,Video Players & Editors,2018-08-04,7.5.9,4.0 and up
USR04005,BUSINESS,4.5,984451,,50000000,Free,0,Everyone,Business,2018-08-02,Varies with device,Varies with device
USR04006,VIDEO_PLAYERS,4.2,3546,3.7,1000000,Free,0,Everyone,Video Players & Editors,2018-05-27,2.0.19,4.1 and up
USR04007,VIDEO_PLAYERS,3.7,430643,4.9,50000000,Free,0,Everyone,Video Players & Editors,2018-05-31,2.5.0,4.1 and up
USR04008,VIDEO_PLAYERS,4.3,1615418,,50000000,Free,0,Teen,Video Players & Editors,2018-08-03,Varies with device,4.0.3 and up
USR04009,BUSINESS,4.3,542,30,100000,Free,0,Everyone,Business,2018-04-17,1.23.0,4.0 and up
USR04010,VIDEO_PLAYERS,4.6,9879473,40,100000000,Free,0,Teen,Video Players & Editors,2018-08-04,7.2.1,4.1 and up
USR04011,FAMILY,3.3,4288,10,500000,Free,0,Everyone,Entertainment,2018-04-23,1.2.3.4.5,4.0.3 and up
USR04012,HEALTH_AND_FITNESS,3.6,124,100,5000,Free,0,Everyone,Health & Fitness,2018-08-02,2.0.0.11,5.0 and up
USR04013,GAME,4.1,2399,42,100000,Free,0,Mature 17+,Action,2018-01-28,1.0.1,2.3 and up
USR04014,FAMILY,3.8,3478,95,1000000,Free,0,Everyone,Simulation,2018-02-24,4,4.1 and up
USR04015,PHOTOGRAPHY,3.3,582,28,100000,Free,0,Everyone,Photography,2015-09-11,1.1.6,4.4 and up
USR04016,FAMILY,4.5,15924,4.2,100000,Paid,7.99,Teen,Role Playing,2017-03-15,1.2.1,4.0 and up
USR04017,PERSONALIZATION,4.8,3283,3.6,100000,Free,0,Everyone,Personalization,2014-10-17,4.1,4.0.3 and up
USR04018,VIDEO_PLAYERS,4.6,4016834,,100000000,Free,0,Everyone,Video Players & Editors,2018-07-23,Varies with device,Varies with device
USR04019,SOCIAL,4.3,903,4.6,1000000,Free,0,Teen,Social,2018-08-03,1.76,4.0.3 and up
USR04020,PERSONALIZATION,4.5,292,7.9,10000,Free,0,Everyone,Personalization,2017-03-15,v1.0.50,2.3 and up
USR04021,SPORTS,4.2,2506,,50000,Paid,3.99,Everyone,Sports,2017-01-23,Varies with device,Varies with device
USR04022,PERSONALIZATION,3.8,87,4.3,10000,Free,0,Everyone 10+,Personalization,2018-06-05,1.1,4.0.3 and up
USR04023,SOCIAL,4.7,594,3.6,1000,Free,0,Everyone,Social,2018-07-19,1,2.1 and up
USR04024,FAMILY,4.2,450,5.9,100000,Free,0,Everyone,Entertainment,2018-07-29,6,4.0 and up
USR04025,FAMILY,4.3,2772,35,500000,Free,0,Teen,Puzzle,2014-09-20,1.0.1,2.1 and up
USR04026,FAMILY,4.7,1997,1.8,5000,Free,0,Everyone,Entertainment,2018-07-21,1,4.4 and up
USR04027,PERSONALIZATION,4.7,127,9.5,5000,Free,0,Everyone,Personalization,2018-05-04,8,3.0 and up
USR04028,FAMILY,3.6,309,19,10000,Free,0,Everyone,Entertainment,2017-06-22,1.1.0.0402,4.2 and up
USR04029,GAME,4.2,2460,25,50000,Paid,0.99,Mature 17+,Action,2016-11-19,1.04,4.2 and up
USR04030,GAME,4,1744,37,100000,Free,0,Mature 17+,Action,2018-05-19,1.0.1,4.1 and up
USR04031,FAMILY,4.3,589,3.6,100000,Free,0,Mature 17+,Entertainment,2017-09-03,1.8.0,4.0 and up
USR04032,FAMILY,4.7,1667,17,10000,Paid,14.99,Teen,Role Playing,2018-08-01,1.0.3,2.3 and up
USR04033,COMMUNICATION,4.2,5387631,,100000000,Free,0,Everyone,Communication,2018-07-31,Varies with device,Varies with device
USR04034,FAMILY,4.6,856,2.9,5000,Free,0,Everyone,Entertainment,2018-07-17,1,2.1 and up
USR04035,PERSONALIZATION,4.8,51,3.4,5000,Free,0,Everyone,Personalization,2018-06-10,1.1.1,4.0 and up
USR04036,BOOKS_AND_REFERENCE,4.6,2915189,,100000000,Free,0,Teen,Books & Reference,2018-08-01,Varies with device,Varies with device
USR04037,WEATHER,3.8,11,2.9,500,Paid,1.99,Everyone,Weather,2018-04-23,1,4.1 and up
USR04038,MAPS_AND_NAVIGATION,4.6,7231017,,100000000,Free,0,Everyone,Maps & Navigation,2018-07-29,Varies with device,Varies with device
USR04039,SOCIAL,4.3,175523,,10000000,Free,0,Mature 17+,Social,2018-07-23,Varies with device,Varies with device
USR04040,WEATHER,4.2,29,3.5,5000,Free,0,Everyone,Weather,2018-04-23,1.1,4.1 and up
USR04041,PRODUCTIVITY,4.5,1507205,37,100000000,Free,0,Everyone,Productivity,2018-07-30,11.1.3,4.0 and up
USR04042,SOCIAL,3.2,38,1.5,1000,Paid,0.99,Everyone,Social,2018-03-09,1.935,7.0 and up
USR04043,GAME,4.3,1704112,,50000000,Free,0,Everyone,Word,2018-07-11,Varies with device,Varies with device
USR04044,FAMILY,4.3,2142,47,50000,Free,0,Everyone 10+,Role Playing,2018-04-16,1.5.4,4.1 and up
USR04045,COMICS,4.5,1013944,,10000000,Free,0,Teen,Comics,2018-07-31,Varies with device,Varies with device
USR04046,WEATHER,4.4,2371543,11,50000000,Free,0,Everyone,Weather,2018-06-04,5.9.4.0,4.0.3 and up
USR04047,VIDEO_PLAYERS,1.9,105,9.1,10000,Free,0,Everyone,Video Players & Editors,2017-01-09,4.0.4,2.3.3 and up
USR04048,COMMUNICATION,4.4,137144,32,10000000,Free,0,Everyone,Communication,2018-07-30,2.18.116,4.0.3 and up
USR04049,VIDEO_PLAYERS,2.5,24,16,5000,Free,0,Everyone,Video Players & Editors,2017-01-04,4.0.3,3.0 and up
USR04050,TOOLS,4.2,2447,2.5,100000,Free,0,Everyone,Tools,2017-12-26,1.19,5.0 and up
USR04051,TOOLS,4.3,352097,6.7,10000000,Free,0,Everyone,Tools,2018-06-12,3.8.5,4.0 and up
USR04052,TOOLS,4,75,1.9,10000,Free,0,Everyone,Tools,2017-03-15,2.5,2.2 and up
USR04053,TOOLS,4.5,37607,,1000000,Free,0,Everyone,Tools,2018-04-04,Varies with device,Varies with device
USR04054,BUSINESS,4.8,492,27,10000,Free,0,Everyone,Business,2018-07-26,1.7.11,5.0 and up
USR04055,TOOLS,4.2,12121,0.077,1000000,Free,0,Everyone,Tools,2018-08-01,1.12,2.3.3 and up
USR04056,PERSONALIZATION,4.7,65,7.6,5000,Free,0,Everyone,Personalization,2018-05-02,1.0.1,4.1 and up
USR04057,LIFESTYLE,4.4,101957,8.2,5000000,Free,0,Everyone,Lifestyle,2018-04-23,2.11.0,4.0.3 and up
USR04058,FOOD_AND_DRINK,4.4,205,33,50000,Free,0,Everyone,Food & Drink,2018-07-01,2.2.2,4.4 and up
USR04059,TOOLS,4.4,95080,3.1,10000000,Free,0,Everyone,Tools,2018-08-03,1.6.22,4.1 and up
USR04060,COMMUNICATION,4.6,1130966,27,10000000,Free,0,Everyone,Communication,2018-06-06,1.9.1.013,4.0 and up
USR04061,BOOKS_AND_REFERENCE,4.6,124970,,5000000,Free,0,Teen,Books & Reference,2018-05-26,Varies with device,Varies with device
USR04062,PHOTOGRAPHY,4.2,348,1.5,10000,Free,0,Everyone,Photography,2014-04-11,3.1.50,2.3.3 and up
USR04063,SOCIAL,4.5,637254,,10000000,Free,0,Teen,Social,2018-07-18,Varies with device,Varies with device
USR04064,PERSONALIZATION,4,1546,4.5,10000,Paid,1.99,Everyone,Personalization,2014-02-26,3.1,2.1 and up
USR04065,TRAVEL_AND_LOCAL,4.4,1162331,,100000000,Free,0,Everyone,Travel & Local,2018-08-04,Varies with device,Varies with device
USR04066,GAME,4.2,1092106,43,50000000,Free,0,Everyone,Word,2018-07-28,2.400.022,4.4 and up
USR04067,TOOLS,4.5,40617,21,5000000,Free,0,Everyone,Tools,2018-07-31,65,4.1 and up
USR04068,SOCIAL,4.6,70449,,5000000,Free,0,Teen,Social,2018-07-27,Varies with device,Varies with device
USR04069,TOOLS,4.4,1279109,,100000000,Free,0,Everyone,Tools,2018-07-20,Varies with device,Varies with device
USR04070,ART_AND_DESIGN,4.7,5754,4.4,100000,Free,0,Everyone,Art & Design,2018-07-30,2.1.2,4.1 and up
USR04071,TOOLS,4.2,54063,16,5000000,Free,0,Everyone,Tools,2018-06-01,2.7.2,4.1 and up
USR04072,TOOLS,4.4,1166,13,100000,Free,0,Everyone,Tools,2018-03-26,8.8,4.3 and up
USR04073,FAMILY,3.2,37584,34,5000000,Free,0,Everyone,Casual;Pretend Play,2016-08-31,1.0.8,4.1 and up
USR04074,TOOLS,4.1,1925,8.3,100000,Free,0,Everyone,Tools,2017-11-15,3.1,4.4 and up
USR04075,COMMUNICATION,4,142,2.5,50000,Free,0,Everyone,Communication,2017-12-31,1.1.1,4.0 and up
USR04076,ART_AND_DESIGN,4.7,801,3.5,5000,Paid,1.99,Everyone,Art & Design,2018-07-30,2.1.2,4.1 and up
USR04077,TOOLS,4.6,168487,6.4,10000000,Free,0,Everyone,Tools,2018-06-26,4.01.00,4.3 and up
USR04078,TOOLS,4.6,20418,4.3,1000000,Free,0,Everyone,Tools,2018-04-08,4.54,4.0 and up
USR04079,TOOLS,4.7,58366,6.3,1000000,Free,0,Everyone,Tools,2017-12-07,1,4.1 and up
USR04080,ART_AND_DESIGN,4.8,1216,8.6,10000,Paid,1.99,Everyone,Art & Design,2018-06-26,1.0.0,4.1 and up
USR04081,TOOLS,4.6,4210,1.9,100000,Free,0,Everyone,Tools,2018-06-18,1.5.0,4.1 and up
USR04082,TOOLS,4.2,12147,0.115,1000000,Free,0,Everyone,Tools,2015-01-25,1.18,4.0.3 and up
USR04083,GAME,4.3,10806,49,5000000,Free,0,Everyone,Racing,2017-05-09,1.5.1,4.0 and up
USR04084,FAMILY,3.3,355837,3.7,10000000,Free,0,Everyone,Entertainment,2016-12-07,14,2.3 and up
USR04085,ART_AND_DESIGN,4.7,149,3.5,1000,Paid,1.99,Everyone,Art & Design,2018-07-30,1.2.2,4.1 and up
USR04086,FAMILY,4.5,22018,53,500000,Free,0,Teen,Casual,2018-07-18,2.6.1,5.0 and up
USR04087,PERSONALIZATION,4,126,8,10000,Free,0,Everyone,Personalization,2017-10-19,1,2.3.3 and up
USR04088,GAME,4.5,30515,,1000000,Free,0,Teen,Casino,2018-05-22,2.92,4.0 and up
USR04089,GAME,4.2,4878,27,100000,Free,0,Everyone 10+,Adventure,2018-02-02,1.2.0,4.1 and up
USR04090,PERSONALIZATION,4.6,252,24,10000,Paid,0.99,Everyone,Personalization,2018-06-13,1.6.1,4.1 and up
USR04091,FAMILY,4.2,63197,11,1000000,Free,0,Everyone,Simulation,2018-06-27,Varies with device,Varies with device
USR04092,PERSONALIZATION,4.7,32613,3.2,1000000,Free,0,Everyone,Personalization,2018-05-31,3.11,4.1 and up
USR04093,PERSONALIZATION,4.7,8642,3.7,500000,Free,0,Everyone,Personalization,2018-05-22,1.1.6,4.0 and up
USR04094,TOOLS,4.2,161,1.2,5000,Paid,0.99,Everyone,Tools,2018-03-04,1.62,4.4 and up
USR04095,TOOLS,4.3,514,8.4,50000,Free,0,Everyone,Tools,2018-02-12,1.8,4.4 and up
USR04096,PERSONALIZATION,4.3,1714,31,100000,Free,0,Everyone,Personalization,2018-06-19,1.4.7,4.1 and up
USR04097,GAME,4.5,24210,45,500000,Free,0,Teen,Action,2015-11-13,1.091,2.2 and up
USR04098,GAME,4.4,12736,56,1000000,Free,0,Teen,Arcade,2017-12-18,1.02,4.0 and up
USR04099,PERSONALIZATION,4.5,56,26,10000,Paid,0.99,Everyone,Personalization,2018-06-29,1.6.2,4.1 and up
USR04100,BOOKS_AND_REFERENCE,4.6,586,17,100000,Free,0,Everyone,Books & Reference,2017-05-08,1.1.1,3.0 and up
USR04101,TOOLS,4.3,60,6.9,1000,Paid,3.99,Everyone,Tools,2018-07-11,4.4.1,4.1 and up
USR04102,FAMILY,3.8,44636,,1000000,Free,0,Everyone,Simulation,2017-01-23,Varies with device,Varies with device
USR04103,GAME,4.5,3432,99,1000000,Free,0,Mature 17+,Action,2017-01-23,1,2.3 and up
USR04104,GAME,4.5,10748,47,1000000,Free,0,Everyone,Arcade,2018-08-04,4,4.1 and up
USR04105,PERSONALIZATION,3.9,916,36,100000,Free,0,Everyone,Personalization,2018-02-05,5,4.4 and up
USR04106,TRAVEL_AND_LOCAL,4,875,21,100000,Free,0,Everyone,Travel & Local,2018-08-03,3.5.3,4.1 and up
USR04107,FAMILY,2.7,1616,3,500000,Free,0,Everyone,Casual,2017-01-08,7,2.1 and up
USR04108,FAMILY,4.5,18612,8.5,100000,Paid,1.49,Everyone,Puzzle,2015-07-28,1.57,2.3 and up
USR04109,TOOLS,4,88,2,10000,Paid,1.99,Everyone,Tools,2018-07-02,1.5,4.3 and up
USR04110,LIFESTYLE,2.9,2160,15,100000,Free,0,Everyone,Lifestyle,2018-06-25,1.6.5,4.3 and up
USR04111,FAMILY,4.6,5898,50,100000,Free,0,Everyone,Entertainment,2017-08-01,3.3.8.03082017,1.6 and up
USR04112,FAMILY,4.4,38517,17,1000000,Free,0,Teen,Entertainment,2018-08-02,2.29.2,5.0 and up
USR04113,PERSONALIZATION,4.5,1235841,,50000000,Free,0,Everyone,Personalization,2018-07-18,Varies with device,Varies with device
USR04114,FAMILY,4.6,5227,1.9,500000,Free,0,Everyone,Education,2015-11-20,1,4.0.3 and up
USR04115,FAMILY,4.4,281448,70,10000000,Free,0,Everyone,Racing;Action & Adventure,2018-06-01,1.5.0,4.0 and up
USR04116,VIDEO_PLAYERS,4.3,436170,,10000000,Free,0,Teen,Video Players & Editors,2018-06-28,Varies with device,Varies with device
USR04117,FAMILY,4.4,1131937,41,100000000,Free,0,Everyone,Entertainment,2018-04-30,2.4.0.7,4.1 and up
USR04118,FAMILY,4.2,721646,99,50000000,Free,0,Teen,Simulation,2018-08-02,2.7,4.1 and up
USR04119,FAMILY,4.8,1499466,96,10000000,Free,0,Teen,Casual,2018-07-24,1.25.0,4.1 and up
USR04120,COMMUNICATION,4.3,4188345,16,100000000,Free,0,Everyone,Communication,2018-07-18,5.29.3,4.4 and up
USR04121,GAME,4.3,285814,84,10000000,Free,0,Teen,Action,2018-06-26,3.5,4.0 and up
USR04122,TOOLS,4.6,351267,5,10000000,Free,0,Everyone,Tools,2018-02-09,3.1.0,4.0 and up
USR04123,TOOLS,4.6,16936,5,1000000,Free,0,Everyone,Tools,2018-01-25,2.94,4.0 and up
USR04124,FAMILY,4.2,36214,,5000000,Free,0,Everyone,Education;Music & Video,2018-07-12,Varies with device,Varies with device
USR04125,FAMILY,4.2,130549,,5000000,Free,0,Teen,Entertainment,2018-06-27,2.08.78.2,4.1 and up
USR04126,GAME,4.1,74842,99,5000000,Free,0,Teen,Action,2016-12-22,1.7,2.3 and up
USR04127,GAME,4.4,45871,99,5000000,Free,0,Teen,Action,2017-05-08,1.6,2.3 and up
USR04128,TOOLS,4.5,5180480,26,100000000,Free,0,Everyone,Tools,2018-08-01,6.11.4,4.1 and up
USR04129,PERSONALIZATION,4.4,2591610,,100000000,Free,0,Everyone,Personalization,2018-07-20,Varies with device,Varies with device
USR04130,PRODUCTIVITY,4.4,427185,,10000000,Free,0,Teen,Productivity,2018-06-08,Varies with device,Varies with device
USR04131,FAMILY,4.2,50771,,1000000,Free,0,Everyone,Education,2016-05-12,Varies with device,Varies with device
USR04132,PERSONALIZATION,4.5,7464996,,100000000,Free,0,Everyone,Personalization,2018-08-03,Varies with device,Varies with device
USR04133,FAMILY,4.6,4421,37,50000,Paid,2.99,Teen,Strategy,2014-11-05,1.77,2.2 and up
USR04134,TOOLS,4.5,337242,,10000000,Free,0,Everyone,Tools,2018-02-16,Varies with device,Varies with device
USR04135,TOOLS,4.6,387958,9,10000000,Free,0,Teen,Tools,2018-07-16,5.6.2 (US),4.0.3 and up
USR04136,GAME,4,229329,88,10000000,Free,0,Mature 17+,Action,2017-12-04,2.14,4.1 and up
USR04137,FAMILY,4.5,97071,87,5000000,Free,0,Teen,Strategy,2018-04-03,0.1.219,2.3.3 and up
USR04138,FAMILY,4.2,853495,78,50000000,Free,0,Teen,Strategy,2018-08-02,1.0.208,4.0.3 and up
USR04139,FAMILY,3.9,5894,67,1000000,Free,0,Everyone 10+,Strategy,2018-07-11,1.0.2,4.0.3 and up
USR04140,GAME,4.7,96028,59,1000000,Free,0,Teen,Arcade,2018-05-28,Varies with device,4.0 and up
USR04141,SOCIAL,4.4,695576,,50000000,Free,0,Everyone,Social,2018-08-02,Varies with device,Varies with device
USR04142,TOOLS,4.5,295430,1.4,10000000,Free,0,Everyone,Tools,2018-04-17,1.26,2.2 and up
USR04143,GAME,4.3,121612,59,1000000,Free,0,Teen,Action,2017-12-28,1.0.6.4,4.0 and up
USR04144,PHOTOGRAPHY,4.4,1075016,47,100000000,Free,0,Mature 17+,Photography,2018-08-03,4.21,4.1 and up
USR04145,FAMILY,4.2,367951,76,5000000,Free,0,Teen,Strategy,2018-07-16,2.2.8,4.0.3 and up
USR04146,GAME,3.9,1987,62,100000,Free,0,Mature 17+,Action,2017-12-13,1.8,4.0.3 and up
USR04147,GAME,4.1,650114,80,10000000,Free,0,Teen,Action,2018-07-03,3.11.0,4.0.3 and up
USR04148,TOOLS,2.2,605,3.8,1000000,Free,0,Everyone,Tools,2017-12-18,02.02.0045,5.0 and up
USR04149,GAME,4.2,41444,56,1000000,Free,0,Teen,Action,2016-07-31,1.0.11,4.0.3 and up
USR04150,FAMILY,4.2,62301,72,5000000,Free,0,Teen,Strategy,2018-08-01,1.6,4.1 and up
USR04151,LIFESTYLE,2.8,405,25,50000,Free,0,Everyone,Lifestyle,2018-06-22,4.2.45,4.4 and up
USR04152,GAME,3.9,145,79,10000,Free,0,Everyone,Action,2018-07-30,1.7.6,4.4 and up
USR04153,FAMILY,4.3,3976,98,100000,Free,0,Teen,Strategy,2018-01-29,1.1.6,4.0 and up
USR04154,PERSONALIZATION,4.8,201,68,1000,Paid,1.49,Everyone,Personalization,2018-08-04,1.2.7,4.0.3 and up
USR04155,GAME,4.3,1655,91,100000,Free,0,Everyone 10+,Action,2018-02-28,1.6.2,4.4 and up
USR04156,GAME,4.1,11258,44,500000,Free,0,Mature 17+,Action,2016-12-08,1.25,4.2 and up
USR04157,GAME,4.2,11408,96,1000000,Free,0,Teen,Action,2018-07-06,4.1,4.0 and up
USR04158,GAME,4.4,306,61,10000,Free,0,Everyone,Adventure,2018-04-18,2.0.2,4.0 and up
USR04159,GAME,4.1,94661,,1000000,Free,0,Teen,Action,2018-06-08,1.4.0,4.4 and up
USR04160,FAMILY,4.6,99,19,10000,Free,0,Teen,Strategy,2018-06-08,1.8.7,4.0.3 and up
USR04161,PERSONALIZATION,4.3,71829,8.8,5000000,Free,0,Everyone,Personalization,2017-06-30,4.16,4.0 and up
USR04162,GAME,4.3,13604,96,1000000,Paid,0.99,Teen,Action,2018-06-26,2.4.4,2.3 and up
USR04163,PHOTOGRAPHY,3.8,142,7.7,10000,Free,0,Everyone,Photography,2016-04-08,1.8,4.0 and up
USR04164,TOOLS,4.8,1721,,10000,Paid,2.5,Everyone,Tools,2018-02-16,Varies with device,Varies with device
USR04165,PERSONALIZATION,3.8,24198,2.2,1000000,Free,0,Everyone,Personalization,2014-07-10,1,1.6 and up
USR04166,GAME,3.9,24697,16,500000,Free,0,Teen,Action,2015-07-10,1.5,4.0 and up
USR04167,GAME,4.3,8537,29,100000,Free,0,Everyone 10+,Action,2015-11-03,1.1.4,2.3 and up
USR04168,GAME,4.3,180,24,5000,Free,0,Everyone,Action,2018-07-16,2,4.4 and up
USR04169,PERSONALIZATION,4.3,29540,4.3,1000000,Free,0,Everyone,Personalization,2016-06-15,2,5.0 and up
USR04170,FAMILY,4.1,133,48,10000,Free,0,Everyone,Casual,2018-07-23,1.0.4,4.0 and up
USR04171,PERSONALIZATION,4.2,63699,2.3,5000000,Free,0,Teen,Personalization,2015-09-21,1.1.6,2.3 and up
USR04172,HEALTH_AND_FITNESS,4.9,272172,13,10000000,Free,0,Everyone,Health & Fitness,2018-06-21,1.0.2,4.2 and up
USR04173,HEALTH_AND_FITNESS,4.5,1886,7.6,500000,Free,0,Everyone,Health & Fitness,2016-06-21,3.2.1,4.0 and up
USR04174,FAMILY,4.6,253115,99,10000000,Free,0,Everyone,Puzzle,2018-07-27,1.6.4,4.4 and up
USR04175,FAMILY,3.8,10,22,1000,Free,0,Everyone,Casual,2016-10-27,1,4.0 and up
USR04176,HEALTH_AND_FITNESS,4.7,55571,12,1000000,Free,0,Everyone,Health & Fitness,2018-02-21,1.23,4.0 and up
USR04177,FAMILY,4.5,384602,88,10000000,Free,0,Everyone,Role Playing,2018-07-30,1.21.1,5.0 and up
USR04178,FAMILY,4.7,227401,91,5000000,Free,0,Everyone,Puzzle,2018-07-19,1.5.0,5.0 and up
USR04179,FAMILY,4.5,596628,99,10000000,Free,0,Everyone,Casual,2018-08-02,3.39.0,4.1 and up
USR04180,HEALTH_AND_FITNESS,4.8,69279,10,10000000,Free,0,Everyone,Health & Fitness,2018-07-23,1.1.8,4.2 and up
USR04181,HEALTH_AND_FITNESS,4.6,18921,,1000000,Free,0,Everyone,Health & Fitness,2018-08-04,Varies with device,Varies with device
USR04182,FAMILY,4.6,3881752,57,100000000,Free,0,Everyone,Casual,2018-07-26,2.21.1,4.1 and up
USR04183,VIDEO_PLAYERS,4.3,1628,18,100000,Free,0,Everyone,Video Players & Editors,2018-03-06,4.1.1,4.4 and up
USR04184,HEALTH_AND_FITNESS,4.8,3908,33,100000,Free,0,Everyone,Health & Fitness,2018-07-09,1.5.8,4.1 and up
USR04185,HEALTH_AND_FITNESS,3.4,2105,8.2,100000,Free,0,Everyone,Health & Fitness,2017-08-21,2.1.0,4.0.3 and up
USR04186,HEALTH_AND_FITNESS,4.6,2901,,50000,Paid,1.99,Everyone,Health & Fitness,2018-06-14,Varies with device,Varies with device
USR04187,GAME,4.4,2610328,46,100000000,Free,0,Everyone,Arcade,2018-07-03,2.6.9,4.1 and up
USR04188,FAMILY,4.5,2634605,63,10000000,Free,0,Everyone,Role Playing,2018-07-18,3.0.27430.4799,4.4 and up
USR04189,VIDEO_PLAYERS,4.4,32,0.233,5000,Free,0,Everyone,Video Players & Editors,2018-05-18,1.8,3.0 and up
USR04190,HEALTH_AND_FITNESS,4.4,44939,,10000000,Free,0,Everyone,Health & Fitness,2018-06-14,Varies with device,Varies with device
USR04191,HEALTH_AND_FITNESS,4.6,37224,,1000000,Free,0,Everyone,Health & Fitness,2018-06-13,Varies with device,Varies with device
USR04192,GAME,4.2,829753,48,50000000,Free,0,Everyone,Arcade,2018-06-19,4.9.0,4.1 and up
USR04193,HEALTH_AND_FITNESS,4.3,48253,,1000000,Free,0,Everyone,Health & Fitness,2017-12-13,Varies with device,Varies with device
USR04194,FAMILY,4.3,111,48,10000,Free,0,Everyone,Puzzle,2018-06-19,1.13,4.1 and up
USR04195,SHOPPING,3.8,454,18,100000,Free,0,Everyone,Shopping,2018-06-26,1.1.0.0,4.1 and up
USR04196,FAMILY,3.9,2371,8.3,500000,Free,0,Everyone,Educational;Education,2018-07-27,3.9.3,4.0.3 and up
USR04197,FAMILY,4.3,96,54,10000,Free,0,Everyone,Casual,2017-02-23,1.1,2.3 and up
USR04198,HEALTH_AND_FITNESS,4.8,5103,,100000,Free,0,Everyone,Health & Fitness,2018-07-13,2.0.5,4.0.3 and up
USR04199,FAMILY,4.2,9,30,1000,Free,0,Everyone,Casual,2018-05-19,1.0.4,4.1 and up
USR04200,FAMILY,4.5,630,8.3,10000,Paid,1.59,Everyone,Educational;Education,2018-07-27,3.9.3,4.0.3 and up
USR04201,HEALTH_AND_FITNESS,4.8,527,23,100000,Free,0,Everyone,Health & Fitness,2018-03-30,2.01,4.1 and up
USR04202,HEALTH_AND_FITNESS,4.6,2067,8.4,50000,Free,0,Everyone,Health & Fitness,2018-05-18,2.0.4,4.1 and up
USR04203,GAME,4.2,3846378,82,50000000,Free,0,Everyone,Racing,2018-05-30,2.8.2,4.1 and up
USR04204,TOOLS,4.2,533,5,10000,Free,0,Everyone,Tools,2017-10-02,2.8,5.0 and up
USR04205,PHOTOGRAPHY,4,5967,17,1000000,Free,0,Everyone,Photography,2017-02-02,2,3.0 and up
USR04206,GAME,4.3,1218055,45,100000000,Free,0,Everyone,Arcade,2018-05-25,1.5.12,4.1 and up
USR04207,HEALTH_AND_FITNESS,4.8,793,40,10000,Free,0,Everyone,Health & Fitness,2016-09-15,1.0.3,4.0.3 and up
USR04208,HEALTH_AND_FITNESS,4.1,27501,7,1000000,Free,0,Everyone,Health & Fitness,2018-01-05,5.1.9,4.0 and up
USR04209,HEALTH_AND_FITNESS,4.7,21,3.8,1000,Free,0,Everyone,Health & Fitness,2016-12-31,2.0.0,4.1 and up
USR04210,HEALTH_AND_FITNESS,4.8,18604,15,1000000,Free,0,Everyone,Health & Fitness,2018-05-02,1.0.0.9,4.1 and up
USR04211,HEALTH_AND_FITNESS,4,12906,8.5,1000000,Free,0,Everyone,Health & Fitness,2012-10-08,1.01,2.1 and up
USR04212,HEALTH_AND_FITNESS,3.5,224,0.362,10000,Free,0,Everyone,Health & Fitness,2014-07-09,1.2.6,4.1 and up
USR04213,TOOLS,3.8,40934,5.2,1000000,Free,0,Everyone,Tools,2018-07-28,acremotecontrol18,4.0.3 and up
USR04214,BUSINESS,3.5,537,,100000,Free,0,Everyone,Business,2018-05-25,Varies with device,Varies with device
USR04215,TOOLS,3.3,4786,13,500000,Free,0,Everyone,Tools,2018-05-24,1.2.84,2.2 and up
USR04216,GAME,3.7,42529,92,500000,Paid,1.99,Teen,Action,2016-11-23,2.8.2,4.1 and up
USR04217,TOOLS,3.3,472,2,100000,Free,0,Everyone,Tools,2017-10-17,1.3,4.1 and up
USR04218,TOOLS,3.4,29854,5,1000000,Free,0,Everyone,Tools,2017-07-19,5,2.3 and up
USR04219,FAMILY,1.8,3270,1.8,500000,Free,0,Everyone,Entertainment,2015-08-18,1,2.2 and up
USR04220,FAMILY,1.6,402,1.7,100000,Free,0,Everyone,Entertainment,2015-12-11,1,2.2 and up
USR04221,LIFESTYLE,1.9,71,24,5000,Free,0,Everyone,Lifestyle,2017-05-08,1.0.11,4.4 and up
USR04222,TOOLS,3.6,41,23,10000,Free,0,Everyone,Tools,2018-06-03,1.0.3,2.3 and up
USR04223,TOOLS,3.4,7816,5.1,1000000,Free,0,Everyone,Tools,2016-07-30,1.1.1,3.0 and up
USR04224,TOOLS,3.2,409,7.9,50000,Free,0,Everyone,Tools,2018-05-25,1.0.18,2.2 and up
USR04225,TOOLS,2.5,362,7.8,100000,Free,0,Everyone,Tools,2018-01-15,v67_slk3.0_20180115_01,4.0 and up
USR04226,TOOLS,4.7,147,4.2,10000,Free,0,Everyone,Tools,2015-01-08,1.3,3.0 and up
USR04227,TOOLS,2.6,60,18,10000,Free,0,Everyone,Tools,2018-08-04,2.1.20180804_01,4.0.3 and up
USR04228,TOOLS,2.8,48,3.3,10000,Free,0,Everyone,Tools,2016-04-21,0.0.2,4.3 and up
USR04229,TOOLS,3.9,3043,7.7,100000,Free,0,Everyone,Tools,2017-06-02,1.3 acremotecontrol,4.0.3 and up
USR04230,BOOKS_AND_REFERENCE,4.2,27,3.1,5000,Free,0,Everyone,Books & Reference,2018-02-07,1.1,4.0 and up
USR04231,TOOLS,3.9,336,27,50000,Free,0,Everyone,Tools,2018-07-30,6.1.7,4.2 and up
USR04232,PRODUCTIVITY,4,11,0.215,5000,Free,0,Everyone,Productivity,2015-11-27,airConditionerMaintenance_13112015,2.3.3 and up
USR04233,TOOLS,3.5,383,26,50000,Free,0,Everyone,Tools,2018-07-30,6.1.7,4.2 and up
USR04234,TOOLS,3.1,3263,3,1000000,Free,0,Everyone,Tools,2017-05-16,1.17,3.0 and up
USR04235,TOOLS,3.7,1041,28,100000,Free,0,Everyone,Tools,2018-07-30,6.1.7,4.2 and up
USR04236,TOOLS,3.6,126,11,10000,Free,0,Everyone,Tools,2017-06-08,v1.1072.35.0,4.0 and up
USR04237,LIFESTYLE,3.4,377,6.1,100000,Free,0,Everyone,Lifestyle,2017-03-21,1.1.4,4.0 and up
USR04238,TOOLS,4,448,26,100000,Free,0,Everyone,Tools,2018-07-30,6.1.7,4.2 and up
USR04239,TOOLS,3.7,822,5,50000,Free,0,Everyone,Tools,2017-02-27,1.1,2.3 and up
USR04240,BUSINESS,1.7,84,2.1,10000,Free,0,Everyone,Business,2014-10-28,1,4.1 and up
USR04241,PRODUCTIVITY,2.4,166,6.1,10000,Free,0,Everyone,Productivity,2018-07-28,1.1,4.0.3 and up
USR04242,LIFESTYLE,4.3,45,2.2,10000,Free,0,Everyone,Lifestyle,2017-12-26,0.8,4.1 and up
USR04243,NEWS_AND_MAGAZINES,4.2,23291,14,1000000,Free,0,Everyone 10+,News & Magazines,2018-05-24,3.1.12,4.1 and up
USR04244,FAMILY,3.3,353,2.3,100000,Free,0,Everyone,Entertainment,2017-12-04,1,4.0.3 and up
USR04245,TOOLS,4.1,114340,28,10000000,Free,0,Everyone,Tools,2018-08-01,5.7.1,4.2 and up
USR04246,PERSONALIZATION,4.1,66473,3,1000000,Free,0,Everyone,Personalization,2015-07-30,3.8.4,4.1 and up
USR04247,HOUSE_AND_HOME,3.4,1450,9.7,100000,Free,0,Everyone,House & Home,2013-11-05,2.4,2.2 and up
USR04248,TOOLS,3,1298,3.4,100000,Free,0,Everyone,Tools,2018-02-20,1,4.0 and up
USR04249,FAMILY,3,119,3.9,50000,Free,0,Everyone,Entertainment,2017-12-22,1,4.0 and up
USR04250,TOOLS,2.2,32,9.4,1000,Free,0,Everyone,Tools,2018-04-03,1.1.0,4.4 and up
USR04251,TOOLS,3.7,332,26,50000,Free,0,Everyone,Tools,2018-07-30,6.1.7,4.2 and up
USR04252,TOOLS,3.7,566,27,100000,Free,0,Everyone,Tools,2018-07-30,6.1.7,4.2 and up
USR04253,PHOTOGRAPHY,4.8,130,4.4,1000,Paid,9.99,Everyone,Photography,2018-06-27,3.1.1,4.1 and up
USR04254,TOOLS,3.7,163,26,10000,Free,0,Everyone,Tools,2018-07-30,6.1.7,4.2 and up
USR04255,TOOLS,3.6,3632,3.2,1000000,Free,0,Everyone,Tools,2017-11-13,11;11.26,4.0.3 and up
USR04256,TOOLS,3.7,9514,7,500000,Free,0,Everyone,Tools,2018-07-11,acremotecontrol-v7,4.0.3 and up
USR04257,COMMUNICATION,4.4,152470,,10000000,Free,0,Everyone,Communication,2018-07-19,Varies with device,Varies with device
USR04258,PRODUCTIVITY,3.8,5107,1.4,500000,Free,0,Everyone,Productivity,2015-12-28,1.6.3,2.3 and up
USR04259,TOOLS,3.7,9221,1.7,1000000,Free,0,Everyone,Tools,2018-04-12,2.2.1,4.1 and up
USR04260,NEWS_AND_MAGAZINES,3.7,10369,,1000000,Free,0,Everyone,News & Magazines,2018-07-28,Varies with device,Varies with device
USR04261,VIDEO_PLAYERS,4.8,5639,,10000,Paid,1.49,Everyone,Video Players & Editors,2017-09-07,Varies with device,Varies with device
USR04262,TOOLS,4.2,1586,1.5,500000,Free,0,Everyone,Tools,2017-09-07,1.0.5,5.0 and up
USR04263,COMMUNICATION,4.1,121113,39,10000000,Free,0,Everyone,Communication,2018-07-11,1.4.0,4.1 and up
USR04264,COMMUNICATION,4.6,2265084,6.1,50000000,Free,0,Everyone,Communication,2018-07-31,5.22.18.0006,4.0 and up
USR04265,TOOLS,4.1,14491,4.3,1000000,Free,0,Everyone,Tools,2018-02-26,2.1.2,Varies with device
USR04266,VIDEO_PLAYERS,4.3,2976,,10000,Paid,1.99,Everyone,Video Players & Editors,2018-06-15,1.5.14,4.1 and up
USR04267,HEALTH_AND_FITNESS,3.9,1075,8.3,50000,Paid,2.99,Everyone,Health & Fitness,2018-07-13,2.1.2,4.4 and up
USR04268,TOOLS,3.8,208,0.713,50000,Free,0,Everyone,Tools,2014-07-28,1,2.3 and up
USR04269,COMMUNICATION,4,8769,2.1,1000000,Free,0,Everyone,Communication,2018-04-05,1.1.4,5.0 and up
USR04270,WEATHER,4.5,3005,26,10000,Paid,2.99,Everyone,Weather,2018-08-04,7.1.4,4.0.3 and up
USR04271,PRODUCTIVITY,4.6,3362,0.738,50000,Free,0,Everyone,Productivity,2017-11-21,1.7,4.0 and up
USR04272,PRODUCTIVITY,4.1,9914,3.2,1000000,Free,0,Everyone,Productivity,2017-05-17,1.4.0,5.0 and up
USR04273,TOOLS,4.4,1774,4.1,10000,Paid,1.99,Everyone,Tools,2017-10-05,4.4.3,3.0 and up
USR04274,COMICS,3.7,705,20,50000,Free,0,Teen,Comics,2018-07-19,1.3.0,4.0.3 and up
USR04275,TOOLS,3.9,18751,3.6,1000000,Free,0,Everyone,Tools,2018-06-19,3.6,4.1 and up
USR04276,COMMUNICATION,3.9,107,44,10000,Free,0,Everyone,Communication,2018-01-29,1.0.5,4.1 and up
USR04277,WEATHER,4.5,25243,26,100000,Paid,2.99,Everyone,Weather,2018-08-01,4.34.0,4.4 and up
USR04278,GAME,4.5,100,17,1000,Paid,3.99,Everyone,Adventure,2016-04-07,1.2.4,4.1 and up
USR04279,TOOLS,4.4,319,1.1,10000,Paid,2.99,Everyone,Tools,2018-07-03,2.0.1,4.4 and up
USR04280,PRODUCTIVITY,4.3,52677,2.9,1000000,Free,0,Everyone,Productivity,2017-12-13,3.3,4.0 and up
USR04281,FAMILY,4.5,118,24,10000,Free,0,Everyone,Education,2015-08-20,6.3.1,4.2 and up
USR04282,VIDEO_PLAYERS,4.7,8696,14,100000,Free,0,Everyone,Video Players & Editors,2018-06-03,2.1.4,5.0 and up
USR04283,PRODUCTIVITY,4.7,10672,6.9,100000,Free,0,Everyone,Productivity,2018-06-23,2.1.1,4.1 and up
USR04284,BUSINESS,4.1,7,12,1000,Free,0,Everyone,Business,2018-07-17,3.3.270,4.0 and up
USR04285,TOOLS,3.3,999,0.089,100000,Free,0,Everyone,Tools,2013-12-17,3.2,2.2 and up
USR04286,SOCIAL,4.2,204,9.4,5000,Paid,0.99,Everyone,Social,2017-09-25,1.4,4.1 and up
USR04287,TOOLS,4.1,6267,1.7,1000000,Free,0,Everyone,Tools,2016-05-07,2.1,3.2 and up
USR04288,PRODUCTIVITY,3.4,16,0.286,100,Paid,6.49,Everyone,Productivity,2014-05-03,1,2.2 and up
USR04289,COMMUNICATION,4.3,40241,,5000000,Free,0,Everyone,Communication,2018-06-30,1.0.52,4.1 and up
USR04290,GAME,4.9,37302,35,500000,Free,0,Everyone,Card,2017-05-08,1.3.3,4.1 and up
USR04291,WEATHER,4.5,3252,3.8,50000,Free,0,Everyone,Weather,2017-06-25,1.2.6,4.1 and up
USR04292,PRODUCTIVITY,4.1,66,0.017,1000,Paid,1.29,Everyone,Productivity,2013-09-25,1.0.0,2.2 and up
USR04293,LIFESTYLE,4.4,317,0.072,50000,Free,0,Everyone,Lifestyle,2016-12-21,3,2.3 and up
USR04294,BUSINESS,4.3,29331,20,5000000,Free,0,Everyone,Business,2018-07-30,1.12.0,4.0.3 and up
USR04295,TOOLS,4.4,457,1.1,10000,Paid,2.99,Everyone,Tools,2016-07-26,3,4.1 and up
USR04296,TOOLS,3.4,1555,4.1,100000,Free,0,Everyone,Tools,2015-09-17,1.4,3.0 and up
USR04297,BUSINESS,4.1,1828,13,100000,Free,0,Everyone,Business,2018-07-20,2.13.2,4.1 and up
USR04298,FAMILY,4.1,30,0.014,1000,Paid,0.99,Everyone,Entertainment,2013-04-25,Varies with device,Varies with device
USR04299,TOOLS,3.5,315,8.3,100000,Free,0,Everyone,Tools,2018-02-19,25,4.0.3 and up
USR04300,PRODUCTIVITY,3.8,1343,9,100000,Free,0,Everyone,Productivity,2018-03-12,1.0.26,5.0 and up
USR04301,FAMILY,4.6,20178,9,100000,Free,0,Everyone,Puzzle,2014-05-26,1.7.3,1.6 and up
USR04302,TOOLS,4.6,77302,,5000000,Free,0,Everyone,Tools,2018-01-09,Varies with device,Varies with device
USR04303,TOOLS,5,2,3.3,10,Paid,0.99,Everyone,Tools,2018-07-26,1.05,4.0 and up
USR04304,SHOPPING,4.6,85782,,10000000,Free,0,Everyone,Shopping,2018-07-30,Varies with device,Varies with device
USR04305,SHOPPING,4.2,20476,28,1000000,Free,0,Everyone,Shopping,2018-07-17,5.6.0,4.4 and up
USR04306,FAMILY,4,29708,19,1000000,Free,0,Teen,Entertainment,2018-07-16,3.1.4,4.4 and up
USR04307,VIDEO_PLAYERS,3.9,39495,59,5000000,Free,0,Everyone,Video Players & Editors,2018-06-26,1.1.4.1296,4.4 and up
USR04308,FAMILY,3.7,464,1.9,50000,Free,0,Everyone,Education,2014-08-09,1,2.3 and up
USR04309,FAMILY,4.3,2171,12,100000,Free,0,Everyone,Puzzle,2015-07-29,1.1.0,2.2 and up
USR04310,PRODUCTIVITY,1.9,63,1.8,5000,Free,0,Everyone,Productivity,2016-09-27,2.0.1027,3.0 and up
USR04311,GAME,4.2,652,30,10000,Free,0,Everyone,Action,2016-02-24,1,2.3 and up
USR04312,FAMILY,4.2,6973,,100000,Free,0,Everyone,Casual,2017-10-20,Varies with device,Varies with device
USR04313,SPORTS,4,8100,,1000000,Free,0,Everyone,Sports,2013-11-20,Varies with device,Varies with device
USR04314,GAME,4.4,61746,,500000,Free,0,Teen,Casino,2016-09-30,Varies with device,2.3.3 and up
USR04315,GAME,4.2,960,18,50000,Free,0,Everyone,Action,2015-08-20,1.0.5,3.0 and up
USR04316,GAME,4.5,17263,,500000,Free,0,Everyone,Card,2017-06-07,Varies with device,Varies with device
USR04317,GAME,4.3,30002,29,1000000,Free,0,Teen,Casino,2018-02-08,2.3.5,4.0.3 and up
USR04318,FAMILY,4.4,5262,26,100000,Free,0,Everyone,Casual,2016-03-23,1.1.2,2.3 and up
USR04319,GAME,4,41759,12,1000000,Free,0,Everyone,Arcade,2014-01-19,2.4.4,2.0 and up
USR04320,GAME,4.2,4569,12,100000,Paid,0.99,Everyone,Arcade,2014-01-19,2.4.4,2.0 and up
USR04321,GAME,4.3,18277,17,1000000,Free,0,Teen,Arcade,2016-03-14,2.0.2,2.3 and up
USR04322,GAME,4,721,18,50000,Free,0,Teen,Casino,2015-12-31,1.3.2,2.3 and up
USR04323,GAME,4.3,1776,26,50000,Free,0,Everyone,Card,2018-01-04,2.3.4,4.0.3 and up
USR04324,SPORTS,3.9,8638,,500000,Free,0,Everyone,Sports,2015-09-02,Varies with device,Varies with device
USR04325,GAME,4,1417,17,100000,Free,0,Teen,Card,2015-11-27,1.3.1,2.3 and up
USR04326,GAME,3.7,8581,12,1000000,Free,0,Everyone,Arcade,2013-12-13,1.0.2,2.2 and up
USR04327,TOOLS,4.1,19,0.31,1000,Free,0,Everyone,Tools,2013-11-12,2.0.131112,2.3 and up
USR04328,FAMILY,3.9,109,7.5,10000,Free,0,Everyone,Entertainment,2017-09-21,1.0.4,4.4 and up
USR04329,GAME,4.2,74902,,5000000,Free,0,Everyone,Racing,2016-08-26,Varies with device,Varies with device
USR04330,AUTO_AND_VEHICLES,4.4,64,66,1000,Free,0,Everyone,Auto & Vehicles,2017-06-27,1,4.1 and up
USR04331,BOOKS_AND_REFERENCE,4.5,14,30,1000,Free,0,Everyone,Books & Reference,2018-07-18,2.2.5,4.0.3 and up
USR04332,GAME,3.9,6988,35,100000,Free,0,Everyone 10+,Racing,2015-09-24,Varies with device,Varies with device
USR04333,GAME,3.9,2588,26,100000,Free,0,Everyone 10+,Racing,2014-12-31,1.7.1,2.3 and up
USR04334,GAME,4.2,358,15,10000,Free,0,Everyone,Card,2014-11-06,1.1.5,2.3 and up
USR04335,GAME,4.5,804,27,10000,Free,0,Everyone,Action,2018-07-18,1.0.4,4.0 and up
USR04336,GAME,4.1,533,39,10000,Free,0,Everyone 10+,Action,2014-01-24,1,2.1 and up
USR04337,BOOKS_AND_REFERENCE,4.7,263,9.1,10000,Free,0,Everyone,Books & Reference,2015-01-01,2,2.1 and up
USR04338,VIDEO_PLAYERS,4.4,238459,35,10000000,Free,0,Everyone,Video Players & Editors,2018-06-06,3.1.4,4.2 and up
USR04339,EVENTS,4.7,120,5.1,10000,Free,0,Everyone,Events,2018-07-25,2.5,4.0.3 and up
USR04340,FAMILY,4.7,557,6.7,10000,Free,0,Everyone,Education,2015-10-09,1,2.1 and up
USR04341,GAME,4,17876,37,1000000,Free,0,Everyone,Racing,2015-12-10,1.8.6,2.3 and up
USR04342,PHOTOGRAPHY,3.9,4726,3.9,500000,Free,0,Everyone,Photography,2015-06-17,v1.0,3.1 and up
USR04343,SPORTS,3.8,926,7.6,50000,Free,0,Everyone,Sports,2013-08-01,1.0.0,2.2 and up
USR04344,TRAVEL_AND_LOCAL,3.9,194,,10000,Free,0,Everyone,Travel & Local,2018-04-05,Varies with device,Varies with device
USR04345,GAME,4.4,14,6.6,1000,Free,0,Everyone,Adventure,2016-03-15,0.0.3,3.0 and up
USR04346,VIDEO_PLAYERS,4.5,74531,32,5000000,Free,0,Everyone,Video Players & Editors,2018-06-15,2.12.0,4.3 and up
USR04347,SHOPPING,3.8,208,0.076,10000,Free,0,Everyone,Shopping,2015-02-11,1.3.1,2.3 and up
USR04348,PHOTOGRAPHY,3.5,77,1.2,1000,Paid,19.99,Everyone,Photography,2016-10-26,1.1,4.1 and up
USR04349,PHOTOGRAPHY,4.2,165224,15,10000000,Free,0,Everyone,Photography,2016-07-08,2.1.0,4.0.3 and up
USR04350,NEWS_AND_MAGAZINES,4.7,210,18,10000,Free,0,Everyone,News & Magazines,2018-05-31,v4.29.0.9,4.4 and up
USR04351,HEALTH_AND_FITNESS,2,136,15,10000,Free,0,Everyone,Health & Fitness,2018-05-12,1.0.5,4.4 and up
USR04352,FAMILY,4.3,726,19,5000,Paid,4.99,Everyone,Simulation,2016-12-09,3.8.4,2.3.3 and up
USR04353,COMICS,2.8,5,4.1,100,Free,0,Everyone,Comics,2017-11-10,1,4.1 and up
USR04354,PHOTOGRAPHY,4,130063,5.6,10000000,Free,0,Everyone,Photography,2017-11-10,3.31.4,4.0 and up
USR04355,FAMILY,3.9,12,3.5,1000,Free,0,Everyone,Entertainment,2018-06-22,1,4.0 and up
USR04356,MEDICAL,4.2,4559,6.4,100000,Free,0,Everyone,Medical,2018-07-27,117,3.0 and up
USR04357,PHOTOGRAPHY,3.4,30,3,10000,Free,0,Everyone,Photography,2018-04-18,5.1.2,4.0.3 and up
USR04358,MEDICAL,4.5,93,0.902,10000,Free,0,Teen,Medical,2013-01-25,1.1,2.1 and up
USR04359,FINANCE,4.7,51,11,1000,Free,0,Everyone,Finance,2018-04-15,1.4.0,4.1 and up
USR04360,TOOLS,2,2221,4.9,5000000,Free,0,Everyone,Tools,2017-10-03,1.8.2.7,5.0 and up
USR04361,FAMILY,4.4,503757,,10000000,Free,0,Mature 17+,Entertainment,2018-08-02,Varies with device,Varies with device
USR04362,SHOPPING,4.7,13,1.3,500,Free,0,Everyone,Shopping,2017-07-07,cli-6.5.0,4.0 and up
USR04363,TOOLS,3.3,75,4.7,10000,Free,0,Everyone,Tools,2018-06-07,1.3,4.0.3 and up
USR04364,NEWS_AND_MAGAZINES,4.1,20,3.1,5000,Free,0,Everyone,News & Magazines,2017-07-10,1.1,4.0 and up
USR04365,PHOTOGRAPHY,4.2,79792,,100000000,Free,0,Everyone,Photography,2018-08-03,Varies with device,Varies with device
USR04366,PHOTOGRAPHY,4.4,626366,,10000000,Free,0,Everyone,Photography,2016-06-29,Varies with device,Varies with device
USR04367,PHOTOGRAPHY,3.7,3396,0.26,500000,Free,0,Everyone,Photography,2012-11-28,1.2.0,2.2 and up
USR04368,PHOTOGRAPHY,4.3,116769,2,10000000,Free,0,Everyone,Photography,2018-04-23,1.43.3,4.0.3 and up
USR04369,PHOTOGRAPHY,3.9,38055,4.1,5000000,Free,0,Everyone,Photography,2017-06-16,1.17,4.0 and up
USR04370,LIFESTYLE,5,7,3.4,1000,Free,0,Everyone,Lifestyle,2018-06-09,1.4,4.0 and up
USR04371,PHOTOGRAPHY,4.1,7479,13,1000000,Free,0,Everyone,Photography,2018-04-16,5.4,4.0 and up
USR04372,NEWS_AND_MAGAZINES,4.8,46,46,1000,Free,0,Everyone,News & Magazines,2017-05-01,1.0.1,4.1 and up
USR04373,PHOTOGRAPHY,4,26530,3.9,1000000,Free,0,Everyone,Photography,2018-07-23,2.3.5,3.2 and up
USR04374,PHOTOGRAPHY,4.1,76484,,5000000,Free,0,Everyone,Photography,2018-06-08,3.52,4.0 and up
USR04375,PHOTOGRAPHY,3.8,6,3.5,1000,Free,0,Everyone,Photography,2018-02-20,1.6,4.0.3 and up
USR04376,FAMILY,4.6,1450632,,10000000,Free,0,Teen,Entertainment,2018-08-03,Varies with device,Varies with device
USR04377,PHOTOGRAPHY,4.3,61990,,10000000,Free,0,Everyone,Photography,2018-02-09,1.5.1.182070924,5.0 and up
USR04378,GAME,4.1,94761,17,10000000,Free,0,Teen,Action,2017-02-21,1.1.4,2.3 and up
USR04379,SPORTS,4.6,152653,17,10000000,Free,0,Everyone,Sports,2018-08-03,3.0.5,4.1 and up
USR04380,BOOKS_AND_REFERENCE,4.1,52312,11,5000000,Free,0,Teen,Books & Reference,2018-05-19,5.3.4,4.4 and up
USR04381,TOOLS,4.4,4931562,,100000000,Free,0,Everyone,Tools,2018-06-11,Varies with device,Varies with device
USR04382,FAMILY,4.2,306652,64,10000000,Free,0,Everyone 10+,Strategy,2018-07-31,4.6.4,4.0.3 and up
USR04383,LIFESTYLE,4.1,23453,10,1000000,Free,0,Everyone,Lifestyle,2017-10-26,2,4.0 and up
USR04384,PHOTOGRAPHY,4.3,50893,35,1000000,Free,0,Everyone,Photography,2014-11-20,1.0.6,4.0.3 and up
USR04385,PHOTOGRAPHY,4.3,2215,12,500000,Free,0,Everyone,Photography,2018-07-27,1.12,4.3 and up
USR04386,PHOTOGRAPHY,4,9013,2.4,1000000,Free,0,Everyone,Photography,2018-06-18,4.0.2,4.4 and up
USR04387,COMMUNICATION,4.5,88,3.7,500,Paid,4.99,Everyone,Communication,2018-05-18,8.05.18.14250,4.0.3 and up
USR04388,BOOKS_AND_REFERENCE,4.1,114,6.3,10000,Free,0,Everyone,Books & Reference,2015-05-25,2,2.3 and up
USR04389,GAME,3.8,164,22,10000,Free,0,Everyone,Adventure,2015-03-20,1.0.1,2.3.3 and up
USR04390,COMMUNICATION,4.5,185,3.7,5000,Free,0,Everyone,Communication,2018-05-18,8.05.18.14250,4.0.3 and up
USR04391,PRODUCTIVITY,4.1,85,44,10000,Free,0,Everyone,Productivity,2018-08-02,2.7.8,4.1 and up
USR04392,BOOKS_AND_REFERENCE,3.9,20,9.7,10000,Free,0,Everyone,Books & Reference,2016-06-21,1,4.0.3 and up
USR04393,TOOLS,3.7,7,2.7,1000,Free,0,Everyone,Tools,2018-04-03,3,5.0 and up
USR04394,FAMILY,4.5,623,47,5000,Paid,0.99,Everyone,Simulation,2018-06-02,1.3.0.6,4.1 and up
USR04395,FAMILY,4.4,6738,56,100000,Free,0,Everyone,Simulation,2018-06-08,1.2.6,4.1 and up
USR04396,FINANCE,3.4,19,24,5000,Free,0,Everyone,Finance,2017-08-12,9.0.00,3.0 and up
USR04397,PRODUCTIVITY,2.3,3,16,1000,Free,0,Everyone,Productivity,2018-07-16,1.24.1,4.4 and up
USR04398,SHOPPING,4.7,68,6.5,10000,Free,0,Everyone,Shopping,2018-01-25,5.26.0,5.0 and up
USR04399,GAME,3.4,13,27,1000,Free,0,Everyone,Racing,2016-09-29,1.1,4.1 and up
USR04400,BUSINESS,4.7,3,36,100,Free,0,Everyone,Business,2018-07-22,2.0.3,4.0.3 and up
USR04401,LIFESTYLE,5,3,8.6,50,Free,0,Everyone,Lifestyle,2017-05-23,1,4.1 and up
USR04402,PRODUCTIVITY,3.6,64,15,10000,Free,0,Everyone,Productivity,2017-10-16,4.2,4.4 and up
USR04403,SOCIAL,5,30,13,100,Free,0,Teen,Social,2018-05-19,1.04,4.0.3 and up
USR04404,LIBRARIES_AND_DEMO,4.3,375,15,10000,Free,0,Everyone,Libraries & Demo,2018-06-01,2.0.1,4.0.3 and up
USR04405,BUSINESS,5,6,74,500,Free,0,Everyone,Business,2017-06-26,2.3,4.0 and up
USR04406,BOOKS_AND_REFERENCE,4.1,295,6.9,50000,Free,0,Everyone,Books & Reference,2017-06-20,2.0.3,4.0.3 and up
USR04407,TOOLS,4.1,12,8.7,100,Free,0,Everyone,Tools,2018-03-23,3.3,4.0 and up
USR04408,FAMILY,4.5,2931,0.799,100000,Free,0,Everyone,Entertainment,2017-08-04,1.1,4.2 and up
USR04409,HEALTH_AND_FITNESS,3.4,5,59,1000,Free,0,Everyone,Health & Fitness,2018-01-23,3.5.1,4.4 and up
USR04410,TOOLS,2.9,33,,10000,Free,0,Everyone,Tools,2018-07-23,Varies with device,Varies with device
USR04411,PERSONALIZATION,4.6,644,59,50000,Free,0,Everyone,Personalization,2017-04-30,Version 1.20,4.4 and up
USR04412,MEDICAL,5,1,27,100,Free,0,Everyone,Medical,2017-04-03,300000.0.78,4.0.3 and up
USR04413,FAMILY,3.9,536,10,10000,Free,0,Everyone,Casual,2017-06-27,2.0.0,4.0 and up
USR04414,TOOLS,3.9,7,0.079,100,Paid,4.99,Everyone,Tools,2011-05-12,1.2.0,1.5 and up
USR04415,MEDICAL,5,3,28,100,Free,0,Everyone,Medical,2017-04-21,300000.0.80,4.0.3 and up
USR04416,FAMILY,4.1,1998,9.8,100000,Free,0,Everyone,Casual,2017-06-21,4.0.0,4.0 and up
USR04417,MEDICAL,5,5,28,100,Free,0,Everyone,Medical,2017-09-21,300000.0.90,4.0.3 and up
USR04418,FAMILY,3,30,0.311,5000,Free,0,Everyone,Entertainment,2013-10-01,1.2,2.3 and up
USR04419,COMMUNICATION,4,4,5.4,100,Free,0,Teen,Communication,2017-12-24,2.26.5.0,5.0 and up
USR04420,MEDICAL,1,1,28,50,Free,0,Everyone,Medical,2017-05-01,300000.0.81,4.0.3 and up
USR04421,MEDICAL,4,2,29,100,Free,0,Everyone,Medical,2017-05-11,300000.0.81,4.0.3 and up
USR04422,MEDICAL,4,4,27,500,Free,0,Everyone,Medical,2017-05-05,300000.0.79,4.0.3 and up
USR04423,GAME,3.8,1088,86,100000,Free,0,Teen,Action,2018-02-16,1.0.1,4.3 and up
USR04424,SPORTS,3.5,1689,5.7,100000,Free,0,Everyone,Sports,2017-08-29,1.5.062,4.3 and up
USR04425,MEDICAL,2.6,5,27,100,Free,0,Everyone,Medical,2017-05-05,300000.0.79,4.0.3 and up
USR04426,GAME,3.4,256,9.1,50000,Free,0,Everyone,Action,2016-12-08,1.0.0,2.3 and up
USR04427,FAMILY,4.5,45458,35,1000000,Free,0,Mature 17+,Entertainment,2018-08-03,1.5.49,4.4 and up
USR04428,ART_AND_DESIGN,3.4,486,5.9,100000,Free,0,Everyone,Art & Design,2018-07-26,5.7,5.0 and up
USR04429,FAMILY,3.8,949,1.2,50000,Free,0,Everyone,Entertainment,2018-07-22,4.9,4.0 and up
USR04430,FAMILY,3,76,39,5000,Paid,1.99,Everyone,Simulation,2018-03-29,1.2,2.3 and up
USR04431,FAMILY,4.4,80927,27,1000000,Free,0,Everyone,Entertainment,2018-07-31,7.2.5,4.0 and up
USR04432,FAMILY,4,51,3.2,1000,Free,0,Everyone,Entertainment,2018-06-03,1.3.4,4.0 and up
USR04433,FAMILY,3.9,339,4.2,50000,Free,0,Everyone,Education,2018-04-05,6.2,4.0 and up
USR04434,FAMILY,4.6,116973,31,1000000,Free,0,Everyone,Puzzle,2018-03-29,1.1.9.1,4.1 and up
USR04435,TOOLS,3.8,89,3.9,10000,Free,0,Everyone,Tools,2018-07-01,3.0.4,4.1 and up
USR04436,FAMILY,3.8,3597,25,100000,Free,0,Everyone 10+,Entertainment,2018-07-31,1.0.16,4.0.3 and up
USR04437,TOOLS,4,66,,10000,Free,0,Everyone,Tools,2018-07-07,Varies with device,Varies with device
USR04438,MEDICAL,4.6,1976,69,50000,Free,0,Everyone,Medical,2018-08-03,6.02.000,6.0 and up
USR04439,TOOLS,3.6,448,4.3,50000,Free,0,Everyone,Tools,2017-03-23,1.9,1.6 and up
USR04440,PRODUCTIVITY,4.4,25627,9.8,1000000,Free,0,Everyone,Productivity,2018-08-05,132,5.0 and up
USR04441,BEAUTY,3.1,40,13,10000,Free,0,Everyone,Beauty,2018-04-11,20,4.1 and up
USR04442,MAPS_AND_NAVIGATION,4.2,55313,16,1000000,Free,0,Everyone,Maps & Navigation,2018-08-05,4.435,4.1 and up
USR04443,FAMILY,4.6,27,4.2,10000,Free,0,Everyone,Education,2018-07-14,1.1.4,4.1 and up
USR04444,TOOLS,4,97,99,5000,Free,0,Everyone,Tools,2018-06-29,2.0.0,4.1 and up
USR04445,NEWS_AND_MAGAZINES,5,43,2.3,100,Free,0,Everyone,News & Magazines,2018-06-22,1,4.4 and up
USR04446,FAMILY,3.3,40,3.6,1000,Free,0,Everyone,Entertainment,2017-05-15,1,4.0.3 and up
USR04447,PRODUCTIVITY,4.1,22,26,1000,Free,0,Everyone,Productivity,2017-11-02,1.5,4.0.3 and up
USR04448,PRODUCTIVITY,3.6,8,3.2,100,Free,0,Everyone,Productivity,2017-11-04,1.2-Release,4.1 and up
USR04449,FAMILY,3.2,32,2.8,1000,Free,0,Everyone,Entertainment,2018-05-10,1,4.0 and up
USR04450,PRODUCTIVITY,4.4,2087,8.3,100000,Free,0,Everyone,Productivity,2018-06-24,20,5.0 and up
USR04451,PHOTOGRAPHY,4,529,,100000,Free,0,Everyone,Photography,2018-07-17,1.2.3,6.0 and up
USR04452,TOOLS,4.4,26,3.8,500,Free,0,Everyone,Tools,2018-05-27,1.2,4.0 and up
USR04453,PRODUCTIVITY,4.5,41624,3.4,1000000,Free,0,Everyone,Productivity,2018-05-24,1.2.4,4.0.3 and up
USR04454,FAMILY,4.3,20,3.5,1000,Free,0,Everyone,Casual,2015-06-03,0.33,2.3 and up
USR04455,PERSONALIZATION,4.7,1891,1.9,100000,Free,0,Everyone,Personalization,2018-05-24,10001008,4.0.3 and up
USR04456,FAMILY,4.4,8,3.3,5000,Free,0,Everyone,Education,2018-06-05,1.0.4,4.1 and up
USR04457,PHOTOGRAPHY,4.4,65766,,5000000,Free,0,Everyone,Photography,2018-04-02,3.4.23,5.0 and up
USR04458,PHOTOGRAPHY,4.4,346681,7.1,10000000,Free,0,Everyone,Photography,2018-02-10,2.0.949,4.4 and up
USR04459,SOCIAL,3.7,3,7.9,100,Free,0,Everyone,Social,2018-07-04,1.3.1-lite,5.0 and up
USR04460,FAMILY,3.3,1407,1.4,100000,Free,0,Everyone,Entertainment,2015-09-25,2.1,2.2 and up
USR04461,PRODUCTIVITY,3.7,3,7.5,100,Free,0,Everyone,Productivity,2018-03-01,11.04,4.1 and up
USR04462,PHOTOGRAPHY,3,20,4.3,1000,Paid,2.99,Everyone,Photography,2018-06-18,1.4.7,5.0 and up
USR04463,PRODUCTIVITY,2.6,91,2.8,5000,Free,0,Everyone,Productivity,2018-07-16,0.0.52,4.0.3 and up
USR04464,PRODUCTIVITY,3.5,43,48,1000,Free,0,Everyone,Productivity,2018-06-18,1.2,4.0.3 and up
USR04465,FAMILY,3.9,253,14,10000,Free,0,Everyone,Entertainment,2018-03-28,1.1,2.3 and up
USR04466,FAMILY,4.6,71,5.7,500,Paid,2.49,Everyone,Strategy,2018-03-14,1.8,4.0 and up
USR04467,LIFESTYLE,3.8,89,0.917,10000,Free,0,Everyone,Lifestyle,2013-02-18,2.3,2.1 and up
USR04468,FAMILY,4.6,361734,58,5000000,Free,0,Everyone,Casual;Pretend Play,2018-08-02,28.0.14,4.1 and up
USR04469,GAME,4.4,2975,42,50000,Paid,1.99,Everyone,Arcade,2016-03-07,1.6,4.0 and up
USR04470,FAMILY,4.5,1564,35,50000,Free,0,Everyone,Educational;Education,2018-05-25,1.1.0,4.1 and up
USR04471,FAMILY,4.5,6750,43,100000,Free,0,Everyone,Casual,2018-06-13,2.0.3,4.3 and up
USR04472,SOCIAL,4.7,3873,63,10000,Free,0,Teen,Social,2018-07-13,1.8.19106,4.0.3 and up
USR04473,FAMILY,4.4,74744,60,1000000,Free,0,Everyone,Strategy,2018-07-26,1.5.6,4.1 and up
USR04474,PHOTOGRAPHY,5,44,2.8,100,Free,0,Everyone,Photography,2018-01-23,1,4.1 and up
USR04475,FAMILY,2.8,107441,32,1000000,Free,0,Everyone,Casual;Action & Adventure,2018-07-10,1.10.5,4.4 and up
USR04476,FAMILY,4.6,31,7.3,500,Free,0,Everyone,Education,2017-05-03,0.1,2.3 and up
USR04477,FINANCE,2.8,135,5.3,10000,Free,0,Everyone,Finance,2018-06-04,2.13.0.65,4.4 and up
USR04478,BOOKS_AND_REFERENCE,5,12,50,100,Paid,3.99,Everyone,Books & Reference,2016-06-13,1.0.0,2.2 and up
USR04479,PHOTOGRAPHY,5,2,7.5,500,Free,0,Everyone,Photography,2018-01-08,1,3.2 and up
USR04480,GAME,2.8,9,26,500,Free,0,Everyone,Board,2017-03-24,1,2.3 and up
USR04481,GAME,3.8,8,4.2,1000,Free,0,Teen,Card,2016-10-19,1.1,2.3.3 and up
USR04482,FAMILY,4.1,22,31,1000,Free,0,Everyone,Puzzle,2018-08-03,1.0.9,4.1 and up
USR04483,VIDEO_PLAYERS,4.8,18,1.7,100,Free,0,Everyone,Video Players & Editors,2018-04-22,1.6.3.1,5.0 and up
USR04484,SHOPPING,5,9,0.165,10,Free,0,Everyone,Shopping,2018-06-01,18060104,2.2 and up
USR04485,FAMILY,5,1,63,10,Paid,4.99,Everyone,Education,2018-04-04,1.0.59,2.3 and up
USR04486,SHOPPING,4.4,134,0.044,10000,Free,0,Everyone,Shopping,2013-06-04,1.2,2.2 and up
USR04487,LIFESTYLE,5,2,22,100,Free,0,Everyone,Lifestyle,2017-08-28,5,4.1 and up
USR04488,PERSONALIZATION,4.1,21,3.6,100,Paid,0.99,Everyone,Personalization,2017-09-20,1.35,4.3 and up
USR04489,ART_AND_DESIGN,4.8,48,25,5000,Free,0,Everyone,Art & Design,2018-08-04,1.1.1,4.1 and up
USR04490,PERSONALIZATION,4.8,5,35,50,Paid,0.99,Everyone,Personalization,2018-04-22,1.1,4.1 and up
USR04491,ART_AND_DESIGN,4,18,3.6,1000,Free,0,Everyone,Art & Design,2018-03-22,1.1,4.0 and up
USR04492,PERSONALIZATION,5,2,35,10,Paid,0.99,Everyone,Personalization,2018-04-29,1.1,4.1 and up
USR04493,FAMILY,4.6,18893,91,100000,Free,0,Everyone,Casual;Pretend Play,2018-06-09,1.4.1,4.0.3 and up
USR04494,PERSONALIZATION,5,4,31,50,Paid,0.99,Everyone,Personalization,2018-04-27,1.1,4.1 and up
USR04495,FAMILY,4.5,26916,67,500000,Free,0,Everyone,Casual;Pretend Play,2017-03-17,2.7,4.0.3 and up
USR04496,FAMILY,5,1,8.2,10,Free,0,Everyone,Entertainment,2017-11-29,1.2.1,4.1 and up
USR04497,FAMILY,4.4,1031,48,100000,Free,0,Everyone,Entertainment,2018-01-09,2.1.9f0,4.0.3 and up
USR04498,FAMILY,4,345,14,100000,Free,0,Everyone 10+,Simulation,2016-11-11,1.3.0,3.0 and up
USR04499,FAMILY,3.9,656,2.9,500000,Free,0,Everyone 10+,Entertainment,2016-09-14,2,2.3.3 and up
USR04500,PERSONALIZATION,4.1,585,4.4,50000,Free,0,Everyone,Personalization,2018-06-20,1.3,4.1 and up
USR04501,GAME,4.8,21,89,1000,Free,0,Everyone,Arcade,2018-03-30,0.46.91,4.4 and up
USR04502,FAMILY,4.3,734,13,10000,Free,0,Everyone,Entertainment,2018-07-12,2.5,4.0 and up
USR04503,FAMILY,3.9,7,3.8,1000,Free,0,Everyone,Entertainment,2018-06-18,568,4.0 and up
USR04504,PERSONALIZATION,4.5,37,15,5000,Free,0,Teen,Personalization,2017-02-26,1,4.1 and up
USR04505,FAMILY,3.7,165,25,10000,Free,0,Teen,Entertainment,2015-04-26,1,2.3 and up
USR04506,GAME,4.3,807226,34,10000000,Free,0,Teen,Action,2018-07-11,3.0.2,4.0.3 and up
USR04507,PERSONALIZATION,4.2,322,6.8,50000,Free,0,Everyone,Personalization,2017-05-29,1,4.1 and up
USR04508,GAME,3.7,91,24,10000,Free,0,Everyone,Action,2016-12-25,3.2,2.3 and up
USR04509,LIFESTYLE,3.8,6,3.4,500,Free,0,Everyone,Lifestyle,2016-03-01,1.0.2,4.0.3 and up
USR04510,FAMILY,4.6,23971,24,1000000,Free,0,Everyone,Simulation,2018-08-04,39.231,4.1 and up
USR04511,PERSONALIZATION,3.3,25,46,1000,Free,0,Everyone,Personalization,2017-03-28,1.2,4.0.3 and up
USR04512,FAMILY,3,2,33,100,Free,0,Everyone,Simulation,2018-07-18,1,4.1 and up
USR04513,GAME,3.9,145931,43,10000000,Free,0,Teen,Action,2018-05-31,5.3.2,2.3 and up
USR04514,GAME,4.2,1343106,56,10000000,Free,0,Teen,Action,2018-08-01,1.180271.184729,4.0 and up
USR04515,TOOLS,3.9,54,2.8,10000,Free,0,Everyone,Tools,2015-05-02,1.0.0.1,2.2 and up
USR04516,FAMILY,4.1,21,26,5000,Free,0,Everyone,Simulation,2017-05-15,1,4.1 and up
USR04517,PERSONALIZATION,4.6,5,8.8,500,Free,0,Mature 17+,Personalization,2018-02-11,1,4.0.3 and up
USR04518,COMMUNICATION,4.4,9,4.2,5000,Free,0,Everyone,Communication,2017-05-29,3.8.8,2.2 and up
USR04519,TOOLS,3.8,71,7,10000,Free,0,Everyone,Tools,2018-05-02,2.0.1.966,4.4 and up
USR04520,GAME,4.4,243121,38,5000000,Free,0,Teen,Arcade,2014-10-17,5.3,2.3 and up
USR04521,VIDEO_PLAYERS,4.9,23,2.1,100,Free,0,Everyone,Video Players & Editors,2015-08-11,1.1,4.0 and up
USR04522,FAMILY,3.6,33812,12,5000000,Free,0,Teen,Entertainment,2018-07-30,2.5,4.1 and up
USR04523,AUTO_AND_VEHICLES,4.3,47,58,1000,Free,0,Everyone,Auto & Vehicles,2016-11-11,1,2.3 and up
USR04524,FAMILY,3.6,283,18,50000,Free,0,Everyone,Education,2015-05-19,1.3,2.3.3 and up
USR04525,GAME,4.1,82827,20,10000000,Free,0,Teen,Arcade,2018-07-13,1.1.5,4.0 and up
USR04526,NEWS_AND_MAGAZINES,3.4,803,8,50000,Free,0,Everyone 10+,News & Magazines,2018-07-23,3.7.10-0d44b899,4.1 and up
USR04527,FAMILY,4.5,302,3,50000,Free,0,Everyone,Education,2017-11-30,3.3,4.1 and up
USR04528,SPORTS,4.7,19,12,1000,Free,0,Everyone,Sports,2018-05-18,2.0.1,4.2 and up
USR04529,SPORTS,4.5,459,8,10000,Free,0,Everyone 10+,Sports,2018-07-23,3.7.10-0d44b899,4.1 and up
USR04530,TRAVEL_AND_LOCAL,4.4,71,28,10000,Free,0,Everyone,Travel & Local,2017-10-27,1.8.7,4.0 and up
USR04531,FAMILY,4.3,218,29,10000,Free,0,Everyone,Education,2018-02-15,6.0.3,4.4 and up
USR04532,BOOKS_AND_REFERENCE,4.6,218451,4.7,10000000,Free,0,Everyone,Books & Reference,2018-05-20,3.2.3,4.0 and up
USR04533,TRAVEL_AND_LOCAL,4.2,1291,40,50000,Free,0,Everyone,Travel & Local,2017-10-18,5.29.77 Domain 427,4.4 and up
USR04534,BOOKS_AND_REFERENCE,4.8,57400,14,500000,Free,0,Everyone,Books & Reference,2018-07-30,1.6.5,4.0 and up
USR04535,LIFESTYLE,4.6,284670,,10000000,Free,0,Everyone,Lifestyle,2018-07-24,Varies with device,Varies with device
USR04536,BOOKS_AND_REFERENCE,4.8,445756,16,10000000,Free,0,Everyone,Books & Reference,2018-05-15,2.6.22,4.0 and up
USR04537,BOOKS_AND_REFERENCE,4.6,361780,9.7,10000000,Free,0,Everyone,Books & Reference,2018-05-30,4.1,2.3 and up
USR04538,BOOKS_AND_REFERENCE,4.6,41608,49,1000000,Free,0,Everyone,Books & Reference,2017-11-05,1.1.7,2.2 and up
USR04539,FAMILY,4.6,9952,3.7,100000,Free,0,Teen,Entertainment,2016-07-05,1.0.0,4.0.3 and up
USR04540,NEWS_AND_MAGAZINES,4.1,24456,,1000000,Free,0,Everyone,News & Magazines,2018-07-24,Varies with device,Varies with device
USR04541,BOOKS_AND_REFERENCE,4.7,2319,27,50000,Free,0,Everyone,Books & Reference,2018-04-22,10.1,4.1 and up
USR04542,FAMILY,4.7,7878,3.6,1000000,Free,0,Everyone,Education,2017-05-29,4,2.3 and up
USR04543,FAMILY,4.8,6696,5.3,100000,Free,0,Everyone,Education,2018-02-07,3.1.0,4.0 and up
USR04544,PRODUCTIVITY,3.6,4832,2.4,1000000,Free,0,Everyone,Productivity,2016-11-22,2.1.7.3,3.0 and up
USR04545,FAMILY,4.7,173394,8.5,5000000,Free,0,Everyone,Education,2018-03-13,2.9.1,4.0 and up
USR04546,FAMILY,4.6,2654,6.7,100000,Free,0,Everyone,Education,2016-11-02,1.10.0,2.2 and up
USR04547,BOOKS_AND_REFERENCE,4.5,96419,,5000000,Free,0,Everyone,Books & Reference,2018-05-05,Varies with device,Varies with device
USR04548,NEWS_AND_MAGAZINES,4.7,13620,9,500000,Free,0,Everyone,News & Magazines,2018-04-16,2.137,4.1 and up
USR04549,FAMILY,4.5,199,0.26,10000,Free,0,Everyone,Education,2013-09-11,1.0beta,2.2 and up
USR04550,HEALTH_AND_FITNESS,4.3,979,,50000,Free,0,Everyone,Health & Fitness,2017-12-24,Varies with device,Varies with device
USR04551,BOOKS_AND_REFERENCE,4.5,12322,27,500000,Free,0,Everyone,Books & Reference,2016-12-17,3,2.3 and up
USR04552,BOOKS_AND_REFERENCE,4.8,29551,67,1000000,Free,0,Everyone,Books & Reference,2018-04-06,1.0.7,4.0.3 and up
USR04553,FAMILY,4.7,47463,22,1000000,Free,0,Everyone,Education,2018-04-24,4.4,4.0.3 and up
USR04554,BOOKS_AND_REFERENCE,4.7,1340,11,10000,Paid,4.49,Everyone,Books & Reference,2018-05-16,4.0.5,2.2 and up
USR04555,BOOKS_AND_REFERENCE,4.7,55011,68,1000000,Free,0,Everyone,Books & Reference,2017-11-02,1.1.3,4.1 and up
USR04556,FAMILY,4.7,7116,40,100000,Free,0,Everyone,Education,2016-08-09,1,2.3.3 and up
USR04557,LIFESTYLE,4.7,759,15,50000,Free,0,Everyone 10+,Lifestyle,2018-01-22,1.4.5,4.1 and up
USR04558,BOOKS_AND_REFERENCE,4.7,497826,,10000000,Free,0,Everyone,Books & Reference,2018-05-30,Varies with device,Varies with device
USR04559,BOOKS_AND_REFERENCE,4.7,1777,23,50000,Free,0,Everyone,Books & Reference,2015-02-15,1.1,2.2 and up
USR04560,LIFESTYLE,4.6,518,4.2,50000,Free,0,Everyone,Lifestyle,2017-03-25,1.1,2.3.3 and up
USR04561,BOOKS_AND_REFERENCE,4.7,1201,2.9,100000,Free,0,Everyone,Books & Reference,2015-06-24,1,2.3.3 and up
USR04562,LIFESTYLE,4.7,1133393,,10000000,Free,0,Everyone,Lifestyle,2018-07-03,Varies with device,Varies with device
USR04563,BOOKS_AND_REFERENCE,4.6,3234,85,100000,Free,0,Everyone,Books & Reference,2017-12-26,1.7.22,4.1 and up
USR04564,LIFESTYLE,3.8,3547,1.8,100000,Paid,399.99,Everyone,Lifestyle,2018-01-12,2,4.0.3 and up
USR04565,FAMILY,3.9,1455,1.1,10000,Free,0,Everyone,Entertainment,2017-10-11,1,2.3 and up
USR04566,SHOPPING,4,141584,22,10000000,Free,0,Teen,Shopping,2018-07-31,16.14.0.850,4.4 and up
USR04567,FAMILY,4,856,8.7,10000,Paid,399.99,Everyone,Entertainment,2018-05-19,3,4.4 and up
USR04568,LIFESTYLE,3.8,411,2.6,10000,Paid,299.99,Everyone,Lifestyle,2018-07-21,1.1.1,4.3 and up
USR04569,FINANCE,4.1,1867,4.7,50000,Paid,399.99,Everyone,Finance,2017-11-12,1.6,4.0 and up
USR04570,LIFESTYLE,2.9,41,2.9,1000,Paid,379.99,Everyone,Lifestyle,2018-07-01,1,4.0 and up
USR04571,FINANCE,3.8,93,22,1000,Paid,399.99,Everyone,Finance,2017-12-11,1,4.1 and up
USR04572,FINANCE,3.5,472,0.942,5000,Paid,399.99,Everyone,Finance,2017-05-01,3.4,4.4 and up
USR04573,LIFESTYLE,4.2,134,1.8,1000,Paid,37.99,Everyone,Lifestyle,2017-07-18,1,4.0.3 and up
USR04574,FINANCE,4.6,459,2,10000,Paid,18.99,Everyone,Finance,2018-02-17,1.1,4.0.3 and up
USR04575,FAMILY,4.4,201,2.7,5000,Paid,399.99,Everyone,Entertainment,2017-05-30,1.54,1.6 and up
USR04576,GAME,4.4,208501,56,1000000,Free,0,Teen,Adventure,2018-07-23,2.8.307,4.0.3 and up
USR04577,FINANCE,4.1,129,2.7,1000,Paid,399.99,Teen,Finance,2017-12-06,2,4.0.3 and up
USR04578,BUSINESS,3.9,213,2.9,1000,Free,0,Everyone,Business,2018-06-09,1,4.0 and up
USR04579,FAMILY,3.6,217,4.9,10000,Paid,389.99,Everyone,Entertainment,2018-06-22,1.5,4.2 and up
USR04580,GAME,4,630,20,10000,Paid,4.99,Everyone,Adventure,2016-10-26,1.6.1,4.4 and up
USR04581,TRAVEL_AND_LOCAL,3.8,39,12,10000,Free,0,Everyone,Travel & Local,2016-10-08,1.2,4.1 and up
USR04582,FINANCE,4.3,180,3.8,5000,Paid,399.99,Everyone,Finance,2018-03-22,1,4.2 and up
USR04583,TRAVEL_AND_LOCAL,4.6,68,4.2,10000,Free,0,Everyone,Travel & Local,2017-11-14,5,4.0.3 and up
USR04584,LIFESTYLE,3.6,126,1.4,5000,Paid,2.49,Everyone,Lifestyle,2018-06-22,8,4.1 and up
USR04585,NEWS_AND_MAGAZINES,3.9,4581,21,100000,Free,0,Everyone,News & Magazines,2018-01-04,5.0.108,4.4 and up
USR04586,FINANCE,4,36,41,1000,Paid,399.99,Everyone,Finance,2018-06-25,1.0.2,4.1 and up
USR04587,TOOLS,4.2,1313,,100000,Free,0,Everyone,Tools,2014-07-28,Varies with device,Varies with device
USR04588,FAMILY,4.2,1493,57,100000,Free,0,Everyone,Strategy,2018-04-01,1.0.9,4.1 and up
USR04589,GAME,4.2,4537,15,100000,Free,0,Everyone,Trivia,2017-04-05,2.2,4.0.3 and up
USR04590,GAME,4.5,5849,5.1,500000,Free,0,Everyone,Trivia,2017-09-13,1.2.2_comAds,4.0.3 and up
USR04591,NEWS_AND_MAGAZINES,4.7,327,31,10000,Free,0,Everyone,News & Magazines,2018-06-26,4.0.9,4.1 and up
USR04592,FAMILY,3.5,33944,28,1000000,Free,0,Everyone 10+,Strategy,2016-03-10,2.0.0,4.1 and up
USR04593,GAME,4.5,10256,39,1000000,Free,0,Everyone,Action,2017-12-11,2.1.0,4.3 and up
USR04594,FAMILY,4,484858,,10000000,Free,0,Everyone 10+,Strategy,2018-06-15,3.30.4.83,4.1 and up
USR04595,LIFESTYLE,4.6,8004,34,100000,Free,0,Teen,Lifestyle,2018-07-31,3.4.8,4.1 and up
USR04596,FAMILY,4.2,636228,,10000000,Free,0,Everyone,Casual,2018-07-19,Varies with device,Varies with device
USR04597,FAMILY,4.3,931503,31,10000000,Free,0,Teen,Simulation,2018-07-16,5.39.1,4.0.3 and up
USR04598,FAMILY,4.1,245839,76,10000000,Free,0,Everyone,Casual,2017-04-03,2.7.0,4.1 and up
USR04599,SPORTS,4.5,68072,40,5000000,Free,0,Everyone,Sports,2018-07-26,1.1.7,4.1 and up
USR04600,GAME,4.2,210317,46,10000000,Free,0,Everyone 10+,Adventure,2015-04-10,1.4.3.104,2.3.3 and up
USR04601,FAMILY,4.5,1333338,8.7,10000000,Free,0,Everyone,Casual,2018-05-23,1.34.1,2.3.3 and up
USR04602,FAMILY,4.4,899748,80,10000000,Free,0,Everyone,Casual,2018-08-03,2.11,4.1 and up
USR04603,BUSINESS,3.7,23729,24,1000000,Free,0,Everyone,Business,2018-05-14,7.2,4.4 and up
USR04604,GAME,4.4,406511,21,5000000,Free,0,Teen,Action,2016-10-21,1.0.5,4.0.3 and up
USR04605,SOCIAL,4.3,315390,,10000000,Free,0,Everyone,Social,2018-07-26,Varies with device,Varies with device
USR04606,LIFESTYLE,4.3,179139,9.7,5000000,Free,0,Everyone,Lifestyle,2017-11-01,3.5.3,4.0.3 and up
USR04607,GAME,4.3,104389,12,5000000,Free,0,Everyone,Adventure,2018-04-17,1.4.0,4.2 and up
USR04608,PHOTOGRAPHY,4.5,10847682,,1000000000,Free,0,Everyone,Photography,2018-08-01,Varies with device,Varies with device
USR04609,PHOTOGRAPHY,4.5,559931,,10000000,Free,0,Everyone,Photography,2018-05-10,Varies with device,Varies with device
USR04610,FAMILY,3.8,130689,57,5000000,Free,0,Everyone 10+,Simulation,2018-08-03,1.32,4.2 and up
USR04611,LIFESTYLE,4.5,234971,81,1000000,Free,0,Everyone,Lifestyle,2018-07-25,2.8.7.78579,4.4 and up
USR04612,SOCIAL,4.5,228737,,10000000,Free,0,Everyone,Social,2016-07-12,Varies with device,Varies with device
USR04613,BUSINESS,4.4,72202,6.7,1000000,Free,0,Everyone,Business,2018-06-25,6,4.0.3 and up
USR04614,MEDICAL,4.7,2570,3.8,100000,Free,0,Everyone,Medical,2017-05-10,1.2.6,4.0 and up
USR04615,FAMILY,3.5,14145,5.9,1000000,Free,0,Everyone,Strategy,2016-06-08,1.0.9,4.0 and up
USR04616,MEDICAL,4.9,25,46,5000,Free,0,Everyone,Medical,2018-04-17,1,5.0 and up
USR04617,EVENTS,4,9,3.3,1000,Free,0,Everyone,Events,2017-12-20,1.1.4,4.4 and up
USR04618,GAME,4.1,21223,48,1000000,Free,0,Teen,Adventure,2018-04-20,1.6.6,4.1 and up
USR04619,TOOLS,4.2,32,33,10000,Free,0,Everyone,Tools,2018-05-21,3.0.22,4.0 and up
USR04620,GAME,4.4,438911,99,10000000,Free,0,Teen,Action,2018-06-28,1.23.1.2,4.0.3 and up
USR04621,COMMUNICATION,4.1,2063,4.5,100000,Free,0,Everyone,Communication,2018-06-03,1.0.3,4.0 and up
USR04622,FAMILY,4.6,45771,28,1000000,Free,0,Mature 17+,Entertainment,2018-06-08,1.39,4.1 and up
USR04623,FAMILY,4.6,7148,8.1,100000,Paid,2.99,Everyone,Adventure;Brain Games,2017-09-13,1.8,4.0.3 and up
USR04624,FAMILY,4.7,19209,21,100000,Paid,2.99,Everyone,Role Playing;Action & Adventure,2016-02-23,1.1.4,4.0 and up
USR04625,FAMILY,4.5,29495,56,1000000,Free,0,Teen,Simulation,2018-05-24,1.11.0,4.0.3 and up
USR04626,SPORTS,4.6,666246,25,10000000,Free,0,Everyone,Sports,2018-07-29,5.5.9,4.1 and up
USR04627,SPORTS,4.4,1721943,26,10000000,Free,0,Everyone,Sports,2018-06-27,2.3.2,5.0 and up
USR04628,GAME,4.4,8219586,99,100000000,Free,0,Teen,Action,2018-07-24,1.2.97.3042,4.0.3 and up
USR04629,FAMILY,4.2,690148,25,10000000,Free,0,Teen,Strategy,2017-10-27,Varies with device,Varies with device
USR04630,GAME,4.4,579519,99,10000000,Free,0,Mature 17+,Action,2018-07-18,5.1,4.1 and up
USR04631,SPORTS,4,170973,43,5000000,Free,0,Everyone,Sports,2018-06-06,2.1,4.1 and up
USR04632,GAME,4.2,62636,17,1000000,Free,0,Teen,Action,2018-07-02,1.8.0,4.0.3 and up
USR04633,FAMILY,4.2,123136,80,5000000,Free,0,Mature 17+,Simulation,2018-06-25,1,4.0 and up
USR04634,GAME,4.2,250197,44,5000000,Free,0,Teen,Action,2018-07-12,1,4.1 and up
USR04635,SPORTS,4.8,221722,,10000000,Free,0,Everyone,Sports,2018-07-26,Varies with device,Varies with device
USR04636,FAMILY,3.7,29838,,5000000,Free,0,Mature 17+,Entertainment,2018-06-28,2.2,Varies with device
USR04637,FAMILY,3.4,1012,12,100000,Free,0,Teen,Entertainment,2018-02-24,2,3.0 and up
USR04638,SPORTS,4.3,183004,100,10000000,Free,0,Everyone,Sports,2018-07-19,2.29.3118,4.0.3 and up
USR04639,FAMILY,4.3,143087,69,1000000,Free,0,Everyone 10+,Role Playing,2018-07-12,1.9.22,4.0 and up
USR04640,SPORTS,4.6,652940,90,10000000,Free,0,Teen,Sports,2018-07-05,1.3.5,4.1 and up
USR04641,GAME,4.2,336386,88,10000000,Free,0,Everyone 10+,Action,2018-07-24,2.0.1,4.0.3 and up
USR04642,FAMILY,4.6,5195,64,100000,Free,0,Mature 17+,Entertainment,2018-04-18,1.3,4.1 and up
USR04643,SPORTS,4.1,91935,39,10000000,Free,0,Everyone,Sports,2018-04-26,2.1.3,4.1 and up
USR04644,GAME,4.4,1381624,54,10000000,Free,0,Teen,Action,2017-03-14,3.1.1,3.0 and up
USR04645,SPORTS,4.6,92522,56,5000000,Free,0,Everyone,Sports,2018-07-26,4.0.14,4.1 and up
USR04646,FAMILY,4.3,45370,14,1000000,Free,0,Teen,Simulation,2018-08-02,2.59.8,2.3 and up
USR04647,SOCIAL,4.4,41269,,1000000,Free,0,Mature 17+,Social,2017-05-10,1.3.6.4,4.0.3 and up
USR04648,FAMILY,4.7,394842,75,10000000,Free,0,Everyone,Casual;Pretend Play,2018-08-04,1.5,4.1 and up
USR04649,SPORTS,4.2,1008012,13,50000000,Free,0,Everyone,Sports,2017-12-05,1.7.7,2.1 and up
USR04650,FAMILY,3.8,302,8.1,10000,Free,0,Everyone,Puzzle;Brain Games,2017-09-13,1.4,4.0.3 and up
USR04651,FAMILY,4.3,1231,,100000,Free,0,Everyone,Puzzle,2018-05-24,2.2,4.1 and up
USR04652,FAMILY,3.7,1443,20,100000,Free,0,Mature 17+,Entertainment,2018-01-18,3,2.3 and up
USR04653,SPORTS,4.3,148083,57,10000000,Free,0,Everyone,Sports,2018-07-24,1.42.2,4.1 and up
USR04654,FAMILY,2.9,31596,31,5000000,Free,0,Teen,Simulation,2016-12-23,1.5,2.3 and up
USR04655,FAMILY,4.3,598975,39,10000000,Free,0,Everyone,Simulation,2018-01-17,2.4.0,4.0 and up
USR04656,FAMILY,4.3,275,29,10000,Free,0,Everyone,Puzzle,2018-07-09,1.0.1,4.4 and up
USR04657,TRAVEL_AND_LOCAL,4,64164,3.6,10000000,Free,0,Everyone,Travel & Local,2018-04-07,1.9,4.1 and up
USR04658,FAMILY,3.3,16063,3.8,1000000,Free,0,Teen,Casual,2016-06-02,3,2.3 and up
USR04659,NEWS_AND_MAGAZINES,4.5,76616,4.6,1000000,Free,0,Everyone 10+,News & Magazines,2017-05-25,4.4.3,4.0 and up
USR04660,PRODUCTIVITY,4.1,22,0.532,5000,Free,0,Everyone,Productivity,2016-03-08,8.0.0130,4.4 and up
USR04661,FAMILY,5,3,2.1,1000,Free,0,Everyone,Education,2017-07-31,1.3,4.0.3 and up
USR04662,COMMUNICATION,3.9,684,0.06,100000,Free,0,Everyone,Communication,2015-05-14,1.1.2,2.3 and up
USR04663,FAMILY,4.6,117,13,10000,Free,0,Everyone,Education,2017-11-21,1.03,6.0 and up
USR04664,TOOLS,4,177,2.8,10000,Free,0,Everyone,Tools,2015-05-04,1.0.8,2.3 and up
USR04665,NEWS_AND_MAGAZINES,3.6,188,9.9,10000,Free,0,Everyone,News & Magazines,2016-05-12,1,4.0 and up
USR04666,LIFESTYLE,4,22,2.5,10000,Free,0,Everyone,Lifestyle,2016-09-06,1,3.0 and up
USR04667,FAMILY,4.5,19,5.4,5000,Free,0,Everyone,Education,2018-07-03,1.6.7.1,4.1 and up
USR04668,FAMILY,2.9,45,1.3,5000,Free,0,Everyone,Education,2015-08-03,1.1,2.1 and up
USR04669,TOOLS,4.2,25,2.5,1000,Free,0,Everyone,Tools,2017-09-22,3.11,4.3 and up
USR04670,TOOLS,4.5,23,0.276,5000,Free,0,Everyone,Tools,2018-07-20,13,3.2 and up
USR04671,FAMILY,4.6,513,1.6,10000,Free,0,Everyone,Education,2016-07-18,1.1.2,4.0.3 and up
USR04672,TOOLS,4.7,11018,25,500000,Free,0,Everyone,Tools,2018-07-25,1.7.0,4.1 and up
USR04673,TOOLS,4.2,676,5.4,100000,Free,0,Everyone,Tools,2018-07-31,3.0.188,4.0.3 and up
USR04674,FAMILY,4.7,3,1.5,1000,Paid,2.99,Everyone,Education,2017-03-14,1.1,4.0.3 and up
USR04675,TOOLS,4.7,3,5.3,10,Paid,2.99,Everyone,Tools,2018-05-27,1.0.15,4.4 and up
USR04676,TOOLS,3.9,478,2,100000,Free,0,Everyone,Tools,2016-09-12,2.003,2.3 and up
USR04677,FAMILY,4.7,55,5.4,10000,Free,0,Everyone,Education,2018-07-03,1.6.7.1,4.1 and up
USR04678,FAMILY,3.7,88,41,10000,Free,0,Everyone,Education,2015-08-30,1.3.14,3.1 and up
USR04679,FAMILY,4.8,21,5.4,5000,Free,0,Everyone,Education,2018-07-03,1.6.7.1,4.1 and up
USR04680,COMMUNICATION,4,138,2.4,10000,Free,0,Everyone,Communication,2014-08-12,1,2.3.3 and up
USR04681,FAMILY,4.6,87,5.4,10000,Free,0,Everyone,Education,2018-07-03,1.6.7.1,4.1 and up
USR04682,FAMILY,4.4,105,9,10000,Free,0,Everyone,Education,2016-03-22,1.5.1,4.1 and up
USR04683,NEWS_AND_MAGAZINES,4.3,13166,25,1000000,Free,0,Everyone 10+,News & Magazines,2018-06-06,3.4.4,4.1 and up
USR04684,FAMILY,4.7,7,1.2,100,Paid,9.99,Everyone,Education,2013-11-01,1.2,1.6 and up
USR04685,PERSONALIZATION,3.6,5,45,500,Paid,1.49,Everyone,Personalization,2017-09-01,1.8.2,4.4 and up
USR04686,FAMILY,4.4,29,5.3,5000,Free,0,Everyone,Education,2018-07-03,1.6.7.1,4.1 and up
USR04687,TOOLS,4.6,70,3.2,1000,Free,0,Everyone,Tools,2018-01-19,1.1.4,4.1 and up
USR04688,FAMILY,2.9,10,73,100,Paid,4.99,Everyone,Educational,2017-04-25,2,4.0.3 and up
USR04689,FAMILY,4.5,242,5.4,50000,Free,0,Everyone,Education,2018-07-03,1.6.7.1,4.1 and up
USR04690,FAMILY,5,1,0.64,10,Paid,4.99,Everyone,Education,2013-08-31,1.3,2.0.1 and up
USR04691,TOOLS,3.7,3743,5.6,1000000,Free,0,Everyone,Tools,2018-08-03,6.4,4.1 and up
USR04692,FAMILY,3.7,37,9.5,5000,Free,0,Everyone,Education,2015-07-19,2.16,2.3 and up
USR04693,FAMILY,4.2,19,5.4,5000,Free,0,Everyone,Education,2018-07-03,1.6.7.1,4.1 and up
USR04694,SOCIAL,3,5,2.6,1000,Free,0,Teen,Social,2018-02-15,1.0.0.4,4.1 and up
USR04695,FAMILY,5,1,96,10,Paid,29.99,Mature 17+,Education,2016-01-19,3.3,4.0 and up
USR04696,SPORTS,4.4,129409,73,1000000,Paid,1.99,Everyone,Sports,2018-08-04,1.5.1,4.0.3 and up
USR04697,FAMILY,4.7,7,5.4,1000,Free,0,Everyone,Education,2018-07-03,1.6.7.1,4.1 and up
USR04698,FAMILY,4.3,22667,35,1000000,Free,0,Teen,Role Playing,2018-07-26,1.10.1,4.4 and up
USR04699,FAMILY,3.9,10114,48,100000,Free,0,Everyone,Casual,2018-06-13,1.0.63,4.0 and up
USR04700,FAMILY,4.4,48427,,500000,Free,0,Everyone 10+,Puzzle,2018-03-31,Varies with device,Varies with device
USR04701,GAME,4.3,4704,37,100000,Free,0,Everyone 10+,Arcade,2015-11-04,1.4.6,2.3 and up
USR04702,FAMILY,4.6,28,26,500,Free,0,Everyone,Puzzle,2018-01-16,3.1.6z,4.0.3 and up
USR04703,FAMILY,4.5,11,2.9,500,Free,0,Everyone,Entertainment,2017-08-15,3,4.0.3 and up
USR04704,MEDICAL,3.9,265,0.697,10000,Free,0,Everyone,Medical,2015-10-14,1.4.0,2.3.3 and up
USR04705,GAME,4.7,57,12,1000,Free,0,Everyone,Word,2017-11-01,1.0.0,4.1 and up
USR04706,COMMUNICATION,4.3,541661,,10000000,Free,0,Everyone,Communication,2018-07-09,7.5.3.20547,4.1 and up
USR04707,FAMILY,5,4,52,50,Free,0,Everyone,Education,2018-04-03,1.1,4.1 and up
USR04708,FAMILY,5,25,,1000,Free,0,Everyone,Education,2018-01-29,Varies with device,4.0 and up
USR04709,FAMILY,5,1,49,10,Free,0,Everyone,Education;Education,2018-02-16,1,4.0.3 and up
USR04710,WEATHER,4.4,2052407,,50000000,Free,0,Everyone,Weather,2018-08-02,Varies with device,Varies with device
USR04711,COMMUNICATION,2.7,560,37,10000,Free,0,Everyone,Communication,2018-07-25,1.0.21,4.4 and up
USR04712,PERSONALIZATION,4.6,41000,2,1000000,Free,0,Everyone,Personalization,2014-02-23,2.4.0,1.6 and up
USR04713,MAPS_AND_NAVIGATION,4.4,616742,,10000000,Free,0,Everyone,Maps & Navigation,2018-08-05,Varies with device,Varies with device
USR04714,GAME,4.4,161637,82,10000000,Free,0,Mature 17+,Action,2018-07-18,1.7.0m,4.0.3 and up
USR04715,PRODUCTIVITY,4.1,349151,,50000000,Free,0,Everyone,Productivity,2018-08-01,Varies with device,Varies with device
USR04716,TOOLS,3.8,169369,,10000000,Free,0,Everyone,Tools,2016-09-05,Varies with device,Varies with device
USR04717,FAMILY,4.4,218881,37,5000000,Free,0,Everyone 10+,Role Playing,2018-03-28,0.5.10011,4.0.3 and up
USR04718,FAMILY,4.6,31134,48,1000000,Free,0,Everyone 10+,Role Playing,2018-08-02,1.10.6,4.1 and up
USR04719,FAMILY,4.1,242722,54,10000000,Free,0,Teen,Role Playing,2018-07-09,3.1.2b,4.0.3 and up
USR04720,FAMILY,4.5,244039,46,5000000,Free,0,Everyone 10+,Role Playing,2018-06-04,3.0.5.2,4.0 and up
USR04721,FAMILY,4.2,720685,51,10000000,Free,0,Teen,Role Playing,2018-06-21,3.6.1a,4.0.3 and up
USR04722,FAMILY,4.7,84389,48,1000000,Free,0,Everyone,Role Playing,2018-08-05,1.375,4.0.3 and up
USR04723,GAME,4.3,137696,55,5000000,Free,0,Mature 17+,Word,2018-07-19,2.3.3,4.2 and up
USR04724,FAMILY,4.3,322976,,5000000,Free,0,Teen,Simulation,2018-06-13,Varies with device,4.2 and up
USR04725,FAMILY,4.2,254,25,10000,Free,0,Teen,Strategy,2018-03-17,1,7.0 and up
USR04726,GAME,3.8,898,33,100000,Free,0,Teen,Adventure,2016-12-21,1.2.3.1,2.3 and up
USR04727,GAME,4,22435,100,1000000,Free,0,Teen,Action,2018-08-01,1.1.0.3,5.0 and up
USR04728,FAMILY,4.3,308944,70,5000000,Free,0,Everyone 10+,Simulation,2018-08-02,1.3.15,4.4 and up
USR04729,SOCIAL,4.6,16801,,1000000,Free,0,Everyone,Social,2018-07-16,1.5.341,4.0.3 and up
USR04730,FAMILY,4.3,906,9.2,50000,Free,0,Mature 17+,Entertainment,2018-03-09,0.46.0,4.4 and up
USR04731,GAME,4.3,391325,43,10000000,Free,0,Everyone,Adventure,2018-06-20,1.131.2,4.0 and up
USR04732,FAMILY,4.3,28735,91,1000000,Free,0,Everyone,Casual,2018-08-01,1.12.0.1654,4.2 and up
USR04733,FAMILY,4.7,580160,29,5000000,Free,0,Everyone,Simulation,2018-06-13,1.7.5,4.0.3 and up
USR04734,GAME,4.4,862,44,100000,Free,0,Everyone 10+,Action,2018-03-16,1.0.4,7.0 and up
USR04735,GAME,3.8,17,30,1000,Free,0,Everyone,Arcade,2018-03-13,1.5,7.0 and up
USR04736,GAME,4.6,1226514,99,10000000,Free,0,Teen,Action,2018-07-20,4.4.4,4.1 and up
USR04737,GAME,4.6,19070,90,100000,Free,0,Everyone 10+,Action,2018-08-04,1,Varies with device
USR04738,HOUSE_AND_HOME,4.5,118,72,50000,Free,0,Everyone,House & Home,2018-07-10,3.7.1,5.0 and up
USR04739,SHOPPING,4.5,20247,47,5000000,Free,0,Everyone,Shopping,2018-08-03,4.70.30,4.1 and up
USR04740,NEWS_AND_MAGAZINES,3.9,63640,23,10000000,Free,0,Everyone 10+,News & Magazines,2018-08-01,6.19.5,4.4 and up
USR04741,SHOPPING,4.4,25717,,1000000,Free,0,Teen,Shopping,2018-07-31,Varies with device,Varies with device
USR04742,GAME,3.8,1363,26,100000,Free,0,Everyone,Arcade,2018-06-29,1.1.4,4.0 and up
USR04743,TOOLS,4.3,1602,5,100000,Free,0,Everyone,Tools,2018-08-03,1.1.7,7.0 and up
USR04744,PHOTOGRAPHY,4.3,1017237,,50000000,Free,0,Everyone,Photography,2018-07-30,7.6.5,4.3 and up
USR04745,FAMILY,3.7,128,20,10000,Free,0,Everyone,Entertainment,2018-03-08,1.2.2.122,7.0 and up
USR04746,FAMILY,3.2,1354,30,100000,Free,0,Everyone,Simulation,2017-08-12,2.14,4.0 and up
USR04747,FAMILY,4,211,37,10000,Free,0,Everyone,Entertainment,2018-07-23,0.8.6,7.0 and up
USR04748,FAMILY,3.8,410,28,10000,Free,0,Teen,Entertainment,2017-12-18,2.1,4.0 and up
USR04749,FAMILY,4.4,83,85,10000,Free,0,Everyone,Education,2018-06-28,1.2,7.0 and up
USR04750,FAMILY,3.8,1745,,1000000,Free,0,Everyone,Simulation,2018-07-17,2.25,5.0 and up
USR04751,FAMILY,3.4,131,22,5000,Free,0,Everyone,Simulation,2018-06-24,1,4.1 and up
USR04752,FAMILY,2.9,53,82,10000,Free,0,Everyone,Puzzle,2018-03-17,1.0.1,7.0 and up
USR04753,GAME,4.5,20,65,1000,Paid,0.99,Everyone 10+,Action,2018-03-27,1.0.0,7.0 and up
USR04754,TRAVEL_AND_LOCAL,3.7,25,43,5000,Free,0,Everyone,Travel & Local,2018-06-04,1.4,7.0 and up
USR04755,GAME,3.8,469,80,10000,Free,0,Everyone,Adventure,2017-05-19,1.4,4.0 and up
USR04756,BUSINESS,4.1,25195,21,1000000,Free,0,Everyone,Business,2018-02-26,v3.4.0-3,4.0.3 and up
USR04757,BOOKS_AND_REFERENCE,4.1,9636,0.091,1000000,Free,0,Everyone,Books & Reference,2011-09-22,2.4,2.1 and up
USR04758,FAMILY,3.7,22,90,5000,Free,0,Everyone,Entertainment,2018-07-10,1,7.0 and up
USR04759,GAME,3.6,153,67,10000,Free,0,Everyone,Action,2016-12-31,1.3,4.0 and up
USR04760,FAMILY,3,17,32,1000,Free,0,Everyone,Entertainment,2018-03-07,1.1,7.0 and up
USR04761,FAMILY,4.1,1152,2.7,100000,Free,0,Everyone,Entertainment,2018-05-30,2.0.0,7.0 and up
USR04762,FAMILY,3.8,20,36,1000,Free,0,Everyone,Simulation,2017-08-17,1.0.2,4.1 and up
USR04763,PRODUCTIVITY,4.2,29,35,5000,Free,0,Everyone,Productivity,2018-07-26,1.23,7.0 and up
USR04764,FAMILY,4.4,36268,41,1000000,Free,0,Teen,Entertainment,2017-04-25,3.0.15,4.2 and up
USR04765,FAMILY,4.5,153,,10000,Free,0,Everyone,Simulation,2018-08-03,0.8,7.0 and up
USR04766,FAMILY,3.6,740,71,50000,Free,0,Everyone,Simulation,2018-07-05,1.0.2,4.4 and up
USR04767,FAMILY,3.6,284,70,10000,Free,0,Everyone,Simulation,2017-06-10,1,4.1 and up
USR04768,SPORTS,3.7,20879,22,1000000,Free,0,Everyone,Sports,2018-06-09,5.1.13,4.1 and up
USR04769,SPORTS,3.9,76340,14,5000000,Free,0,Everyone,Sports,2018-07-25,6.3.3,4.1 and up
USR04770,LIFESTYLE,4.2,2563,,100000,Free,0,Everyone,Lifestyle,2018-06-26,Varies with device,Varies with device
USR04771,SPORTS,4.1,4374,53,100000,Free,0,Everyone,Sports,2017-09-14,1.0.10,4.1 and up
USR04772,LIFESTYLE,4.5,23966,0.852,1000000,Paid,5.99,Everyone,Lifestyle,2018-06-27,20180608,4.0 and up
USR04773,HEALTH_AND_FITNESS,2.8,961,1.3,100000,Free,0,Everyone,Health & Fitness,2018-02-27,1.5,4.0 and up
USR04774,HEALTH_AND_FITNESS,2.6,114,1.6,10000,Free,0,Everyone,Health & Fitness,2018-06-20,20180620,2.3 and up
USR04775,LIFESTYLE,4.3,246201,,10000000,Free,0,Everyone,Lifestyle,2018-07-23,Varies with device,Varies with device
USR04776,GAME,4.4,125652,56,10000000,Free,0,Everyone,Action,2018-06-18,3.3.0,4.2 and up
USR04777,FAMILY,4.1,1407,3.4,100000,Free,0,Everyone 10+,Role Playing,2018-03-12,1.0.5,4.0 and up
USR04778,LIFESTYLE,4,448,3.1,50000,Free,0,Everyone,Lifestyle,2018-06-08,1.3,2.3 and up
USR04779,GAME,4.3,11379,20,500000,Free,0,Everyone 10+,Arcade,2018-07-29,1.4,4.0.3 and up
USR04780,HEALTH_AND_FITNESS,3.9,2057,6.2,50000,Paid,1.99,Everyone,Health & Fitness,2017-10-18,2.4,4.0 and up
USR04781,LIFESTYLE,3.5,28,0.118,1000,Free,0,Everyone,Lifestyle,2016-01-23,1.0.0.8,4.2 and up
USR04782,COMMUNICATION,3.7,42329,,5000000,Free,0,Everyone,Communication,2018-06-04,Varies with device,Varies with device
USR04783,FAMILY,4.3,344283,95,10000000,Free,0,Teen,Role Playing,2017-12-18,1.11.39,4.1 and up
USR04784,LIFESTYLE,4.3,258717,9.4,10000000,Free,0,Everyone,Lifestyle,2017-09-25,1.3.1,4.0.3 and up
USR04785,PRODUCTIVITY,4.1,40437,,5000000,Free,0,Everyone,Productivity,2018-02-06,Varies with device,Varies with device
USR04786,GAME,4.2,51787,,5000000,Free,0,Everyone,Arcade,2018-01-12,Varies with device,Varies with device
USR04787,GAME,4.3,531074,2.5,10000000,Free,0,Everyone,Arcade,2018-01-09,Varies with device,Varies with device
USR04788,COMMUNICATION,4.2,171052,,10000000,Free,0,Everyone,Communication,2018-08-03,Varies with device,Varies with device
USR04789,FAMILY,4.6,807155,93,10000000,Free,0,Teen,Simulation,2018-07-30,2.3.5,4.0.3 and up
USR04790,HEALTH_AND_FITNESS,4.3,480208,70,500000000,Free,0,Everyone,Health & Fitness,2018-07-31,5.17.2.009,5.0 and up
USR04791,VIDEO_PLAYERS,4.1,29867,1.7,5000000,Free,0,Everyone,Video Players & Editors,2017-05-24,3.1.0 (build 1210),2.3.3 and up
USR04792,FAMILY,4.4,450013,37,10000000,Free,0,Everyone,Puzzle,2018-07-11,5.9.0,4.2 and up
USR04793,FAMILY,4.4,228130,70,5000000,Free,0,Everyone 10+,Strategy,2018-07-19,3.1.4,4.1 and up
USR04794,HEALTH_AND_FITNESS,4.1,111465,,5000000,Free,0,Everyone,Health & Fitness,2018-07-25,Varies with device,Varies with device
USR04795,FINANCE,4.2,348132,,100000000,Free,0,Everyone,Finance,2018-07-26,2.70.206190089,Varies with device
USR04796,LIFESTYLE,4.4,155693,,5000000,Free,0,Everyone,Lifestyle,2014-09-30,Varies with device,Varies with device
USR04797,TOOLS,4.3,81668,,5000000,Free,0,Everyone,Tools,2016-12-26,Varies with device,Varies with device
USR04798,FAMILY,2.4,11773,3.3,1000000,Free,0,Everyone,Entertainment,2018-06-13,18.6.2,4.1 and up
USR04799,PRODUCTIVITY,4.5,870928,16,50000000,Free,0,Everyone,Productivity,2018-06-08,5.9.6,4.1 and up
USR04800,PERSONALIZATION,4.3,495748,,50000000,Free,0,Everyone,Personalization,2018-07-29,Varies with device,Varies with device
USR04801,GAME,4.5,407788,19,5000000,Free,0,Everyone,Action,2013-07-18,3.4.0,2.1 and up
USR04802,FAMILY,4.5,118285,22,1000000,Free,0,Teen,Simulation,2018-05-24,1.2.1,4.1 and up
USR04803,COMMUNICATION,4.3,347086,,10000000,Free,0,Everyone,Communication,2018-01-23,Varies with device,4.1 and up
USR04804,FAMILY,4.4,379245,68,10000000,Free,0,Everyone,Casual;Action & Adventure,2018-06-26,1.28.01,4.1 and up
USR04805,PRODUCTIVITY,4.3,144873,,10000000,Free,0,Everyone,Productivity,2016-01-24,3.5.0,Varies with device
USR04806,VIDEO_PLAYERS,4.4,326232,,50000000,Free,0,Everyone,Video Players & Editors,2016-12-03,Varies with device,Varies with device
USR04807,HEALTH_AND_FITNESS,4.6,318134,,5000000,Free,0,Everyone,Health & Fitness,2018-05-29,Varies with device,Varies with device
USR04808,FAMILY,3.4,2445,34,500000,Free,0,Everyone,Entertainment,2018-07-11,1.4.0,5.0 and up
USR04809,FAMILY,3.9,65119,46,1000000,Free,0,Everyone 10+,Strategy,2018-05-22,2.1.0,3.0 and up
USR04810,FAMILY,4.3,34898,92,1000000,Free,0,Teen,Strategy,2018-06-28,4.05,4.0.3 and up
USR04811,GAME,4.4,889425,45,10000000,Free,0,Teen,Action,2015-07-26,1.1,2.3 and up
USR04812,GAME,4.5,1041836,50,10000000,Free,0,Teen,Action,2015-04-02,1.07,2.3 and up
USR04813,FAMILY,4.4,17945,9.5,1000000,Free,0,Mature 17+,Entertainment,2018-06-06,2.9.8,4.4 and up
USR04814,SPORTS,4.2,82857,,5000000,Free,0,Everyone,Sports,2018-07-30,Varies with device,Varies with device
USR04815,GAME,4,47151,36,5000000,Free,0,Everyone 10+,Action,2017-12-26,2.4.0,4.3 and up
USR04816,FAMILY,4.3,107765,78,5000000,Free,0,Everyone 10+,Strategy,2018-05-25,3.1.9,4.1 and up
USR04817,TRAVEL_AND_LOCAL,4.4,57556,,5000000,Free,0,Everyone,Travel & Local,2018-07-31,Varies with device,Varies with device
USR04818,FAMILY,4.2,37165,22,1000000,Free,0,Teen,Simulation,2018-02-14,5.1.0,2.3 and up
USR04819,FAMILY,4,174127,48,5000000,Free,0,Teen,Simulation,2016-10-03,1.3,3.0 and up
USR04820,VIDEO_PLAYERS,4.4,4706,1.5,1000000,Free,0,Everyone,Video Players & Editors,2018-06-19,Z (Special Edition R9),4.4 and up
USR04821,FAMILY,4.6,73919,40,500000,Paid,2.99,Teen,Strategy,2014-11-15,1.07,2.3 and up
USR04822,FAMILY,4,532,6.5,100000,Free,0,Everyone,Educational,2017-06-06,1.6,2.3 and up
USR04823,GAME,4.4,344819,51,5000000,Free,0,Teen,Action,2016-10-18,1.4,3.0 and up
USR04824,FAMILY,3.5,9335,12,1000000,Free,0,Everyone,Entertainment,2017-11-26,1.2,4.0.3 and up
USR04825,GAME,4.6,100805,50,1000000,Paid,2.99,Teen,Action,2014-12-02,1.85,2.3 and up
USR04826,FAMILY,4,15875,40,1000000,Free,0,Teen,Simulation,2017-03-03,1.5,4.2 and up
USR04827,GAME,4,23168,54,1000000,Free,0,Teen,Adventure,2018-07-09,1.3.0,4.4 and up
USR04828,GAME,4.1,2628,45,100000,Free,0,Teen,Adventure,2017-05-22,1.1,4.2 and up
USR04829,FAMILY,4.1,235486,63,10000000,Free,0,Teen,Entertainment,2018-06-01,5.9.006,4.1 and up
USR04830,GAME,3.3,2717,4,100000,Free,0,Teen,Action,2017-12-07,0.1,2.3 and up
USR04831,FAMILY,3.9,24123,69,1000000,Free,0,Teen,Entertainment,2018-06-01,5.9.006,4.1 and up
USR04832,GAME,4.1,7728,39,500000,Free,0,Teen,Adventure,2018-07-17,1.5.0,4.4 and up
USR04833,GAME,4.2,2180,55,100000,Free,0,Everyone 10+,Action,2018-01-26,1.1.0,4.2 and up
USR04834,GAME,4,59223,46,5000000,Free,0,Teen,Action,2018-06-26,1.6.5,4.1 and up
USR04835,GAME,4.5,16162,99,100000,Paid,2.99,Teen,Action,2017-04-06,1.2,2.3 and up
USR04836,GAME,3.8,596,91,100000,Free,0,Teen,Adventure,2017-08-17,1,4.1 and up
USR04837,GAME,3.5,1976,21,100000,Free,0,Teen,Action,2018-03-03,1.6,4.1 and up
USR04838,GAME,4.3,6698,46,500000,Free,0,Everyone 10+,Action,2016-05-14,1.0.1,2.3 and up
USR04839,GAME,4.6,21266,45,100000,Paid,2.99,Teen,Action,2015-07-26,1.1,2.3 and up
USR04840,GAME,4.7,4041,24,10000,Free,0,Everyone,Arcade,2017-06-27,1.5.14,2.3.3 and up
USR04841,GAME,3.8,2691,52,100000,Free,0,Teen,Adventure,2017-02-22,1.2,4.2 and up
USR04842,GAME,4.7,27856,50,100000,Paid,2.99,Teen,Action,2015-04-02,1.07,2.3 and up
USR04843,SOCIAL,4.8,5369,63,50000,Free,0,Teen,Social,2018-07-13,1.8.19106,4.0.3 and up
USR04844,FAMILY,3.2,9126,5.8,1000000,Free,0,Everyone,Strategy,2016-06-08,1.0.9,4.0 and up
USR04845,BOOKS_AND_REFERENCE,4.5,568922,,100000000,Free,0,Teen,Books & Reference,2018-08-01,Varies with device,Varies with device
USR04846,GAME,3.9,85278,23,1000000,Free,0,Mature 17+,Music,2018-07-17,1.8.0716,4.0.3 and up
USR04847,GAME,3.6,16521,23,1000000,Free,0,Everyone,Music,2018-05-09,1.8.0502,2.3 and up
USR04848,FOOD_AND_DRINK,3.7,70,26,10000,Free,0,Everyone,Food & Drink,2018-07-23,1.4,5.0 and up
USR04849,LIFESTYLE,4.4,28,8.8,1000,Free,0,Everyone,Lifestyle,2018-07-19,3.5,5.0 and up
USR04850,GAME,4.1,91667,27,1000000,Free,0,Everyone,Arcade,2018-07-24,3.3,2.3 and up
USR04851,FAMILY,4,664,2.1,100000,Free,0,Everyone,Education,2017-12-14,2.2.5,4.1 and up
USR04852,LIFESTYLE,3.1,212,12,50000,Free,0,Everyone,Lifestyle,2017-09-26,2.1.4,4.1 and up
USR04853,WEATHER,4,1185,5,100000,Free,0,Everyone,Weather,2018-06-18,2.47.2,2.3 and up
USR04854,MAPS_AND_NAVIGATION,2.8,440,23,10000,Paid,0.99,Everyone,Maps & Navigation,2018-05-10,2.5.9,2.3.3 and up
USR04855,FAMILY,3.7,681,8.2,10000,Free,0,Everyone,Education,2018-08-01,5.06,4.4 and up
USR04856,SPORTS,2.7,17,14,1000,Free,0,Everyone,Sports,2017-12-21,1.0.0,4.1 and up
USR04857,FAMILY,3.9,623,8.5,100000,Free,0,Everyone,Education,2018-03-26,3.5,4.1 and up
USR04858,HOUSE_AND_HOME,3.8,14657,,1000000,Free,0,Everyone,House & Home,2018-07-16,Varies with device,Varies with device
USR04859,GAME,3.6,2433,47,100000,Free,0,Everyone,Music,2018-06-15,1.6.4,4.3 and up
USR04860,FAMILY,4.5,1827,12,100000,Free,0,Everyone,Education,2018-06-05,1.3,4.1 and up
USR04861,FINANCE,3.5,30,17,1000,Free,0,Everyone,Finance,2018-05-27,1.4.0,4.1 and up
USR04862,FAMILY,4,97,3.9,10000,Free,0,Everyone,Education,2016-07-01,1.1,4.0 and up
USR04863,FAMILY,3.8,762,4.1,100000,Free,0,Everyone,Education,2017-02-01,2,4.0 and up
USR04864,SOCIAL,3.6,58,15,10000,Free,0,Everyone,Social,2017-08-14,1.3.0,4.2 and up
USR04865,COMMUNICATION,4.2,16,3.3,1000,Free,0,Everyone,Communication,2018-04-24,1.0.4,4.1 and up
USR04866,BUSINESS,4.4,128,6.7,50000,Free,0,Everyone,Business,2018-06-26,2.6.1,5.0 and up
USR04867,TOOLS,4,498,11,10000,Free,0,Everyone,Tools,2018-07-12,1.35.1,4.0.3 and up
USR04868,NEWS_AND_MAGAZINES,4.7,48,4.1,1000,Free,0,Everyone,News & Magazines,2018-07-08,7.0.0,4.0.3 and up
USR04869,FAMILY,4.1,23609,31,1000000,Free,0,Teen,Casual,2018-04-13,1.26,4.0 and up
USR04870,GAME,4,24312,25,500000,Free,0,Everyone,Music,2018-07-22,3.3,4.0.3 and up
USR04871,LIFESTYLE,4.7,57,5.8,10000,Free,0,Everyone,Lifestyle,2017-09-18,1.1,4.0 and up
USR04872,HOUSE_AND_HOME,3.8,874,12,100000,Free,0,Everyone,House & Home,2018-08-01,5.13.1,4.3 and up
USR04873,BUSINESS,5,2,14,1000,Free,0,Teen,Business,2018-08-05,1.1,4.2 and up
USR04874,SPORTS,4.4,27,78,10000,Free,0,Everyone,Sports,2016-08-03,1,4.0.3 and up
USR04875,GAME,4,29462,44,1000000,Free,0,Teen,Music,2018-06-14,1.1.7,4.0 and up
USR04876,GAME,3.8,159063,85,1000000,Free,0,Everyone,Music,2018-02-09,0.8.0,4.0 and up
USR04877,BUSINESS,4.1,294,9.8,10000,Free,0,Everyone,Business,2018-07-05,4.1.2,4.0 and up
USR04878,NEWS_AND_MAGAZINES,4.3,697,5.7,50000,Free,0,Everyone,News & Magazines,2017-04-08,2.4,4.1 and up
USR04879,TOOLS,4.5,6207063,,100000000,Free,0,Everyone,Tools,2018-08-03,Varies with device,Varies with device
USR04880,TOOLS,4.4,631,,100000,Free,0,Everyone,Tools,2016-09-22,Varies with device,Varies with device
USR04881,PRODUCTIVITY,3.4,617,46,100000,Free,0,Everyone,Productivity,2018-04-17,1.5.3,4.1 and up
USR04882,BOOKS_AND_REFERENCE,4.1,215,30,10000,Free,0,Teen,Books & Reference,2018-03-06,1.2,4.0 and up
USR04883,FAMILY,4.1,25,47,5000,Free,0,Everyone,Education,2017-03-08,1.2,4.1 and up
USR04884,FAMILY,3.8,6,23,1000,Free,0,Everyone,Entertainment,2018-01-19,1,4.4 and up
USR04885,TOOLS,4.3,35,,1000,Paid,2.49,Everyone,Tools,2016-09-22,Varies with device,Varies with device
USR04886,FAMILY,4.4,1275373,91,10000000,Free,0,Teen,Role Playing,2018-07-03,1.021.10,4.1 and up
USR04887,VIDEO_PLAYERS,4.4,43,44,1000,Free,0,Everyone,Video Players & Editors,2018-04-27,1,4.1 and up
USR04888,VIDEO_PLAYERS,4.8,258277,,10000000,Free,0,Everyone,Video Players & Editors,2018-08-03,Varies with device,4.3 and up
USR04889,VIDEO_PLAYERS,3.3,171,4.8,10000,Free,0,Everyone,Video Players & Editors,2017-08-10,1.1,4.1 and up
USR04890,COMMUNICATION,3.3,1434,9.5,100000,Free,0,Everyone,Communication,2014-03-06,1.2.5,2.3 and up
USR04891,VIDEO_PLAYERS,4.4,22,19,5000,Free,0,Everyone,Video Players & Editors,2018-03-06,1.0.1,4.0 and up
USR04892,TOOLS,3.7,701,7.3,100000,Free,0,Everyone,Tools,2018-07-31,Cow V3.15,4.3 and up
USR04893,TOOLS,3.4,2420,1.8,1000000,Free,0,Everyone,Tools,2016-06-03,1.1.8,2.3.3 and up
USR04894,FINANCE,2.3,251,5.7,50000,Free,0,Everyone,Finance,2017-10-12,1.0.5,4.0 and up
USR04895,FAMILY,3.3,11,7.3,1000,Free,0,Teen,Entertainment,2017-08-23,3.4.0,4.1 and up
USR04896,PHOTOGRAPHY,2.7,90,4,5000,Paid,2.99,Everyone,Photography,2017-10-19,13,2.3.3 and up
USR04897,TOOLS,4.6,1170641,26,10000000,Free,0,Everyone,Tools,2018-07-26,4.2.1.4174,4.1 and up
USR04898,FAMILY,3.5,174,5.6,50000,Free,0,Everyone,Entertainment,2016-06-29,1.0.3,4.0 and up
USR04899,TOOLS,3.4,150,7.3,50000,Free,0,Everyone,Tools,2018-06-01,Cow V3.11,4.1 and up
USR04900,FAMILY,4.3,259,49,10000,Free,0,Everyone,Education,2017-02-22,1.3.2,4.0 and up
USR04901,LIFESTYLE,4.1,9,8.7,1000,Free,0,Everyone,Lifestyle,2018-07-18,7.2.2,4.1 and up
USR04902,TOOLS,4.7,2598579,49,50000000,Free,0,Everyone,Tools,2018-07-24,11.17.4.1024,4.1 and up
USR04903,PRODUCTIVITY,4.4,574719,20,10000000,Free,0,Everyone,Productivity,2018-07-16,5.0.0.1442,4.1 and up
USR04904,LIFESTYLE,3.8,250,7.3,50000,Free,0,Everyone,Lifestyle,2018-07-31,Cow V3.15,4.3 and up
USR04905,VIDEO_PLAYERS,3,78,0.314,10000,Free,0,Everyone,Video Players & Editors,2013-09-19,1.3,1.6 and up
USR04906,BOOKS_AND_REFERENCE,4.4,98,6.3,10000,Free,0,Everyone,Books & Reference,2014-08-04,1.5,2.2 and up
USR04907,TOOLS,4.2,27,3.4,5000,Free,0,Everyone,Tools,2016-05-17,1.1.6,4.0.3 and up
USR04908,PRODUCTIVITY,4.5,24,22,1000,Free,0,Everyone,Productivity,2017-07-12,2.0.1,4.2 and up
USR04909,FAMILY,3.5,91,25,10000,Free,0,Everyone,Education,2018-04-05,5.2.002,4.1 and up
USR04910,TOOLS,4.5,78629,6.3,1000000,Free,0,Everyone,Tools,2018-07-20,3.4.406,4.0.3 and up
USR04911,GAME,4.3,955614,82,10000000,Free,0,Teen,Action,2018-06-26,5.1.2,3.0 and up
USR04912,LIFESTYLE,4.5,82,8.7,5000,Free,0,Everyone,Lifestyle,2015-07-26,2.1,2.3.3 and up
USR04913,TOOLS,4.5,648380,24,10000000,Free,0,Everyone,Tools,2018-08-01,4.6.4,4.1 and up
USR04914,COMMUNICATION,4,7317,,1000000,Free,0,Teen,Communication,2018-07-04,1.0.08.73,4.0.3 and up
USR04915,FAMILY,4.8,4,43,100,Free,0,Everyone,Casual,2018-02-06,1,4.0 and up
USR04916,VIDEO_PLAYERS,4.3,1659,3.7,100000,Free,0,Everyone,Video Players & Editors,2017-07-06,1.1,5.0 and up
USR04917,FOOD_AND_DRINK,1.7,14,13,1000,Free,0,Everyone,Food & Drink,2018-06-06,2.7.0,4.1 and up
USR04918,PHOTOGRAPHY,4.3,18325,,1000000,Free,0,Everyone,Photography,2017-09-03,Varies with device,Varies with device
USR04919,BOOKS_AND_REFERENCE,4.2,8,3.9,5000,Free,0,Everyone,Books & Reference,2016-10-07,1,2.3 and up
USR04920,TOOLS,4.2,725,3,100000,Free,0,Everyone,Tools,2018-03-14,2,4.3 and up
USR04921,TOOLS,4.3,2158,3,100000,Free,0,Everyone,Tools,2018-03-07,2,4.3 and up
USR04922,GAME,4,7718,46,100000,Free,0,Everyone,Action,2018-08-02,1.0-a22936.127,5.0 and up
USR04923,TOOLS,4.2,249,3,50000,Free,0,Everyone,Tools,2018-03-17,2,4.3 and up
USR04924,NEWS_AND_MAGAZINES,4.6,9,17,500,Free,0,Everyone,News & Magazines,2018-06-04,1.0.3,4.1 and up
USR04925,GAME,4.1,29062,63,1000000,Free,0,Everyone,Casino,2017-09-15,2.1,2.3 and up
USR04926,FAMILY,4.6,11,17,1000,Free,0,Everyone,Education,2018-07-05,3.3.2,4.0.3 and up
USR04927,TOOLS,4.1,484,2.9,100000,Free,0,Everyone,Tools,2018-03-06,2,4.3 and up
USR04928,TOOLS,4,202,2.9,50000,Free,0,Everyone,Tools,2018-03-15,2,4.3 and up
USR04929,TOOLS,3.3,40,2.7,1000,Paid,1.99,Everyone,Tools,2018-03-07,2,4.3 and up
USR04930,NEWS_AND_MAGAZINES,4.1,1948,,100000,Free,0,Everyone,News & Magazines,2018-02-22,Varies with device,Varies with device
USR04931,TOOLS,4,9,4.7,500,Free,0,Everyone,Tools,2018-05-17,2.7,6.0 and up
USR04932,TOOLS,4.4,52,3,5000,Free,0,Everyone,Tools,2018-03-17,2,4.3 and up
USR04933,TOOLS,4.2,294,3,50000,Free,0,Everyone,Tools,2018-03-10,2,4.3 and up
USR04934,GAME,3.8,35572,,1000000,Free,0,Teen,Arcade,2013-09-04,Varies with device,Varies with device
USR04935,BUSINESS,3.1,20973,31,5000000,Free,0,Everyone,Business,2018-08-01,8.2.0.84,4.0 and up
USR04936,BOOKS_AND_REFERENCE,5,5,4.3,1000,Free,0,Everyone,Books & Reference,2016-10-08,1,2.3 and up
USR04937,GAME,4.2,492,63,100000,Free,0,Teen,Action,2017-04-06,1,4.0.3 and up
USR04938,BUSINESS,4.7,114,8.6,5000,Free,0,Everyone,Business,2018-03-30,3.1.0.2,4.3 and up
USR04939,GAME,4.4,1604146,57,10000000,Free,0,Teen,Action,2018-06-27,4.8.0,4.1 and up
USR04940,PERSONALIZATION,4.6,285,,10000,Paid,0.99,Everyone,Personalization,2018-06-04,2.5.21,Varies with device
USR04941,WEATHER,4.4,260137,13,10000000,Free,0,Everyone 10+,Weather,2018-07-16,3.8.1,4.1 and up
USR04942,FAMILY,2.9,2079,5.6,100000,Free,0,Everyone,Entertainment,2015-06-06,1.2.2,3.0 and up
USR04943,BUSINESS,2.7,8346,,1000000,Free,0,Everyone,Business,2017-09-20,Varies with device,4.0 and up
USR04944,PERSONALIZATION,4.6,7264,,100000,Paid,1.99,Everyone,Personalization,2017-11-16,3.6.46,Varies with device
USR04945,PRODUCTIVITY,4,6205,,100000,Free,0,Everyone,Productivity,2018-02-05,Varies with device,Varies with device
USR04946,VIDEO_PLAYERS,3.8,1156,23,100000,Free,0,Everyone,Video Players & Editors,2015-10-20,1.3.9b,4.3 and up
USR04947,BOOKS_AND_REFERENCE,4.8,6,1.6,1000,Free,0,Everyone,Books & Reference,2017-02-14,5,3.0 and up
USR04948,FOOD_AND_DRINK,5,1,24,100,Free,0,Everyone,Food & Drink,2018-04-05,10,4.1 and up
USR04949,PRODUCTIVITY,3.9,127,5.9,1000,Paid,0.99,Everyone,Productivity,2017-12-24,7.0.1,4.3 and up
USR04950,WEATHER,4.2,19666,,1000000,Free,0,Everyone,Weather,2018-04-11,Varies with device,Varies with device
USR04951,NEWS_AND_MAGAZINES,4.1,2808,,100000,Free,0,Everyone,News & Magazines,2016-02-08,Varies with device,Varies with device
USR04952,FAMILY,4.7,54,44,10000,Free,0,Everyone,Entertainment,2018-06-08,2.1,5.0 and up
USR04953,FAMILY,4.2,24775,30,100000,Free,0,Everyone 10+,Puzzle,2015-10-12,1.2.1,2.3.3 and up
USR04954,GAME,4.2,3845,76,500000,Free,0,Everyone 10+,Arcade,2018-08-03,1.6.1,4.1 and up
USR04955,BUSINESS,3.7,244,0.953,10000,Free,0,Everyone,Business,2015-10-26,3.3,2.3.3 and up
USR04956,VIDEO_PLAYERS,4.1,15765,10,1000000,Free,0,Everyone,Video Players & Editors,2014-09-12,2,2.2 and up
USR04957,LIFESTYLE,4.1,305,44,10000,Free,0,Everyone,Lifestyle,2017-07-04,1.5.0,4.4 and up
USR04958,GAME,3.8,141,19,10000,Free,0,Everyone,Arcade,2018-05-26,1.0.6,4.1 and up
USR04959,FINANCE,4.6,4546,3,100000,Free,0,Everyone,Finance,2018-02-08,1.2.3,4.0 and up
USR04960,GAME,4.4,21,15,5000,Free,0,Everyone,Arcade,2018-05-28,0.1,4.1 and up
USR04961,GAME,4.2,924,43,100000,Free,0,Everyone,Arcade,2017-10-21,1.5.2,3.0 and up
USR04962,VIDEO_PLAYERS,4.4,569,2.6,50000,Free,0,Everyone,Video Players & Editors,2015-11-11,1.0.9,3.0 and up
USR04963,GAME,4.6,29,31,1000,Free,0,Everyone 10+,Arcade,2017-10-22,1.3.3,4.2 and up
USR04964,GAME,5,8,25,50,Free,0,Everyone,Arcade,2018-06-26,1.1,4.1 and up
USR04965,GAME,4.5,52,33,5000,Free,0,Everyone,Action,2018-06-26,1.0.5,4.1 and up
USR04966,TOOLS,3.5,17,7.4,5000,Free,0,Everyone,Tools,2018-06-04,3_1,4.4 and up
USR04967,TOOLS,3.9,56,2.3,10000,Free,0,Everyone,Tools,2016-12-19,1.3.2,3.1 and up
USR04968,GAME,4.4,15806,42,1000000,Free,0,Teen,Arcade,2018-06-06,1.0.7,4.1 and up
USR04969,FAMILY,3,2,,10,Free,0,Everyone,Casual,2018-01-04,1.0.0,4.1 and up
USR04970,GAME,3.1,440,9.1,50000,Free,0,Everyone,Arcade,2012-11-26,1.0.6,2.1 and up
USR04971,GAME,4.4,69,2.8,50000,Free,0,Teen,Action,2017-11-25,1,4.0.3 and up
USR04972,HEALTH_AND_FITNESS,3,94,30,10000,Free,0,Everyone,Health & Fitness,2018-07-09,1.0.2,4.3 and up
USR04973,GAME,3.7,53,14,1000,Free,0,Everyone,Adventure,2015-02-23,3,2.3.3 and up
USR04974,FAMILY,3.7,291,37,100000,Free,0,Everyone,Simulation,2017-09-14,2.04,4.1 and up
USR04975,GAME,3.9,71,52,10000,Free,0,Teen,Action,2016-12-01,1.1,2.3 and up
USR04976,FAMILY,4.8,53,4.4,1000,Free,0,Everyone,Education,2018-02-28,1.3,4.0.3 and up
USR04977,GAME,4.6,6344,32,500000,Free,0,Everyone,Action,2018-04-04,1.7,4.1 and up
USR04978,LIFESTYLE,4.6,10,3.4,500,Free,0,Everyone,Lifestyle,2015-08-31,1.0.0,4.0 and up
USR04979,SPORTS,4.5,12,23,1000,Free,0,Everyone,Sports,2018-01-26,5.0.3,4.2 and up
USR04980,GAME,4.3,6,61,1000,Free,0,Everyone,Action,2017-09-14,1.2,4.0 and up
USR04981,GAME,5,7,15,100,Free,0,Everyone,Arcade,2017-09-27,1.1,4.2 and up
USR04982,FAMILY,4.3,10446,64,500000,Free,0,Everyone,Casual,2018-07-13,1.0.142,4.0.3 and up
USR04983,PERSONALIZATION,4.7,9,12,100,Free,0,Teen,Personalization,2017-02-03,2.6,4.0 and up
USR04984,GAME,4,82,4.4,5000,Free,0,Everyone,Action,2015-07-06,1.0.2,2.3 and up
USR04985,VIDEO_PLAYERS,3.8,11,3.6,5000,Free,0,Teen,Video Players & Editors,2018-05-04,1.0.261,2.3 and up
USR04986,SHOPPING,5,2,2.9,100,Free,0,Teen,Shopping,2018-02-16,1.2,4.1 and up
USR04987,BOOKS_AND_REFERENCE,4.8,111,10,5000,Free,0,Everyone,Books & Reference,2018-05-21,1.6.2,4.1 and up
USR04988,FAMILY,4.5,11,7.2,100,Free,0,Everyone,Entertainment,2015-10-27,3.0.0,2.1 and up
USR04989,TOOLS,4.3,12,3.8,500,Free,0,Everyone,Tools,2017-05-15,2.2,5.0 and up
USR04990,PHOTOGRAPHY,3.7,1213,1.1,500000,Free,0,Everyone,Photography,2018-01-23,1.06,2.3 and up
USR04991,BOOKS_AND_REFERENCE,4.3,72,1.9,10000,Free,0,Everyone,Books & Reference,2015-12-21,1,2.3 and up
USR04992,GAME,3.8,489,36,10000,Free,0,Everyone 10+,Arcade,2015-03-17,1.0.3.1,4.0 and up
USR04993,LIFESTYLE,4.5,484,,1000,Paid,4.99,Mature 17+,Lifestyle,2018-07-17,Varies with device,Varies with device
USR04994,FAMILY,4.6,23,17,10000,Free,0,Everyone,Education,2016-09-12,1,2.2 and up
USR04995,LIFESTYLE,4.1,2954,,100000,Free,0,Mature 17+,Lifestyle,2018-07-17,Varies with device,Varies with device
USR04996,BOOKS_AND_REFERENCE,4.2,27,4.3,10000,Free,0,Everyone,Books & Reference,2018-01-30,1,4.0 and up
USR04997,FAMILY,5,41,4,1000,Free,0,Everyone,Education,2017-12-13,10.6,4.2 and up
USR04998,FAMILY,4.3,7168735,,1000000000,Free,0,Teen,Entertainment,2018-07-16,Varies with device,Varies with device
USR04999,WEATHER,3.3,115,5.1,10000,Free,0,Everyone,Weather,2017-02-23,1.4,4.1 and up
USR05000,TOOLS,3.6,9895,2.7,1000000,Free,0,Everyone,Tools,2017-02-03,2,4.2 and up
USR05001,GAME,4,162530,97,10000000,Free,0,Mature 17+,Racing,2018-07-02,1.0.0.0,4.1 and up
USR05002,FAMILY,4,39779,19,5000000,Free,0,Everyone,Video Players & Editors;Music & Video,2016-08-05,4.0.1,4.0.3 and up
USR05003,GAME,4,254518,100,10000000,Free,0,Mature 17+,Action,2018-07-09,2,4.0 and up
USR05004,PERSONALIZATION,4.3,647721,,10000000,Free,0,Everyone,Personalization,2018-07-24,Varies with device,Varies with device
USR05005,GAME,4.2,88901,73,10000000,Free,0,Teen,Action,2018-05-24,11.0.0,4.0 and up
USR05006,FAMILY,4.3,65146,100,10000000,Free,0,Mature 17+,Simulation,2018-05-31,2.1,4.0 and up
USR05007,VIDEO_PLAYERS,4.2,104551,18,10000000,Free,0,Everyone,Video Players & Editors,2017-12-19,1.0.10,2.2 and up
USR05008,PERSONALIZATION,4.5,66321,18,5000000,Free,0,Everyone,Personalization,2018-06-11,2.4,4.1 and up
USR05009,GAME,4.3,29270,44,5000000,Free,0,Everyone,Action,2018-07-25,1.4.3,4.0.3 and up
USR05010,VIDEO_PLAYERS,4.6,751911,,10000000,Free,0,Everyone,Video Players & Editors,2018-08-02,Varies with device,5.0 and up
USR05011,COMMUNICATION,4.4,1520,5.2,100000,Free,0,Everyone,Communication,2016-12-31,1.4,4.4 and up
USR05012,FAMILY,4.2,97,8.9,10000,Free,0,Everyone,Entertainment,2018-07-09,2.0.0(9),4.0.3 and up
USR05013,LIBRARIES_AND_DEMO,4.2,11087,34,1000000,Free,0,Everyone,Libraries & Demo,2017-03-16,4.1.4,5.0 and up
USR05014,FAMILY,4.2,26426,30,1000000,Free,0,Everyone,Education;Education,2018-08-02,4.1.0,4.4 and up
USR05015,PHOTOGRAPHY,3.4,2332,1.6,100000,Free,0,Everyone,Photography,2015-08-28,2.2,5.0 and up
USR05016,PRODUCTIVITY,3.2,2728,4.4,500000,Free,0,Everyone,Productivity,2016-10-05,1.0.5,4.1 and up
USR05017,TOOLS,4,60,3.7,5000,Free,0,Everyone,Tools,2018-03-19,1,5.0 and up
USR05018,FAMILY,4.6,227,11,10000,Free,0,Everyone,Education,2017-10-12,2.9.0,4.1 and up
USR05019,TOOLS,3.2,24,4.7,10000,Free,0,Everyone,Tools,2016-04-11,1,2.2 and up
USR05020,LIFESTYLE,4.4,132,33,10000,Free,0,Everyone,Lifestyle,2018-03-06,5.805.180306,4.1 and up
USR05021,FINANCE,4,463,13,10000,Free,0,Everyone,Finance,2018-04-05,4.2.31,4.2 and up
USR05022,VIDEO_PLAYERS,4.7,70,14,1000,Free,0,Everyone,Video Players & Editors,2018-07-07,1.9,4.1 and up
USR05023,MEDICAL,3.7,3,7.3,500,Free,0,Everyone,Medical,2018-05-24,1.4,3.2 and up
USR05024,FAMILY,3.9,306,,100000,Free,0,Everyone,Casual,2014-04-17,Varies with device,Varies with device
USR05025,GAME,4.2,162,37,10000,Free,0,Everyone,Arcade,2018-05-25,1.2.1,4.1 and up
USR05026,FINANCE,4.1,44,13,1000,Free,0,Everyone,Finance,2018-04-05,4.2.31,4.2 and up
USR05027,FAMILY,3.5,24,13,10000,Free,0,Everyone,Entertainment,2018-06-05,1.0.15,4.1 and up
USR05028,FAMILY,4.8,12,8.4,500,Free,0,Teen,Education,2018-06-27,3.8.0,4.1 and up
USR05029,TRAVEL_AND_LOCAL,4.3,201,45,10000,Free,0,Everyone,Travel & Local,2018-07-16,7.9.2.6,4.4 and up
USR05030,LIFESTYLE,3.9,386,7.9,50000,Free,0,Everyone,Lifestyle,2017-02-18,2.1.5,4.0 and up
USR05031,FINANCE,3.5,100,11,10000,Free,0,Everyone,Finance,2017-06-13,3.0.830,4.0 and up
USR05032,FAMILY,4.3,285,6.2,10000,Free,0,Everyone,Education,2017-11-07,4.7,4.1 and up
USR05033,BUSINESS,4.4,16,3.7,1000,Free,0,Everyone,Business,2018-04-02,3.4.4,4.2 and up
USR05034,FAMILY,4.8,13,6,100,Free,0,Everyone,Entertainment,2018-08-02,1.0.4,4.1 and up
USR05035,BOOKS_AND_REFERENCE,3.9,9,8.8,1000,Free,0,Everyone,Books & Reference,2017-10-18,1.6,4.4 and up
USR05036,TRAVEL_AND_LOCAL,3.8,43,22,10000,Free,0,Everyone,Travel & Local,2017-03-07,16.51.1,2.3 and up
USR05037,FAMILY,4.2,109,30,10000,Free,0,Everyone,Education,2018-02-15,6.0.3,4.4 and up
USR05038,BOOKS_AND_REFERENCE,4,5300,11,1000000,Free,0,Everyone,Books & Reference,2017-11-28,9.1.284,4.1 and up
USR05039,HEALTH_AND_FITNESS,4,265,4.1,100000,Free,0,Everyone,Health & Fitness,2015-08-13,2.1,3.0 and up
USR05040,FAMILY,4.4,13,3.4,1000,Free,0,Everyone,Education,2017-03-23,1,2.3.3 and up
USR05041,TRAVEL_AND_LOCAL,4.7,65,13,5000,Free,0,Everyone,Travel & Local,2017-04-06,6.0.19,4.1 and up
USR05042,FAMILY,4.5,112,39,10000,Free,0,Everyone,Education,2018-06-05,1.5,4.0 and up
USR05043,FAMILY,4.3,367,5.1,100000,Free,0,Everyone,Entertainment,2018-05-17,1.0.19,4.1 and up
USR05044,COMICS,3.3,126,4.7,5000,Free,0,Teen,Comics,2018-07-24,1.0.4,4.0.3 and up
USR05045,LIFESTYLE,4.3,127,5.5,10000,Free,0,Everyone,Lifestyle,2016-06-03,3.0.0,4.1 and up
USR05046,TRAVEL_AND_LOCAL,4.1,134,5.3,10000,Free,0,Everyone,Travel & Local,2018-06-20,6.3.4,4.0.3 and up
USR05047,TOOLS,2.1,149,2.8,50000,Free,0,Everyone,Tools,2016-03-28,1.9,3.2 and up
USR05048,TRAVEL_AND_LOCAL,3.7,40,9,1000,Paid,8.49,Everyone,Travel & Local,2016-08-18,1.0.1,4.1 and up
USR05049,TRAVEL_AND_LOCAL,4.2,25726,51,1000000,Free,0,Everyone,Travel & Local,2018-07-24,4.2,4.4 and up
USR05050,FINANCE,4.4,31,0.201,1000,Paid,3.99,Everyone,Finance,2018-07-15,2.9.1,2.1 and up
USR05051,FINANCE,4.2,23,0.932,500,Paid,3.99,Everyone,Finance,2016-12-14,1.9.10,3.0 and up
USR05052,BUSINESS,2.1,87,26,5000,Free,0,Everyone,Business,2018-04-26,1.6.0.0,4.0 and up
USR05053,FINANCE,2.4,36,9.4,1000,Paid,1.99,Everyone,Finance,2015-11-16,1.3.3,2.3 and up
USR05054,PRODUCTIVITY,4.1,22,2.4,5000,Free,0,Everyone,Productivity,2018-07-22,1.2.1,4.0.3 and up
USR05055,FAMILY,3.1,1734,5.8,500000,Free,0,Everyone,Strategy,2016-06-08,1.0.3,4.0 and up
USR05056,GAME,5,2,20,1,Paid,1.49,Everyone,Arcade,2017-02-08,1.0.4,2.3 and up
USR05057,GAME,3.5,196,35,10000,Free,0,Everyone,Adventure,2016-03-22,1.0.4,2.3 and up
USR05058,PARENTING,4.2,20,17,10000,Free,0,Everyone,Parenting,2017-07-02,1.1,4.0.3 and up
USR05059,FAMILY,4.7,303,42,10000,Free,0,Everyone,Entertainment,2018-07-22,2.0.5,4.1 and up
USR05060,FAMILY,4.8,23,35,10000,Free,0,Everyone,Educational;Education,2017-11-28,1.0.2,2.3 and up
USR05061,FAMILY,4.5,226,26,100000,Free,0,Everyone,Education;Education,2017-05-30,1.0.0,2.3 and up
USR05062,FAMILY,4.6,66,17,10000,Free,0,Everyone,Educational;Education,2018-02-25,1.0.0,2.3 and up
USR05063,FAMILY,4.6,32,60,10000,Free,0,Everyone,Education,2017-11-29,6,4.0.3 and up
USR05064,FAMILY,4.9,285,25,10000,Free,0,Everyone,Education,2018-01-05,1.0.5,4.4 and up
USR05065,FAMILY,4.8,1491,38,50000,Free,0,Everyone,Education,2017-10-31,1.3,4.1 and up
USR05066,FAMILY,4,13,2,1000,Free,0,Everyone,Entertainment,2015-09-23,1,1.6 and up
USR05067,LIFESTYLE,3.9,592,2.5,100000,Free,0,Everyone,Lifestyle,2018-01-02,1.0.23,2.3 and up
USR05068,FAMILY,4.1,181,9.2,10000,Free,0,Everyone,Entertainment,2018-06-14,1.2.1,5.0 and up
USR05069,COMICS,4.1,690,0.434,50000,Free,0,Everyone,Comics,2015-09-29,1.2.3,2.2 and up
USR05070,FAMILY,4.5,227,15,50000,Free,0,Everyone,Educational;Education,2018-02-24,1,2.3 and up
USR05071,HEALTH_AND_FITNESS,4.2,287,12,50000,Free,0,Everyone,Health & Fitness,2018-07-30,1.8,4.2 and up
USR05072,NEWS_AND_MAGAZINES,4,677,4.4,10000,Free,0,Everyone,News & Magazines,2017-06-07,5.5.2,4.0 and up
USR05073,NEWS_AND_MAGAZINES,4.4,27,14,100,Free,0,Everyone,News & Magazines,2018-07-06,1,4.2 and up
USR05074,TOOLS,1.9,8,6.7,1000,Free,0,Everyone,Tools,2018-04-18,1.1.1,4.0.3 and up
USR05075,TOOLS,3.7,26,2.2,5000,Free,0,Everyone,Tools,2015-11-02,1.1,2.3 and up
USR05076,FAMILY,4.2,79826,,1000000,Free,0,Everyone 10+,Strategy,2018-07-26,4.0.4,4.1 and up
USR05077,NEWS_AND_MAGAZINES,4,3647,5.7,100000,Free,0,Everyone,News & Magazines,2017-02-25,4.1.1,4.0 and up
USR05078,SPORTS,4.3,242096,87,10000000,Free,0,Everyone,Sports,2018-08-02,3.4.4,4.1 and up
USR05079,TRAVEL_AND_LOCAL,2.5,862,30,100000,Free,0,Everyone,Travel & Local,2018-04-10,7.8.0,5.0 and up
USR05080,GAME,4.4,3452530,68,100000000,Free,0,Everyone,Action,2018-02-07,1.9.6.6,4.0.3 and up
USR05081,TRAVEL_AND_LOCAL,3.7,16973,,5000000,Free,0,Everyone,Travel & Local,2018-07-18,Varies with device,Varies with device
USR05082,FAMILY,4.7,1424,19,100000,Free,0,Everyone,Educational,2018-06-07,2.2,4.1 and up
USR05083,GAME,4.6,169661,40,10000000,Free,0,Everyone,Arcade,2018-08-01,1.246,4.1 and up
USR05084,SPORTS,4.4,172,49,5000,Paid,2.99,Everyone,Sports,2018-07-10,1.5,4.0.3 and up
USR05085,FAMILY,4.3,7441,52,500000,Free,0,Everyone 10+,Strategy,2018-08-02,0.1.801,2.3 and up
USR05086,SPORTS,4.4,55,63,1000,Paid,4.49,Everyone,Sports,2018-08-03,2.0.38,4.0.3 and up
USR05087,SPORTS,3.6,25,6,1000,Paid,3.99,Everyone,Sports,2015-02-18,2.1,2.3 and up
USR05088,FAMILY,3.8,11,17,1000,Free,0,Everyone,Education,2018-03-14,2.6.12,4.1 and up
USR05089,FAMILY,4.4,31,4.2,100,Paid,0.99,Everyone,Casual,2013-08-15,1.48,2.0 and up
USR05090,FAMILY,4.4,21,32,1000,Free,0,Everyone,Education,2018-05-10,3.2,4.0.3 and up
USR05091,FAMILY,3,10,0.7,5000,Free,0,Everyone,Entertainment,2016-06-22,0.0.7,4.0.3 and up
USR05092,MAPS_AND_NAVIGATION,4.2,43252,,5000000,Free,0,Everyone,Maps & Navigation,2018-07-18,4.4.7,Varies with device
USR05093,LIFESTYLE,3.7,492,4.3,50000,Free,0,Everyone,Lifestyle,2015-10-05,3.6,2.2 and up
USR05094,BOOKS_AND_REFERENCE,5,5,7.2,50,Paid,1.75,Everyone,Books & Reference,2015-10-08,1,4.1 and up
USR05095,MEDICAL,4.2,8,1.2,500,Free,0,Everyone,Medical,2016-01-19,1.2,4.1 and up
USR05096,PRODUCTIVITY,4.8,4,31,100,Free,0,Everyone,Productivity,2018-06-25,3.3.8,4.0 and up
USR05097,TRAVEL_AND_LOCAL,4.4,7,17,500,Free,0,Everyone,Travel & Local,2017-10-09,2.0.0,4.4W and up
USR05098,FAMILY,4.1,36151,46,1000000,Free,0,Everyone,Simulation,2017-04-22,2.7,3.2 and up
USR05099,LIFESTYLE,4.7,113,20,1000,Free,0,Everyone,Lifestyle,2016-09-30,3.0.0,4.0 and up
USR05100,PARENTING,4.7,8343,8.3,50000,Paid,4.99,Everyone,Parenting,2018-07-10,6.3.16,4.0.3 and up
USR05101,TOOLS,3.3,27,5,5000,Free,0,Everyone,Tools,2018-05-31,10.1.0,5.0 and up
USR05102,GAME,4,209,22,10000,Free,0,Teen,Casino,2018-07-13,7,4.0 and up
USR05103,FAMILY,1,1,2,50,Paid,1.49,Everyone,Education,2012-04-09,1,2.1 and up
USR05104,TRAVEL_AND_LOCAL,4.4,382,12,10000,Free,0,Everyone,Travel & Local,2018-02-01,2.1.3,5.0 and up
USR05105,PHOTOGRAPHY,4.2,5,5.5,500,Free,0,Everyone,Photography,2018-01-10,1,4.0.3 and up
USR05106,VIDEO_PLAYERS,4.4,8,14,1000,Free,0,Everyone,Video Players & Editors,2017-10-12,Final,4.0 and up
USR05107,PRODUCTIVITY,4.6,27135,,100000,Paid,4.99,Everyone,Productivity,2018-05-24,Varies with device,Varies with device
USR05108,TRAVEL_AND_LOCAL,4.3,20,15,1000,Free,0,Everyone,Travel & Local,2016-08-02,1.7,4.0 and up
USR05109,FAMILY,4.4,7,81,1000,Free,0,Everyone,Education,2017-07-10,3.5,4.1 and up
USR05110,SPORTS,3.7,20,8.9,1000,Free,0,Everyone,Sports,2017-12-08,3.1,4.4 and up
USR05111,EVENTS,2.9,7,,500,Free,0,Everyone,Events,2018-06-22,Varies with device,4.4 and up
USR05112,TRAVEL_AND_LOCAL,4,1,3,100,Free,0,Everyone,Travel & Local,2017-11-08,1,4.1 and up
USR05113,FAMILY,3.3,14,11,1000,Free,0,Everyone,Education,2015-01-19,1.2,4.0 and up
USR05114,FAMILY,4.2,4,29,500,Free,0,Everyone,Education,2018-01-25,6.0.2,4.4 and up
USR05115,MAPS_AND_NAVIGATION,4.5,6230,,100000,Paid,11.99,Everyone,Maps & Navigation,2018-08-03,Varies with device,Varies with device
USR05116,LIFESTYLE,2.3,3,2.6,500,Free,0,Everyone,Lifestyle,2016-01-12,1,4.2 and up
USR05117,FAMILY,5,4,1.7,100,Free,0,Teen,Entertainment,2015-06-28,1,2.2 and up
USR05118,FAMILY,3.6,5,5.4,1000,Free,0,Everyone,Education,2018-07-03,1.6.7.1,4.1 and up
USR05119,FAMILY,3.9,137377,30,5000000,Free,0,Everyone,Simulation,2017-04-12,2.2,4.0.3 and up
USR05120,FAMILY,4.4,7461,31,1000000,Free,0,Everyone,Entertainment,2018-05-20,4.2.1,4.1 and up
USR05121,LIFESTYLE,4.2,120,14,10000,Free,0,Everyone,Lifestyle,2018-02-23,1.5.1,4.1 and up
USR05122,MEDICAL,4.8,17,37,5000,Free,0,Everyone,Medical,2018-07-19,1.5.0,5.0 and up
USR05123,FAMILY,4.3,39109,4,1000000,Free,0,Everyone,Entertainment,2017-12-20,6.5,4.0 and up
USR05124,BUSINESS,4.2,5988,,500000,Free,0,Everyone,Business,2016-05-16,Varies with device,Varies with device
USR05125,COMMUNICATION,4.4,10341,6.9,500000,Free,0,Everyone,Communication,2018-07-05,5.2.4,4.1 and up
USR05126,FAMILY,4.3,193,14,10000,Free,0,Everyone,Entertainment,2017-04-29,1.3,4.0 and up
USR05127,TOOLS,4,21,0.205,10000,Free,0,Everyone,Tools,2015-12-18,6.1,4.2 and up
USR05128,HEALTH_AND_FITNESS,1.4,45,13,5000,Free,0,Everyone,Health & Fitness,2016-09-12,1,4.1 and up
USR05129,COMICS,3.3,1476,18,500000,Free,0,Teen,Comics,2018-06-11,7.3,4.0 and up
USR05130,FAMILY,4.3,539,13,50000,Free,0,Everyone,Entertainment,2018-08-01,1.3,4.2 and up
USR05131,NEWS_AND_MAGAZINES,4.6,30,3.8,1000,Free,0,Everyone,News & Magazines,2018-03-20,1.5,4.0.3 and up
USR05132,FINANCE,4.7,289,3.2,5000,Free,0,Everyone,Finance,2018-05-04,1.2,4.1 and up
USR05133,FAMILY,4.2,540,3.2,10000,Free,0,Everyone,Entertainment,2018-08-01,2.4,4.1 and up
USR05134,COMICS,3.9,4496,0.595,100000,Free,0,Everyone,Comics,2017-10-29,2.3.216,2.3 and up
USR05135,BUSINESS,3.4,9,1.7,1000,Free,0,Everyone,Business,2016-10-08,1,3.0 and up
USR05136,PRODUCTIVITY,4.3,247,4,10000,Free,0,Everyone,Productivity,2016-06-22,1.2,4.0.3 and up
USR05137,BOOKS_AND_REFERENCE,4.8,123,6.5,1000,Free,0,Everyone,Books & Reference,2017-03-15,3.15317,3.0 and up
USR05138,PRODUCTIVITY,4.8,93,14,1000,Free,0,Everyone,Productivity,2018-07-17,2.3.14,4.3 and up
USR05139,BOOKS_AND_REFERENCE,4.5,197,2.8,10000,Free,0,Everyone,Books & Reference,2017-01-03,1.2,4.1 and up
USR05140,FAMILY,3.3,16,33,500,Free,0,Everyone,Simulation,2017-07-06,1.2,4.1 and up
USR05141,FAMILY,4.2,5,3.3,500,Free,0,Everyone,Entertainment,2018-04-13,1.1,4.0.3 and up
USR05142,MAPS_AND_NAVIGATION,4.9,49,3.9,100,Free,0,Everyone,Maps & Navigation,2017-10-16,2,4.2 and up
USR05143,PRODUCTIVITY,4.2,41,15,1000,Free,0,Everyone,Productivity,2018-08-01,1.3.13,4.3 and up
USR05144,SPORTS,4.6,1238,9.5,100000,Free,0,Everyone,Sports,2018-01-15,3,4.0.3 and up
USR05145,FAMILY,4.1,205,7.3,50000,Free,0,Everyone,Education,2017-11-29,9,4.0.3 and up
USR05146,FAMILY,4.6,12,2.4,5000,Free,0,Everyone,Education,2017-10-07,3,4.0.3 and up
USR05147,COMMUNICATION,4,474,3,50000,Free,0,Everyone,Communication,2016-08-05,0.0.5,4.0 and up
USR05148,FAMILY,4.2,69,3.5,10000,Free,0,Everyone,Entertainment,2015-05-04,1.1,4.0 and up
USR05149,SOCIAL,5,2,2.4,500,Free,0,Everyone,Social,2016-07-15,3.7.5,2.0 and up
USR05150,COMMUNICATION,4.1,29,13,10000,Free,0,Everyone,Communication,2018-07-09,1.8.3,4.1 and up
USR05151,BOOKS_AND_REFERENCE,3.7,4071,,500000,Free,0,Teen,Books & Reference,2018-04-03,Varies with device,Varies with device
USR05152,SPORTS,4.1,142,5.3,100000,Free,0,Everyone,Sports,2018-06-07,2.4,4.0 and up
USR05153,FINANCE,3.8,103,6.9,5000,Free,0,Everyone,Finance,2018-07-11,3.4,4.0 and up
USR05154,FAMILY,4.7,12,2.3,100,Free,0,Everyone,Education,2015-10-07,1.1,3.0 and up
USR05155,FAMILY,3.5,3347,15,100000,Free,0,Everyone,Entertainment,2018-07-18,1.1.15.12,4.4 and up
USR05156,FAMILY,4,983,7.2,100000,Free,0,Everyone,Education,2018-06-12,1,4.0 and up
USR05157,BUSINESS,4.2,63,13,5000,Free,0,Everyone,Business,2015-09-13,3.0.1,2.3.3 and up
USR05158,TOOLS,3.3,1988,7.3,500000,Free,0,Everyone,Tools,2018-08-03,Cow V3.15,4.3 and up
USR05159,TOOLS,3.7,29,3.3,10000,Free,0,Everyone,Tools,2017-07-13,1,4.1 and up
USR05160,TOOLS,3.4,3491,7.3,1000000,Free,0,Everyone,Tools,2018-07-31,Cow V3.15,4.3 and up
USR05161,TOOLS,3.7,533,7.3,100000,Free,0,Everyone,Tools,2018-07-31,Cow V3.15,4.3 and up
USR05162,FAMILY,5,2,2.6,500,Free,0,Everyone,Education,2017-07-22,1,3.2 and up
USR05163,COMMUNICATION,4.4,7,0.301,5000,Free,0,Everyone,Communication,2016-09-06,1.01,2.0 and up
USR05164,LIFESTYLE,5,15,4.5,100,Free,0,Everyone,Lifestyle,2018-06-19,2.1,4.0.3 and up
USR05165,COMMUNICATION,4.8,6,21,10,Free,0,Everyone,Communication,2018-07-04,2,4.1 and up
USR05166,COMMUNICATION,4.4,7,5.3,500,Free,0,Everyone,Communication,2015-10-08,1,4.1 and up
USR05167,NEWS_AND_MAGAZINES,4.9,13,2.3,100,Free,0,Everyone,News & Magazines,2018-03-09,1.2,4.0.3 and up
USR05168,FINANCE,4,967,22,100000,Free,0,Everyone,Finance,2018-08-02,1.2.1,4.1 and up
USR05169,GAME,4.4,4396,40,100000,Free,0,Everyone,Trivia,2017-04-12,1.5,2.3 and up
USR05170,PHOTOGRAPHY,4.5,192851,,10000000,Free,0,Everyone,Photography,2017-09-12,Varies with device,Varies with device
USR05171,LIFESTYLE,4.9,8418,21,500000,Free,0,Everyone,Lifestyle,2018-07-11,1.2.9,4.4 and up
USR05172,FAMILY,4.4,9443,21,100000,Free,0,Teen,Simulation,2016-12-12,1.8.0,4.0.3 and up
USR05173,PHOTOGRAPHY,4.4,3156484,53,100000000,Free,0,Everyone,Photography,2018-07-31,6.9.031,4.1 and up
USR05174,SOCIAL,5,20,1.2,100,Free,0,Teen,Social,2016-11-10,1.2,4.4 and up
USR05175,HEALTH_AND_FITNESS,4.8,787,53,1000,Paid,1.99,Everyone,Health & Fitness,2018-07-31,1.4.7,4.0.3 and up
USR05176,PERSONALIZATION,4.6,838,11,50000,Free,0,Teen,Personalization,2018-03-30,1.7,4.1 and up
USR05177,FAMILY,4.3,2806,27,100000,Free,0,Teen,Entertainment,2018-03-20,3.6,2.3 and up
USR05178,FAMILY,3.8,66033,6.8,10000000,Free,0,Everyone,Casual,2018-01-01,2.5.1,4.0 and up
USR05179,SPORTS,4.3,7557,7.4,100000,Free,0,Everyone,Sports,2018-03-12,2.2.1,4.2 and up
USR05180,PERSONALIZATION,4.3,44,3.5,1000,Free,0,Teen,Personalization,2016-05-26,1.3,4.0 and up
USR05181,PHOTOGRAPHY,4.1,560,1.7,10000,Free,0,Everyone,Photography,2017-02-01,1.07,4.0 and up
USR05182,WEATHER,4.5,54090,4,5000000,Free,0,Everyone,Weather,2018-02-28,6.6,4.0 and up
USR05183,FAMILY,4.2,3103,8.8,100000,Free,0,Teen,Entertainment,2017-09-19,6.5,2.2 and up
USR05184,FAMILY,3.8,48545,38,1000000,Free,0,Everyone,Casual,2018-08-03,1.2.14,4.1 and up
USR05185,FAMILY,4.3,18,1.7,1000,Free,0,Everyone,Entertainment,2016-01-27,1.2,3.2 and up
USR05186,SPORTS,4.4,3451011,,50000000,Free,0,Everyone,Sports,2018-07-26,7.4,4.1 and up
USR05187,MAPS_AND_NAVIGATION,4.2,618562,,50000000,Free,0,Everyone,Maps & Navigation,2018-06-04,Varies with device,Varies with device
USR05188,SPORTS,4.2,4330,6.1,100000,Free,0,Everyone,Sports,2017-10-19,3,4.0 and up
USR05189,FAMILY,3.8,484226,27,50000000,Free,0,Teen,Casual,2018-06-15,3.0.10,4.0 and up
USR05190,PHOTOGRAPHY,4.2,28390,38,5000000,Free,0,Everyone,Photography,2017-07-19,1.0.499,5.0 and up
USR05191,COMICS,4,78,2.8,5000,Free,0,Everyone,Comics,2016-01-16,1,2.3 and up
USR05192,FAMILY,4.2,67,6.5,5000,Free,0,Teen,Entertainment,2016-01-29,1.08,4.0.3 and up
USR05193,PERSONALIZATION,4.3,1580,3.6,100000,Free,0,Everyone,Personalization,2014-11-12,v1.0,2.3 and up
USR05194,FAMILY,4.3,556929,53,10000000,Free,0,Teen,Casual,2018-04-19,4.2.1,4.0.3 and up
USR05195,FAMILY,4.4,146,3.9,10000,Free,0,Teen,Entertainment,2018-03-30,2.4,4.1 and up
USR05196,GAME,4.7,1535581,,50000000,Free,0,Teen,Action,2018-07-23,2.12.5,4.1 and up
USR05197,SOCIAL,4.1,2520,12,100000,Free,0,Teen,Social,2017-11-17,1.1.5,4.3 and up
USR05198,FAMILY,4.5,559597,89,10000000,Free,0,Teen,Simulation,2018-07-26,11.1.1.179661,4.1 and up
USR05199,SOCIAL,4.2,305367,46,10000000,Free,0,Everyone,Social,2018-08-01,16.7.1,4.4 and up
USR05200,GAME,4.3,128367,54,1000000,Free,0,Everyone,Arcade,2017-10-27,2.1.0,4.0.3 and up
USR05201,TOOLS,4.4,103909,9.2,5000000,Free,0,Everyone,Tools,2018-05-11,2.2.7,4.3 and up
USR05202,FAMILY,4.5,76608,24,1000000,Free,0,Everyone 10+,Action;Action & Adventure,2017-01-05,1.3.1,4.0 and up
USR05203,GAME,4.3,275843,41,10000000,Free,0,Teen,Adventure,2018-07-19,1.401,4.0 and up
USR05204,FAMILY,4.2,123309,25,10000000,Free,0,Everyone 10+,Entertainment;Music & Video,2018-01-24,2.0.8,4.4 and up
USR05205,GAME,4,263907,62,10000000,Free,0,Everyone 10+,Action,2016-11-01,3.0.4,4.0 and up
USR05206,GAME,3.4,32,27,1000,Paid,0.99,Everyone 10+,Arcade,2017-03-23,1.00.10,4.0 and up
USR05207,GAME,4.4,1849,37,10000,Free,0,Everyone,Board,2015-10-20,1.1.8,2.3.3 and up
USR05208,FAMILY,3.8,63,3.7,10000,Free,0,Teen,Entertainment,2018-04-07,1,2.3.3 and up
USR05209,COMMUNICATION,3,39,4.6,10000,Free,0,Everyone,Communication,2017-09-04,1.4,4.0.3 and up
USR05210,COMMUNICATION,4.1,141,9.9,50000,Free,0,Everyone,Communication,2017-12-19,2,4.0 and up
USR05211,VIDEO_PLAYERS,4.4,3066,9,1000000,Free,0,Everyone,Video Players & Editors,2017-12-17,1.7,4.0.3 and up
USR05212,FAMILY,4.1,262,29,50000,Free,0,Everyone,Puzzle,2017-11-01,1.1,4.0.3 and up
USR05213,FAMILY,4.1,256,2.5,100000,Free,0,Teen,Entertainment,2015-06-18,4.7,3.0 and up
USR05214,FAMILY,4.1,28892,6.3,5000000,Free,0,Teen,Entertainment,2018-07-11,1.3,4.0 and up
USR05215,GAME,4.5,634159,58,10000000,Free,0,Teen,Action,2018-06-21,1.4,4.2 and up
USR05216,FAMILY,4.1,32,4.1,10000,Free,0,Everyone,Education,2018-06-18,1.5,4.1 and up
USR05217,HEALTH_AND_FITNESS,2.2,19,9.6,1000,Free,0,Everyone,Health & Fitness,2017-11-29,2.1,4.3 and up
USR05218,TOOLS,3.9,428,3.8,100000,Free,0,Everyone,Tools,2015-03-31,1.2.5,2.3.3 and up
USR05219,FAMILY,4,1542,13,50000,Free,0,Everyone,Entertainment,2015-06-09,3,3.0 and up
USR05220,FAMILY,4.3,105,51,1000,Paid,0.99,Teen,Casual,2017-02-17,3.6,2.3.3 and up
USR05221,FAMILY,3.9,17067,2.7,5000000,Free,0,Everyone,Casual,2018-02-13,2.4.4,4.1 and up
USR05222,GAME,4,3322,82,100000,Free,0,Mature 17+,Action,2017-03-02,5.1.6,2.3 and up
USR05223,HEALTH_AND_FITNESS,4.2,2509,5,1000000,Free,0,Mature 17+,Health & Fitness,2018-04-20,1.8,4.1 and up
USR05224,GAME,4.2,7699,83,500000,Free,0,Mature 17+,Action,2017-03-02,5.1.6,2.3 and up
USR05225,FAMILY,3.6,5,2.5,1000,Free,0,Mature 17+,Entertainment,2015-06-11,4.1,3.0 and up
USR05226,FAMILY,4.3,19,2.5,1000,Free,0,Teen,Entertainment,2015-06-17,4.5,3.0 and up
USR05227,FAMILY,4.4,447,3.7,100000,Free,0,Mature 17+,Entertainment,2018-04-04,1,4.2 and up
USR05228,FAMILY,2.6,17,4.6,5000,Free,0,Everyone,Entertainment,2018-05-05,1,2.3 and up
USR05229,GAME,4.1,29798,80,1000000,Free,0,Mature 17+,Action,2017-03-06,5.1.7,2.3 and up
USR05230,TOOLS,3.5,412,2.6,5000,Paid,0.99,Everyone,Tools,2015-03-12,2.2,3.0 and up
USR05231,FAMILY,4.2,72,2.5,10000,Free,0,Teen,Entertainment,2015-06-18,5.1,3.0 and up
USR05232,FAMILY,3.7,3,10,50,Free,0,Everyone,Entertainment,2015-10-04,1.0.0,2.2 and up
USR05233,PHOTOGRAPHY,4.5,4724,,50000,Paid,1.99,Everyone,Photography,2017-08-14,Varies with device,Varies with device
USR05234,FAMILY,2.4,407,0.299,50000,Free,0,Mature 17+,Entertainment,2017-04-11,1,2.2 and up
USR05235,FAMILY,2.9,1073,2.8,100000,Free,0,Everyone,Entertainment,2016-08-28,1.1,2.3.3 and up
USR05236,GAME,4.2,63056,8.1,1000000,Free,0,Teen,Word,2018-07-03,1.9.7,2.3 and up
USR05237,BUSINESS,4.2,509,3.2,100000,Free,0,Everyone,Business,2017-08-02,1.1.0,4.0 and up
USR05238,LIFESTYLE,4,3,3.3,1000,Free,0,Everyone,Lifestyle,2018-06-02,3.0.0,4.4 and up
USR05239,SPORTS,2.6,64,1.6,10000,Free,0,Everyone,Sports,2017-07-26,2.1,4.0.3 and up
USR05240,TOOLS,4.4,7,5.6,1000,Free,0,Everyone,Tools,2017-01-10,1.3,4.0.3 and up
USR05241,AUTO_AND_VEHICLES,4.8,4,4.5,500,Free,0,Everyone,Auto & Vehicles,2017-11-28,1.3,5.0 and up
USR05242,SOCIAL,4.7,22,11,1000,Free,0,Everyone,Social,2018-01-19,v2.0.02_prod,4.1 and up
USR05243,MEDICAL,4.4,643,2.8,10000,Free,0,Everyone,Medical,2017-04-23,8.0.1,4.4 and up
USR05244,MEDICAL,4.6,87,2.8,500,Paid,5.99,Everyone,Medical,2017-04-23,8.0.1,4.4 and up
USR05245,TOOLS,2.7,198,2.8,100000,Free,0,Everyone,Tools,2014-04-22,9.7.753080,4.1 and up
USR05246,PHOTOGRAPHY,3.8,11,17,1000,Free,0,Everyone,Photography,2018-02-21,1.3,4.1 and up
USR05247,FAMILY,1.7,6,2.9,100,Free,0,Everyone,Entertainment,2017-12-21,1,4.1 and up
USR05248,LIFESTYLE,4.6,17,19,1000,Free,0,Everyone,Lifestyle,2018-06-27,2.1.1,4.4 and up
USR05249,TOOLS,3.3,218,4.1,10000,Free,0,Everyone,Tools,2015-11-09,1.0.606877,5.0 and up
USR05250,LIFESTYLE,4.6,275,3.9,5000,Paid,2.99,Everyone,Lifestyle,2018-07-17,2.8.3,4.1 and up
USR05251,FAMILY,2.3,50,2.8,10000,Free,0,Everyone,Entertainment,2017-10-21,1.2,4.1 and up
USR05252,PHOTOGRAPHY,4.5,81219,2.6,10000000,Free,0,Everyone,Photography,2015-06-14,1.4.0,4.1 and up
USR05253,PRODUCTIVITY,4.8,16,2.6,1000,Free,0,Everyone,Productivity,2017-02-17,1.0.3,2.3 and up
USR05254,TOOLS,5,5,9.1,1000,Free,0,Everyone,Tools,2018-05-25,2.12.0,4.1 and up
USR05255,VIDEO_PLAYERS,4.1,64,2,5000,Free,0,Everyone,Video Players & Editors,2018-05-21,2,4.0 and up
USR05256,FAMILY,4.9,16,10,100,Free,0,Everyone,Education,2017-07-22,1,4.0.3 and up
USR05257,MAPS_AND_NAVIGATION,3,4,,1000,Free,0,Everyone,Maps & Navigation,2018-05-25,Varies with device,Varies with device
USR05258,SOCIAL,4.8,111,5.9,1000,Free,0,Everyone,Social,2018-07-18,2.42,4.1 and up
USR05259,AUTO_AND_VEHICLES,4.5,276,1.7,100000,Free,0,Everyone,Auto & Vehicles,2017-07-05,1.1.3,4.4 and up
USR05260,VIDEO_PLAYERS,3.4,694,,50000,Free,0,Everyone,Video Players & Editors,2018-07-27,Varies with device,Varies with device
USR05261,PHOTOGRAPHY,4,35188,6.2,1000000,Free,0,Everyone,Photography,2018-02-22,1.0.11,3.2 and up
USR05262,GAME,3.7,31883,20,1000000,Free,0,Teen,Action,2017-03-23,1.4.3,2.3 and up
USR05263,TOOLS,2.2,4,4.8,500,Free,0,Everyone,Tools,2018-04-03,3,2.3 and up
USR05264,TRAVEL_AND_LOCAL,4.8,89,,1000,Free,0,Everyone,Travel & Local,2017-02-21,Varies with device,Varies with device
USR05265,TRAVEL_AND_LOCAL,5,3,2.4,100,Free,0,Everyone,Travel & Local,2016-11-28,1.1,2.3.3 and up
USR05266,TRAVEL_AND_LOCAL,4.5,103,9.8,1000,Free,0,Everyone,Travel & Local,2018-07-30,8.2.0,4.0.3 and up
USR05267,GAME,4.3,101762,11,1000000,Free,0,Teen,Action,2015-06-11,2.0.0,3.0 and up
USR05268,PHOTOGRAPHY,3.8,28660,6.4,5000000,Free,0,Everyone,Photography,2018-03-21,1.0.12,4.0.3 and up
USR05269,FAMILY,4.5,20101,7.8,100000,Paid,9.99,Teen,Role Playing,2015-10-02,1.3,3.0 and up
USR05270,GAME,4.5,10440,86,50000,Paid,4.99,Teen,Action,2018-05-30,1.0.3,4.1 and up
USR05271,HEALTH_AND_FITNESS,4.8,10,4,10,Free,0,Everyone,Health & Fitness,2018-06-13,3.55,4.0 and up
USR05272,PHOTOGRAPHY,4.5,267378,1.9,10000000,Free,0,Everyone,Photography,2015-07-11,1.4.6,4.0 and up
USR05273,FINANCE,4.4,2017,2.4,100000,Free,0,Everyone,Finance,2018-07-26,2.22,4.1 and up
USR05274,GAME,3.9,142693,21,5000000,Free,0,Teen,Action,2018-06-07,1.4.0,2.3 and up
USR05275,VIDEO_PLAYERS,4.3,47,8.7,1000,Free,0,Teen,Video Players & Editors,2017-09-23,1.1,4.2 and up
USR05276,TOOLS,4.3,80,1.7,10000,Free,0,Everyone,Tools,2018-03-20,1.2,4.0 and up
USR05277,PHOTOGRAPHY,4,2076,11,500000,Free,0,Teen,Photography,2018-05-21,2.5,4.1 and up
USR05278,PHOTOGRAPHY,4.1,7118,9.2,1000000,Free,0,Everyone,Photography,2018-06-29,1.6,4.0 and up
USR05279,MEDICAL,4.6,21187,35,1000000,Free,0,Everyone,Medical,2018-07-23,3.52.0,5.0 and up
USR05280,LIFESTYLE,3.7,34079,9.2,5000000,Free,0,Everyone,Lifestyle,2018-05-21,Arrow-202,4.1 and up
USR05281,VIDEO_PLAYERS,3.4,4334,4.9,100000,Free,0,Everyone,Video Players & Editors,2015-11-04,3.1.891,Varies with device
USR05282,TOOLS,4.5,1439,15,10000,Free,0,Everyone,Tools,2018-07-09,2.10.7,4.3 and up
USR05283,GAME,4.4,1644,15,10000,Paid,7.99,Everyone,Board,2017-04-05,4.1,2.3.3 and up
USR05284,BUSINESS,4.4,1630,2.2,100000,Free,0,Everyone,Business,2017-08-22,3.1.0,4.4 and up
USR05285,FAMILY,2.4,7,2.1,100,Paid,3.99,Everyone,Education,2017-03-23,1,4.0.3 and up
USR05286,FAMILY,4.1,10758,8,100000,Paid,4.99,Everyone 10+,Adventure;Action & Adventure,2015-12-15,Varies with device,4.0.3 and up
USR05287,PERSONALIZATION,4.6,2390099,,100000000,Free,0,Teen,Personalization,2018-08-04,Varies with device,Varies with device
USR05288,HEALTH_AND_FITNESS,4.6,9612,3.5,100000,Free,0,Everyone,Health & Fitness,2018-05-18,1.8.12,4.4 and up
USR05289,FAMILY,4.3,5442,16,50000,Paid,9.99,Teen,Role Playing,2018-06-28,2.5.16.6,3.0 and up
USR05290,GAME,4.3,205830,63,10000000,Free,0,Everyone,Board,2018-06-20,4.4.9,4.1 and up
USR05291,FAMILY,4.7,3049,,50000,Free,0,Everyone,Education,2018-05-04,Varies with device,Varies with device
USR05292,SHOPPING,4.2,867,7.5,100000,Free,0,Everyone,Shopping,2018-08-02,1.5.8,4.4 and up
USR05293,PHOTOGRAPHY,4.3,14453,21,1000000,Free,0,Everyone,Photography,2018-03-13,1.9,4.1 and up
USR05294,MEDICAL,4.3,6079,1.8,500000,Free,0,Everyone,Medical,2018-01-17,3.2.7,2.1 and up
USR05295,PHOTOGRAPHY,3.9,129268,11,10000000,Free,0,Everyone,Photography,2018-07-30,1.32,4.1 and up
USR05296,PRODUCTIVITY,4.7,167406,18,1000000,Free,0,Everyone,Productivity,2018-07-23,3.1.1281,4.0.3 and up
USR05297,GAME,4.2,128579,,5000000,Free,0,Everyone,Action,2018-05-06,Varies with device,Varies with device
USR05298,GAME,4.1,389,,10000,Free,0,Teen,Board,2018-07-03,1.16.32,Varies with device
USR05299,SHOPPING,4.6,8175,3.2,100000,Free,0,Everyone,Shopping,2018-04-05,3.2.3,4.0.3 and up
USR05300,TOOLS,4.7,8114,,100000,Paid,2.49,Everyone,Tools,2018-06-09,Varies with device,Varies with device
USR05301,TOOLS,4.3,6,33,500,Free,0,Everyone,Tools,2018-07-23,1.93,5.0 and up
USR05302,MEDICAL,4.5,4027,8.4,100000,Free,0,Everyone,Medical,2017-10-10,2.4.1,4.0 and up
USR05303,SHOPPING,4.6,17180,31,1000000,Free,0,Everyone,Shopping,2018-08-03,5.3.1,4.4 and up
USR05304,HEALTH_AND_FITNESS,2.9,141,22,10000,Free,0,Everyone,Health & Fitness,2018-07-30,3.2.9,4.1 and up
USR05305,BEAUTY,4,2,3.6,1000,Free,0,Everyone,Beauty,2018-05-29,1,4.0 and up
USR05306,SPORTS,3,26,15,1000,Free,0,Everyone,Sports,2017-05-09,2.1.1,5.0 and up
USR05307,BOOKS_AND_REFERENCE,3.9,286,18,10000,Free,0,Everyone,Books & Reference,2017-09-29,3.2.5,4.0 and up
USR05308,AUTO_AND_VEHICLES,4.8,27,2.5,500,Free,0,Everyone,Auto & Vehicles,2018-02-15,2,4.4 and up
USR05309,FAMILY,3.9,11,16,1000,Free,0,Everyone,Entertainment,2018-01-30,1.2.2,4.2 and up
USR05310,PHOTOGRAPHY,4,675,15,100000,Free,0,Everyone,Photography,2017-07-29,2.1,2.3 and up
USR05311,FAMILY,5,2,8.7,10,Free,0,Everyone,Education,2018-03-21,1.2,4.0.3 and up
USR05312,TOOLS,4,2055,2.6,100000,Free,0,Everyone,Tools,2018-04-09,2.44,4.0 and up
USR05313,LIFESTYLE,5,2,6,10,Free,0,Everyone,Lifestyle,2018-05-24,2.1,4.0.3 and up
USR05314,PHOTOGRAPHY,4.5,42,20,1000,Free,0,Everyone,Photography,2016-09-17,1.2,4.2 and up
USR05315,FAMILY,4.8,12,28,1000,Free,0,Everyone,Education,2018-03-26,1.3.6,4.2 and up
USR05316,BOOKS_AND_REFERENCE,4.6,53,16,5000,Free,0,Everyone,Books & Reference,2015-09-22,1.0.2,2.3 and up
USR05317,AUTO_AND_VEHICLES,4.2,29,,10000,Free,0,Everyone,Auto & Vehicles,2018-08-01,1.6.5,4.1 and up
USR05318,COMMUNICATION,3.4,7,6,1000,Free,0,Everyone,Communication,2018-04-03,5.403,4.0.3 and up
USR05319,HEALTH_AND_FITNESS,2.6,219,1.8,50000,Free,0,Everyone,Health & Fitness,2015-10-30,v1.1-20151030,4.0 and up
USR05320,HEALTH_AND_FITNESS,2.4,577,3.7,50000,Free,0,Everyone,Health & Fitness,2018-04-25,1.7.5,4.0 and up
USR05321,SHOPPING,4.5,35479,16,1000000,Free,0,Everyone,Shopping,2018-07-11,4.16.0,4.4 and up
USR05322,FAMILY,4.6,7420,7.4,50000,Paid,4.99,Teen,Role Playing,2014-11-10,1.2.5,4.1 and up
USR05323,HEALTH_AND_FITNESS,3.3,10,3.3,1000,Free,0,Everyone,Health & Fitness,2018-04-05,1.8 P,4.4 and up
USR05324,FINANCE,4.1,58,3.5,10000,Free,0,Everyone,Finance,2017-07-04,2.3.2,4.0 and up
USR05325,TRAVEL_AND_LOCAL,4.6,19,14,500,Free,0,Everyone,Travel & Local,2015-10-13,0.9.2,2.2 and up
USR05326,BUSINESS,3.9,91,8.9,5000,Free,0,Everyone,Business,2018-06-07,3.44.2,4.0.3 and up
USR05327,FINANCE,4,5055,17,100000,Free,0,Everyone,Finance,2018-03-05,4.4.1,4.4 and up
USR05328,SOCIAL,3.4,3640,9.1,500000,Free,0,Mature 17+,Social,2016-06-13,3.1.9,2.3 and up
USR05329,BUSINESS,4.5,1819,10,100000,Free,0,Everyone,Business,2018-07-16,2.2.180712.112152,5.0 and up
USR05330,FINANCE,4,180,27,10000,Free,0,Everyone,Finance,2018-06-27,4.17.38,4.4 and up
USR05331,NEWS_AND_MAGAZINES,5,22,25,1000,Free,0,Everyone,News & Magazines,2018-06-10,1.5.0,4.1 and up
USR05332,BUSINESS,3.6,16,33,5000,Free,0,Everyone,Business,2018-07-25,2.7.0,5.1 and up
USR05333,LIFESTYLE,3.5,43,30,10000,Free,0,Everyone,Lifestyle,2018-07-11,2.0.0,4.1 and up
USR05334,FAMILY,4.6,2312084,,100000000,Free,0,Teen,Entertainment,2018-07-25,Varies with device,4.3 and up
USR05335,BUSINESS,4.9,23,28,1000,Free,0,Everyone,Business,2018-04-30,2.4.1,4.1 and up
USR05336,DATING,3.7,66,7.3,10000,Free,0,Mature 17+,Dating,2016-11-29,1.0.6,4.1 and up
USR05337,BUSINESS,5,3,23,100,Free,0,Everyone,Business,2018-07-24,1.39,4.4 and up
USR05338,BUSINESS,4,76,0.196,10000,Free,0,Everyone,Business,2017-06-07,2.7.1,3.0 and up
USR05339,LIFESTYLE,3.9,77,,10000,Free,0,Everyone,Lifestyle,2018-03-26,Varies with device,Varies with device
USR05340,FINANCE,5,2,2.7,100,Free,0,Everyone,Finance,2016-02-19,1.8,4.0 and up
USR05341,BUSINESS,4,282,7.7,10000,Free,0,Everyone,Business,2018-08-01,20.0.0.0,6.0 and up
USR05342,FAMILY,4.9,7,3.5,1000,Free,0,Everyone,Education,2016-07-26,1,2.0 and up
USR05343,FINANCE,4.4,337,3.3,10000,Free,0,Everyone,Finance,2018-03-15,1,4.0.3 and up
USR05344,SOCIAL,3.6,284795,31,10000000,Free,0,Mature 17+,Social,2018-08-03,4.1.2,4.3 and up
USR05345,BUSINESS,4.7,45,12,5000,Free,0,Everyone,Business,2018-05-23,2.0.5,4.1 and up
USR05346,FAMILY,4.3,12,8.1,5000,Free,0,Everyone,Education,2017-02-06,1.0.1,4.0 and up
USR05347,SPORTS,3.9,5644,14,1000000,Free,0,Everyone,Sports,2017-11-01,1.7,4.0.3 and up
USR05348,SOCIAL,4.5,63765,11,1000000,Free,0,Mature 17+,Social,2018-07-31,4.17.2,4.1 and up
USR05349,DATING,4.2,313769,,10000000,Free,0,Mature 17+,Dating,2018-08-04,2.6.142,4.1 and up
USR05350,GAME,4.6,12,18,50,Free,0,Everyone,Arcade,2017-07-31,Varies with device,4.1 and up
USR05351,DATING,4.1,305737,,10000000,Free,0,Mature 17+,Dating,2018-08-02,Varies with device,Varies with device
USR05352,LIFESTYLE,4.3,1118201,,10000000,Free,0,Mature 17+,Lifestyle,2018-07-24,Varies with device,Varies with device
USR05353,BOOKS_AND_REFERENCE,4.6,899010,,10000000,Free,0,Everyone,Books & Reference,2018-07-30,Varies with device,Varies with device
USR05354,SOCIAL,4.2,1259723,76,50000000,Free,0,Mature 17+,Social,2018-08-03,Varies with device,4.1 and up
USR05355,FAMILY,4.6,181961,18,10000000,Free,0,Everyone 10+,Education,2018-07-27,3.2.5,4.1 and up
USR05356,FAMILY,4.5,205914,54,10000000,Free,0,Everyone,Education,2018-08-03,5.54,4.1 and up
USR05357,BOOKS_AND_REFERENCE,4.4,341234,30,10000000,Free,0,Everyone 10+,Books & Reference,2018-03-20,3.9.1,4.2 and up
USR05358,COMMUNICATION,4.2,1042170,,50000000,Free,0,Everyone,Communication,2018-07-27,Varies with device,Varies with device
USR05359,BOOKS_AND_REFERENCE,4.5,42729,,5000000,Free,0,Everyone,Books & Reference,2014-11-26,Varies with device,Varies with device
USR05360,TOOLS,4,29944,2.1,5000000,Free,0,Everyone,Tools,2015-10-03,1.6,2.3 and up
USR05361,GAME,4.2,212067,48,10000000,Free,0,Everyone,Racing,2015-07-15,1.5.2,2.3.3 and up
USR05362,GAME,4.7,155694,92,1000000,Free,0,Teen,Board,2018-07-13,2.1.1,4.0.3 and up
USR05363,DATING,4.1,285838,15,10000000,Free,0,Mature 17+,Dating,2018-07-30,11.10.1,4.1 and up
USR05364,FAMILY,4.4,344383,30,10000000,Free,0,Everyone,Casual,2018-03-20,9.2.4,4.0.3 and up
USR05365,FINANCE,4.3,129305,,5000000,Free,0,Everyone,Finance,2018-08-02,Varies with device,Varies with device
USR05366,FAMILY,4.6,104676,2.6,5000000,Free,0,Everyone,Education,2018-07-18,1.9.7,4.0 and up
USR05367,SHOPPING,4.2,4099,17,100000,Free,0,Everyone,Shopping,2018-07-27,2.0.10,4.1 and up
USR05368,SHOPPING,4,4722,35,500000,Free,0,Everyone,Shopping,2018-07-09,3.6.5,4.1 and up
USR05369,SHOPPING,2.3,69,11,10000,Free,0,Everyone,Shopping,2018-03-19,1.0.16,4.4 and up
USR05370,GAME,4.5,501,65,10000,Free,0,Teen,Casino,2018-07-26,5.0.1.3,4.3 and up
USR05371,FAMILY,3.6,226,25,50000,Free,0,Everyone,Casual,2018-05-10,2.5_20,4.0 and up
USR05372,GAME,4.4,17,4.8,500,Paid,4.49,Everyone,Card,2018-05-21,6.2-pro,4.0 and up
USR05373,GAME,3.9,20,4.8,10000,Free,0,Everyone,Card,2018-05-21,6.2-lite,4.0 and up
USR05374,FAMILY,3.9,13,17,100,Free,0,Everyone,Entertainment,2015-07-06,1.1,2.3.3 and up
USR05375,HEALTH_AND_FITNESS,4.8,38,24,500,Free,0,Everyone,Health & Fitness,2018-07-10,1.1,5.0 and up
USR05376,FAMILY,4.2,16,26,1000,Free,0,Everyone,Casual,2018-07-31,2.0.2,4.4 and up
USR05377,GAME,3.7,11,4.8,5000,Free,0,Everyone,Card,2018-05-21,6.2-begina,4.0 and up
USR05378,PRODUCTIVITY,4,616,0.171,50000,Free,0,Everyone,Productivity,2014-09-22,1.3,3.0 and up
USR05379,GAME,1,1,4.9,1000,Free,0,Everyone,Card,2018-05-21,6.2-sayc,4.0 and up
USR05380,FAMILY,4.4,103,36,10000,Free,0,Everyone,Simulation,2017-10-30,1.29,4.1 and up
USR05381,GAME,4.7,325,23,10000,Free,0,Teen,Casino,2015-05-08,7,2.3.3 and up
USR05382,FAMILY,3.6,35121,5.1,5000000,Free,0,Everyone,Entertainment,2018-05-22,1.0.6,4.0 and up
USR05383,GAME,4.1,341,26,50000,Free,0,Teen,Casino,2016-08-12,1.18,4.0 and up
USR05384,VIDEO_PLAYERS,3.3,381023,53,10000000,Free,0,Everyone,Video Players & Editors,2018-07-26,2.7.8,4.0 and up
USR05385,FAMILY,5,3,1.8,100,Free,0,Mature 17+,Education,2016-12-26,3.1,4.3 and up
USR05386,PERSONALIZATION,4.3,26601,5.4,1000000,Free,0,Everyone,Personalization,2018-07-16,26.1.0.20180713,2.3.3 and up
USR05387,SHOPPING,4.7,55,8,500,Free,0,Everyone,Shopping,2018-04-11,1.0.3,4.0.3 and up
USR05388,FAMILY,4,68664,55,10000000,Free,0,Everyone,Simulation,2018-04-20,1.7,4.1 and up
USR05389,GAME,4.4,524467,33,10000000,Free,0,Teen,Casino,2016-07-07,1.126,2.3.3 and up
USR05390,GAME,4.6,17,4.7,100,Paid,14,Teen,Casino,2017-07-09,1.1.10,3.0 and up
USR05391,BUSINESS,5,3,1.5,10,Free,0,Everyone,Business,2018-02-07,2.7,4.1 and up
USR05392,GAME,4.3,52199,,1000000,Free,0,Teen,Casino,2017-05-18,1.2.4.69,2.3 and up
USR05393,FAMILY,4.3,6333,30,1000000,Free,0,Everyone,Entertainment,2018-05-25,1.1.12,5.0 and up
USR05394,FAMILY,3.8,4,54,100,Paid,2.99,Everyone,Educational,2016-08-27,1.8.2,2.3 and up
USR05395,FAMILY,4.1,956,10,100000,Free,0,Teen,Entertainment,2016-05-17,1.1,2.2 and up
USR05396,SPORTS,4.6,969,3.6,10000,Free,0,Everyone,Sports,2014-08-21,1,4.0 and up
USR05397,FAMILY,4,1469,5.2,100000,Free,0,Everyone,Entertainment,2018-01-29,2.1.10,2.3.3 and up
USR05398,GAME,4.7,2066,25,100000,Free,0,Teen,Casino,2018-03-14,1.3,4.0.3 and up
USR05399,TOOLS,3.6,1166,0.342,100000,Free,0,Everyone,Tools,2015-03-30,1.1,4.0 and up
USR05400,GAME,4.5,26744,51,500000,Free,0,Teen,Casino,2018-07-27,7.4.0,4.0.3 and up
USR05401,PHOTOGRAPHY,4,802,5.1,100000,Free,0,Everyone,Photography,2017-05-03,1.1,2.3 and up
USR05402,GAME,4.1,1686,4.6,100000,Free,0,Teen,Casino,2015-04-20,3.1.0,2.3 and up
USR05403,LIFESTYLE,4,41747,39,5000000,Free,0,Everyone,Lifestyle,2017-01-12,3.7.1,4.1 and up
USR05404,LIFESTYLE,3.8,19221,13,5000000,Free,0,Everyone,Lifestyle,2018-05-24,Varies with device,Varies with device
USR05405,FOOD_AND_DRINK,4.5,2448,19,100000,Free,0,Everyone,Food & Drink,2017-09-01,5.4,4.0.3 and up
USR05406,LIFESTYLE,2.8,17,3.1,5000,Free,0,Everyone,Lifestyle,2018-07-29,1.1,4.4 and up
USR05407,TOOLS,4.2,928,0.374,10000,Paid,1.99,Everyone,Tools,2014-03-20,3.4,2.2 and up
USR05408,LIFESTYLE,4.8,33,2.4,5000,Free,0,Everyone,Lifestyle,2017-05-03,1,4.0.3 and up
USR05409,LIFESTYLE,5,1,3.2,50,Free,0,Everyone,Lifestyle,2018-07-15,1.2,4.1 and up
USR05410,FAMILY,5,13,2.1,100,Free,0,Everyone,Entertainment,2018-07-07,2.3,4.4 and up
USR05411,TOOLS,4.3,534,3,100000,Free,0,Everyone,Tools,2018-06-23,1.0.6,4.0 and up
USR05412,PHOTOGRAPHY,4.3,20,4.8,1000,Free,0,Everyone,Photography,2017-01-06,0.1,2.3 and up
USR05413,PERSONALIZATION,4.5,248,2.8,10000,Free,0,Mature 17+,Personalization,2016-05-23,9,4.0.3 and up
USR05414,FOOD_AND_DRINK,4.5,41,4,500,Free,0,Teen,Food & Drink,2018-07-17,1,5.0 and up
USR05415,TOOLS,5,6,11,100,Free,0,Everyone,Tools,2015-08-08,0.1.1,4.2 and up
USR05416,SOCIAL,3.8,5793284,,100000000,Free,0,Mature 17+,Social,2018-08-03,Varies with device,Varies with device
USR05417,FAMILY,4.4,634,1.8,100000,Free,0,Everyone,Education,2017-09-05,1.6,2.3 and up
USR05418,LIFESTYLE,5,19,3.1,1000,Free,0,Everyone,Lifestyle,2017-12-07,2.2,4.1 and up
USR05419,FAMILY,4.7,39,20,1000,Free,0,Everyone,Education,2016-01-25,1.1,4.0.3 and up
USR05420,SOCIAL,4.7,549,17,10000,Free,0,Teen,Social,2016-06-29,3.0.1,3.0 and up
USR05421,HEALTH_AND_FITNESS,2.2,4,28,1000,Free,0,Everyone,Health & Fitness,2018-02-01,1.1.3,4.0 and up
USR05422,SOCIAL,4.6,308,0.443,10000,Free,0,Everyone,Social,2015-06-10,1,3.0 and up
USR05423,LIFESTYLE,4.6,9,3.1,1000,Free,0,Everyone,Lifestyle,2017-12-08,2.2,4.1 and up
USR05424,LIFESTYLE,4.7,29,3.2,1000,Free,0,Everyone,Lifestyle,2018-07-25,1.3,4.0.3 and up
USR05425,VIDEO_PLAYERS,4.6,277,6.8,10000,Free,0,Everyone,Video Players & Editors,2016-07-16,1.01,2.3 and up
USR05426,FAMILY,4.4,30,99,5000,Free,0,Everyone,Entertainment,2018-03-31,0.1,4.0 and up
USR05427,FAMILY,3.8,125,17,10000,Free,0,Everyone,Casual,2017-02-21,v1.3,4.0 and up
USR05428,FAMILY,3.6,445,12,50000,Free,0,Everyone,Casual,2015-03-22,1.3,2.2 and up
USR05429,LIFESTYLE,4.9,301,25,10000,Free,0,Everyone,Lifestyle,2018-07-21,1.1.2,4.4 and up
USR05430,FAMILY,4.8,160,13,10000,Free,0,Everyone,Entertainment,2017-03-05,1.3,2.3 and up
USR05431,FAMILY,4.4,150,5.9,10000,Free,0,Everyone,Entertainment,2018-06-11,1.07,4.0 and up
USR05432,BUSINESS,5,8,3.7,100,Free,0,Everyone,Business,2018-06-05,1.1.1,4.1 and up
USR05433,FAMILY,4.8,100,4.5,5000,Free,0,Everyone,Education,2018-08-05,2,4.4 and up
USR05434,FAMILY,4.6,106,3.9,10000,Free,0,Everyone,Education,2016-11-19,1.1,2.2 and up
USR05435,LIFESTYLE,5,10,3,1000,Free,0,Everyone,Lifestyle,2018-01-14,1,4.1 and up
USR05436,FAMILY,4.6,222,1.4,10000,Free,0,Everyone,Entertainment,2016-02-07,0.4.0,2.1 and up
USR05437,FINANCE,5,4,11,50,Free,0,Everyone,Finance,2018-05-25,1.0.0,4.4 and up
USR05438,LIFESTYLE,4,4160,30,500000,Free,0,Everyone,Lifestyle,2018-07-06,2.3.6,4.0.3 and up
USR05439,FAMILY,4.3,616,25,10000,Free,0,Teen,Casual,2018-06-12,4.5.5,2.3.3 and up
USR05440,GAME,4.5,415,52,10000,Free,0,Mature 17+,Adventure,2018-07-06,1.0.1,4.1 and up
USR05441,FAMILY,4,2614,6.3,100000,Free,0,Mature 17+,Simulation,2015-04-14,1.0.8,2.2 and up
USR05442,FAMILY,3.2,304,4.7,10000,Free,0,Teen,Entertainment,2018-02-14,1.0.2,4.0.3 and up
USR05443,FAMILY,4.6,2683,25,10000,Free,0,Mature 17+,Simulation,2018-06-15,1.3.1,4.0 and up
USR05444,FAMILY,4.2,3379,62,100000,Free,0,Mature 17+,Simulation,2017-03-23,1.6.3,2.3.3 and up
USR05445,COMICS,4.8,33783,6.4,1000000,Free,0,Teen,Comics,2018-07-28,1.3.34,4.1 and up
USR05446,COMICS,3,28447,15,1000000,Free,0,Teen,Comics,2018-07-31,Varies with device,Varies with device
USR05447,GAME,4.3,125,70,5000,Free,0,Teen,Adventure,2016-07-01,1.0.1,2.3.3 and up
USR05448,MAPS_AND_NAVIGATION,3.9,230,12,10000,Free,0,Everyone,Maps & Navigation,2018-07-13,2.12.1,4.1 and up
USR05449,COMICS,3.2,1462,7.1,100000,Free,0,Mature 17+,Comics,2018-05-18,1,4.0.3 and up
USR05450,FAMILY,3.9,8419,47,100000,Free,0,Teen,Role Playing,2018-08-01,0.0.42,4.0.3 and up
USR05451,FAMILY,4.8,4,23,10,Paid,14.99,Teen,Casual,2018-01-24,1.03,2.3.3 and up
USR05452,COMICS,3.5,4205,10,100000,Free,0,Teen,Comics,2018-07-13,1.77,4.0.3 and up
USR05453,GAME,4.4,1563,40,50000,Free,0,Teen,Adventure,2017-06-29,1.3.6,4.0 and up
USR05454,GAME,4.1,355,53,10000,Free,0,Teen,Adventure,2018-07-10,1.0.6,4.1 and up
USR05455,FAMILY,4.2,1901,8.2,100000,Free,0,Mature 17+,Simulation,2016-07-07,1.3.0,2.3.3 and up
USR05456,FAMILY,4.7,6073,8.5,100000,Free,0,Mature 17+,Simulation,2018-02-25,4.2.2,2.3 and up
USR05457,TOOLS,4,9,33,1000,Free,0,Everyone,Tools,2018-05-28,3.0.1,4.0 and up
USR05458,COMICS,4.4,190,34,10000,Free,0,Everyone,Comics,2017-11-17,3.2.1,3.0 and up
USR05459,FAMILY,4.2,45,23,1000,Free,0,Teen,Casual,2018-01-25,1.5,2.3.3 and up
USR05460,SHOPPING,5,21,2.5,100,Free,0,Everyone,Shopping,2017-10-31,1.6,4.2 and up
USR05461,PHOTOGRAPHY,3.5,52,1.8,10000,Free,0,Everyone,Photography,2016-08-18,2.0.160818,2.3 and up
USR05462,COMICS,3.8,7326,,500000,Free,0,Adults only 18+,Comics,2018-08-03,Varies with device,Varies with device
USR05463,FAMILY,4.5,1318,24,50000,Free,0,Teen,Simulation,2018-03-05,1.0.21,4.1 and up
USR05464,TRAVEL_AND_LOCAL,4.1,98,2,5000,Free,0,Everyone,Travel & Local,2018-07-17,2,4.3 and up
USR05465,TOOLS,4.3,15,1.2,100,Paid,3.99,Everyone,Tools,2014-06-05,1.3.140606,2.3 and up
USR05466,FAMILY,4.3,855,7,10000,Free,0,Teen,Entertainment,2016-02-22,5,2.3.3 and up
USR05467,PERSONALIZATION,4.4,18,2.1,500,Paid,2,Everyone,Personalization,2013-07-01,1.0.3,2.1 and up
USR05468,PERSONALIZATION,4,289,2.7,10000,Free,0,Everyone,Personalization,2013-05-06,1.01,2.1 and up
USR05469,FINANCE,4.3,23,93,1000,Free,0,Everyone,Finance,2018-08-01,2.6.0,5.0 and up
USR05470,GAME,4,267,40,10000,Paid,1.99,Everyone,Action,2017-02-17,1.02.01,4.0 and up
USR05471,MAPS_AND_NAVIGATION,4.9,124,3.4,1000,Free,0,Everyone,Maps & Navigation,2018-03-26,Varies with device,Varies with device
USR05472,GAME,4.7,21,9,100,Free,0,Everyone,Arcade,2017-06-30,10.05,4.0.3 and up
USR05473,TOOLS,4.3,33,1,500,Paid,3.99,Everyone,Tools,2015-02-25,2.6.150226,2.3 and up
USR05474,PERSONALIZATION,4.2,279,1.1,10000,Free,0,Everyone,Personalization,2013-05-06,1.0.2,2.1 and up
USR05475,GAME,4.1,496,39,100000,Free,0,Teen,Card,2017-01-31,1.3.0,2.3.3 and up
USR05476,COMMUNICATION,4.3,12843436,,100000000,Free,0,Everyone,Communication,2018-08-02,Varies with device,4.0.3 and up
USR05477,FOOD_AND_DRINK,4.7,51543,,1000000,Free,0,Everyone,Food & Drink,2018-08-01,Varies with device,Varies with device
USR05478,LIFESTYLE,3.2,320,31,50000,Free,0,Everyone,Lifestyle,2017-12-13,1.4,4.2 and up
USR05479,SPORTS,3.9,9765,14,1000000,Free,0,Everyone,Sports,2017-05-01,1.38.1,2.3 and up
USR05480,FINANCE,4.2,798,29,50000,Free,0,Everyone,Finance,2018-01-03,1.0.46,4.0 and up
USR05481,TOOLS,4.1,783,4.2,100000,Free,0,Everyone,Tools,2016-08-05,1.0.1,4.0.3 and up
USR05482,BUSINESS,4.9,13,5.3,100,Free,0,Everyone,Business,2018-07-12,1.11.1prod,4.0.3 and up
USR05483,SPORTS,3.7,84,6.3,1000,Paid,2.99,Everyone,Sports,2018-04-17,3.7,4.4 and up
USR05484,FINANCE,3.5,196,27,10000,Free,0,Everyone,Finance,2017-08-20,1.8,4.1 and up
USR05485,TOOLS,4.9,83,3.1,500,Paid,3.99,Everyone,Tools,2018-06-01,2.0.0,5.0 and up
USR05486,COMMUNICATION,3.3,78,2.5,10000,Free,0,Everyone,Communication,2018-03-31,4.5,6.0 and up
USR05487,BOOKS_AND_REFERENCE,4.9,659,5,10000,Free,0,Everyone,Books & Reference,2017-08-28,4.4.5,4.0 and up
USR05488,SPORTS,3.4,1520,6.3,50000,Free,0,Everyone,Sports,2018-04-17,3.7,4.4 and up
USR05489,SPORTS,4.5,2710,4.8,100000,Free,0,Everyone,Sports,2017-11-27,4,4.1 and up
USR05490,BOOKS_AND_REFERENCE,4.3,28,,1000,Free,0,Everyone,Books & Reference,2016-10-20,Varies with device,Varies with device
USR05491,FAMILY,5,6,9.2,1000,Free,0,Everyone,Education,2018-01-24,1,4.1 and up
USR05492,AUTO_AND_VEHICLES,3.5,2,34,100,Free,0,Everyone,Auto & Vehicles,2018-06-08,1.10.1,5.0 and up
USR05493,HEALTH_AND_FITNESS,4.4,622,2.5,10000,Free,0,Everyone,Health & Fitness,2018-05-09,1.3.3,4.4 and up
USR05494,SHOPPING,3.7,192,36,100000,Free,0,Everyone,Shopping,2018-08-03,0.8.129,4.1 and up
USR05495,FINANCE,4.8,6,6.2,500,Free,0,Everyone,Finance,2018-08-03,2.0.10,4.0.3 and up
USR05496,SPORTS,4.3,1879,4.4,100000,Free,0,Everyone,Sports,2017-02-09,2.9,4.1 and up
USR05497,HEALTH_AND_FITNESS,4.9,42,18,1000,Free,0,Everyone,Health & Fitness,2018-06-11,1.5.12,4.1 and up
USR05498,HEALTH_AND_FITNESS,5,3,9.3,100,Free,0,Everyone,Health & Fitness,2017-10-09,0.0.1,4.1 and up
USR05499,COMMUNICATION,4.3,8827,,1000000,Free,0,Everyone,Communication,2018-05-22,1.0.2,4.0.3 and up
USR05500,PARENTING,4.3,11760,,1000000,Free,0,Everyone,Parenting,2018-06-22,Varies with device,Varies with device
USR05501,SPORTS,4.4,328,11,10000,Free,0,Everyone,Sports,2018-07-31,2.0.5,4.4 and up
USR05502,MEDICAL,1,1,2.3,100,Free,0,Everyone,Medical,2016-12-14,1.1.3,4.3 and up
USR05503,SPORTS,4.5,117,4.4,1000,Paid,0.99,Everyone,Sports,2017-02-09,2.9,4.1 and up
USR05504,PRODUCTIVITY,4,2,10,10,Free,0,Everyone,Productivity,2018-07-24,1.3.3,4.1 and up
USR05505,TOOLS,5,1,3.7,10,Free,0,Everyone,Tools,2018-07-13,2,4.4 and up
USR05506,GAME,4.9,59,21,500,Free,0,Everyone,Word,2018-06-22,1,4.4 and up
USR05507,SPORTS,4.7,163,4.6,1000,Paid,0.99,Everyone,Sports,2017-10-06,3.9,4.1 and up
USR05508,BOOKS_AND_REFERENCE,4.5,155466,,10000000,Free,0,Teen,Books & Reference,2018-04-25,Varies with device,Varies with device
USR05509,FINANCE,3.9,8185,45,500000,Free,0,Everyone,Finance,2018-07-06,5.1,4.4 and up
USR05510,SHOPPING,3.2,661,7.6,100000,Free,0,Everyone,Shopping,2018-03-19,3.0.2,4.1 and up
USR05511,BOOKS_AND_REFERENCE,3.5,2539,8.6,500000,Free,0,Everyone,Books & Reference,2018-07-26,v1.1.6,4.1 and up
USR05512,FINANCE,3.7,913,0.068,100000,Free,0,Everyone,Finance,2012-07-20,1,1.5 and up
USR05513,BUSINESS,3,597,17,100000,Free,0,Everyone,Business,2018-07-12,9,5.0 and up
USR05514,LIBRARIES_AND_DEMO,4.2,78,0.793,10000,Free,0,Everyone,Libraries & Demo,2017-02-05,2.3.2,1.6 and up
USR05515,BEAUTY,4,2,13,100,Free,0,Everyone,Beauty,2018-03-06,1.0.8,4.0.3 and up
USR05516,LIBRARIES_AND_DEMO,4.1,142,0.432,10000,Free,0,Everyone,Libraries & Demo,2017-02-05,2.3.2,1.6 and up
USR05517,BOOKS_AND_REFERENCE,4.7,19090,,500000,Free,0,Everyone,Books & Reference,2018-04-25,Varies with device,Varies with device
USR05518,LIBRARIES_AND_DEMO,4,45,0.822,5000,Free,0,Everyone,Libraries & Demo,2017-02-05,2.3.2,1.6 and up
USR05519,FINANCE,3.1,72,2.4,10000,Free,0,Everyone,Finance,2018-02-13,2.0.9,4.0 and up
USR05520,LIBRARIES_AND_DEMO,4.4,34,0.407,1000,Free,0,Everyone,Libraries & Demo,2017-02-05,2.3.2,1.6 and up
USR05521,SPORTS,3.2,4,5.6,100,Free,0,Everyone,Sports,2018-05-17,4.6,4.3 and up
USR05522,LIBRARIES_AND_DEMO,3.9,71,0.402,10000,Free,0,Everyone,Libraries & Demo,2017-02-05,2.3.2,1.6 and up
USR05523,LIBRARIES_AND_DEMO,4.2,86,0.448,10000,Free,0,Everyone,Libraries & Demo,2017-02-05,2.3.2,1.6 and up
USR05524,BOOKS_AND_REFERENCE,4.7,146,34,5000,Free,0,Everyone,Books & Reference,2018-04-30,1.1.3,4.4 and up
USR05525,LIBRARIES_AND_DEMO,4,24,0.467,1000,Free,0,Everyone,Libraries & Demo,2017-02-05,2.3.2,1.6 and up
USR05526,LIBRARIES_AND_DEMO,4,45,0.327,5000,Free,0,Everyone,Libraries & Demo,2017-02-05,2.3.2,1.6 and up
USR05527,NEWS_AND_MAGAZINES,3.7,533,3.8,50000,Free,0,Everyone,News & Magazines,2018-08-05,4.4,4.0.3 and up
USR05528,LIBRARIES_AND_DEMO,4.1,120,0.764,10000,Free,0,Everyone,Libraries & Demo,2017-02-05,2.3.2,1.6 and up
USR05529,LIBRARIES_AND_DEMO,4.4,30,0.704,5000,Free,0,Everyone,Libraries & Demo,2017-02-05,2.3.2,1.6 and up
USR05530,LIBRARIES_AND_DEMO,4,50,0.42,5000,Free,0,Everyone,Libraries & Demo,2017-02-05,2.3.2,1.6 and up
USR05531,LIBRARIES_AND_DEMO,3.9,131,0.419,10000,Free,0,Everyone,Libraries & Demo,2017-02-05,2.3.2,1.6 and up
USR05532,LIBRARIES_AND_DEMO,3.6,7,0.188,1000,Free,0,Everyone,Libraries & Demo,2017-02-05,2.3.2,1.6 and up
USR05533,PRODUCTIVITY,4.6,27,2.5,1000,Free,0,Everyone,Productivity,2017-06-05,1.2.3,4.0 and up
USR05534,LIBRARIES_AND_DEMO,4.4,63,0.407,5000,Free,0,Everyone,Libraries & Demo,2017-02-05,2.3.2,1.6 and up
USR05535,FAMILY,1.9,250,,50000,Free,0,Everyone,Education,2018-07-18,Varies with device,Varies with device
USR05536,LIBRARIES_AND_DEMO,4.3,15,0.449,1000,Free,0,Everyone,Libraries & Demo,2017-02-05,2.3.2,1.6 and up
USR05537,GAME,4.5,514,5.9,5000,Paid,6.99,Teen,Adventure,2018-06-04,1.0.36,4.0 and up
USR05538,LIBRARIES_AND_DEMO,4.1,66,0.711,10000,Free,0,Everyone,Libraries & Demo,2017-02-05,2.3.2,1.6 and up
USR05539,LIBRARIES_AND_DEMO,3.8,18,0.484,1000,Free,0,Everyone,Libraries & Demo,2017-02-05,2.3.2,1.6 and up
USR05540,LIBRARIES_AND_DEMO,4.1,174,0.797,10000,Free,0,Everyone,Libraries & Demo,2017-02-05,2.3.2,1.6 and up
USR05541,GAME,4.6,144,6.3,1000,Paid,6.99,Everyone,Adventure,2018-05-15,1.0.9,4.0 and up
USR05542,LIBRARIES_AND_DEMO,3.7,83,0.404,10000,Free,0,Everyone,Libraries & Demo,2017-02-05,2.3.2,1.6 and up
USR05543,LIBRARIES_AND_DEMO,3.9,53,0.326,10000,Free,0,Everyone,Libraries & Demo,2017-02-05,2.3.2,1.6 and up
USR05544,LIBRARIES_AND_DEMO,4.4,50,0.494,5000,Free,0,Everyone,Libraries & Demo,2017-02-05,2.3.2,1.6 and up
USR05545,LIFESTYLE,4.5,31,2.3,1000,Free,0,Everyone,Lifestyle,2018-04-21,2.1.0,4.1 and up
USR05546,SOCIAL,4.3,3781467,,100000000,Free,0,Mature 17+,Social,2018-08-02,Varies with device,Varies with device
USR05547,GAME,4.4,33661,60,100000,Paid,2.99,Everyone,Card,2018-08-03,3.4.6,4.1 and up
USR05548,GAME,3.5,46801,60,1000000,Free,0,Everyone,Card,2018-08-03,3.4.6,4.1 and up
USR05549,FAMILY,4.3,41,7.9,1000,Paid,2.99,Everyone,Education;Pretend Play,2018-05-31,2.4.2,4.0.3 and up
USR05550,FAMILY,4.5,65,24,10000,Free,0,Everyone,Casual,2018-07-05,6,4.0 and up
USR05551,FAMILY,4.5,5591653,95,50000000,Free,0,Everyone 10+,Strategy,2018-07-18,35.119,4.0.3 and up
USR05552,GAME,4.4,1432447,59,50000000,Free,0,Everyone,Arcade,2017-11-09,1.3.21,4.0.3 and up
USR05553,FAMILY,4.2,13,23,1000,Paid,2.49,Everyone,Education;Pretend Play,2017-12-25,2.6,4.0.3 and up
USR05554,GAME,4.3,1167143,12,100000000,Free,0,Everyone,Arcade,2017-09-20,1.18.35,4.1 and up
USR05555,FINANCE,3.6,73,14,10000,Free,0,Everyone,Finance,2016-10-18,1.5.0,4.1 and up
USR05556,FAMILY,4,3,2.2,500,Free,0,Teen,Casual,2018-07-22,1.1.1,5.0 and up
USR05557,GAME,3.8,488,30,100000,Free,0,Teen,Casino,2016-06-10,1.3,2.3 and up
USR05558,GAME,4.4,125578,17,5000000,Free,0,Everyone,Action,2015-07-06,1.1.8,2.1 and up
USR05559,FAMILY,3.8,87734,32,10000000,Free,0,Teen,Entertainment,2018-07-19,16.0.0.437,4.1 and up
USR05560,GAME,3.9,164,33,10000,Free,0,Teen,Card,2013-09-23,1.0.1,2.3.3 and up
USR05561,GAME,4.1,14283,4.2,1000000,Free,0,Teen,Casino,2017-10-01,1.1.2,4.0 and up
USR05562,FAMILY,4.3,6,33,1000,Paid,2.49,Everyone,Education;Pretend Play,2017-12-25,1.5,4.0.3 and up
USR05563,SOCIAL,3.5,20675,96,1000000,Free,0,Teen,Social,2018-08-02,4.4.0,5.0 and up
USR05564,SOCIAL,4.3,51569,26,1000000,Free,0,Teen,Social,2018-07-30,5.4.7,4.1 and up
USR05565,FAMILY,4.7,10,30,1000,Paid,2.99,Everyone,Education;Pretend Play,2017-12-18,1.3,4.0.3 and up
USR05566,GAME,4.5,38297,6.4,10000000,Free,0,Everyone,Arcade,2018-07-05,1.0.8,4.0.3 and up
USR05567,FAMILY,3.8,159398,28,5000000,Free,0,Teen,Role Playing,2018-05-30,2.22.0,4.2 and up
USR05568,GAME,4.5,776730,49,10000000,Free,0,Everyone 10+,Action,2018-07-26,2.23,4.0.3 and up
USR05569,GAME,4.2,152,16,10000,Free,0,Teen,Casino,2018-07-08,2.1.2,4.1 and up
USR05570,FAMILY,4.3,70903,51,5000000,Free,0,Everyone,Puzzle;Brain Games,2018-05-03,1.3.20,4.0.3 and up
USR05571,EVENTS,4.1,110,2.6,5000,Free,0,Teen,Events,2018-06-05,Version 1.3.1,4.0.3 and up
USR05572,PHOTOGRAPHY,4.6,819694,25,10000000,Free,0,Everyone,Photography,2018-06-26,4.2.3,4.0 and up
USR05573,FAMILY,4.6,4451317,,50000000,Free,0,Everyone,Casual,2018-07-19,5.9.0,4.0.3 and up
USR05574,GAME,4.5,1243017,27,50000000,Free,0,Teen,Action,2018-07-18,3.0.0,4.2 and up
USR05575,FAMILY,4.5,66740,23,1000000,Free,0,Everyone,Arcade;Action & Adventure,2016-07-08,2.4.4,2.3 and up
USR05576,TRAVEL_AND_LOCAL,3,69,31,10000,Free,0,Everyone,Travel & Local,2018-06-11,3.4.1,5.0 and up
USR05577,HEALTH_AND_FITNESS,2.6,186,25,10000,Free,0,Everyone,Health & Fitness,2018-05-19,1.1.0,8.0 and up
USR05578,BUSINESS,3.4,25,16,10000,Free,0,Everyone,Business,2018-07-27,1.1.2,4.1 and up
USR05579,LIFESTYLE,4,7808,5,1000000,Free,0,Everyone,Lifestyle,2015-11-05,1.2.1,2.2 and up
USR05580,MEDICAL,4.7,8347,2.6,500000,Free,0,Everyone,Medical,2018-04-13,1.4.6,4.0 and up
USR05581,MEDICAL,3.4,18,45,1000,Free,0,Everyone,Medical,2018-06-05,1.2.4,2.3.3 and up
USR05582,MEDICAL,3.7,9,23,1000,Free,0,Everyone,Medical,2017-10-03,1.1.3,2.3.3 and up
USR05583,MEDICAL,4.5,3320,8.3,100000,Free,0,Everyone,Medical,2018-02-12,3.1.1,4.1 and up
USR05584,FAMILY,3.9,174423,7.9,10000000,Free,0,Everyone,Entertainment,2018-08-02,2.28,4.0 and up
USR05585,MEDICAL,4,255,16,10000,Free,0,Everyone,Medical,2018-05-25,2.5.80,4.2 and up
USR05586,MEDICAL,4.5,309,5.9,10000,Free,0,Everyone,Medical,2017-03-15,2.21,4.4 and up
USR05587,MEDICAL,4,91,0.327,10000,Free,0,Everyone,Medical,2012-02-08,1.6,2.1 and up
USR05588,BOOKS_AND_REFERENCE,4.4,52,2.2,1000,Free,0,Everyone,Books & Reference,2016-01-15,2.0.7,4.0 and up
USR05589,MEDICAL,1.8,30,0.866,500,Free,0,Everyone,Medical,2016-05-27,1.1,4.3 and up
USR05590,HEALTH_AND_FITNESS,4.3,12,0.599,1000,Free,0,Everyone,Health & Fitness,2016-02-20,1.0.0,5.0 and up
USR05591,LIFESTYLE,5,3,1.5,100,Free,0,Everyone,Lifestyle,2014-11-15,1.1,2.2 and up
USR05592,HEALTH_AND_FITNESS,5,1,12,50,Free,0,Everyone,Health & Fitness,2018-04-09,1.0.8.506,5.0 and up
USR05593,FAMILY,3.2,12,13,1000,Free,0,Everyone,Casual,2018-02-03,1.3_4,4.0 and up
USR05594,MEDICAL,4.2,5661,,500000,Free,0,Everyone,Medical,2017-04-19,Varies with device,Varies with device
USR05595,FAMILY,4.6,47,3.3,5000,Free,0,Everyone,Simulation,2018-08-01,1.1,4.0.3 and up
USR05596,MEDICAL,3.8,4,2.9,1000,Free,0,Everyone,Medical,2016-06-01,1,3.0 and up
USR05597,MEDICAL,3.9,31,10,1000,Free,0,Everyone,Medical,2016-01-15,1.0.1,4.4 and up
USR05598,MEDICAL,4.2,34,3.2,1000,Free,0,Everyone,Medical,2016-10-12,1.2016,3.0 and up
USR05599,MEDICAL,4,11,1.8,1000,Free,0,Everyone,Medical,2017-11-08,1.1.1,4.0 and up
USR05600,FAMILY,4.1,157,7,50000,Free,0,Everyone,Entertainment,2016-09-20,1.2,4.0.3 and up
USR05601,HEALTH_AND_FITNESS,3.9,26,12,1000,Free,0,Everyone,Health & Fitness,2018-06-09,1,4.1 and up
USR05602,MEDICAL,4.4,515,,1000,Paid,5.49,Everyone,Medical,2017-04-19,Varies with device,Varies with device
USR05603,HEALTH_AND_FITNESS,2.1,32,9.6,1000,Free,0,Everyone,Health & Fitness,2018-05-22,5.9,4.3 and up
USR05604,LIFESTYLE,1.8,5,18,1000,Free,0,Everyone 10+,Lifestyle,2018-02-12,26,4.1 and up
USR05605,MEDICAL,4.2,70,1.9,10000,Free,0,Everyone,Medical,2016-05-27,2.46 Saber,4.4 and up
USR05606,MEDICAL,2,1,29,50,Free,0,Everyone,Medical,2017-06-27,7.9.0 (5192),5.0 and up
USR05607,HEALTH_AND_FITNESS,3.4,2256,1.6,500000,Free,0,Everyone,Health & Fitness,2014-07-31,1.1.0,4.0 and up
USR05608,MEDICAL,4.3,46,2,10000,Free,0,Everyone,Medical,2017-04-05,1.0.2,4.0.3 and up
USR05609,PHOTOGRAPHY,3.6,2526,,1000000,Free,0,Everyone,Photography,2018-07-02,Varies with device,Varies with device
USR05610,TOOLS,3.7,5004,2.5,1000000,Free,0,Everyone,Tools,2018-07-09,8.3.6-e04ac87,Varies with device
USR05611,GAME,4.7,191,7.2,5000,Free,0,Everyone,Trivia,2018-07-31,4.1.2,4.1 and up
USR05612,BOOKS_AND_REFERENCE,4.5,67186,6.3,1000000,Free,0,Everyone 10+,Books & Reference,2018-05-18,4.4.10,2.3.3 and up
USR05613,TOOLS,4.6,18,4,100,Free,0,Everyone,Tools,2018-04-01,3.4.5,4.0 and up
USR05614,PRODUCTIVITY,3.6,26,1.2,5000,Free,0,Everyone,Productivity,2015-05-19,10.0.3086,4.0 and up
USR05615,TOOLS,4.4,8259,3.5,1000000,Free,0,Everyone,Tools,2018-07-18,13.3,4.0 and up
USR05616,FAMILY,4.6,41,9.2,1000,Free,0,Everyone,Education,2017-07-07,5.1,2.3 and up
USR05617,FAMILY,2.3,3,36,1000,Free,0,Everyone 10+,Entertainment,2018-01-23,2.4,2.3.3 and up
USR05618,PRODUCTIVITY,3.8,8211,4.1,5000000,Free,0,Everyone,Productivity,2018-07-20,1.8.4,4.4 and up
USR05619,TOOLS,3,2,2.7,100,Free,0,Everyone,Tools,2017-10-10,1.0.1,4.4 and up
USR05620,FOOD_AND_DRINK,5,2,33,50,Free,0,Everyone,Food & Drink,2018-03-08,0.8,2.3.3 and up
USR05621,PERSONALIZATION,4.5,43,28,10000,Free,0,Everyone,Personalization,2018-03-26,1.1,4.0 and up
USR05622,PERSONALIZATION,4.4,16,6.7,5000,Free,0,Everyone,Personalization,2018-03-10,1.3.4,7.0 and up
USR05623,FAMILY,4.5,516,21,50000,Free,0,Everyone,Education;Education,2016-12-21,1.4.1,4.0.3 and up
USR05624,FOOD_AND_DRINK,4.8,18,3.5,5000,Free,0,Everyone,Food & Drink,2016-08-15,1,4.0 and up
USR05625,TOOLS,4.3,3068,6,100000,Free,0,Everyone,Tools,2018-07-20,11.1,4.0 and up
USR05626,PHOTOGRAPHY,3.8,16317,,100000,Paid,3.95,Everyone,Photography,2017-11-10,Varies with device,Varies with device
USR05627,PHOTOGRAPHY,4.3,244302,,10000000,Free,0,Everyone,Photography,2018-07-05,Varies with device,Varies with device
USR05628,FOOD_AND_DRINK,3.7,3,27,1000,Free,0,Everyone,Food & Drink,2018-03-05,1.01.03,4.1 and up
USR05629,PERSONALIZATION,4.5,13466,3.4,500000,Free,0,Everyone,Personalization,2018-06-19,1.9,5.0 and up
USR05630,TOOLS,4.3,27749,16,1000000,Free,0,Everyone,Tools,2018-07-19,3.3.6,4.0.3 and up
USR05631,FAMILY,4.4,77,10,10000,Free,0,Everyone,Education,2017-07-07,1.6,2.3 and up
USR05632,SHOPPING,3.4,25515,,10000000,Free,0,Everyone,Shopping,2018-07-16,Varies with device,Varies with device
USR05633,TOOLS,4.5,28030,9,1000000,Free,0,Everyone,Tools,2018-08-02,4.4.4,4.1 and up
USR05634,LIFESTYLE,1.6,242,36,50000,Free,0,Everyone,Lifestyle,2018-05-14,1.2.1,3.0 and up
USR05635,FAMILY,4.5,75719,30,5000000,Free,0,Everyone,Educational,2017-11-24,3.3.0,4.0.3 and up
USR05636,SPORTS,4.4,122280,,5000000,Free,0,Everyone 10+,Sports,2018-07-20,Varies with device,Varies with device
USR05637,FOOD_AND_DRINK,3.8,1103,6.6,100000,Free,0,Everyone,Food & Drink,2018-06-08,1.4.0-2,4.1 and up
USR05638,FAMILY,4.3,21804,44,1000000,Paid,0.99,Everyone 10+,Role Playing,2018-07-03,2.6.6,2.3 and up
USR05639,GAME,4.3,20691,89,1000000,Free,0,Everyone,Racing,2018-07-31,5.7.1,4.4 and up
USR05640,LIFESTYLE,3,859,3.5,100000,Free,0,Everyone,Lifestyle,2018-07-19,1.7.7,2.2 and up
USR05641,SPORTS,4,232,32,50000,Free,0,Everyone,Sports,2018-08-01,2.1.2,5.0 and up
USR05642,LIBRARIES_AND_DEMO,4.2,130287,50,10000000,Free,0,Everyone,Libraries & Demo,2016-03-14,1.8,4.1 and up
USR05643,PRODUCTIVITY,4.8,5865,15,100000,Paid,4.49,Everyone,Productivity,2018-07-18,1,4.1 and up
USR05644,VIDEO_PLAYERS,4,46,3.1,5000,Free,0,Everyone,Video Players & Editors,2015-04-20,1.0.6,3.0 and up
USR05645,FAMILY,4.5,41,30,5000,Free,0,Everyone,Simulation,2018-01-13,1.01,4.1 and up
USR05646,FINANCE,4.7,413,13,10000,Free,0,Everyone,Finance,2018-05-30,5.9.1.0,5.0 and up
USR05647,SOCIAL,1.9,16,2.6,1000,Free,0,Everyone,Social,2016-06-30,1,4.0 and up
USR05648,SOCIAL,4.9,29,2.5,500,Free,0,Everyone,Social,2018-03-20,5,5.0 and up
USR05649,FAMILY,4.4,544,,5000,Paid,1.49,Everyone,Entertainment,2017-08-20,Varies with device,Varies with device
USR05650,SOCIAL,4.7,2068,7.5,100000,Free,0,Everyone,Social,2014-04-13,1,2.2 and up
USR05651,FAMILY,4.9,1288,26,10000,Free,0,Everyone,Education,2018-07-11,1,4.1 and up
USR05652,SOCIAL,4.8,1902,5.2,100000,Free,0,Everyone,Social,2014-06-05,1.3,2.1 and up
USR05653,GAME,4.5,1418,26,10000,Free,0,Teen,Casino,2018-05-30,1.2.1,4.0.3 and up
USR05654,FAMILY,4.6,2736,,100000,Free,0,Everyone,Entertainment,2018-08-03,Varies with device,4.1 and up
USR05655,BUSINESS,4.5,43,92,100,Free,0,Everyone,Business,2018-07-20,3.0.0 By Luccas,2.3 and up
USR05656,GAME,5,7,19,5,Free,0,Everyone,Arcade,2018-07-23,1,4.1 and up
USR05657,VIDEO_PLAYERS,3.9,1016,13,50000,Free,0,Teen,Video Players & Editors,2018-05-28,6,4.1 and up
USR05658,COMICS,4.3,109,3.5,10000,Free,0,Everyone,Comics,2018-01-18,1,4.0.3 and up
USR05659,FAMILY,4.8,1304467,68,10000000,Free,0,Everyone,Strategy,2018-07-27,2.9,4.1 and up
USR05660,TOOLS,4.3,1320,0.76,100000,Free,0,Everyone,Tools,2013-09-13,1,2.0 and up
USR05661,BOOKS_AND_REFERENCE,4.6,156,2.1,10000,Free,0,Everyone,Books & Reference,2018-06-11,2,2.3 and up
USR05662,GAME,4.1,1167,72,100000,Free,0,Teen,Action,2018-05-03,1.4,4.1 and up
USR05663,SHOPPING,4.5,245104,35,5000000,Free,0,Everyone,Shopping,2018-08-01,3.6.0,4.0.3 and up
USR05664,VIDEO_PLAYERS,4.3,5879,,1000000,Free,0,Teen,Video Players & Editors,2018-06-12,Varies with device,4.1 and up
USR05665,GAME,3.8,8175,31,1000000,Free,0,Everyone 10+,Arcade,2018-01-03,2.11.7,4.1 and up
USR05666,GAME,2.4,45,4.1,10000,Free,0,Teen,Card,2016-08-26,1.1,4.1 and up
USR05667,VIDEO_PLAYERS,4.3,138337,,10000000,Free,0,Everyone,Video Players & Editors,2018-04-03,Varies with device,Varies with device
USR05668,GAME,2.8,48,13,10000,Free,0,Teen,Card,2016-04-10,1.0.1,4.1 and up
USR05669,GAME,4.5,947515,60,10000000,Free,0,Teen,Action,2018-07-25,5.3.1,4.1 and up
USR05670,FAMILY,4.6,5546,85,100000,Free,0,Everyone,Simulation,2018-06-15,1.21,4.0.3 and up
USR05671,GAME,4.1,13304,1.3,1000000,Free,0,Everyone,Arcade,2016-11-30,1.2.21,4.0 and up
USR05672,VIDEO_PLAYERS,4.2,4585,,50000,Paid,5.99,Everyone,Video Players & Editors,2018-03-30,Varies with device,Varies with device
USR05673,FAMILY,4.6,9,6.9,1000,Free,0,Everyone,Education,2018-05-16,1.2,4.1 and up
USR05674,VIDEO_PLAYERS,4.3,9966,5.5,1000000,Free,0,Everyone,Video Players & Editors,2017-03-31,1.23,2.1 and up
USR05675,FAMILY,4.6,70335,58,500000,Free,0,Teen,Simulation,2017-10-17,1.0.7,4.3 and up
USR05676,FAMILY,5,15,94,50,Free,0,Everyone,Education,2018-07-11,2,4.0.3 and up
USR05677,COMMUNICATION,5,1,0.667,50,Free,0,Everyone,Communication,2015-09-03,0.1,2.3 and up
USR05678,FAMILY,3.9,14,0.578,1000,Free,0,Teen,Entertainment,2013-08-14,2,2.2 and up
USR05679,PRODUCTIVITY,4.2,218,,50000,Free,0,Everyone,Productivity,2018-07-15,Varies with device,Varies with device
USR05680,FAMILY,3.9,168,6.4,5000,Free,0,Everyone,Simulation,2017-06-27,1.1,4.0.3 and up
USR05681,FAMILY,4.2,5,3.3,100,Free,0,Everyone,Entertainment,2016-07-23,1.1,4.4 and up
USR05682,VIDEO_PLAYERS,3.5,54,0.182,10000,Free,0,Everyone,Video Players & Editors,2013-04-22,1,2.2 and up
USR05683,FAMILY,4,4,0.82,100,Free,0,Everyone,Education,2014-06-09,1.0.1,4.0.3 and up
USR05684,FAMILY,3.7,56,1.5,5000,Free,0,Everyone,Education,2015-03-04,1.1.2,4.0 and up
USR05685,GAME,3.8,10,36,1000,Free,0,Mature 17+,Word,2016-04-05,6,4.0.3 and up
USR05686,TOOLS,4.3,269,0.632,50000,Free,0,Everyone,Tools,2012-08-18,4.0.1,2.0 and up
USR05687,MAPS_AND_NAVIGATION,4.5,6,2.5,50,Free,0,Everyone,Maps & Navigation,2018-07-28,2.1,4.0 and up
USR05688,FAMILY,4.6,11480,93,100000,Free,0,Everyone,Simulation,2018-05-25,1.0.4,4.4 and up
USR05689,FAMILY,4.5,301,5.6,10000,Free,0,Everyone,Education,2018-07-01,1,4.1 and up
USR05690,FAMILY,4.3,1895,72,50000,Free,0,Everyone,Simulation,2018-02-27,1.0.1,4.4 and up
USR05691,FAMILY,4.4,847,21,10000,Free,0,Everyone,Education,2018-07-16,2.3,4.0.3 and up
USR05692,FAMILY,4.6,19640,67,100000,Free,0,Teen,Simulation,2018-05-18,2,4.4 and up
USR05693,TOOLS,3.9,333,1.1,100000,Free,0,Everyone,Tools,2016-02-03,2.4,2.3 and up
USR05694,FINANCE,3.9,25205,,1000000,Free,0,Everyone,Finance,2018-07-27,Varies with device,Varies with device
USR05695,MAPS_AND_NAVIGATION,3.1,742,15,100000,Free,0,Everyone,Maps & Navigation,2018-07-09,5.7,4.1 and up
USR05696,TOOLS,3.9,71,1.1,10000,Free,0,Everyone,Tools,2016-01-26,2,2.3 and up
USR05697,FAMILY,4.4,138,6.2,10000,Free,0,Everyone,Education,2018-05-31,3.7,4.1 and up
USR05698,BOOKS_AND_REFERENCE,4.4,47,1.4,1000,Paid,3.08,Everyone,Books & Reference,2016-05-27,1.22,2.2 and up
USR05699,FAMILY,4.4,48451,52,1000000,Free,0,Teen,Strategy,2018-08-01,4.6.00,4.0.3 and up
USR05700,SOCIAL,4.6,22,8.7,1000,Free,0,Teen,Social,2018-08-05,31.1.4,4.3 and up
USR05701,TOOLS,3.9,15665,0.364,5000000,Free,0,Everyone,Tools,2016-07-08,1.1.43,4.0 and up
USR05702,TOOLS,4.6,3703,3.8,100000,Free,0,Everyone,Tools,2018-08-05,4.1.4,4.2 and up
USR05703,TOOLS,2.5,2794,3.8,1000000,Free,0,Everyone,Tools,2018-05-28,2.9,4.3 and up
USR05704,TOOLS,4.6,251,3.8,1000,Paid,0.99,Everyone,Tools,2018-08-05,4.1.4,4.2 and up
USR05705,TOOLS,2.8,632,8.2,500000,Free,0,Everyone,Tools,2017-05-23,1,6.0 and up
USR05706,COMMUNICATION,4,32,0.427,5000,Free,0,Everyone,Communication,2015-07-30,Version 1.6,1.6 and up
USR05707,BUSINESS,3.4,54,5.7,10000,Free,0,Everyone,Business,2016-07-28,3.61,2.3.3 and up
USR05708,SOCIAL,3.8,32,1.6,10000,Free,0,Teen,Social,2016-12-16,1,1.6 and up
USR05709,BUSINESS,4.5,80,16,10000,Free,0,Everyone,Business,2016-12-23,2.54.3,2.2 and up
USR05710,BUSINESS,4.8,8,2.6,5000,Free,0,Everyone,Business,2017-10-31,2,3.0 and up
USR05711,PHOTOGRAPHY,3.3,1307,6.6,500000,Free,0,Everyone,Photography,2017-02-24,1.8,2.3 and up
USR05712,COMMUNICATION,3.9,97,0.584,50000,Free,0,Everyone,Communication,2015-05-15,1,2.2 and up
USR05713,COMMUNICATION,3.5,33,2.7,10000,Free,0,Everyone,Communication,2017-09-18,2.2.6,4.1 and up
USR05714,VIDEO_PLAYERS,4.5,641219,,10000000,Free,0,Everyone,Video Players & Editors,2018-07-26,5.2.2,4.1 and up
USR05715,COMMUNICATION,4,1926,0.699,1000000,Free,0,Everyone,Communication,2015-12-16,1.3.20,2.2 and up
USR05716,COMMUNICATION,3.6,437,12,100000,Free,0,Everyone,Communication,2018-07-13,2.66.5,5.0 and up
USR05717,BUSINESS,4.7,12,13,500,Free,0,Everyone,Business,2018-05-16,3.4.2,4.4 and up
USR05718,COMMUNICATION,3.9,20829,1.9,5000000,Free,0,Everyone,Communication,2017-11-17,4.5.4,3.0 and up
USR05719,FAMILY,5,2,1.2,500,Free,0,Everyone,Education,2016-11-03,1,4.0.3 and up
USR05720,BUSINESS,4.6,14,4.3,500,Free,0,Everyone,Business,2018-06-06,3.3.2,4.4 and up
USR05721,TOOLS,3.9,4374,13,1000000,Free,0,Everyone,Tools,2018-06-25,3.1.3,4.2 and up
USR05722,LIFESTYLE,4.9,26,8.4,1000,Free,0,Teen,Lifestyle,2018-06-25,3.8.0,4.1 and up
USR05723,TOOLS,3.6,11187,7.3,1000000,Free,0,Everyone,Tools,2017-03-17,V1.7.6,4.0 and up
USR05724,TOOLS,3.7,2992,0.571,500000,Free,0,Everyone,Tools,2016-02-25,2.1.11,4.1 and up
USR05725,MAPS_AND_NAVIGATION,3.9,22,3.2,1000,Free,0,Everyone,Maps & Navigation,2018-07-04,2.2,4.1 and up
USR05726,LIFESTYLE,2.7,135,6.5,10000,Free,0,Everyone,Lifestyle,2018-07-11,1.2.1,4.3 and up
USR05727,TOOLS,3.8,67,2.7,10000,Free,0,Everyone,Tools,2016-06-06,1.9.0,3.0 and up
USR05728,NEWS_AND_MAGAZINES,2.8,636,1.4,100000,Free,0,Everyone,News & Magazines,2018-06-08,1.12.2,4.1 and up
USR05729,TOOLS,3.5,4,17,500,Free,0,Everyone,Tools,2018-05-12,1.0.1,4.3 and up
USR05730,TOOLS,4.1,36,3.1,10000,Free,0,Everyone,Tools,2016-10-24,1.16,2.3.3 and up
USR05731,TOOLS,4.7,1363,1.6,10000,Paid,2.59,Everyone,Tools,2017-06-07,2.5.18,1.6 and up
USR05732,FINANCE,4.3,34,,5000,Free,0,Everyone,Finance,2017-06-14,Varies with device,Varies with device
USR05733,TOOLS,4.5,21979,0.959,1000000,Free,0,Everyone,Tools,2017-06-07,2.1.15,1.6 and up
USR05734,SOCIAL,4.1,158,26,50000,Free,0,Mature 17+,Social,2018-07-19,2.3,4.1 and up
USR05735,BUSINESS,4.8,16,4.5,500,Free,0,Everyone,Business,2017-09-06,1.0.10,4.1 and up
USR05736,COMMUNICATION,3.4,198,0.214,50000,Free,0,Everyone,Communication,2017-02-21,3.2.1,4.0 and up
USR05737,TOOLS,5,3,0.054,100,Free,0,Everyone,Tools,2014-10-06,1,4.2 and up
USR05738,TOOLS,4.3,37,0.315,5000,Free,0,Everyone,Tools,2015-05-15,1.1.15205,2.2 and up
USR05739,FAMILY,4.4,37122,89,1000000,Free,0,Everyone,Educational,2018-06-14,1.03,4.1 and up
USR05740,FAMILY,1.8,5,5.2,1000,Free,0,Everyone,Education,2017-12-02,4,4.4 and up
USR05741,MAPS_AND_NAVIGATION,4.2,57,15,10000,Free,0,Everyone,Maps & Navigation,2017-09-05,2.02,4.1 and up
USR05742,GAME,3.3,294,19,10000,Free,0,Everyone,Arcade,2018-07-19,1,3.0 and up
USR05743,FAMILY,5,7,5.6,10,Free,0,Everyone,Education,2017-12-07,1,4.0.3 and up
USR05744,LIFESTYLE,4.8,10,11,1000,Free,0,Everyone,Lifestyle,2018-01-18,4.2.7,4.1 and up
USR05745,FAMILY,4.5,472,4.3,10000,Free,0,Everyone,Education,2018-07-06,2.4.1,2.3.3 and up
USR05746,FAMILY,5,100,10,1000,Free,0,Everyone,Education,2018-05-06,3.1.1,4.0.3 and up
USR05747,FAMILY,4.5,22167,88,1000000,Free,0,Everyone,Educational,2018-06-12,1.18,4.1 and up
USR05748,FAMILY,4.7,38,5.3,500,Free,0,Everyone,Education,2018-07-05,5.45.0_713,4.0 and up
USR05749,FAMILY,4.6,69,3.1,1000,Free,0,Everyone,Education,2017-07-24,2.4,4.0.3 and up
USR05750,FAMILY,4.5,38,6.5,1000,Free,0,Everyone,Education,2017-09-21,1.0.3,4.0.3 and up
USR05751,SPORTS,3.5,4,40,100,Free,0,Everyone,Sports,2017-09-21,6.0.2,4.4 and up
USR05752,FAMILY,3.5,4,21,1000,Free,0,Everyone,Education,2017-09-22,1.1,4.3 and up
USR05753,BUSINESS,2.9,28,20,500,Paid,17.99,Everyone,Business,2017-10-24,2.0.5,3.0 and up
USR05754,BOOKS_AND_REFERENCE,5,23,,500,Free,0,Everyone,Books & Reference,2016-03-20,0.0.1,4.0 and up
USR05755,GAME,4.3,1004709,,50000000,Free,0,Teen,Action,2018-07-05,Varies with device,4.4 and up
USR05756,BOOKS_AND_REFERENCE,4.8,238,27,10000,Free,0,Everyone,Books & Reference,2018-05-25,1,4.0 and up
USR05757,BOOKS_AND_REFERENCE,4.7,119,1.5,1000,Free,0,Everyone,Books & Reference,2017-09-21,1,4.1 and up
USR05758,FAMILY,4.3,2838064,,100000000,Free,0,Everyone,Casual,2018-08-06,Varies with device,Varies with device
USR05759,LIFESTYLE,4.1,14,13,100,Free,0,Everyone,Lifestyle,2015-10-17,2,4.0.3 and up
USR05760,PRODUCTIVITY,5,3,4.8,100,Free,0,Everyone,Productivity,2018-06-05,2,4.2 and up
USR05761,COMMUNICATION,5,3,1.6,100,Free,0,Everyone,Communication,2016-08-04,"1,01",3.0 and up
USR05762,HEALTH_AND_FITNESS,4,4015,7.7,1000000,Free,0,Mature 17+,Health & Fitness,2017-04-27,6,3.0 and up
USR05763,BUSINESS,4.3,28,3.4,1000,Free,0,Everyone,Business,2015-05-01,1.1,4.0 and up
USR05764,MEDICAL,4.1,698,2.4,100000,Free,0,Everyone 10+,Medical,2015-02-03,1.1,3.0 and up
USR05765,FAMILY,5,8,2.7,100,Free,0,Everyone,Entertainment,2017-12-03,1.1,4.1 and up
USR05766,HEALTH_AND_FITNESS,5,2,5.9,500,Free,0,Everyone,Health & Fitness,2018-06-25,2,4.0.3 and up
USR05767,SHOPPING,4,6,20,100,Free,0,Everyone,Shopping,2016-09-14,1,4.1 and up
USR05768,MAPS_AND_NAVIGATION,3.5,8,26,10,Free,0,Everyone,Maps & Navigation,2018-01-17,1.2.20180117,4.1 and up
USR05769,FINANCE,4.1,15057,5.7,500000,Free,0,Everyone,Finance,2018-08-03,2.4.0,5.0 and up
USR05770,LIFESTYLE,4.6,10198,2.2,100000,Free,0,Everyone,Lifestyle,2017-08-21,1.1,2.1 and up
USR05771,MAPS_AND_NAVIGATION,4.1,132792,62,10000000,Free,0,Everyone,Maps & Navigation,2017-10-25,1.17.1,4.0.3 and up
USR05772,MAPS_AND_NAVIGATION,4.2,60820,,5000000,Free,0,Everyone,Maps & Navigation,2018-08-01,Varies with device,Varies with device
USR05773,SHOPPING,4.2,4977,9.8,100000,Free,0,Everyone,Shopping,2018-07-25,11.15.03,4.1 and up
USR05774,COMMUNICATION,2.2,62,34,10000,Free,0,Everyone,Communication,2018-04-09,2.0.3,4.1 and up
USR05775,GAME,4.3,45558,53,5000000,Free,0,Everyone 10+,Action,2018-05-24,1.1.9,4.1 and up
USR05776,FINANCE,4.7,19784,7.3,100000,Paid,2.99,Everyone,Finance,2018-06-13,7.6,4.0 and up
USR05777,TOOLS,3.8,400,,50000,Free,0,Everyone,Tools,2018-07-05,4.8,4.1 and up
USR05778,BUSINESS,4.1,15,24,1000,Free,0,Everyone,Business,2018-04-05,3.1.2,4.3 and up
USR05779,LIFESTYLE,3.1,10006,53,1000000,Free,0,Everyone,Lifestyle,2018-07-26,3.2.0,5.0 and up
USR05780,FAMILY,4.2,246705,27,1000000,Free,0,Teen,Strategy,2018-05-04,3.5.2,4.0.3 and up
USR05781,TRAVEL_AND_LOCAL,3,2719,17,100000,Free,0,Teen,Travel & Local,2018-08-02,5.14.1,4.2 and up
USR05782,GAME,4.8,265,1.3,1000,Paid,3.49,Everyone,Board,2015-06-18,4.8.1,2.3 and up
USR05783,TOOLS,3.7,50,19,5000,Free,0,Everyone,Tools,2017-06-06,v1.2.2,4.0 and up
USR05784,PERSONALIZATION,3.1,112,8.8,1000,Paid,0.99,Everyone,Personalization,2017-04-26,2.1.7,4.3 and up
USR05785,GAME,4.6,547,1.3,10000,Free,0,Everyone,Board,2015-06-18,4.8.1,2.3 and up
USR05786,PHOTOGRAPHY,2.9,333,1.8,50000,Free,0,Everyone,Photography,2017-11-22,1.8.0,4.0 and up
USR05787,PHOTOGRAPHY,4.2,329,4.8,100000,Free,0,Everyone,Photography,2017-11-13,1.1.0,4.4 and up
USR05788,GAME,4.7,705,1.8,10000,Free,0,Everyone,Board,2015-07-28,1.2.1,4.0.3 and up
USR05789,GAME,4.5,70,0.675,1000,Free,0,Everyone,Board,2018-05-13,1.6.0,4.0 and up
USR05790,LIFESTYLE,2.8,48,12,5000,Free,0,Everyone,Lifestyle,2017-09-27,2.8.216.6-ba,4.0 and up
USR05791,PERSONALIZATION,4.4,2839,5.1,100000,Free,0,Everyone,Personalization,2014-01-11,1,2.2 and up
USR05792,FINANCE,4.4,96,7.2,10000,Free,0,Everyone,Finance,2018-08-05,2.9,4.0 and up
USR05793,FINANCE,4.1,2048,24,100000,Free,0,Everyone,Finance,2018-07-10,4.2.0,4.4 and up
USR05794,BUSINESS,4.6,48,7.4,1000,Free,0,Everyone,Business,2017-08-21,1.5,4.0 and up
USR05795,MAPS_AND_NAVIGATION,3,67,53,5000,Free,0,Everyone,Maps & Navigation,2018-05-01,3.19.34,5.0 and up
USR05796,GAME,4.1,64,1.3,5000,Free,0,Everyone,Board,2013-06-02,2.0.0,2.2 and up
USR05797,EVENTS,4.4,16,1.7,100,Free,0,Everyone,Events,2016-08-09,1,4.0 and up
USR05798,PERSONALIZATION,3.9,25035,14,1000000,Free,0,Everyone,Personalization,2016-10-20,5.7.6,2.3 and up
USR05799,PERSONALIZATION,4.3,58614,26,1000000,Paid,0.99,Everyone,Personalization,2016-12-07,4.3.2,4.4 and up
USR05800,PERSONALIZATION,4.5,4,0.499,50,Free,0,Everyone,Personalization,2016-12-31,1.4,4.0 and up
USR05801,PERSONALIZATION,4.5,4,1.7,10,Free,0,Everyone,Personalization,2018-02-28,1.1,4.4 and up
USR05802,TRAVEL_AND_LOCAL,3.6,57,32,10000,Free,0,Everyone,Travel & Local,2018-05-31,3.2,4.0 and up
USR05803,LIFESTYLE,2,8,12,1000,Free,0,Everyone,Lifestyle,2016-11-14,2.0.18.23,2.3 and up
USR05804,TRAVEL_AND_LOCAL,4,41,23,10000,Free,0,Everyone,Travel & Local,2018-06-04,2.8.1,5.0 and up
USR05805,PHOTOGRAPHY,4.5,1376,5.5,100000,Paid,1.49,Everyone,Photography,2018-03-26,1.51,4.0 and up
USR05806,FAMILY,4,11,9.4,1000,Free,0,Everyone,Education,2016-01-10,0.0.1,4.1 and up
USR05807,PERSONALIZATION,4.3,1098,18,50000,Free,0,Everyone,Personalization,2014-10-11,1.0.1,3.0 and up
USR05808,PERSONALIZATION,4.5,69,0.929,1000,Paid,0.99,Everyone,Personalization,2017-01-12,1.11,4.4 and up
USR05809,ART_AND_DESIGN,4.8,41,1.9,5000,Free,0,Everyone,Art & Design,2018-03-20,1.0.2,4.0 and up
USR05810,PERSONALIZATION,4.5,75,2.6,10000,Free,0,Mature 17+,Personalization,2016-05-26,2,4.0.3 and up
USR05811,PERSONALIZATION,4.2,17,0.94,1000,Free,0,Everyone,Personalization,2013-05-06,1.0.1,2.1 and up
USR05812,PHOTOGRAPHY,4.5,12572,8.5,1000000,Free,0,Everyone,Photography,2018-03-14,1.31,4.0 and up
USR05813,FAMILY,4.6,84114,23,500000,Paid,0.99,Everyone 10+,Puzzle,2018-07-05,1.13.108869,2.3.3 and up
USR05814,PHOTOGRAPHY,3.9,205,2.4,50000,Free,0,Everyone,Photography,2017-07-29,1.0.5,4.0 and up
USR05815,FAMILY,4.3,131,2,5000,Free,0,Everyone,Education,2016-11-17,3.3.1,2.2 and up
USR05816,TOOLS,3.9,319,0.024,10000,Paid,2.99,Everyone,Tools,2017-04-28,1,7.0 and up
USR05817,TOOLS,4.3,13064,4.6,1000000,Free,0,Everyone,Tools,2018-05-23,4.72,7.0 and up
USR05818,FINANCE,3.7,120,31,10000,Free,0,Everyone,Finance,2017-10-23,4.1,4.0.3 and up
USR05819,FINANCE,4.7,3,8.2,100,Free,0,Everyone,Finance,2018-02-05,1.0.2,4.2 and up
USR05820,FAMILY,4.3,42,0.541,5000,Free,0,Everyone,Education,2017-05-09,2,2.2 and up
USR05821,FINANCE,1.7,21,21,100,Paid,4.99,Everyone,Finance,2017-10-22,5,4.0.3 and up
USR05822,FINANCE,4.5,101,6.9,10000,Free,0,Everyone,Finance,2018-08-04,1.8.4,5.0 and up
USR05823,BUSINESS,4.7,3,11,100,Free,0,Everyone,Business,2015-01-20,1.0.16,4.0.3 and up
USR05824,FINANCE,5,4,4.1,50,Free,0,Everyone,Finance,2018-07-14,1.0.4,4.2 and up
USR05825,FINANCE,4.6,83,4,5000,Free,0,Everyone,Finance,2018-07-16,1.0.21,4.4 and up
USR05826,FINANCE,2.9,19,2.2,5000,Free,0,Everyone,Finance,2017-06-26,1.6,4.4 and up
USR05827,FINANCE,4.8,11,3.7,1000,Free,0,Everyone,Finance,2017-11-28,0.1.6,4.1 and up
USR05828,HEALTH_AND_FITNESS,2.3,3,2.4,1000,Free,0,Everyone,Health & Fitness,2018-07-18,6,5.0 and up
USR05829,FAMILY,3.8,174,44,10000,Free,0,Everyone,Simulation,2017-07-18,1,2.3 and up
USR05830,TOOLS,4.2,5,31,500,Free,0,Everyone,Tools,2018-04-23,1.3.3,4.0.3 and up
USR05831,FAMILY,4.4,551,38,100000,Free,0,Everyone,Simulation,2017-07-03,1,2.3 and up
USR05832,GAME,4,38448,27,5000000,Free,0,Everyone,Racing,2018-06-16,1.4.3,4.1 and up
USR05833,COMMUNICATION,4.1,22782,0.343,1000000,Free,0,Everyone,Communication,2015-03-25,4.2.0,2.2 and up
USR05834,FINANCE,3.4,5,8.8,500,Free,0,Everyone,Finance,2017-07-18,1.0.7,4.0 and up
USR05835,GAME,4.3,85882,23,10000000,Free,0,Everyone,Arcade,2017-11-07,6.6.3106,2.3 and up
USR05836,GAME,4,51067,48,5000000,Free,0,Teen,Action,2018-05-29,1.18,4.1 and up
USR05837,TOOLS,4.2,13005,9.7,1000000,Free,0,Everyone,Tools,2018-01-21,no_update_signal.2_9_1_arm-x86_64-alpha,4.2 and up
USR05838,PERSONALIZATION,4.1,131,0.026,1000,Paid,4.99,Everyone,Personalization,2015-03-08,1,4.0.3 and up
USR05839,FINANCE,4.7,396,12,10000,Free,0,Everyone,Finance,2018-08-05,3.1.5,5.0 and up
USR05840,FAMILY,4.2,41693,74,1000000,Free,0,Everyone,Simulation,2018-06-04,1.0.23,4.0 and up
USR05841,SPORTS,3.9,138739,44,10000000,Free,0,Teen,Sports,2018-07-07,1.998,4.1 and up
USR05842,FAMILY,3.8,91645,36,10000000,Free,0,Teen,Simulation,2018-05-08,1.94,4.1 and up
USR05843,GAME,4.1,41,1.4,5000,Free,0,Everyone,Casino,2014-08-21,2.2,3.0 and up
USR05844,GAME,4.2,107497,,1000000,Free,0,Everyone,Racing,2016-02-02,Varies with device,2.3.3 and up
USR05845,GAME,3.8,299,25,10000,Free,0,Everyone,Racing,2017-11-10,1.1,4.1 and up
USR05846,FINANCE,4.7,20535,,500000,Free,0,Everyone,Finance,2018-07-31,Varies with device,Varies with device
USR05847,FAMILY,3.7,7664,44,500000,Free,0,Everyone,Casual;Pretend Play,2015-09-09,1.0.3,4.0.3 and up
USR05848,GAME,4.3,25952,36,500000,Free,0,Everyone 10+,Action,2015-09-07,1.1.2,2.3 and up
USR05849,TOOLS,4,22,0.08,1000,Paid,0.99,Everyone,Tools,2014-10-10,2.4,2.3 and up
USR05850,GAME,4.2,51791,57,1000000,Free,0,Everyone,Racing,2018-06-06,1.53,4.1 and up
USR05851,FINANCE,4.6,25744,,500000,Free,0,Everyone,Finance,2018-07-30,Varies with device,Varies with device
USR05852,FAMILY,4.7,513,9.8,50000,Free,0,Everyone,Education,2017-12-14,1.4.1,4.0 and up
USR05853,GAME,4.7,142308,24,5000000,Free,0,Everyone 10+,Board,2018-08-01,2.0.6,4.1 and up
USR05854,GAME,4.3,54221,47,1000000,Free,0,Everyone,Racing,2013-06-15,1.2,2.3 and up
USR05855,FAMILY,4.2,2231,37,500000,Free,0,Everyone,Entertainment,2018-07-23,2.9,4.4 and up
USR05856,FAMILY,3.5,1380,6.9,500000,Free,0,Everyone,Entertainment,2018-07-18,1.6,4.0 and up
USR05857,FAMILY,4.7,412744,10,10000000,Free,0,Everyone,Entertainment;Creativity,2018-07-19,0.2.7,4.4 and up
USR05858,FAMILY,4.7,12784,15,1000000,Free,0,Everyone,Entertainment,2018-08-04,1.3.3,4.1 and up
USR05859,LIFESTYLE,4.5,2586,9.4,100000,Free,0,Everyone,Lifestyle,2015-12-17,1.9.0.110162364,4.0.3 and up
USR05860,FAMILY,4.5,992,49,100000,Free,0,Teen,Entertainment,2018-08-02,1.2.0.200,4.2 and up
USR05861,FAMILY,4.7,24557,24,1000000,Free,0,Everyone,Casual;Creativity,2018-08-03,1.3.6,4.4 and up
USR05862,FAMILY,4.6,16041,7.3,1000000,Free,0,Everyone,Entertainment,2018-07-05,1.3.3.1,4.3 and up
USR05863,GAME,4.6,267229,24,10000000,Free,0,Teen,Casino,2018-05-28,1.7.4,2.3 and up
USR05864,FAMILY,4.9,55723,14,1000000,Free,0,Everyone,Entertainment,2018-06-04,3.3,4.0.3 and up
USR05865,FAMILY,4.2,14356,,1000000,Free,0,Everyone,Entertainment;Brain Games,2018-03-09,2.5,4.1 and up
USR05866,FAMILY,4.3,997,,100000,Free,0,Everyone,Entertainment,2018-06-27,2.4,4.1 and up
USR05867,PHOTOGRAPHY,4.4,1490722,21,50000000,Free,0,Everyone,Photography,2018-07-19,4.8.4,4.1 and up
USR05868,FAMILY,4.4,23474,8.8,5000000,Free,0,Everyone,Casual;Creativity,2018-07-26,1.0.7,4.1 and up
USR05869,FAMILY,4.5,12293,4,1000000,Free,0,Everyone,Entertainment,2018-05-06,1.2.6,4.0.3 and up
USR05870,FAMILY,4.3,2017,,100000,Free,0,Everyone,Entertainment,2018-02-16,2.4,4.1 and up
USR05871,FAMILY,4.4,3588,18,500000,Free,0,Everyone,Entertainment,2018-02-25,1.18,4.3 and up
USR05872,FAMILY,4.4,767,18,100000,Free,0,Everyone,Entertainment,2018-02-23,1.1,4.1 and up
USR05873,FAMILY,3,1279,13,100000,Free,0,Everyone,Casual,2018-06-13,1.1.7,4.3 and up
USR05874,FAMILY,4.8,22290,13,500000,Free,0,Everyone,Puzzle,2018-08-05,18.08.05,4.0 and up
USR05875,FAMILY,4.7,34279,24,1000000,Free,0,Everyone,Casual;Creativity,2018-08-02,1.2.3,4.4 and up
USR05876,TOOLS,4.6,7342,,1000000,Free,0,Everyone,Tools,2018-07-30,Varies with device,5.1 and up
USR05877,FAMILY,4,309,25,100000,Free,0,Everyone,Entertainment,2018-05-02,1.4,4.1 and up
USR05878,FAMILY,3.7,1478,43,100000,Free,0,Everyone,Casual,2017-04-22,4.0.15,2.3 and up
USR05879,FAMILY,3.5,807,4.6,500000,Free,0,Everyone,Casual,2018-05-01,1.4.0,3.0 and up
USR05880,FAMILY,2.7,5706,47,500000,Free,0,Everyone,Entertainment,2017-07-13,1.7,4.4 and up
USR05881,GAME,4.7,183343,20,5000000,Free,0,Teen,Casino,2018-05-28,1.5.1,2.3 and up
USR05882,FAMILY,4.1,213,26,50000,Free,0,Everyone,Puzzle;Brain Games,2018-06-08,1.2.100,4.1 and up
USR05883,FAMILY,4.5,5481,69,500000,Free,0,Everyone,Entertainment,2018-07-07,1.3,4.4 and up
USR05884,FAMILY,4.6,769,13,100000,Free,0,Everyone,Entertainment,2018-04-04,1.06,4.1 and up
USR05885,BEAUTY,4.5,45452,9.2,5000000,Free,0,Everyone,Beauty,2018-07-19,1.25,4.0 and up
USR05886,FAMILY,4.4,289,19,100000,Free,0,Everyone,Entertainment,2018-02-17,1.2,4.1 and up
USR05887,SOCIAL,4.3,112223,34,1000000,Free,0,Mature 17+,Social,2018-07-05,5.68.1,5.0 and up
USR05888,FAMILY,4.4,2100,,100000,Free,0,Everyone,Entertainment;Brain Games,2018-07-28,2.3,4.1 and up
USR05889,FAMILY,4.5,2442,13,100000,Free,0,Everyone,Casual;Brain Games,2018-07-06,2.5.111,4.0.3 and up
USR05890,FAMILY,4.6,12034,34,1000000,Free,0,Everyone,Entertainment,2018-05-26,4.8,4.1 and up
USR05891,FAMILY,4.7,8264,24,500000,Free,0,Everyone,Art & Design;Creativity,2018-08-02,1.0.9,4.4 and up
USR05892,FAMILY,4.6,1977,3.8,100000,Free,0,Everyone,Entertainment,2018-02-21,1.0.4,4.0.3 and up
USR05893,FAMILY,3.1,305,8.3,100000,Free,0,Everyone,Educational;Brain Games,2016-07-07,3,2.3.3 and up
USR05894,GAME,4.7,62561,53,1000000,Free,0,Everyone,Board,2018-07-31,2.4.11,4.1 and up
USR05895,FAMILY,4.6,9016,24,1000000,Free,0,Everyone,Entertainment;Creativity,2018-08-06,0.9.34,4.1 and up
USR05896,BUSINESS,4.7,41625,5.4,1000000,Free,0,Everyone,Business,2017-12-21,2.3.4,4.1 and up
USR05897,WEATHER,4.4,8433,5.6,100000,Free,0,Everyone,Weather,2018-06-06,5.0.1 build 1,4.0 and up
USR05898,BUSINESS,4.8,726,5.4,1000,Paid,3.99,Everyone,Business,2017-12-20,2.3.3,4.1 and up
USR05899,SOCIAL,4.1,8,4.4,100,Free,0,Teen,Social,2017-07-14,0.0.9,4.1 and up
USR05900,NEWS_AND_MAGAZINES,4.3,828,8.2,10000,Free,0,Everyone,News & Magazines,2017-10-10,1.98,2.3.3 and up
USR05901,GAME,4.4,12,98,1000,Free,0,Mature 17+,Action,2018-02-07,1.4,4.4 and up
USR05902,TOOLS,4.7,7,29,1000,Free,0,Everyone,Tools,2018-06-27,3.8.3,4.1 and up
USR05903,SHOPPING,4,4,2.4,10,Free,0,Everyone,Shopping,2017-08-04,1,4.1 and up
USR05904,NEWS_AND_MAGAZINES,3.4,736,8.5,50000,Free,0,Teen,News & Magazines,2018-08-03,7.5.9.1,4.1 and up
USR05905,GAME,4.6,15,3.2,50,Free,0,Everyone,Arcade,2017-07-05,1.3,4.0.3 and up
USR05906,NEWS_AND_MAGAZINES,2.8,33,33,1000,Free,0,Everyone,News & Magazines,2018-06-06,1.4.0,5.0 and up
USR05907,TRAVEL_AND_LOCAL,3.1,421,53,100000,Free,0,Everyone,Travel & Local,2018-03-09,4.4.15,4.1 and up
USR05908,NEWS_AND_MAGAZINES,3.9,262,22,10000,Free,0,Everyone,News & Magazines,2018-06-26,5.3,4.1 and up
USR05909,NEWS_AND_MAGAZINES,4.2,69,25,5000,Free,0,Everyone,News & Magazines,2017-08-24,5.1.4,4.4 and up
USR05910,FINANCE,4.5,64983,39,1000000,Free,0,Everyone,Finance,2018-06-18,5.0.1,4.1 and up
USR05911,TRAVEL_AND_LOCAL,4.1,60,13,1000,Free,0,Everyone,Travel & Local,2015-08-06,1.0.2,2.3.3 and up
USR05912,FAMILY,4.2,12,13,1000,Free,0,Everyone,Entertainment,2018-01-16,1,4.0.3 and up
USR05913,MAPS_AND_NAVIGATION,3.3,555,31,50000,Free,0,Everyone,Maps & Navigation,2017-12-20,2.1.2,4.0 and up
USR05914,FAMILY,4.4,75,3.7,500,Free,0,Everyone,Education,2017-04-28,2.1.1,4.1 and up
USR05915,FAMILY,4.4,36,24,10000,Free,0,Everyone,Simulation,2018-06-14,1,4.0 and up
USR05916,GAME,4.6,20,34,100,Free,0,Mature 17+,Action,2018-05-04,1,4.0 and up
USR05917,SHOPPING,4.4,19212,6.9,500000,Free,0,Everyone,Shopping,2018-08-03,0.2.9.17,4.1 and up
USR05918,GAME,4.5,14,45,100,Free,0,Teen,Action,2018-06-29,1,4.0 and up
USR05919,TRAVEL_AND_LOCAL,4.1,46,12,1000,Free,0,Everyone,Travel & Local,2017-01-11,2.0.0,4.0 and up
USR05920,NEWS_AND_MAGAZINES,2.2,23,33,1000,Free,0,Everyone,News & Magazines,2018-06-06,1.4.0,5.0 and up
USR05921,FAMILY,4.2,31,35,5000,Free,0,Everyone,Simulation,2018-06-12,1.01,4.0 and up
USR05922,FAMILY,4.8,4,25,1000,Free,0,Everyone,Simulation,2018-07-20,1,4.0 and up
USR05923,FINANCE,3.2,124,7.2,10000,Free,0,Everyone,Finance,2018-01-03,1.2.3,4.1 and up
USR05924,TRAVEL_AND_LOCAL,4.3,291,14,10000,Free,0,Everyone,Travel & Local,2016-03-17,1.2.3,4.0 and up
USR05925,DATING,4,516917,,10000000,Free,0,Mature 17+,Dating,2018-08-02,Varies with device,Varies with device
USR05926,TOOLS,4.6,21,8.9,1000,Free,0,Everyone,Tools,2018-05-08,1.3,4.1 and up
USR05927,FAMILY,4.4,572,,100000,Free,0,Everyone,Entertainment,2017-08-17,Varies with device,Varies with device
USR05928,TOOLS,4.5,31621,0.203,5000000,Free,0,Everyone,Tools,2011-07-10,2.0.1,1.6 and up
USR05929,BUSINESS,3.4,91,8.3,10000,Free,0,Everyone,Business,2018-03-20,3.1.13,5.0 and up
USR05930,TOOLS,3.3,688,5.5,100000,Free,0,Everyone,Tools,2017-09-05,2.3.5,2.3.3 and up
USR05931,FAMILY,4.2,7000,26,1000000,Free,0,Teen,Entertainment,2018-08-02,3.0.2,4.4 and up
USR05932,BUSINESS,2.4,16,5.2,500,Free,0,Everyone,Business,2016-05-04,1.0.1,4.0 and up
USR05933,BUSINESS,3.2,54,7.7,1000,Free,0,Everyone,Business,2016-02-29,8.4.1,4.0 and up
USR05934,BUSINESS,3.1,104,5.3,10000,Free,0,Everyone,Business,2015-05-14,2,2.2 and up
USR05935,TOOLS,3.8,39,0.366,10000,Free,0,Teen,Tools,2014-10-17,2.2.1,1.6 and up
USR05936,LIFESTYLE,4.8,74,2.9,5000,Free,0,Teen,Lifestyle,2015-09-30,1.6,2.3.3 and up
USR05937,PRODUCTIVITY,3.7,7,18,1000,Free,0,Teen,Productivity,2018-06-10,7.17.2.0,5.0 and up
USR05938,TOOLS,4.2,5463,6,1000000,Free,0,Everyone,Tools,2017-08-25,4,4.1 and up
USR05939,SHOPPING,3.7,2094,34,100000,Free,0,Everyone,Shopping,2018-07-02,4.8.18.12,4.1 and up
USR05940,PRODUCTIVITY,3,5,7,100,Paid,4.99,Everyone,Productivity,2014-02-11,1.3,2.2 and up
USR05941,BOOKS_AND_REFERENCE,3.9,56,38,5000,Free,0,Everyone,Books & Reference,2018-03-24,1.17,4.4 and up
USR05942,TRAVEL_AND_LOCAL,4,305,5.4,10000,Free,0,Everyone,Travel & Local,2018-06-20,6.3.4,4.0.3 and up
USR05943,LIFESTYLE,5,12,1.2,100,Paid,0.99,Teen,Lifestyle,2014-03-25,1,3.0 and up
USR05944,COMMUNICATION,4,17998,7.9,1000000,Free,0,Teen,Communication,2018-03-27,2.6.3,4.0 and up
USR05945,MAPS_AND_NAVIGATION,2.7,89,2.3,10000,Free,0,Mature 17+,Maps & Navigation,2018-07-31,1.0.10.5,4.0.3 and up
USR05946,TOOLS,3.1,364,2.3,100000,Free,0,Everyone,Tools,2018-03-02,2,4.0.3 and up
USR05947,COMMUNICATION,4.1,901,0.315,100000,Free,0,Teen,Communication,2017-04-26,1.0.5,4.0 and up
USR05948,SPORTS,4.5,838738,,50000000,Free,0,Everyone,Sports,2018-05-18,Varies with device,Varies with device
USR05949,TOOLS,4,5,1.4,100,Paid,0.99,Everyone,Tools,2015-12-24,1,4.0.3 and up
USR05950,COMMUNICATION,3.8,21785,2.5,1000000,Free,0,Everyone,Communication,2015-08-13,1.41,2.3 and up
USR05951,FAMILY,3.8,5,12,1000,Free,0,Everyone,Education,2017-05-30,1.2,4.0.3 and up
USR05952,BUSINESS,4.3,6,15,1000,Free,0,Everyone,Business,2017-05-24,1.0.1,4.1 and up
USR05953,TOOLS,3.5,382,3.1,100000,Free,0,Everyone,Tools,2018-02-04,1.9,4.0.3 and up
USR05954,FINANCE,4.5,96,12,10000,Free,0,Everyone,Finance,2018-06-22,4.17.38,4.4 and up
USR05955,TOOLS,3.9,127,1.5,50000,Free,0,Everyone,Tools,2017-04-01,1,3.0 and up
USR05956,FINANCE,4.5,1308,3.7,100000,Free,0,Everyone,Finance,2015-06-08,13,2.2 and up
USR05957,LIFESTYLE,3.3,3,7.4,500,Free,0,Everyone,Lifestyle,2015-09-15,1.2,3.2 and up
USR05958,PERSONALIZATION,4.1,4538,3.3,1000000,Free,0,Everyone,Personalization,2018-03-24,3.1.0,4.0 and up
USR05959,HEALTH_AND_FITNESS,5,1,7.8,10,Free,0,Everyone,Health & Fitness,2018-07-09,4.2.2,4.1 and up
USR05960,COMMUNICATION,3.7,916,12,100000,Free,0,Mature 17+,Communication,2018-07-13,2.2.6,4.1 and up
USR05961,FINANCE,4.8,6,11,1000,Free,0,Everyone,Finance,2018-08-02,4.19.62,4.4 and up
USR05962,FINANCE,1.5,57,25,1000,Free,0,Everyone,Finance,2018-02-26,4.3.6,4.2 and up
USR05963,PHOTOGRAPHY,5,13,2.6,100,Free,0,Everyone,Photography,2017-09-12,0.0.2,4.1 and up
USR05964,PHOTOGRAPHY,4.6,26,7.2,500,Free,0,Everyone,Photography,2018-07-29,2,4.0 and up
USR05965,HEALTH_AND_FITNESS,5,5,14,100,Free,0,Everyone,Health & Fitness,2018-07-02,1.0.1,4.4 and up
USR05966,FINANCE,4.7,11,2.2,1000,Free,0,Everyone,Finance,2018-04-11,1.6.1,4.0 and up
USR05967,PERSONALIZATION,4.7,26,5.6,1000,Free,0,Everyone,Personalization,2017-03-03,1.0.3,4.0.3 and up
USR05968,FAMILY,5,7,20,50,Free,0,Everyone,Education,2016-09-10,1.2.0,4.1 and up
USR05969,FINANCE,4.5,198,11,10000,Free,0,Everyone,Finance,2018-07-09,1.8.0,4.4 and up
USR05970,FAMILY,5,1,5.6,10,Free,0,Everyone,Entertainment,2018-06-27,1,4.1 and up
USR05971,COMMUNICATION,5,5,3.7,50,Free,0,Everyone,Communication,2018-04-02,1,4.0 and up
USR05972,PHOTOGRAPHY,4.2,17,3.4,5000,Free,0,Everyone,Photography,2018-07-20,1.0.0,4.1 and up
USR05973,FINANCE,1,3,8.4,500,Free,0,Everyone,Finance,2016-02-22,4.4.1255,4.0 and up
USR05974,TOOLS,4.5,14,2.9,500,Paid,0.99,Everyone,Tools,2017-10-26,2.2,4.0.3 and up
USR05975,TOOLS,4.2,522,2.9,50000,Free,0,Everyone,Tools,2017-10-26,2.2 Free,4.0.3 and up
USR05976,SOCIAL,5,5,1.8,5,Free,0,Everyone,Social,2018-08-04,1.2.4,5.0 and up
USR05977,TOOLS,4.2,11,3.1,500,Paid,0.99,Everyone,Tools,2018-02-04,1.9,4.0.3 and up
USR05978,GAME,4.4,201426,80,5000000,Free,0,Teen,Action,2018-08-02,1.0.6,4.0 and up
USR05979,PRODUCTIVITY,3.9,44,3.3,10000,Free,0,Everyone,Productivity,2017-02-18,5.7.2,2.1 and up
USR05980,GAME,4.6,26138,15,1000000,Free,0,Everyone,Action,2018-02-14,1.0.2,4.2 and up
USR05981,GAME,3.8,51523,36,500000,Free,0,Teen,Adventure,2018-08-02,1.0.90,7.0 and up
USR05982,LIFESTYLE,4,209,3.1,50000,Free,0,Everyone,Lifestyle,2017-01-24,3,3.0 and up
USR05983,BUSINESS,4.6,52,,1000,Free,0,Everyone,Business,2017-02-02,6.3.3,4.0 and up
USR05984,BOOKS_AND_REFERENCE,3.4,37,3.4,10000,Free,0,Everyone,Books & Reference,2018-05-31,1.5,4.0 and up
USR05985,FAMILY,5,10,5.8,500,Free,0,Everyone,Entertainment,2017-07-23,0.0.4,4.1 and up
USR05986,LIFESTYLE,4.6,6477,20,10000,Paid,7.99,Everyone,Lifestyle,2018-07-16,2.26 Build 17,4.1 and up
USR05987,FAMILY,5,8,3.8,500,Free,0,Everyone,Entertainment,2018-01-12,2,4.0 and up
USR05988,TOOLS,3,262,37,10000,Free,0,Everyone,Tools,2016-09-20,1.0.0,4.0 and up
USR05989,BUSINESS,3.8,70,,1000,Free,0,Everyone,Business,2016-10-26,6.2.7,4.0 and up
USR05990,VIDEO_PLAYERS,4.2,1008,1.7,100000,Free,0,Everyone,Video Players & Editors,2015-06-26,1.0.9,4.0 and up
USR05991,MAPS_AND_NAVIGATION,4.3,12,2.6,100,Free,0,Everyone,Maps & Navigation,2018-08-04,4,4.1 and up
USR05992,LIFESTYLE,4.4,5,4.6,1000,Free,0,Everyone,Lifestyle,2017-01-14,1,2.3 and up
USR05993,TOOLS,3.2,27,2.7,5000,Free,0,Everyone,Tools,2018-01-22,1.2,4.0 and up
USR05994,LIFESTYLE,3.5,155,12,10000,Free,0,Everyone,Lifestyle,2017-10-13,3.1,4.1 and up
USR05995,TOOLS,4.4,79,3.7,10000,Free,0,Everyone,Tools,2018-02-15,1.283.0037,2.3.3 and up
USR05996,MAPS_AND_NAVIGATION,4.5,62,1.6,1000,Paid,0.99,Everyone,Maps & Navigation,2018-06-30,1.3,4.0 and up
USR05997,FAMILY,3.7,190,12,10000,Free,0,Everyone,Education,2017-03-22,2.2.0,4.4 and up
USR05998,TOOLS,5,3,29,100,Free,0,Everyone,Tools,2018-05-28,2.2.0,4.1 and up
USR05999,GAME,4.5,1692,36,10000,Paid,4.99,Everyone,Arcade,2018-04-23,1.1.0,4.0.3 and up
USR06000,FAMILY,4.5,12,4,1000,Free,0,Everyone,Education,2018-05-25,3.0.18,5.0 and up
USR06001,FAMILY,4.1,1143,15,10000,Paid,2.99,Everyone 10+,Casual,2013-05-21,1,2.0.1 and up
USR06002,MEDICAL,3.4,16,7.8,5000,Free,0,Everyone,Medical,2018-03-20,1.3.0,4.4 and up
USR06003,FAMILY,4.1,188,4.6,10000,Free,0,Everyone,Education,2018-07-06,1.3,4.1 and up
USR06004,FAMILY,5,1,27,100,Paid,4.99,Everyone,Education,2018-03-28,1.5.2,4.1 and up
USR06005,SPORTS,4.2,28,7.3,1000,Free,0,Everyone,Sports,2018-06-17,1.52,4.0.3 and up
USR06006,FAMILY,4.1,3433,23,50000,Free,0,Everyone 10+,Casual,2016-03-14,1.1.0,2.3.3 and up
USR06007,FAMILY,4.1,2683,20,50000,Free,0,Everyone 10+,Casual,2014-01-23,1,2.3 and up
USR06008,BUSINESS,4.2,45,24,1000,Free,0,Everyone,Business,2018-03-16,1.15.5,4.0.3 and up
USR06009,GAME,4.3,4923,20,100000,Free,0,Everyone 10+,Adventure,2015-08-26,1.0.0,2.3.3 and up
USR06010,FAMILY,5,22,3.6,1000,Free,0,Everyone,Education,2017-11-07,2,4.4 and up
USR06011,FAMILY,4.4,7,6.3,500,Free,0,Everyone,Education,2016-06-24,1.4,4.0 and up
USR06012,FAMILY,4.3,363,14,1000,Paid,2.99,Everyone 10+,Casual,2013-08-19,1.0.0,2.3 and up
USR06013,BUSINESS,4.5,2,25,100,Free,0,Everyone,Business,2017-02-13,1,4.1 and up
USR06014,FAMILY,4.8,65,55,5000,Free,0,Everyone,Education,2017-11-19,1,4.0 and up
USR06015,TOOLS,4.4,885187,22,50000000,Free,0,Everyone,Tools,2018-07-19,4.7.0,4.1 and up
USR06016,TOOLS,4.4,113951,0.538,10000000,Free,0,Everyone,Tools,2015-04-15,1.0.70,1.6 and up
USR06017,PARENTING,4.7,658087,62,10000000,Free,0,Everyone,Parenting,2018-05-24,3.15.1,5.0 and up
USR06018,GAME,4.3,144040,29,5000000,Free,0,Teen,Action,2018-07-25,1.0.9.10,4.0 and up
USR06019,TOOLS,4.4,4901,1.9,100000,Free,0,Everyone,Tools,2017-02-09,3.7,5.0 and up
USR06020,TOOLS,4.6,159,0.028,1000,Paid,1.49,Everyone,Tools,2011-06-23,1.1,1.6 and up
USR06021,LIFESTYLE,2.8,88,43,10000,Free,0,Everyone,Lifestyle,2018-06-30,1.8.1,4.4 and up
USR06022,FAMILY,5,4,8.3,100,Free,0,Everyone,Education,2018-06-27,3.8.0,4.1 and up
USR06023,TRAVEL_AND_LOCAL,4.4,47777,19,5000000,Free,0,Everyone,Travel & Local,2018-07-31,Varies with device,Varies with device
USR06024,TOOLS,4.4,2132,0.101,100000,Free,0,Everyone,Tools,2013-07-03,1.3,2.1 and up
USR06025,LIFESTYLE,2,11,6.2,1000,Free,0,Everyone,Lifestyle,2018-06-12,2.4.78-s,4.1 and up
USR06026,LIFESTYLE,5,5,8.3,100,Free,0,Everyone,Lifestyle,2016-04-12,1,4.0.3 and up
USR06027,PERSONALIZATION,4.4,175,5.5,1000,Paid,0.99,Everyone,Personalization,2014-01-11,1.042,2.2 and up
USR06028,LIFESTYLE,5,7,11,100,Free,0,Everyone,Lifestyle,2017-03-20,1.1,4.1 and up
USR06029,COMMUNICATION,3.4,5,2.4,100,Free,0,Teen,Communication,2016-04-27,1.4,2.3 and up
USR06030,FINANCE,4.4,11,4.6,500,Free,0,Everyone,Finance,2018-02-02,1.2,4.1 and up
USR06031,TOOLS,3.4,5,21,500,Free,0,Everyone,Tools,2016-12-26,1,2.3.3 and up
USR06032,LIFESTYLE,3.3,25,4.7,1000,Free,0,Everyone,Lifestyle,2015-03-10,1.0.2,4.0 and up
USR06033,LIFESTYLE,1.5,2,3,100,Free,0,Everyone,Lifestyle,2018-06-07,3.9.9.2,2.3 and up
USR06034,FINANCE,5,2,2,100,Free,0,Everyone,Finance,2016-03-30,1.1,4.0 and up
USR06035,TOOLS,4.3,123,2.9,10000,Free,0,Everyone,Tools,2016-02-09,1.0.6,4.0 and up
USR06036,MEDICAL,4.3,16,40,1000,Free,0,Everyone,Medical,2018-05-31,5.0.0,4.0 and up
USR06037,HEALTH_AND_FITNESS,2.2,6,8,100,Free,0,Everyone,Health & Fitness,2018-01-05,1.0.1,4.3 and up
USR06038,GAME,4.6,1432809,29,10000000,Free,0,Mature 17+,Action,2018-07-29,3.3,4.0 and up
USR06039,HEALTH_AND_FITNESS,5,4,14,100,Free,0,Everyone,Health & Fitness,2018-07-09,4.2.2,4.1 and up
USR06040,HEALTH_AND_FITNESS,4.7,6,9.7,100,Free,0,Teen,Health & Fitness,2018-04-24,1.0.7,5.0 and up
USR06041,HEALTH_AND_FITNESS,4.7,12,6.3,500,Free,0,Everyone,Health & Fitness,2018-07-12,3.1.2,4.1 and up
USR06042,HEALTH_AND_FITNESS,3.5,293,19,50000,Free,0,Everyone,Health & Fitness,2018-07-20,2.4.43,4.1 and up
USR06043,NEWS_AND_MAGAZINES,4.3,117,5,10000,Free,0,Everyone,News & Magazines,2016-06-22,3.1,4.0.3 and up
USR06044,GAME,3.6,51366,16,5000000,Free,0,Everyone,Racing,2017-06-14,Varies with device,2.3 and up
USR06045,NEWS_AND_MAGAZINES,4.3,65,3.5,10000,Free,0,Everyone,News & Magazines,2018-04-29,8.2,4.0.3 and up
USR06046,PRODUCTIVITY,3.6,49,2.3,5000,Free,0,Everyone 10+,Productivity,2015-07-29,1.0.1,4.0 and up
USR06047,HEALTH_AND_FITNESS,2.6,13,3.3,1000,Free,0,Everyone,Health & Fitness,2015-10-13,1.1.4,4.0 and up
USR06048,FAMILY,4.7,15,4.1,1000,Free,0,Teen,Education,2017-11-10,7.4,2.3 and up
USR06049,FAMILY,4.5,170,4.1,10000,Free,0,Everyone,Education,2017-11-14,7.2,2.3 and up
USR06050,FAMILY,4,54,4.1,5000,Free,0,Teen,Education,2017-09-12,7.2,2.3 and up
USR06051,MAPS_AND_NAVIGATION,4.6,7314,7,100000,Free,0,Everyone,Maps & Navigation,2017-09-07,3.1.4,4.0 and up
USR06052,PHOTOGRAPHY,5,1,2.3,100,Free,0,Everyone,Photography,2017-01-24,1.0.5,4.3 and up
USR06053,FAMILY,4.2,116,4.1,10000,Free,0,Everyone,Education,2017-09-11,7.2,2.3 and up
USR06054,FAMILY,4.2,145,4.1,10000,Free,0,Teen,Education,2017-09-12,7.2,2.3 and up
USR06055,NEWS_AND_MAGAZINES,4.7,10,2.3,1000,Free,0,Everyone,News & Magazines,2014-07-30,2.0.1,4.1 and up
USR06056,FAMILY,4.5,11,3.5,500,Free,0,Mature 17+,Entertainment,2018-06-19,12.1,4.0.3 and up
USR06057,FAMILY,3.6,8,3.7,500,Free,0,Everyone,Entertainment,2018-05-20,8,4.0.3 and up
USR06058,SOCIAL,3.8,14,,1000,Free,0,Everyone,Social,2018-05-03,Varies with device,Varies with device
USR06059,FAMILY,4.2,34,4,1000,Free,0,Everyone,Entertainment,2018-05-17,9,4.0.3 and up
USR06060,EVENTS,3.8,59,1.8,5000,Free,0,Everyone,Events,2018-04-11,1.5,4.0 and up
USR06061,DATING,3.5,69,4,5000,Free,0,Everyone,Dating,2017-07-10,1.0.2,2.3 and up
USR06062,TOOLS,4.1,295,3.8,50000,Free,0,Everyone,Tools,2018-03-05,1.1,5.0 and up
USR06063,FAMILY,5,2,6.6,500,Free,0,Everyone,Entertainment,2018-01-31,1.0.9,4.1 and up
USR06064,FAMILY,4.2,4,2.5,100,Free,0,Teen,Entertainment,2015-06-24,5.1,3.0 and up
USR06065,TOOLS,4.1,67,4.1,10000,Free,0,Everyone,Tools,2018-05-07,1.0.0,4.1 and up
USR06066,FAMILY,3.6,13,2.5,1000,Free,0,Teen,Entertainment,2015-06-19,3,3.0 and up
USR06067,FAMILY,4.3,14,4.3,1000,Free,0,Teen,Education,2018-01-10,7.4,2.3 and up
USR06068,SPORTS,4.1,315,7.7,10000,Free,0,Everyone,Sports,2018-07-18,6.95,4.4 and up
USR06069,FAMILY,4.4,211,6.8,10000,Free,0,Everyone,Education,2016-07-05,2,4.0.3 and up
USR06070,FAMILY,4,8,3.6,500,Free,0,Everyone,Entertainment,2018-06-19,8.1,4.0.3 and up
USR06071,FAMILY,5,7,2.3,1000,Free,0,Everyone,Education,2018-05-25,1,4.0.3 and up
USR06072,FAMILY,5,8,14,10,Free,0,Everyone,Education,2018-08-01,1.1,4.2 and up
USR06073,FAMILY,3.8,28,4.1,1000,Free,0,Teen,Education,2017-10-23,7.2,2.3 and up
USR06074,NEWS_AND_MAGAZINES,4.3,2746,8.7,100000,Free,0,Everyone,News & Magazines,2018-04-09,3.2,4.1 and up
USR06075,FAMILY,4.7,6,2.5,1000,Free,0,Teen,Entertainment,2015-06-19,2.7,3.0 and up
USR06076,NEWS_AND_MAGAZINES,4.5,12,2.9,5000,Free,0,Everyone,News & Magazines,2018-02-03,1.1,4.1 and up
USR06077,FAMILY,4.4,31,4.3,1000,Free,0,Everyone,Entertainment,2018-06-03,1.1,4.0 and up
USR06078,TRAVEL_AND_LOCAL,4.7,213,6.1,5000,Paid,3.99,Everyone,Travel & Local,2018-08-05,1.8.8.0,4.4 and up
USR06079,PRODUCTIVITY,4.4,228755,,10000000,Free,0,Everyone,Productivity,2018-07-19,68.0.3440.70,Varies with device
USR06080,NEWS_AND_MAGAZINES,3.7,4379,,1000000,Free,0,Teen,News & Magazines,2018-08-03,Varies with device,Varies with device
USR06081,FAMILY,4.3,3146,,100000,Free,0,Everyone,Lifestyle;Education,2018-01-31,3.13.2,4.1 and up
USR06082,NEWS_AND_MAGAZINES,3.9,45,15,5000,Free,0,Everyone,News & Magazines,2018-02-20,6.0.0.12,4.4 and up
USR06083,PERSONALIZATION,4.9,88,66,1000,Paid,0.99,Everyone,Personalization,2018-07-26,8,5.0 and up
USR06084,FAMILY,3.5,163,3.4,1000,Free,0,Everyone,Role Playing,2017-03-27,1.2,4.0.3 and up
USR06085,NEWS_AND_MAGAZINES,3.5,14153,,1000000,Free,0,Everyone 10+,News & Magazines,2018-08-03,Varies with device,Varies with device
USR06086,LIFESTYLE,4.4,10,7.7,500,Free,0,Teen,Lifestyle,2018-06-25,3.8.0,4.1 and up
USR06087,AUTO_AND_VEHICLES,4.2,25,6.5,10000,Free,0,Everyone,Auto & Vehicles,2017-08-02,1.02,4.2 and up
USR06088,PRODUCTIVITY,4.3,21866,,1000000,Free,0,Everyone,Productivity,2018-08-04,70.0.3512.0,Varies with device
USR06089,FAMILY,4.7,54,50,1000,Paid,19.4,Everyone,Education,2017-11-18,3.1.2,4.2 and up
USR06090,FAMILY,4.5,10,2.5,100,Free,0,Everyone,Educational,2018-06-30,fcbd82b2-dd5b-41d2-af62-432271c42921,2.0 and up
USR06091,TRAVEL_AND_LOCAL,4.4,11514,2.2,500000,Free,0,Everyone,Travel & Local,2018-03-29,5.5,4.0 and up
USR06092,HOUSE_AND_HOME,4.2,2543,4.6,100000,Free,0,Everyone,House & Home,2018-07-27,8.4.2,5.0 and up
USR06093,SHOPPING,4.4,9950,15,500000,Free,0,Everyone,Shopping,2018-07-18,3.7.1,4.1 and up
USR06094,LIFESTYLE,3.3,1045,13,100000,Free,0,Everyone,Lifestyle,2018-03-13,5.1,4.0 and up
USR06095,COMMUNICATION,4.4,63576,,5000000,Free,0,Everyone,Communication,2018-08-02,69.0.3497.24,Varies with device
USR06096,LIFESTYLE,4.9,66,8.1,1000,Free,0,Everyone,Lifestyle,2018-07-18,1,4.1 and up
USR06097,COMMUNICATION,4.5,51110,,1000000,Paid,2.99,Everyone,Communication,2018-08-03,Varies with device,Varies with device
USR06098,TOOLS,4.7,17861,,100000,Paid,3.99,Everyone,Tools,2018-05-06,Varies with device,Varies with device
USR06099,FAMILY,4.7,1647,16,10000,Paid,14.99,Everyone,Role Playing,2017-02-28,1.0.5,2.3 and up
USR06100,NEWS_AND_MAGAZINES,3.9,271,9.6,50000,Free,0,Everyone 10+,News & Magazines,2018-07-18,3.3.0,4.4 and up
USR06101,TOOLS,4.7,1947,,10000,Paid,3.9,Everyone,Tools,2018-05-19,Varies with device,Varies with device
USR06102,TOOLS,4.7,4928,,50000,Paid,2.99,Everyone,Tools,2018-07-28,Varies with device,Varies with device
USR06103,BUSINESS,4.4,36,10,1000,Free,0,Everyone,Business,2018-03-26,1.0.2,4.1 and up
USR06104,GAME,4.8,35,3.1,10000,Free,0,Everyone,Trivia,2016-07-29,1.0.0,4.0 and up
USR06105,PERSONALIZATION,4.8,60,78,1000,Paid,0.99,Everyone,Personalization,2018-07-29,4.0.1,5.0 and up
USR06106,SHOPPING,4,13232,27,500000,Free,0,Everyone,Shopping,2018-07-21,7.5.1,4.1 and up
USR06107,LIFESTYLE,3.7,492,,100000,Free,0,Everyone 10+,Lifestyle,2018-06-11,3.0.7,4.1 and up
USR06108,NEWS_AND_MAGAZINES,5,4,10,100,Free,0,Everyone,News & Magazines,2018-07-23,2.0.0,4.4 and up
USR06109,FAMILY,3,1691,5.8,500000,Free,0,Everyone,Strategy,2016-06-08,1.0.3,4.0 and up
USR06110,TOOLS,3.9,7,3.2,100,Free,0,Everyone,Tools,2018-06-06,1.2.1,5.0 and up
USR06111,PRODUCTIVITY,4.6,20,,100,Free,0,Everyone,Productivity,2018-07-02,Varies with device,Varies with device
USR06112,MEDICAL,4.6,64,57,5000,Free,0,Everyone,Medical,2018-07-10,3.1.4,5.0 and up
USR06113,FAMILY,4.3,108,42,5000,Free,0,Everyone,Education,2017-10-07,1.2.1,4.0 and up
USR06114,MAPS_AND_NAVIGATION,4.2,453,36,10000,Paid,2.99,Everyone,Maps & Navigation,2018-04-02,4.3,4.1 and up
USR06115,PERSONALIZATION,5,1,46,10,Paid,0.99,Everyone,Personalization,2018-05-21,1.1,4.1 and up
USR06116,HEALTH_AND_FITNESS,4.5,5509,3.2,100000,Free,0,Everyone,Health & Fitness,2018-07-03,4.7.0 Phoenix,4.0.3 and up
USR06117,PRODUCTIVITY,4.2,1623,1.8,100000,Free,0,Everyone,Productivity,2018-03-06,1.8,2.3 and up
USR06118,PRODUCTIVITY,1,1,6.6,100,Free,0,Everyone,Productivity,2018-03-15,41.9,4.1 and up
USR06119,FAMILY,4.6,31,3.2,1000,Free,0,Everyone,Education,2015-09-01,1,4.0.3 and up
USR06120,FAMILY,4.1,101,5.1,1000,Free,0,Everyone,Education,2017-03-10,1.3,4.0 and up
USR06121,PERSONALIZATION,4.7,19,6.4,1000,Free,0,Everyone,Personalization,2016-06-30,1.5,4.0.3 and up
USR06122,HEALTH_AND_FITNESS,4.4,2599,6.9,100000,Free,0,Mature 17+,Health & Fitness,2018-01-09,3.0.5.0,2.0 and up
USR06123,FINANCE,4.8,4,5.1,50,Free,0,Everyone,Finance,2018-05-23,1.0.17.0423,5.0 and up
USR06124,GAME,4.2,52390,20,5000000,Free,0,Everyone,Arcade,2018-05-04,1.28ggl,2.3.3 and up
USR06125,GAME,5,11,6.1,10,Free,0,Everyone,Arcade,2017-03-11,0.1,2.3 and up
USR06126,PRODUCTIVITY,4.6,16,3.2,1000,Free,0,Everyone,Productivity,2017-08-23,1.3.2,4.4 and up
USR06127,FAMILY,4.5,4218587,100,50000000,Free,0,Everyone 10+,Simulation,2018-06-19,1.23.3.75024,4.0 and up
USR06128,LIBRARIES_AND_DEMO,5,15,1.4,1000,Free,0,Everyone,Libraries & Demo,2017-04-27,1,1.6 and up
USR06129,FAMILY,2.9,21,2.1,5000,Free,0,Everyone,Education,2015-05-11,1.05,2.3 and up
USR06130,FAMILY,4.4,288835,91,5000000,Free,0,Mature 17+,Strategy,2018-07-19,2.7.6,4.4 and up
USR06131,NEWS_AND_MAGAZINES,3,2,14,100,Free,0,Everyone,News & Magazines,2018-07-18,v4.30.0.8,5.0 and up
USR06132,FAMILY,4.5,145,14,10000,Free,0,Everyone,Entertainment,2018-07-11,1,4.2 and up
USR06133,HEALTH_AND_FITNESS,2.4,221,43,10000,Free,0,Everyone,Health & Fitness,2018-02-14,4.3.0,4.1 and up
USR06134,GAME,4.3,29330,6.9,1000000,Free,0,Everyone,Action,2012-08-17,1.0.9,2.0.1 and up
USR06135,GAME,3.9,29990,96,1000000,Free,0,Teen,Action,2017-12-08,Varies with device,2.3 and up
USR06136,FAMILY,1.9,76,14,5000,Free,0,Everyone,Education,2014-02-13,2.2.1,3.0 and up
USR06137,GAME,4.4,348962,26,1000000,Paid,6.99,Mature 17+,Action,2015-03-21,1.08,3.0 and up
USR06138,SOCIAL,5,7,18,100,Free,0,Everyone,Social,2018-07-25,1,4.4 and up
USR06139,AUTO_AND_VEHICLES,4,5,34,1000,Free,0,Everyone,Auto & Vehicles,2018-07-30,2.8,2.3.3 and up
USR06140,VIDEO_PLAYERS,4.7,3,2.8,500,Free,0,Everyone,Video Players & Editors,2017-11-26,1,4.0 and up
USR06141,GAME,3.9,1995,92,500000,Free,0,Teen,Action,2018-07-03,1.9,4.1 and up
USR06142,PRODUCTIVITY,5,5,11,100,Free,0,Everyone,Productivity,2018-05-30,1.0.1,4.1 and up
USR06143,COMMUNICATION,4.2,5,15,100,Free,0,Everyone,Communication,2017-11-07,1,4.0 and up
USR06144,SHOPPING,4.2,2099,4,100000,Free,0,Everyone,Shopping,2017-12-23,1.1.1,4.0.3 and up
USR06145,PHOTOGRAPHY,2.8,1022,3.8,100000,Free,0,Everyone,Photography,2016-08-24,2,2.3 and up
USR06146,VIDEO_PLAYERS,4.2,4074,1.3,500000,Free,0,Everyone,Video Players & Editors,2013-11-13,1.2.4,2.1 and up
USR06147,COMMUNICATION,1,5,13,100,Free,0,Everyone,Communication,2017-10-06,1,4.1 and up
USR06148,GAME,3.9,923,67,100000,Free,0,Teen,Action,2018-07-17,1.4,4.1 and up
USR06149,GAME,4.1,154519,99,10000000,Free,0,Mature 17+,Action,2017-05-09,1.4,2.3 and up
USR06150,GAME,4.1,207,0.113,50000,Free,0,Everyone,Card,2011-01-30,1.2,1.6 and up
USR06151,PRODUCTIVITY,3.2,12,2.2,1000,Free,0,Everyone,Productivity,2015-03-26,1.0.0.0,2.3.3 and up
USR06152,HEALTH_AND_FITNESS,5,5,43,100,Free,0,Everyone,Health & Fitness,2017-12-05,The CJ Rubric 7.12.0,4.1 and up
USR06153,TRAVEL_AND_LOCAL,5,6,2.4,500,Free,0,Everyone,Travel & Local,2017-08-21,7.5.0,4.0.3 and up
USR06154,GAME,4.3,350,67,50000,Free,0,Everyone,Action,2018-07-27,Varies with device,4.0.3 and up
USR06155,GAME,4.1,364,67,50000,Free,0,Everyone 10+,Action,2018-05-23,Varies with device,4.0.3 and up
USR06156,FAMILY,3.8,12414,13,1000000,Free,0,Everyone,Entertainment,2017-08-04,1.0.0,4.1 and up
USR06157,PRODUCTIVITY,4,4,8.2,500,Free,0,Everyone,Productivity,2018-07-11,3.5.3,4.0.3 and up
USR06158,GAME,4.2,401643,,10000000,Free,0,Teen,Action,2018-07-18,Varies with device,Varies with device
USR06159,FAMILY,5,3,9.2,100,Free,0,Everyone,Education,2018-07-25,1.0.10,4.0 and up
USR06160,GAME,4.1,9898,63,1000000,Free,0,Mature 17+,Action,2018-02-15,Varies with device,4.0.3 and up
USR06161,BUSINESS,5,1,4.2,10,Free,0,Everyone,Business,2017-05-31,1.0.8,4.0.3 and up
USR06162,SHOPPING,3.7,18253,10,10000000,Free,0,Everyone,Shopping,2018-08-06,6.3.8,4.1 and up
USR06163,GAME,4.1,3371,78,100000,Free,0,Teen,Action,2017-09-08,1.1,4.0.3 and up
USR06164,NEWS_AND_MAGAZINES,3.5,254,38,10000,Free,0,Everyone 10+,News & Magazines,2018-06-20,5.9.5,5.0 and up
USR06165,FAMILY,3.9,39038,9.5,5000000,Free,0,Mature 17+,Entertainment,2018-06-06,2.9.8,4.4 and up
USR06166,FAMILY,4.2,9403,,1000000,Free,0,Teen,Simulation,2018-07-03,Varies with device,4.1 and up
USR06167,GAME,3.8,17372,45,1000000,Free,0,Mature 17+,Arcade,2015-08-08,1.3,2.3 and up
USR06168,GAME,3.7,7885,28,500000,Free,0,Mature 17+,Racing,2018-02-09,1.07,4.0 and up
USR06169,FINANCE,4.7,706618,,10000000,Free,0,Everyone,Finance,2018-07-31,Varies with device,Varies with device
USR06170,LIFESTYLE,2.8,81,7.7,10000,Free,0,Everyone,Lifestyle,2018-03-06,2.0.0 (18.03.01),2.3.3 and up
USR06171,SHOPPING,4.7,221,9.5,50000,Free,0,Teen,Shopping,2017-08-01,3.6.0,4.1 and up
USR06172,FAMILY,4.3,1364,5.2,100000,Free,0,Everyone,Entertainment,2018-07-12,4.3.5,2.3 and up
USR06173,FAMILY,4.1,155649,38,10000000,Free,0,Everyone,Casual,2018-07-11,1.38,4.1 and up
USR06174,FAMILY,4.7,244,25,10000,Free,0,Mature 17+,Entertainment,2017-10-11,1.2.0,4.1 and up
USR06175,FAMILY,4.2,562,20,50000,Free,0,Everyone,Education;Education,2017-12-21,3.8.0.251918,4.1 and up
USR06176,LIFESTYLE,4,294,0.149,10000,Free,0,Everyone,Lifestyle,2013-07-03,1.0.12,2.1 and up
USR06177,PERSONALIZATION,3.2,8,5.3,100,Free,0,Everyone,Personalization,2015-06-05,1.1,4.3 and up
USR06178,GAME,4.6,8,6.3,100,Paid,0.99,Teen,Action,2015-07-18,1.0.0,2.3 and up
USR06179,GAME,5,8,38,10,Paid,0.99,Teen,Arcade,2018-04-11,1.3,4.1 and up
USR06180,GAME,4.4,206602,13,5000000,Free,0,Mature 17+,Action,2013-07-01,3.1.0,2.1 and up
USR06181,SHOPPING,4.5,118,6.4,5000,Free,0,Everyone,Shopping,2018-06-15,5.29.0,5.0 and up
USR06182,FAMILY,4,24,1.9,1000,Free,0,Mature 17+,Entertainment,2016-09-03,1.0.6,2.3 and up
USR06183,SHOPPING,4.6,69,6.4,5000,Free,0,Everyone,Shopping,2018-06-15,5.29.0,5.0 and up
USR06184,SHOPPING,4.7,10,2,500,Free,0,Everyone,Shopping,2017-02-03,1.5,3.0 and up
USR06185,FAMILY,4.1,30,24,5000,Free,0,Everyone,Education;Education,2018-04-18,1.0.7,4.1 and up
USR06186,GAME,4.5,219821,10,1000000,Free,0,Mature 17+,Action,2013-10-28,2.0.1,2.1 and up
USR06187,GAME,4.3,3,39,10,Free,0,Mature 17+,Action,2017-09-22,1,4.1 and up
USR06188,FAMILY,5,1,40,10,Paid,19.99,Everyone,Education,2014-05-26,2.47,2.2 and up
USR06189,BUSINESS,5,7,15,1000,Free,0,Everyone,Business,2017-01-05,1.0.1,4.1 and up
USR06190,FAMILY,4.2,1415,0.204,100000,Free,0,Everyone,Entertainment,2010-05-21,3.1,1.5 and up
USR06191,FAMILY,4,28,1.5,5000,Free,0,Everyone,Education,2014-05-20,2.46,2.2 and up
USR06192,FAMILY,5,3,13,10,Free,0,Everyone,Puzzle,2018-07-03,1,4.0.3 and up
USR06193,HEALTH_AND_FITNESS,2.7,3,9.4,100,Free,0,Everyone 10+,Health & Fitness,2018-06-28,7.4.8,4.0.3 and up
USR06194,FAMILY,4.1,2167,3.7,50000,Free,0,Everyone,Role Playing,2017-12-14,202,4.3 and up
USR06195,GAME,4.4,144545,13,5000000,Free,0,Teen,Action,2011-12-01,1.1.0,2.1 and up
USR06196,FAMILY,4.3,104,12,10000,Free,0,Everyone,Education;Education,2018-05-21,1.0.6,4.1 and up
USR06197,GAME,4.1,349503,19,10000000,Free,0,Everyone,Arcade,2015-08-26,1.31,4.0 and up
USR06198,WEATHER,4.7,20001,,1000000,Free,0,Mature 17+,Weather,2018-07-26,Varies with device,Varies with device
USR06199,MEDICAL,4.4,34,4.9,10000,Free,0,Everyone,Medical,2015-05-16,1.2,2.0 and up
USR06200,PHOTOGRAPHY,3.6,100,2.5,10000,Free,0,Everyone,Photography,2018-08-05,4.2,4.2 and up
USR06201,PHOTOGRAPHY,4,2480,2.5,100000,Free,0,Everyone,Photography,2018-08-01,4,4.1 and up
USR06202,SHOPPING,4.1,1288,18,100000,Free,0,Mature 17+,Shopping,2018-07-09,48,4.1 and up
USR06203,BOOKS_AND_REFERENCE,4,10774,35,100000,Free,0,Everyone,Books & Reference,2018-06-28,3.8.10,4.1 and up
USR06204,TOOLS,4.1,61,6.3,1000,Free,0,Everyone,Tools,2017-09-14,1.9,4.1 and up
USR06205,SHOPPING,4,119,1.3,10000,Free,0,Everyone,Shopping,2017-07-01,CL Pro for Craigslist - Canada 150,4.0 and up
USR06206,FAMILY,4.6,4578890,24,50000000,Free,0,Everyone 10+,Strategy,2018-07-17,1.4.51,4.1 and up
USR06207,TOOLS,5,47,17,1000,Free,0,Everyone,Tools,2018-04-10,1.0.19,4.1 and up
USR06208,SHOPPING,3.6,48,2.2,5000,Free,0,Everyone,Shopping,2016-09-10,Bowser4Craigslist,4.0 and up
USR06209,LIFESTYLE,4.1,5025,,500000,Free,0,Mature 17+,Lifestyle,2018-08-02,Varies with device,Varies with device
USR06210,LIFESTYLE,4.3,707,5,100000,Free,0,Everyone,Lifestyle,2018-05-09,App copyright,4.1 and up
USR06211,SHOPPING,4.1,5618,4.6,500000,Free,0,Teen,Shopping,2018-05-09,Copyright,4.1 and up
USR06212,AUTO_AND_VEHICLES,2.6,5,9,1000,Free,0,Everyone,Auto & Vehicles,2018-05-08,1.0.0,2.3.3 and up
USR06213,BUSINESS,2.7,7,1.3,1000,Free,0,Everyone,Business,2016-07-22,1,5.0 and up
USR06214,FAMILY,3.8,120,24,10000,Free,0,Everyone,Education,2018-05-21,1.1.7,4.0.3 and up
USR06215,TOOLS,5,24,3.2,5000,Free,0,Everyone,Tools,2018-06-13,1.1.3,4.3 and up
USR06216,FAMILY,4.2,2233681,97,50000000,Free,0,Teen,Strategy,2018-08-01,3.44.0,2.3.3 and up
USR06217,TOOLS,5,36,3.2,100,Free,0,Teen,Tools,2017-08-02,1,4.0 and up
USR06218,PHOTOGRAPHY,2.6,8,2.4,1000,Free,0,Everyone,Photography,2017-11-21,1,4.1 and up
USR06219,SHOPPING,4.4,385764,8.4,10000000,Free,0,Mature 17+,Shopping,2018-08-05,3.82,4.1 and up
USR06220,SHOPPING,4.3,151095,12,5000000,Free,0,Mature 17+,Shopping,2018-07-01,4.0.13,4.1 and up
USR06221,MEDICAL,4.7,19,7.3,100,Free,0,Everyone,Medical,2018-06-16,1.0.23,4.1 and up
USR06222,FAMILY,2.8,4,4.2,500,Free,0,Everyone,Education,2018-07-25,1.2.0,5.0 and up
USR06223,FAMILY,4.1,488039,58,10000000,Free,0,Teen,Strategy,2017-11-15,1.0.175,2.3.3 and up
USR06224,LIFESTYLE,3.6,67,0.487,5000,Free,0,Everyone,Lifestyle,2015-12-23,3.5,4.0 and up
USR06225,FINANCE,4,210,3.7,10000,Free,0,Everyone,Finance,2018-07-30,1.5.5,4.2 and up
USR06226,LIFESTYLE,5,2,1.3,100,Free,0,Everyone,Lifestyle,2017-02-02,1.01,4.0.3 and up
USR06227,HEALTH_AND_FITNESS,5,3,40,50,Free,0,Everyone,Health & Fitness,2018-06-27,CL Strength 7.12.1,4.1 and up
USR06228,MEDICAL,4.7,6,5.2,100,Free,0,Everyone,Medical,2017-02-17,1.1,4.0 and up
USR06229,TOOLS,4.7,24900999,,500000000,Free,0,Everyone,Tools,2018-08-04,4.6.6,Varies with device
USR06230,PERSONALIZATION,4.6,6700847,17,100000000,Free,0,Teen,Personalization,2018-08-03,5.41.0,4.0.3 and up
USR06231,PERSONALIZATION,4.7,23802,0.169,100000,Paid,4.99,Everyone,Personalization,2016-11-17,1.0.9,4.0 and up
USR06232,TOOLS,4.6,3090680,,100000000,Free,0,Everyone,Tools,2018-07-31,Varies with device,Varies with device
USR06233,TOOLS,4.6,2246379,5.1,50000000,Free,0,Everyone,Tools,2018-06-28,2.1.4,4.0 and up
USR06234,TOOLS,4.6,85496,5.8,1000000,Free,0,Everyone,Tools,2018-02-14,1.6.2,4.0.3 and up
USR06235,TOOLS,4.6,262076,1.2,10000000,Free,0,Everyone,Tools,2018-01-04,1.0.2,2.3 and up
USR06236,COMMUNICATION,4.6,71740,5.8,5000000,Free,0,Everyone,Communication,2018-06-27,2.0.7.0014,4.0 and up
USR06237,TOOLS,4.4,166363,1.8,5000000,Free,0,Everyone,Tools,2018-05-25,1.4.0,2.3 and up
USR06238,TOOLS,3.8,3341,1.9,100000,Free,0,Everyone,Tools,2016-04-17,4.5,4.2 and up
USR06239,TOOLS,4.1,843,3.6,100000,Free,0,Everyone,Tools,2016-02-25,2.0.0,4.0 and up
USR06240,TOOLS,3.4,2889,2.5,500000,Free,0,Everyone,Tools,2016-07-27,1.1.0,2.3 and up
USR06241,TOOLS,4.5,112482,2.1,5000000,Free,0,Everyone,Tools,2018-07-10,1.0.5,4.0 and up
USR06242,PERSONALIZATION,4.5,3989,1.1,100000,Free,0,Everyone,Personalization,2015-09-11,1.1.1,4.0 and up
USR06243,TOOLS,4.5,8190074,17,100000000,Free,0,Everyone,Tools,2018-06-01,6.24,4.0 and up
USR06244,PRODUCTIVITY,4,319,2.1,100000,Free,0,Everyone,Productivity,2017-08-20,2.0.1,2.3.3 and up
USR06245,TOOLS,4.7,85079,2.8,1000000,Free,0,Everyone,Tools,2018-07-17,1.0.4,2.3 and up
USR06246,TOOLS,4.4,953790,,50000000,Free,0,Everyone,Tools,2018-08-05,Varies with device,Varies with device
USR06247,PERSONALIZATION,4.4,10093,5.5,1000000,Free,0,Everyone,Personalization,2016-02-26,1.0.0,4.0 and up
USR06248,PERSONALIZATION,4.7,1500,41,10000,Paid,1.99,Everyone,Personalization,2017-01-05,3.3.3,5.0 and up
USR06249,PERSONALIZATION,4.7,1873,14,100000,Free,0,Everyone,Personalization,2016-11-07,Varies with device,Varies with device
USR06250,TOOLS,4.2,498,0.583,100000,Free,0,Everyone,Tools,2013-10-22,1,2.2 and up
USR06251,TOOLS,4.2,1147,2.7,100000,Free,0,Everyone,Tools,2017-10-02,1.1.6,4.0 and up
USR06252,TOOLS,4,19,3.2,10000,Free,0,Everyone,Tools,2017-10-21,1,4.2 and up
USR06253,TOOLS,3.6,661,0.79,100000,Free,0,Everyone,Tools,2014-09-10,2.1,2.2 and up
USR06254,TOOLS,4.7,76,2.2,50000,Free,0,Everyone,Tools,2018-04-05,1.4,4.0.3 and up
USR06255,TOOLS,4.4,1264,8.2,100000,Free,0,Everyone,Tools,2018-08-06,4.0.4,4.3 and up
USR06256,TOOLS,4.3,246,2.8,100000,Free,0,Everyone,Tools,2018-02-06,1.1,4.0 and up
USR06257,PERSONALIZATION,4.4,7519,4,500000,Free,0,Everyone,Personalization,2016-01-26,1.0.1,4.0 and up
USR06258,TOOLS,4.4,8,1.8,500,Free,0,Everyone,Tools,2015-03-09,1,2.3 and up
USR06259,TOOLS,4.4,29,0.068,10000,Free,0,Everyone,Tools,2015-01-14,1.4,4.0 and up
USR06260,PERSONALIZATION,4.3,2910,2.3,500000,Free,0,Everyone,Personalization,2016-01-24,1.0.0,4.0 and up
USR06261,TOOLS,3.3,16,1.3,10000,Free,0,Everyone,Tools,2016-11-05,2,4.0 and up
USR06262,TOOLS,3.6,373,0.119,10000,Free,0,Everyone,Tools,2017-02-24,1.0.9,4.1 and up
USR06263,TOOLS,4.5,27180,4.1,1000000,Free,0,Everyone,Tools,2018-07-06,3.24,4.1 and up
USR06264,PERSONALIZATION,4.5,314,11,10000,Free,0,Everyone,Personalization,2016-09-08,1.9,5.0 - 6.0
USR06265,PHOTOGRAPHY,4.6,847144,4.2,10000000,Free,0,Everyone,Photography,2017-11-10,4.7.4,4.0 and up
USR06266,TOOLS,4.3,10,8.2,10000,Free,0,Everyone,Tools,2017-07-28,1.2,4.1 and up
USR06267,TOOLS,3.6,949,0.401,100000,Free,0,Everyone,Tools,2018-04-13,3,1.6 and up
USR06268,PRODUCTIVITY,4.3,176,2.3,100000,Free,0,Everyone,Productivity,2016-09-27,1.1,2.3.3 and up
USR06269,PERSONALIZATION,4.4,6271,5.7,500000,Free,0,Everyone,Personalization,2016-02-24,1.0.0,4.0 and up
USR06270,TOOLS,4.1,24226,,1000000,Free,0,Everyone,Tools,2017-06-27,1.0.5,Varies with device
USR06271,BUSINESS,4.2,2359,2.7,10000,Paid,2.99,Everyone,Business,2016-02-16,1.16.9,1.6 and up
USR06272,TOOLS,4.8,52,1.9,5000,Free,0,Everyone,Tools,2018-05-07,1.3.2,4.0 and up
USR06273,PERSONALIZATION,4.2,12,19,100,Paid,0.99,Everyone,Personalization,2015-08-20,1,5.0 and up
USR06274,FAMILY,4,119173,,10000000,Free,0,Everyone 10+,Video Players & Editors;Music & Video,2018-06-21,Varies with device,Varies with device
USR06275,FAMILY,3.7,985,49,100000,Free,0,Everyone,Entertainment;Brain Games,2018-05-24,1.1,4.4 and up
USR06276,FAMILY,4.5,1985,28,10000,Paid,3.99,Everyone 10+,Action;Action & Adventure,2018-07-18,1.0.2,5.1 and up
USR06277,FAMILY,4.1,3863,41,100000,Paid,2.99,Everyone,Sports;Action & Adventure,2018-05-24,1.1.1,4.1 and up
USR06278,FAMILY,4.6,20463,25,100000,Paid,3.99,Everyone 10+,Strategy;Action & Adventure,2018-07-18,1.2.1,4.1 and up
USR06279,FAMILY,4.5,85,25,10000,Free,0,Everyone,Entertainment,2018-03-27,1.22,4.4 and up
USR06280,FAMILY,4.7,21979,38,1000000,Free,0,Everyone,Puzzle,2018-07-09,1.1.3,5.1 and up
USR06281,FAMILY,4.3,920571,28,10000000,Free,0,Everyone 10+,Card;Action & Adventure,2017-01-17,1.0.10,4.0.3 and up
USR06282,FAMILY,4.3,2263,55,100000,Free,0,Everyone,Puzzle;Action & Adventure,2017-09-21,14.15,4.3 and up
USR06283,FAMILY,4.6,5395,58,500000,Free,0,Everyone,Arcade;Action & Adventure,2018-05-24,1.2.0,4.0.3 and up
USR06284,FAMILY,4.1,30444,27,1000000,Free,0,Everyone 10+,Arcade;Action & Adventure,2015-10-26,1.0.5,4.3 and up
USR06285,FAMILY,4.2,256916,25,10000000,Free,0,Everyone,Arcade;Action & Adventure,2015-10-08,1.0.4,4.0 and up
USR06286,GAME,4.3,37513,31,5000000,Free,0,Everyone,Arcade,2015-12-07,4,2.3 and up
USR06287,GAME,4.2,40847,94,1000000,Free,0,Everyone,Action,2016-01-08,3.1.0,2.3.3 and up
USR06288,FAMILY,4.3,96045,25,5000000,Free,0,Everyone,Action;Action & Adventure,2016-07-26,1.0.4,4.1 and up
USR06289,FAMILY,3.6,21433,21,1000000,Free,0,Mature 17+,Entertainment,2018-05-29,3.0.1805181047,5.0 and up
USR06290,FAMILY,4.2,82005,45,10000000,Free,0,Everyone 10+,Action;Action & Adventure,2017-10-24,1.2.1,4.4 and up
USR06291,FAMILY,4.2,120035,45,5000000,Free,0,Everyone,Entertainment;Action & Adventure,2018-01-04,1.0.11,4.1 and up
USR06292,GAME,4,6386,24,500000,Free,0,Everyone,Arcade,2017-11-19,0.99,5.1 and up
USR06293,FAMILY,4.6,43314,83,1000000,Free,0,Everyone 10+,Role Playing;Action & Adventure,2017-06-20,1.0.2,4.1 and up
USR06294,GAME,4.3,24628,88,1000000,Free,0,Everyone,Action,2018-07-26,1.25.396,4.4 and up
USR06295,GAME,4.4,39698,51,5000000,Free,0,Everyone,Arcade,2016-12-01,1.0.0,4.1 and up
USR06296,GAME,4.5,121533,63,10000000,Free,0,Everyone,Arcade,2016-03-24,1.0.0,2.3.3 and up
USR06297,FAMILY,4.3,10776,21,1000000,Free,0,Everyone,Arcade;Action & Adventure,2017-10-26,3.4,4.1 and up
USR06298,FAMILY,3.7,17250,7.2,1000000,Free,0,Everyone 10+,Entertainment;Music & Video,2018-08-04,4.0.2,5.0 and up
USR06299,FAMILY,4.2,13519,51,1000000,Free,0,Everyone,Entertainment;Music & Video,2018-07-27,2.18,5.0 and up
USR06300,FAMILY,4.7,39153,98,1000000,Free,0,Everyone,Puzzle,2018-07-25,1.1.7,4.1 and up
USR06301,FAMILY,4.6,51973,27,1000000,Free,0,Everyone,Role Playing,2018-08-02,1.2.5,4.4 and up
USR06302,FAMILY,4.5,48754,9.3,100000,Paid,0.99,Everyone,Arcade;Action & Adventure,2014-10-07,1.5.2,2.3 and up
USR06303,FAMILY,4.1,7046,87,500000,Free,0,Everyone 10+,Puzzle,2017-10-12,0.2.7,4.0.3 and up
USR06304,FAMILY,4.5,773,55,100000,Free,0,Everyone,Arcade;Action & Adventure,2017-08-22,1.0.1,5.1 and up
USR06305,FAMILY,4.3,82499,,5000000,Free,0,Everyone,Entertainment;Music & Video,2018-07-05,Varies with device,4.4 and up
USR06306,FAMILY,3.4,642,26,10000,Paid,1.99,Everyone 10+,Arcade;Action & Adventure,2015-08-11,1.0.2,2.3.3 and up
USR06307,FAMILY,4.2,117461,,5000000,Free,0,Everyone,Entertainment;Music & Video,2018-06-29,Varies with device,Varies with device
USR06308,GAME,3.9,108336,62,1000000,Free,0,Everyone,Adventure,2016-06-27,4.0.01,4.4 and up
USR06309,FAMILY,4.4,412,22,10000,Paid,2.99,Everyone 10+,Action;Action & Adventure,2016-06-30,1.0.2,4.0 and up
USR06310,GAME,4.1,4107,40,50000,Paid,4.99,Everyone,Adventure,2015-07-16,1.2.0,4.1 and up
USR06311,GAME,4.3,3904,5.5,10000,Paid,2.99,Everyone 10+,Action,2014-09-10,1.2.1,4.0 and up
USR06312,FAMILY,3.9,1213,18,10000,Paid,2.99,Everyone,Racing;Action & Adventure,2015-06-25,4.1.2,2.3.3 and up
USR06313,GAME,4,14563,74,1000000,Free,0,Everyone 10+,Adventure,2017-12-22,0.6.49,4.1 and up
USR06314,FAMILY,5,1,64,100,Free,0,Everyone,Entertainment,2017-05-22,40.1,4.1 and up
USR06315,FAMILY,4.2,17786,16,1000000,Free,0,Everyone,Casual,2018-05-14,1.1.8,4.0 and up
USR06316,SHOPPING,4.3,199,25,10000,Free,0,Everyone,Shopping,2018-08-02,14.2.1,5.0 and up
USR06317,FINANCE,4.5,175,12,10000,Free,0,Everyone,Finance,2018-08-03,2.2.0,5.0 and up
USR06318,FAMILY,4.5,709,18,5000,Paid,2.99,Everyone,Puzzle,2015-04-20,1.1.2,2.3 and up
USR06319,FAMILY,4.5,81001,85,1000000,Free,0,Everyone,Puzzle,2018-04-27,2.15.2,4.1 and up
USR06320,PARENTING,3.5,159,85,10000,Free,0,Everyone,Parenting,2018-07-31,2.1.23,4.4 and up
USR06321,LIFESTYLE,3.6,581,26,100000,Free,0,Everyone,Lifestyle,2018-03-04,2.4.3,4.4 and up
USR06322,TOOLS,1.9,12,2,1000,Free,0,Everyone,Tools,2017-10-20,1.8.6,4.3 and up
USR06323,LIFESTYLE,4.3,87,3.9,10000,Free,0,Everyone,Lifestyle,2018-03-16,1.2,4.1 and up
USR06324,NEWS_AND_MAGAZINES,3.2,77,11,5000,Free,0,Everyone,News & Magazines,2018-03-12,2.2.7,4.2 and up
USR06325,SHOPPING,1.6,8,18,1000,Free,0,Everyone,Shopping,2018-05-03,1.5,4.1 and up
USR06326,COMMUNICATION,4.2,21,8.7,5000,Free,0,Everyone,Communication,2018-07-24,1.1.0,4.0.3 and up
USR06327,LIFESTYLE,4.9,206,3.9,1000,Free,0,Everyone,Lifestyle,2017-06-20,2.3.13,4.2 and up
USR06328,BUSINESS,4.4,373,4,10000,Free,0,Everyone,Business,2018-02-16,1.3.4,2.0 and up
USR06329,FAMILY,3.6,32416,,1000000,Free,0,Everyone,Educational,2017-07-10,Varies with device,Varies with device
USR06330,MAPS_AND_NAVIGATION,3.4,168,53,10000,Free,0,Everyone,Maps & Navigation,2018-05-01,3.19.34,5.0 and up
USR06331,GAME,4.7,8038,52,100000,Free,0,Teen,Board,2018-07-12,1.4.1,4.1 and up
USR06332,FINANCE,2.9,320,23,10000,Free,0,Everyone,Finance,2018-06-14,2.13.11,4.4 and up
USR06333,BUSINESS,4.3,327,13,10000,Free,0,Everyone,Business,2018-06-25,1.48,4.1 and up
USR06334,FINANCE,4.4,5,30,1000,Free,0,Everyone,Finance,2018-04-25,18.1.79,5.0 and up
USR06335,SOCIAL,4.3,420,18,50000,Free,0,Everyone,Social,2016-12-19,1.1,4.0.3 and up
USR06336,GAME,4.6,963,4.1,50000,Free,0,Everyone,Board,2017-04-18,1.1.1,2.3 and up
USR06337,PRODUCTIVITY,4.6,38,13,1000,Free,0,Everyone,Productivity,2018-07-17,2.4.0,6.0 and up
USR06338,GAME,4.2,6947,20,500000,Free,0,Everyone,Board,2017-10-25,2.7.7,2.3 and up
USR06339,PRODUCTIVITY,3.5,16,21,1000,Free,0,Everyone,Productivity,2018-07-20,1.5.1,5.0 and up
USR06340,FINANCE,2.9,252,18,10000,Free,0,Everyone,Finance,2017-10-11,1.4.1033,4.1 and up
USR06341,BUSINESS,4.4,26572,41,1000000,Free,0,Everyone,Business,2018-07-24,2.9.1,4.1 and up
USR06342,FINANCE,4.7,65,12,5000,Free,0,Everyone,Finance,2018-06-12,5.9.1.0,5.0 and up
USR06343,FINANCE,4.5,159,14,1000,Free,0,Everyone,Finance,2017-09-12,4.2.87,4.0.3 and up
USR06344,FINANCE,4.4,218,,10000,Free,0,Everyone,Finance,2017-06-08,Varies with device,Varies with device
USR06345,PARENTING,2,23,,100,Paid,4.59,Everyone,Parenting,2016-06-19,3.0.3,4.0 and up
USR06346,LIFESTYLE,4.7,12,6,500,Free,0,Everyone,Lifestyle,2018-02-26,4.9.940,4.0 and up
USR06347,GAME,4.4,248417,17,5000000,Free,0,Teen,Arcade,2015-02-10,2.1.3,2.3.3 and up
USR06348,FINANCE,4.4,137,0.391,10000,Free,0,Everyone,Finance,2013-06-26,2.4.3,1.6 and up
USR06349,FAMILY,4.4,102215,42,1000000,Free,0,Teen,Role Playing,2018-06-25,3.1,4.0.3 and up
USR06350,FAMILY,4.5,41,11,1000,Free,0,Everyone,Education,2017-06-15,2.6.5,4.1 and up
USR06351,GAME,3.5,23,37,1000,Paid,0.99,Everyone,Board,2017-12-27,2.2.1,4.1 and up
USR06352,GAME,4.2,33,13,1000,Free,0,Teen,Action,2018-07-01,1.0.13,2.3 and up
USR06353,TRAVEL_AND_LOCAL,3.7,19,6.5,1000,Free,0,Everyone,Travel & Local,2018-04-17,1.2.3,4.1 and up
USR06354,TOOLS,4.4,15911,16,1000000,Free,0,Everyone,Tools,2018-06-30,4.1.8.1,4.1 and up
USR06355,MAPS_AND_NAVIGATION,3.4,1147,19,100000,Free,0,Everyone,Maps & Navigation,2018-05-28,1.0.3.8,4.0.3 and up
USR06356,SOCIAL,4.3,64,3.3,50000,Free,0,Teen,Social,2018-03-22,2.9.0,4.1 and up
USR06357,FINANCE,3.6,180,35,10000,Free,0,Everyone,Finance,2017-10-06,7.0.7-qa003-prod,4.2 and up
USR06358,MAPS_AND_NAVIGATION,4.6,2681,6.3,100000,Free,0,Everyone,Maps & Navigation,2017-09-25,1.2.0,4.0.3 and up
USR06359,FAMILY,4.6,7,12,500,Free,0,Everyone 10+,Education,2018-03-21,1.1.0,4.1 and up
USR06360,LIFESTYLE,4.2,251,5,10000,Free,0,Everyone,Lifestyle,2018-03-22,3.3.003,4.1 and up
USR06361,FAMILY,4.3,9465,43,500000,Free,0,Everyone,Entertainment,2018-07-08,0.4.6,4.4 and up
USR06362,FAMILY,3.8,128,2.9,10000,Free,0,Teen,Entertainment,2016-07-11,1.0.2,4.0.3 and up
USR06363,TOOLS,1.4,20,4.1,1000,Free,0,Everyone,Tools,2018-07-06,2.1.5,4.3 and up
USR06364,MEDICAL,4.4,38,8.5,1000,Free,0,Everyone,Medical,2014-07-30,2,3.0 and up
USR06365,FAMILY,4,4607,19,100000,Free,0,Everyone,Simulation,2018-03-12,3,4.0 and up
USR06366,BUSINESS,4.6,70,14,1000,Free,0,Everyone,Business,2015-02-11,1.9.3,2.3.3 and up
USR06367,MEDICAL,3.9,22,0.782,5000,Free,0,Everyone,Medical,2017-03-06,1.14,3.0 and up
USR06368,LIFESTYLE,3.8,85,5.6,5000,Free,0,Teen,Lifestyle,2015-03-06,1.18.10,4.0.3 and up
USR06369,TOOLS,4.7,92958,36,1000000,Free,0,Everyone,Tools,2018-07-27,1.13.0,5.0 and up
USR06370,TOOLS,4.2,242,3.2,10000,Free,0,Everyone,Tools,2016-10-06,1.3,4.2 and up
USR06371,BUSINESS,4.3,236,7,50000,Free,0,Everyone,Business,2018-03-09,1.0.4,4.0 and up
USR06372,FAMILY,4.1,187,2.9,10000,Free,0,Everyone,Entertainment,2016-09-13,3.21,4.1 and up
USR06373,FAMILY,4.3,1018,35,100000,Free,0,Everyone,Education;Education,2017-06-28,4.6.2,4.0.3 and up
USR06374,TOOLS,4.2,7935,21,1000000,Free,0,Everyone,Tools,2018-01-08,2.4.7,3.0 and up
USR06375,FAMILY,3.6,13,4.7,500,Free,0,Everyone,Entertainment,2016-09-04,1.0.2,4.0.3 and up
USR06376,GAME,4.6,132282,20,1000000,Free,0,Everyone,Adventure,2018-07-31,15,4.1 and up
USR06377,TOOLS,4.3,34,12,1000,Free,0,Everyone,Tools,2018-02-25,1.9,4.0.3 and up
USR06378,FAMILY,5,4,7.8,100,Free,0,Teen,Education,2018-06-25,3.8.0,4.1 and up
USR06379,BUSINESS,5,4,24,100,Free,0,Everyone,Business,2018-07-24,5.1.1,4.1 and up
USR06380,GAME,5,5,12,100,Free,0,Everyone,Trivia,2018-08-06,0.99,5.0 and up
USR06381,BUSINESS,4.5,56,,1000,Free,0,Everyone,Business,2018-03-05,6.4.16,4.0 and up
USR06382,LIFESTYLE,3.8,2548,4.9,100000,Free,0,Everyone,Lifestyle,2018-01-30,4.4.2,4.1 and up
USR06383,TOOLS,3.9,116,3.3,10000,Free,0,Everyone,Tools,2016-12-18,2.6,4.4 and up
USR06384,COMMUNICATION,4.8,34443,27,1000000,Free,0,Teen,Communication,2018-06-28,1.14.3,5.0 and up
USR06385,FAMILY,4.1,7,22,500,Free,0,Everyone,Entertainment,2016-09-17,1.1,4.2 and up
USR06386,TOOLS,4,1,1.2,100,Free,0,Everyone,Tools,2018-06-20,5,3.0 and up
USR06387,FAMILY,4.8,124,2.5,500,Free,0,Everyone,Entertainment,2016-08-23,1.2,4.2 and up
USR06388,TOOLS,4.8,36557,14,1000000,Free,0,Everyone,Tools,2018-08-03,2.51f,5.0 and up
USR06389,FAMILY,4.4,8,6.8,500,Free,0,Everyone,Education,2017-11-10,3,4.0 and up
USR06390,FAMILY,4.1,78,0.769,10000,Free,0,Everyone,Educational,2017-02-26,1.3,4.1 and up
USR06391,FAMILY,4.4,475020,69,5000000,Free,0,Everyone 10+,Role Playing,2018-07-26,4.7.0.KG,4.1 and up
USR06392,TRAVEL_AND_LOCAL,4.3,15,14,10000,Free,0,Everyone,Travel & Local,2018-07-06,5.4.13,4.4 and up
USR06393,NEWS_AND_MAGAZINES,3.7,7,3.4,1000,Free,0,Everyone 10+,News & Magazines,2018-05-18,1.0.11,4.0.3 and up
USR06394,FAMILY,4.3,59152,50,1000000,Free,0,Everyone 10+,Role Playing,2018-03-29,1.14.00,4.0.3 and up
USR06395,FAMILY,4.3,2871,18,100000,Free,0,Everyone,Education,2015-05-08,1.6,2.3.3 and up
USR06396,FINANCE,2.7,36,18,1000,Free,0,Everyone,Finance,2018-07-10,Varies with device,Varies with device
USR06397,FAMILY,4.4,19207,36,100000,Free,0,Everyone,Role Playing,2016-09-19,1.19,2.3 and up
USR06398,BOOKS_AND_REFERENCE,4.5,8,5.1,500,Free,0,Everyone,Books & Reference,2018-07-13,1.2,4.4 and up
USR06399,GAME,4.2,4,61,10,Free,0,Everyone,Action,2018-05-13,1.1,4.4 and up
USR06400,NEWS_AND_MAGAZINES,3.7,24,10,5000,Free,0,Everyone,News & Magazines,2015-12-24,1.1,4.1 and up
USR06401,BUSINESS,5,2,3.4,5,Free,0,Everyone,Business,2017-06-03,1.0.1,4.1 and up
USR06402,COMMUNICATION,4.2,1044,3.5,100000,Free,0,Everyone,Communication,2018-05-30,2,4.4 and up
USR06403,GAME,3.9,783,3.4,100000,Free,0,Everyone,Trivia,2014-10-18,1,2.3.3 and up
USR06404,COMMUNICATION,4.5,192,15,10000,Free,0,Everyone,Communication,2018-02-12,v2.6.0,3.0 and up
USR06405,COMMUNICATION,3.5,10,3.8,100,Paid,1.49,Everyone,Communication,2018-05-12,2.1.4,2.1 and up
USR06406,BOOKS_AND_REFERENCE,4.7,28237,10,100000,Free,0,Everyone,Books & Reference,2018-04-22,3.2.994,4.0.3 and up
USR06407,GAME,4.2,3247,26,500000,Free,0,Teen,Action,2017-07-25,1.05,2.3 and up
USR06408,FAMILY,4.4,134,,10000,Free,0,Teen,Simulation,2018-02-24,Varies with device,4.0.3 and up
USR06409,FAMILY,4.7,55,3.3,1000,Free,0,Everyone,Casual,2018-07-24,2.2.9,4.4 and up
USR06410,FAMILY,4.6,222,15,10000,Free,0,Everyone,Education,2018-03-28,2.8,4.0.3 and up
USR06411,GAME,4,119368,19,10000000,Free,0,Teen,Action,2017-02-21,1.1.4,2.3 and up
USR06412,FAMILY,2.5,706,,10000,Free,0,Everyone,Education,2018-03-14,Varies with device,Varies with device
USR06413,GAME,3.8,4552,43,100000,Free,0,Everyone,Racing,2016-10-26,1.4.0,2.3.3 and up
USR06414,LIFESTYLE,4.7,499,6.9,50000,Free,0,Everyone,Lifestyle,2018-05-10,1.2.7,4.1 and up
USR06415,FAMILY,4.5,108130,40,5000000,Free,0,Teen,Strategy,2018-08-03,1.8.0,4.0 and up
USR06416,GAME,4.6,293086,,5000000,Free,0,Everyone,Action,2015-10-22,8.1,4.0.3 and up
USR06417,GAME,4.6,8778,36,100000,Free,0,Teen,Music,2018-01-02,1.3.1,4.3 and up
USR06418,SPORTS,5,17,1.5,50,Free,0,Everyone,Sports,2017-12-08,1,4.0.3 and up
USR06419,FAMILY,3.9,29,37,1000,Free,0,Everyone 10+,Casual,2018-05-04,1,5.0 and up
USR06420,PRODUCTIVITY,5,8,22,100,Free,0,Everyone,Productivity,2018-03-06,1.5,4.4 and up
USR06421,TOOLS,2.3,395,2.6,100000,Free,0,Everyone,Tools,2018-08-05,4.2,4.1 and up
USR06422,MAPS_AND_NAVIGATION,3.6,695,2.9,100000,Free,0,Everyone,Maps & Navigation,2018-01-28,5.3,4.0 and up
USR06423,FAMILY,4,42,12,1000,Free,0,Everyone,Casual,2016-11-15,1.46,4.0 and up
USR06424,COMMUNICATION,3.7,218,3.7,10000,Free,0,Everyone,Communication,2014-07-12,1.12,2.3 and up
USR06425,TOOLS,4.2,7063,17,1000000,Free,0,Everyone,Tools,2017-02-04,1.3.0,4.1 and up
USR06426,TOOLS,4.1,37975,23,5000000,Free,0,Everyone,Tools,2017-02-02,1.4.0,4.1 and up
USR06427,TOOLS,4.4,117850,17,10000000,Free,0,Everyone,Tools,2018-05-19,1.8.0,4.1 and up
USR06428,FAMILY,4.6,167974,5,500000,Free,0,Everyone,Entertainment,2018-07-27,Gratis,4.0.3 and up
USR06429,TOOLS,4.2,2630,18,100000,Free,0,Everyone,Tools,2017-02-02,1.3.0,4.1 and up
USR06430,FAMILY,4.4,4756,33,100000,Free,0,Everyone,Simulation,2018-07-19,1.1.9,4.1 and up
USR06431,FAMILY,4.3,13,26,500,Free,0,Everyone,Entertainment,2018-01-03,1.1,4.0.3 and up
USR06432,FAMILY,4,3788,32,100000,Free,0,Everyone,Entertainment,2018-07-18,3.0.1,4.1 and up
USR06433,PERSONALIZATION,4.5,323,38,10000,Free,0,Everyone,Personalization,2014-12-04,1.03,2.3.3 and up
USR06434,FAMILY,3.9,14754,21,1000000,Free,0,Everyone 10+,Entertainment,2018-07-22,1.8.1,4.1 and up
USR06435,PRODUCTIVITY,3.7,7389,41,500000,Free,0,Everyone,Productivity,2017-03-15,1.0.4,4.0 and up
USR06436,TOOLS,4.6,82,1.7,500,Paid,0.99,Everyone,Tools,2017-08-14,3.3,3.0 and up
USR06437,FAMILY,3.8,16,9.9,100,Free,0,Everyone,Entertainment,2018-07-25,1.2.9,4.1 and up
USR06438,FAMILY,4.7,92010,5.9,1000000,Free,0,Everyone,Strategy,2018-07-04,1.4.8,4.2 and up
USR06439,TOOLS,3.4,202,12,10000,Free,0,Everyone,Tools,2017-06-16,1,4.0.3 and up
USR06440,BOOKS_AND_REFERENCE,4.5,68226,16,1000000,Free,0,Everyone,Books & Reference,2018-08-06,1.9.1,4.2 and up
USR06441,TOOLS,4.1,3446,19,500000,Free,0,Everyone,Tools,2017-02-04,1.3.0,4.1 and up
USR06442,TOOLS,4.3,297,2.8,50000,Free,0,Everyone,Tools,2018-01-27,2.2,4.0 and up
USR06443,FAMILY,4.6,3106,3.6,10000,Free,0,Everyone,Entertainment,2018-05-17,7,4.0.3 and up
USR06444,FAMILY,4.3,6078,37,500000,Free,0,Everyone,Entertainment,2017-11-10,2.0.0,4.1 and up
USR06445,FAMILY,4.3,219,4.3,5000,Free,0,Everyone,Entertainment,2017-12-21,1.0.7,2.3 and up
USR06446,TOOLS,4,182,1.7,10000,Free,0,Everyone,Tools,2017-08-14,3.3,3.0 and up
USR06447,FAMILY,3.5,34,30,1000,Free,0,Everyone,Strategy,2017-07-05,1.03,4.0.3 and up
USR06448,FAMILY,2.3,10,5.2,1000,Free,0,Everyone,Education,2017-02-08,1.0.0,4.1 and up
USR06449,TOOLS,3.9,114,18,5000,Free,0,Everyone,Tools,2018-03-16,1.0.209,4.0 and up
USR06450,SPORTS,4.1,7,3.4,100,Paid,3.49,Everyone,Sports,2016-04-13,2.2,3.0 and up
USR06451,PERSONALIZATION,4.5,561,41,10000,Free,0,Everyone,Personalization,2014-12-04,1.05,2.3.3 and up
USR06452,FAMILY,4.6,2167,13,100000,Free,0,Everyone,Entertainment,2018-08-06,1.1.5,4.4 and up
USR06453,FAMILY,4.4,2420,6.7,50000,Free,0,Teen,Entertainment,2018-07-28,5.3.6.0,4.1 and up
USR06454,FAMILY,3.1,52,9.8,5000,Free,0,Everyone,Entertainment,2017-05-04,1,4.0.3 and up
USR06455,TOOLS,4.3,77717,14,5000000,Free,0,Everyone,Tools,2016-12-29,1.2.0,4.1 and up
USR06456,MAPS_AND_NAVIGATION,3.3,3,26,100,Paid,9.99,Everyone,Maps & Navigation,2016-10-05,1.0.8,4.4 and up
USR06457,FAMILY,5,7,22,100,Free,0,Everyone,Education,2017-08-09,1,4.1 and up
USR06458,AUTO_AND_VEHICLES,4.2,12,88,500,Free,0,Everyone,Auto & Vehicles,2018-02-19,1.2,4.1 and up
USR06459,TOOLS,3.8,434,18,50000,Free,0,Everyone,Tools,2018-03-16,1.0.209,4.0 and up
USR06460,TOOLS,3.3,47,18,5000,Free,0,Everyone,Tools,2018-03-16,1.0.209,4.0 and up
USR06461,TOOLS,5,6,4.5,50,Free,0,Everyone,Tools,2018-06-05,1.0.2,4.1 and up
USR06462,BUSINESS,1,1,7.8,100,Free,0,Everyone,Business,2014-07-23,2.4.2,2.3.3 and up
USR06463,PRODUCTIVITY,4.5,40328,23,1000000,Free,0,Everyone,Productivity,2016-10-17,1.9,2.3 and up
USR06464,PRODUCTIVITY,4.6,1502622,,100000000,Free,0,Everyone,Productivity,2018-07-03,Varies with device,Varies with device
USR06465,GAME,4.3,22773,,1000000,Free,0,Mature 17+,Action,2018-08-03,4.84,4.1 and up
USR06466,PRODUCTIVITY,4.4,26358,0.049,500000,Paid,1.99,Everyone,Productivity,2014-01-17,1.7,2.0 and up
USR06467,GAME,4.1,52163,70,1000000,Free,0,Mature 17+,Action,2016-07-13,1.1.2,2.3 and up
USR06468,GAME,4.5,299046,47,10000000,Free,0,Mature 17+,Action,2018-07-12,0.9.5,4.1 and up
USR06469,GAME,4.2,41089,42,5000000,Free,0,Teen,Action,2018-07-25,2.7,4.1 and up
USR06470,COMMUNICATION,3.7,25,3.7,1000,Free,0,Everyone,Communication,2017-02-06,1.2.11,3.0 and up
USR06471,GAME,4.1,1019,39,100000,Free,0,Teen,Action,2018-07-23,1.0.7,4.1 and up
USR06472,FAMILY,3.9,337,22,10000,Free,0,Everyone,Education,2018-05-11,3.6,5.0 and up
USR06473,GAME,4.5,2526,22,100000,Free,0,Everyone,Trivia,2018-02-14,1.3.0,4.1 and up
USR06474,GAME,3.6,2328,12,100000,Free,0,Everyone,Action,2014-10-25,1.8,2.3 and up
USR06475,GAME,3.2,655,14,50000,Free,0,Teen,Action,2016-05-18,1.0.2,4.0 and up
USR06476,BUSINESS,3.5,125,4.3,10000,Free,0,Everyone,Business,2018-01-05,1.2.2,3.0 and up
USR06477,FAMILY,3.7,433,,50000,Free,0,Teen,Entertainment,2013-08-01,1.5,2.2 and up
USR06478,PERSONALIZATION,4.6,26,8.5,100,Paid,2.49,Everyone,Personalization,2017-12-03,5.0.1,4.0.3 and up
USR06479,FAMILY,4.8,33,6.7,5000,Free,0,Everyone,Education,2017-01-27,1.5,4.1 and up
USR06480,GAME,4.1,4946,7.5,100000,Free,0,Teen,Trivia,2017-07-16,1.82,4.0.3 and up
USR06481,FAMILY,4.4,16459,88,500000,Free,0,Everyone,Entertainment,2017-07-15,3.2.0,2.3 and up
USR06482,FAMILY,4.3,99,1.1,10000,Free,0,Everyone,Education,2013-02-11,1.13,2.2 and up
USR06483,BUSINESS,4,13,5.7,1000,Free,0,Everyone,Business,2017-10-06,1.2.0,4.4 and up
USR06484,GAME,3.1,1015,0.628,100000,Free,0,Everyone,Action,2015-11-11,1.3,2.3.3 and up
USR06485,GAME,4.2,211,44,10000,Free,0,Teen,Action,2017-08-18,1.1,2.3 and up
USR06486,LIFESTYLE,4.1,75,11,10000,Free,0,Everyone,Lifestyle,2018-01-14,1.0.1,4.1 and up
USR06487,GAME,3.5,14823,40,1000000,Free,0,Teen,Action,2017-02-15,4,2.3 and up
USR06488,GAME,4.3,8668,9.1,500000,Free,0,Teen,Action,2017-04-01,1.33,1.5 and up
USR06489,COMMUNICATION,3.8,52,2.1,1000,Free,0,Everyone,Communication,2015-08-28,2,3.0 and up
USR06490,GAME,4.3,112565,32,1000000,Free,0,Teen,Action,2018-07-21,1.1.97,4.4 and up
USR06491,FAMILY,4.8,16,7.8,100,Free,0,Everyone,Education,2018-07-29,4,4.1 and up
USR06492,GAME,2.3,278,2.4,10000,Free,0,Teen,Trivia,2017-02-11,1,2.3 and up
USR06493,COMMUNICATION,4.3,125,53,5000,Free,0,Everyone,Communication,2017-10-16,60.0.3112.3046279,4.1 and up
USR06494,TOOLS,4.4,208,6,10000,Free,0,Everyone,Tools,2016-06-16,1.2.1,4.1 and up
USR06495,FAMILY,3.6,783,25,50000,Free,0,Teen,Entertainment,2016-06-25,1.3.4,4.0 and up
USR06496,FAMILY,5,43,3.3,1000,Free,0,Everyone,Education,2018-03-27,1.1,4.2 and up
USR06497,GAME,4.3,211,3.6,50000,Free,0,Everyone,Action,2018-01-26,2.1,4.0.3 and up
USR06498,FAMILY,4.2,162,6.2,10000,Free,0,Everyone,Education,2018-02-15,Y4W-GATE_CS-5.0.0,4.1 and up
USR06499,FAMILY,4.3,14604,68,500000,Free,0,Teen,Simulation,2018-07-04,3.1.2,4.2 and up
USR06500,FAMILY,4.7,160,19,5000,Free,0,Everyone,Education,2018-07-25,1,4.4 and up
USR06501,FAMILY,3.9,3253,3.6,100000,Free,0,Everyone,Entertainment,2015-04-10,1.3,2.2 and up
USR06502,FAMILY,4.4,431,17,10000,Free,0,Everyone,Entertainment,2016-06-13,1.1.1,4.0 and up
USR06503,GAME,4.4,460,31,50000,Free,0,Everyone,Trivia,2018-06-23,4.2,4.0.3 and up
USR06504,GAME,4.3,247,18,10000,Free,0,Everyone,Word,2016-09-16,1.53,4.0.3 and up
USR06505,PRODUCTIVITY,2.6,85,6,5000,Free,0,Everyone,Productivity,2016-04-21,1.1.2,4.0 and up
USR06506,FAMILY,4.3,445,29,50000,Free,0,Everyone,Entertainment,2017-06-01,3,4.0 and up
USR06507,MEDICAL,3.8,568,42,50000,Free,0,Everyone,Medical,2014-01-22,1.2,4.0 and up
USR06508,MEDICAL,4.2,345,14,50000,Free,0,Everyone,Medical,2018-01-20,1.6,4.0 and up
USR06509,MEDICAL,4.2,6,29,1000,Free,0,Everyone,Medical,2018-06-20,1,2.3 and up
USR06510,BOOKS_AND_REFERENCE,4.1,10,5.7,5000,Free,0,Everyone,Books & Reference,2018-07-22,1.5,4.1 and up
USR06511,MEDICAL,4,36,36,10000,Free,0,Everyone,Medical,2018-01-20,2,4.0 and up
USR06512,MEDICAL,4.4,7,8.9,1000,Free,0,Everyone,Medical,2018-01-20,2,4.0 and up
USR06513,FAMILY,4.7,6,5.1,1000,Free,0,Everyone,Education,2018-04-01,1,4.0 and up
USR06514,NEWS_AND_MAGAZINES,2.6,13,4.3,1000,Free,0,Everyone,News & Magazines,2016-11-01,1.0.3,4.4 and up
USR06515,FAMILY,4.3,7,62,1000,Free,0,Everyone,Education,2017-02-21,1,4.4 and up
USR06516,FAMILY,5,3,29,500,Free,0,Everyone,Education,2018-07-04,5.0.16,4.0 and up
USR06517,FAMILY,3.7,6,7.8,1000,Free,0,Everyone,Education,2018-06-06,1.5,4.0 and up
USR06518,MEDICAL,4.3,62,20,5000,Free,0,Everyone,Medical,2014-12-15,2.2,2.3 and up
USR06519,TOOLS,4.1,41,0.963,10000,Free,0,Everyone,Tools,2013-07-26,3,3.0 and up
USR06520,MEDICAL,4.3,22,18,10000,Free,0,Everyone,Medical,2018-03-16,2,4.0.3 and up
USR06521,MEDICAL,3.8,534,14,100000,Free,0,Everyone,Medical,2012-07-30,1.2,2.2 and up
USR06522,MEDICAL,4.5,18,9.3,5000,Free,0,Everyone,Medical,2018-03-10,2,4.0.3 and up
USR06523,MEDICAL,5,5,17,1000,Free,0,Everyone,Medical,2018-01-20,2,4.0 and up
USR06524,MEDICAL,3.9,40,4,5000,Free,0,Everyone,Medical,2015-07-07,4.1.0,2.3.3 and up
USR06525,FAMILY,3.8,271,8.3,50000,Free,0,Teen,Entertainment,2017-06-12,1.2.0,4.0 and up
USR06526,FAMILY,4.6,186,9.6,10000,Free,0,Everyone,Education,2017-10-12,2.9.0,4.1 and up
USR06527,HEALTH_AND_FITNESS,4.6,28,20,1000,Free,0,Mature 17+,Health & Fitness,2017-04-27,1,4.0.3 and up
USR06528,PRODUCTIVITY,4.7,315,14,10000,Free,0,Everyone,Productivity,2018-01-22,SolarCT 1.9 v,4.0 and up
USR06529,MEDICAL,5,6,17,1000,Free,0,Everyone,Medical,2018-03-10,2,4.0.3 and up
USR06530,MEDICAL,4.5,18,13,10000,Free,0,Everyone,Medical,2018-03-16,2,4.0.3 and up
USR06531,TOOLS,3.5,3988,11,1000000,Free,0,Everyone,Tools,2015-12-22,1.0.5,4.4 and up
USR06532,GAME,3.3,19,1.6,100,Paid,4.49,Everyone,Action,2015-02-10,1.4,2.3 and up
USR06533,GAME,4.8,8191,,100000,Free,0,Everyone,Board,2018-05-22,1.1.0,4.1 and up
USR06534,FAMILY,3.9,84,11,10000,Free,0,Everyone,Entertainment,2016-11-21,3.4,3.0 and up
USR06535,FAMILY,4.5,86,8.6,5000,Free,0,Teen,Entertainment,2017-03-11,5.1,4.1 and up
USR06536,MEDICAL,3.4,35,24,1000,Paid,15.46,Everyone,Medical,2015-05-27,2.0.3,2.2 and up
USR06537,SHOPPING,5,4,1.6,1000,Free,0,Everyone,Shopping,2016-05-16,1.3,4.0 and up
USR06538,FINANCE,5,1,8.4,50,Free,0,Everyone,Finance,2017-04-20,1.2,4.2 and up
USR06539,MEDICAL,4.8,12,44,100,Paid,6.99,Everyone,Medical,2014-01-22,1.3,4.0 and up
USR06540,MEDICAL,3.6,35,88,10000,Free,0,Everyone,Medical,2018-01-20,2,4.0 and up
USR06541,FINANCE,4.3,693,32,100000,Free,0,Teen,Finance,2018-05-03,1.0.95,4.2 and up
USR06542,FINANCE,4,347,25,10000,Free,0,Everyone,Finance,2018-02-06,4.11.100,4.1 and up
USR06543,FINANCE,4.5,853,27,10000,Free,0,Everyone,Finance,2018-07-12,4.13.72,4.1 and up
USR06544,PRODUCTIVITY,4.6,48,7.3,1000,Free,0,Everyone,Productivity,2017-11-22,1.2.3,4.1 and up
USR06545,FINANCE,4.7,6208,14,100000,Free,0,Everyone,Finance,2018-06-12,5.9.1.0,5.0 and up
USR06546,FINANCE,3.8,480,15,50000,Free,0,Everyone,Finance,2018-05-24,3.1.0,4.0 and up
USR06547,FINANCE,3.4,295,,10000,Free,0,Everyone,Finance,2018-02-13,5.3.4,4.4 and up
USR06548,FINANCE,4.7,2374,16,10000,Free,0,Everyone,Finance,2018-07-31,5.10.1.0,5.0 and up
USR06549,FINANCE,4,253,25,10000,Free,0,Everyone,Finance,2018-05-02,4.6.68,4.0.3 and up
USR06550,FINANCE,4.6,1231,14,10000,Free,0,Everyone,Finance,2018-06-12,5.9.1.0,5.0 and up
USR06551,FINANCE,2,207,2.9,10000,Free,0,Everyone,Finance,2018-02-16,1.0.0.9,4.4 and up
USR06552,FINANCE,4.3,231,18,10000,Free,0,Everyone,Finance,2017-09-15,4.4.47,4.0.3 and up
USR06553,FINANCE,2,314,35,10000,Free,0,Everyone,Finance,2017-03-14,6.5.32-prod,4.2 and up
USR06554,FINANCE,3.6,117,25,10000,Free,0,Everyone,Finance,2018-06-22,6.5.82-prod,4.2 and up
USR06555,FINANCE,4.7,3661,14,50000,Free,0,Everyone,Finance,2018-06-12,5.9.1.0,5.0 and up
USR06556,FINANCE,3.5,805,6.5,50000,Free,0,Everyone,Finance,2018-07-17,5.4.5,5.0 and up
USR06557,FINANCE,4,732,5.5,50000,Free,0,Everyone,Finance,2018-04-02,3.0.21,4.0 and up
USR06558,FINANCE,3.5,256,28,10000,Free,0,Everyone,Finance,2017-11-02,200,4.0.3 and up
USR06559,FINANCE,4.3,323,17,10000,Free,0,Everyone,Finance,2017-09-08,4.4.47,4.0.3 and up
USR06560,FINANCE,4.1,196,7.3,10000,Free,0,Everyone,Finance,2018-06-30,5.0.0,4.4 and up
USR06561,FINANCE,4.6,1992,24,50000,Free,0,Everyone,Finance,2018-06-20,3000.5.3532,5.0 and up
USR06562,FINANCE,3.8,922,2.1,100000,Free,0,Everyone,Finance,2017-07-13,2.1.0.1108,2.3 and up
USR06563,FINANCE,4.3,4290,24,50000,Free,0,Everyone,Finance,2018-07-19,3000.5.3548,5.0 and up
USR06564,FINANCE,3.8,109,2.8,10000,Free,0,Everyone,Finance,2017-07-20,1.1,2.3 and up
USR06565,FINANCE,1,2,7.2,1000,Free,0,Everyone,Finance,2017-07-25,1.0.1,4.0 and up
USR06566,FINANCE,3.8,472,8.6,50000,Free,0,Everyone,Finance,2018-02-21,5.0.0,4.0 and up
USR06567,FINANCE,3.3,343,2.3,10000,Free,0,Everyone,Finance,2017-06-21,2.79,2.2 and up
USR06568,FINANCE,4.8,495,12,5000,Free,0,Everyone,Finance,2018-05-01,5.7.1.0,5.0 and up
USR06569,FINANCE,3,4,,100,Free,0,Everyone,Finance,2018-08-01,1.0.2,Varies with device
USR06570,FAMILY,4,28136,,5000000,Free,0,Everyone,Casual,2017-08-24,Varies with device,Varies with device
USR06571,TRAVEL_AND_LOCAL,3.6,892,70,50000,Paid,2.49,Everyone,Travel & Local,2018-08-01,1.08,4.0 and up
USR06572,COMMUNICATION,3.8,12667,34,1000000,Free,0,Everyone,Communication,2018-08-01,4.5.5.1-2090AL-REL,4.3 and up
USR06573,TOOLS,4.3,40907,2.6,5000000,Free,0,Everyone,Tools,2017-07-27,6.0.932740,2.2 and up
USR06574,FAMILY,3.9,475944,35,10000000,Free,0,Everyone,Simulation,2018-06-26,4.5.4,4.1 and up
USR06575,GAME,4.2,115176,24,10000000,Free,0,Teen,Racing,2018-06-15,1.2.1,4.0 and up
USR06576,GAME,4.6,10981850,88,100000000,Free,0,Everyone 10+,Action,2018-07-02,1.9.38,3.0 and up
USR06577,GAME,4,121082,7,10000000,Free,0,Teen,Adventure,2018-01-17,1.0.7,2.1 and up
USR06578,BUSINESS,4.5,4571,3.9,500000,Free,0,Everyone,Business,2018-07-08,3.3,4.1 and up
USR06579,BUSINESS,4.6,15830,,1000000,Free,0,Everyone,Business,2018-07-19,Varies with device,Varies with device
USR06580,BUSINESS,4.6,213,3.8,10000,Free,0,Everyone,Business,2018-04-11,3.5.3,5.0 and up
USR06581,FAMILY,4.5,625,26,100000,Free,0,Everyone,Education,2018-07-30,4,4.0.3 and up
USR06582,BUSINESS,3.7,3757,5,1000000,Free,0,Everyone,Business,2016-03-29,2.8,2.3.3 and up
USR06583,BUSINESS,4.4,9555,4.7,1000000,Free,0,Everyone,Business,2018-07-19,7.7,4.1 and up
USR06584,BUSINESS,4.6,770,5.6,100000,Free,0,Everyone,Business,2018-08-03,1.9,4.4 and up
USR06585,BOOKS_AND_REFERENCE,3.9,88,5.3,10000,Free,0,Everyone,Books & Reference,2018-03-31,1.1,4.0 and up
USR06586,BUSINESS,4.4,2147,2.2,500000,Free,0,Everyone,Business,2017-12-14,1.8,4.4 and up
USR06587,PRODUCTIVITY,4.5,48,26,5000,Free,0,Everyone,Productivity,2018-07-23,2.11.1,5.0 and up
USR06588,BUSINESS,4.5,3972,5.6,100000,Free,0,Teen,Business,2018-06-25,5.1.14,4.0 and up
USR06589,FAMILY,4.3,374,26,100000,Free,0,Everyone,Education,2017-10-09,1,4.0.3 and up
USR06590,BUSINESS,3.7,113,8.6,10000,Free,0,Everyone,Business,2018-06-09,3.4.3,4.1 and up
USR06591,TOOLS,3.9,37,21,10000,Free,0,Everyone,Tools,2018-07-18,1.3,4.4 and up
USR06592,FAMILY,3.9,139,4.8,50000,Free,0,Everyone,Education,2018-07-16,2.1,4.0.3 and up
USR06593,PRODUCTIVITY,4.3,2303,15,100000,Free,0,Everyone,Productivity,2018-08-02,8.9.2.pro,4.0.3 and up
USR06594,BUSINESS,4.1,489,20,100000,Free,0,Everyone,Business,2018-06-27,14,4.0.3 and up
USR06595,BUSINESS,4.1,423,20,100000,Free,0,Everyone,Business,2018-06-07,11,4.0.3 and up
USR06596,FAMILY,4.4,14,5.5,1000,Free,0,Everyone,Education,2018-03-27,1,4.0 and up
USR06597,BUSINESS,4.4,20921,5.7,1000000,Free,0,Everyone,Business,2018-01-11,4.0.3,4.1 and up
USR06598,BUSINESS,4.2,831,11,50000,Free,0,Everyone,Business,2018-06-13,1.3.2.9,4.0 and up
USR06599,PRODUCTIVITY,4.5,27820,4.7,1000000,Free,0,Everyone,Productivity,2018-07-29,2.1,2.3.3 and up
USR06600,BOOKS_AND_REFERENCE,4.6,244,4.1,100000,Free,0,Everyone,Books & Reference,2016-04-22,1.0.0,4.0 and up
USR06601,BUSINESS,4.4,244,6.9,1000,Paid,4.99,Everyone,Business,2017-08-17,4.38,2.3 and up
USR06602,BUSINESS,4.4,25,12,5000,Free,0,Everyone,Business,2018-06-09,1.5,4.4 and up
USR06603,BUSINESS,4.4,11310,,1000000,Free,0,Everyone,Business,2018-07-19,Varies with device,Varies with device
USR06604,BUSINESS,3.8,203,5.9,10000,Free,0,Everyone,Business,2016-09-30,2.2.1.0,2.3 and up
USR06605,PRODUCTIVITY,2.6,80,2.2,10000,Free,0,Everyone,Productivity,2017-05-11,2.129.12,4.1 and up
USR06606,BUSINESS,4.2,715,7.1,100000,Free,0,Everyone,Business,2018-08-01,1.8,4.0.3 and up
USR06607,BUSINESS,4.4,25,7.9,5000,Free,0,Everyone,Business,2018-01-19,1.0.3,4.0.3 and up
USR06608,TOOLS,4.2,75,25,10000,Free,0,Everyone,Tools,2018-01-31,1.1,4.0 and up
USR06609,FAMILY,4,13,26,5000,Free,0,Everyone,Education,2017-10-09,1.1,4.0.3 and up
USR06610,FAMILY,4.2,593,4.9,100000,Free,0,Everyone,Education,2018-01-01,1.0.2,3.0 and up
USR06611,TOOLS,4,114,25,10000,Free,0,Everyone,Tools,2018-06-09,1.5,4.0 and up
USR06612,FAMILY,4.4,31,8.3,10000,Free,0,Everyone,Education,2018-01-08,1.2.1,4.2 and up
USR06613,BUSINESS,4.5,416,6,10000,Free,0,Everyone,Business,2018-06-30,1.2,4.0 and up
USR06614,PERSONALIZATION,3.2,114,3,10000,Free,0,Everyone,Personalization,2016-03-18,1.02,4.0.3 and up
USR06615,BUSINESS,4.3,740,19,50000,Free,0,Everyone,Business,2018-08-04,1.1.2,4.0.3 and up
USR06616,BUSINESS,3.4,22,4.1,1000,Free,0,Everyone,Business,2017-05-23,1.9,4.0.3 and up
USR06617,COMMUNICATION,2.3,42,6,1000,Paid,0.99,Everyone,Communication,2017-01-12,1.0.5,4.1 and up
USR06618,BUSINESS,4.4,6997,4.6,100000,Free,0,Everyone,Business,2018-07-06,6.8.0,4.1 and up
USR06619,BUSINESS,4.3,34,26,10000,Free,0,Everyone,Business,2017-10-10,1,4.0.3 and up
USR06620,TOOLS,4.3,996,10,50000,Free,0,Everyone,Tools,2017-09-28,2.3,4.0.3 and up
USR06621,BUSINESS,3.6,125,5,10000,Free,0,Everyone,Business,2015-12-28,2,2.3.3 and up
USR06622,BUSINESS,4.6,2555,16,100000,Free,0,Everyone,Business,2017-06-02,2.5.0,4.4 and up
USR06623,TOOLS,4.2,54,22,5000,Free,0,Everyone,Tools,2018-04-15,1.0.6,4.0.3 and up
USR06624,BUSINESS,4,12,8.1,5000,Free,0,Everyone,Business,2018-06-07,1.9,4.0.3 and up
USR06625,FAMILY,4.4,288209,21,5000000,Free,0,Teen,Entertainment,2018-07-23,2.17,4.4 and up
USR06626,FAMILY,4.5,16391,13,500000,Free,0,Teen,Entertainment,2018-07-18,1.16,4.4 and up
USR06627,FAMILY,3.2,24,4.8,5000,Free,0,Everyone,Entertainment,2018-07-28,1.1,3.2 and up
USR06628,NEWS_AND_MAGAZINES,1.7,367,6.1,50000,Free,0,Everyone,News & Magazines,2018-03-02,1.7,4.0 and up
USR06629,FAMILY,2.2,54,4.3,10000,Free,0,Everyone,Entertainment,2018-04-30,1,3.2 and up
USR06630,COMICS,3.8,5084,6.2,100000,Free,0,Everyone,Comics,2018-06-19,2.2.0,4.3 and up
USR06631,COMMUNICATION,4.8,6,3.5,100,Paid,1.49,Everyone,Communication,2018-03-05,1.0.9,1.6 and up
USR06632,GAME,4.4,165656,38,5000000,Free,0,Teen,Arcade,2018-02-07,1.1.0,2.3 and up
USR06633,FAMILY,4.5,3935,9.5,100000,Free,0,Mature 17+,Entertainment,2018-06-07,2.9.8,4.4 and up
USR06634,COMMUNICATION,4.8,10,0.504,100,Paid,1.49,Everyone,Communication,2015-01-22,KM,1.6 and up
USR06635,COMMUNICATION,4.6,649,0.817,50000,Free,0,Everyone,Communication,2013-08-08,1.0.013,2.1 and up
USR06636,COMMUNICATION,3.7,166,2,5000,Paid,4.99,Everyone,Communication,2017-03-14,1.52,2.3 and up
USR06637,COMMUNICATION,4.4,14,17,100,Free,0,Everyone,Communication,2017-10-28,1,4.0 and up
USR06638,PHOTOGRAPHY,3.5,12204,6.8,1000000,Free,0,Everyone,Photography,2017-03-14,1.5.2.21,2.3.3 and up
USR06639,FAMILY,3.8,5,1.1,500,Free,0,Everyone,Role Playing,2018-07-31,2.0.10,4.0.3 and up
USR06640,COMMUNICATION,3.8,9,0.762,100,Paid,0.99,Everyone,Communication,2015-05-19,1.2,2.3.3 and up
USR06641,COMMUNICATION,4.3,12,3.7,100,Paid,1.49,Everyone,Communication,2018-05-22,3.0.4,2.1 and up
USR06642,COMMUNICATION,4.6,265,2.6,10000,Paid,2.99,Everyone,Communication,2018-01-06,2.28,2.3 and up
USR06643,LIFESTYLE,4.5,2,7.8,100,Free,0,Teen,Lifestyle,2018-06-25,3.8.0,4.1 and up
USR06644,FAMILY,3.7,29229,,1000000,Free,0,Teen,Entertainment,2018-08-06,Varies with device,Varies with device
USR06645,COMMUNICATION,4.8,341,9.6,5000,Paid,0.99,Everyone,Communication,2015-02-20,iu4,2.0 and up
USR06646,PRODUCTIVITY,4.3,253,,5000,Paid,3.99,Everyone,Productivity,2018-03-04,Varies with device,Varies with device
USR06647,FAMILY,5,12,2.4,100,Paid,1.99,Everyone,Education,2017-01-23,2.1.1,3.0 and up
USR06648,FAMILY,3.9,31552,,1000000,Free,0,Teen,Entertainment,2018-07-23,Varies with device,4.4 and up
USR06649,TOOLS,3,1,55,100,Free,0,Everyone,Tools,2016-10-27,2.35.1,4.1 and up
USR06650,FAMILY,5,1,3.7,10,Paid,1.49,Everyone,Education,2018-05-18,2.0.2,2.1 and up
USR06651,FAMILY,4.4,12639,96,500000,Free,0,Teen,Entertainment,2017-10-17,3.5,4.1 and up
USR06652,COMMUNICATION,4.6,94,1.1,1000,Paid,2.49,Everyone,Communication,2015-02-14,2.1.1,2.2 and up
USR06653,COMMUNICATION,3.9,1436,0.02,100000,Free,0,Everyone,Communication,2013-08-26,1,1.6 and up
USR06654,BOOKS_AND_REFERENCE,3.3,15,12,1000,Free,0,Everyone,Books & Reference,2017-11-17,1.2,4.0 and up
USR06655,PRODUCTIVITY,4.1,4513,,100000,Free,0,Everyone,Productivity,2018-03-04,Varies with device,Varies with device
USR06656,BUSINESS,3,4,0.486,1000,Free,0,Everyone,Business,2014-02-06,2.1.5,2.1 and up
USR06657,FAMILY,4.2,6784,13,500000,Free,0,Everyone,Entertainment,2017-08-30,2.3.0,4.4 and up
USR06658,FAMILY,4.2,268,4.2,50000,Free,0,Everyone,Education,2017-01-23,2.1.1,3.0 and up
USR06659,NEWS_AND_MAGAZINES,4.2,1137,11,50000,Free,0,Everyone,News & Magazines,2018-07-23,5.5.0,4.3 and up
USR06660,FAMILY,4,319777,,10000000,Free,0,Teen,Entertainment,2018-08-03,Varies with device,5.0 and up
USR06661,COMMUNICATION,4,27,0.586,5000,Free,0,Everyone,Communication,2018-05-08,5,2.2 and up
USR06662,FAMILY,3.2,3069,18,500000,Free,0,Teen,Entertainment,2018-05-24,3.3.1.41,4.4 and up
USR06663,TOOLS,4.6,79,3,1000,Free,0,Everyone,Tools,2017-11-08,2.9.9,4.0.3 and up
USR06664,FAMILY,3.2,20843,14,1000000,Free,0,Teen,Entertainment,2018-08-02,3.3.85 (2),4.4 and up
USR06665,FAMILY,4.1,137674,72,5000000,Free,0,Teen,Role Playing,2018-07-04,2.0.2,2.3 and up
USR06666,FAMILY,3.3,50428,,5000000,Free,0,Teen,Entertainment,2018-07-25,Varies with device,5.0 and up
USR06667,BUSINESS,4.4,48,54,5000,Free,0,Everyone,Business,2018-07-07,11.13.18.05.07.03,4.4 and up
USR06668,FAMILY,4,1419,12,100000,Free,0,Everyone,Casual,2017-10-25,2.5_16,4.0 and up
USR06669,FAMILY,4.2,18,37,1000,Free,0,Everyone,Entertainment,2018-01-31,7.2.1,4.3 and up
USR06670,FAMILY,4.1,62,6.5,10000,Free,0,Everyone,Entertainment,2015-11-14,1.4,2.2 and up
USR06671,FAMILY,4.3,49,6.6,10000,Free,0,Everyone,Entertainment,2018-03-21,2.3,4.3 and up
USR06672,TRAVEL_AND_LOCAL,3.3,4069,50,1000000,Free,0,Everyone,Travel & Local,2018-07-25,6.6.1,4.3 and up
USR06673,TOOLS,4.7,175,4.3,10000,Free,0,Everyone,Tools,2018-07-28,1.0.7,5.0 and up
USR06674,FAMILY,4.4,63,7.6,10000,Free,0,Everyone,Entertainment,2015-11-14,1.4,2.2 and up
USR06675,FAMILY,3.1,47,5.5,10000,Free,0,Everyone,Entertainment,2015-11-14,2,2.2 and up
USR06676,FAMILY,3.1,19,94,1000,Free,0,Everyone,Casual,2017-05-09,1.6,2.3 and up
USR06677,VIDEO_PLAYERS,3.3,439,35,50000,Free,0,Everyone,Video Players & Editors,2016-03-04,0.7.9,4.0 and up
USR06678,BUSINESS,3.9,10,55,500,Free,0,Everyone,Business,2018-03-14,1.2,4.0 and up
USR06679,FAMILY,3.4,12,11,1000,Free,0,Everyone,Casual,2017-09-15,1.5_6,4.0 and up
USR06680,FAMILY,3.9,13,12,1000,Free,0,Everyone,Casual,2016-05-30,1.3_4,3.0 and up
USR06681,BUSINESS,4.4,21,21,1000,Free,0,Everyone,Business,2018-07-25,v6.7.14,5.0 and up
USR06682,FAMILY,3.9,11,27,500,Paid,4.99,Everyone,Education,2018-07-21,1.3.0,4.1 and up
USR06683,SPORTS,3.7,818,5.3,100000,Free,0,Everyone,Sports,2016-06-08,4.4_23,4.0 and up
USR06684,FAMILY,4.5,4,30,500,Free,0,Everyone,Casual,2018-06-21,1.5_6,4.1 and up
USR06685,PERSONALIZATION,4.7,42,10,5000,Free,0,Everyone,Personalization,2017-05-10,1.0.,4.0 and up
USR06686,LIFESTYLE,4.6,147,9.8,10000,Free,0,Everyone,Lifestyle,2017-05-02,1.0.1,4.0 and up
USR06687,LIFESTYLE,5,103,3.8,5000,Free,0,Everyone,Lifestyle,2017-09-12,5.1.10,4.1 and up
USR06688,FAMILY,3,2,33,100,Free,0,Everyone,Entertainment,2017-12-14,3,4.0 and up
USR06689,COMMUNICATION,3.9,517,35,10000,Free,0,Everyone,Communication,2018-08-06,20180805,4.4 and up
USR06690,PERSONALIZATION,5,3,3.4,50,Free,0,Everyone,Personalization,2018-04-09,1,4.0 and up
USR06691,TOOLS,3.9,12,2.5,500,Free,0,Everyone,Tools,2017-06-02,1,2.2 and up
USR06692,FAMILY,3.8,19,12,1000,Free,0,Everyone,Entertainment,2017-01-19,2.1,2.2 and up
USR06693,TOOLS,3.6,6060,0.578,500000,Free,0,Everyone,Tools,2016-02-04,2,2.1 and up
USR06694,SPORTS,3.9,654,50,10000,Paid,4.99,Everyone,Sports,2017-12-20,3.29,4.1 and up
USR06695,FAMILY,3.8,316,19,100000,Free,0,Everyone,Entertainment,2017-06-01,1.8,2.2 and up
USR06696,FAMILY,4.8,171,1,1000,Paid,10,Everyone,Education,2016-10-18,1.7.0,2.2 and up
USR06697,PHOTOGRAPHY,4.4,2418165,,100000000,Free,0,Everyone,Photography,2018-07-12,Varies with device,Varies with device
USR06698,PRODUCTIVITY,4.5,75140,,1000000,Free,0,Everyone,Productivity,2018-01-02,Varies with device,Varies with device
USR06699,GAME,4,387,1.1,50000,Free,0,Everyone,Card,2011-04-16,1.3.3,1.6 and up
USR06700,GAME,4.7,16851,81,100000,Paid,1.99,Everyone 10+,Music,2018-08-03,1.5.0,4.4 and up
USR06701,FAMILY,4.8,17,15,100,Free,0,Everyone,Education,2018-08-03,1.7,4.2 and up
USR06702,FINANCE,4.7,439,13,5000,Free,0,Everyone,Finance,2018-01-30,5.7.1.0,5.0 and up
USR06703,GAME,4.7,541732,20,5000000,Free,0,Everyone,Music,2018-02-09,10.0.10,2.3 and up
USR06704,NEWS_AND_MAGAZINES,4.5,27,7.1,500,Free,0,Everyone,News & Magazines,2018-05-06,7.5.0,4.1 and up
USR06705,LIFESTYLE,4,47,4.5,1000,Free,0,Everyone,Lifestyle,2017-08-02,2,3.2 and up
USR06706,FINANCE,3.2,191,10,10000,Free,0,Everyone,Finance,2018-01-25,4.5.6,4.0 and up
USR06707,FINANCE,4.7,39,20,1000,Free,0,Everyone,Finance,2018-03-20,1.11,4.3 and up
USR06708,COMMUNICATION,4.5,4,8.1,100,Free,0,Everyone,Communication,2014-08-30,1.3.0,2.3.3 and up
USR06709,FAMILY,4.5,93,1.6,50000,Free,0,Everyone,Entertainment,2018-02-05,INDIRIMBO V.2014.002,1.6 and up
USR06710,MEDICAL,4.9,57,6.1,1000,Free,0,Everyone,Medical,2015-11-11,1.7,3.0 and up
USR06711,SHOPPING,4.2,182,4.9,5000,Free,0,Everyone,Shopping,2018-08-03,1.3,2.2 and up
USR06712,NEWS_AND_MAGAZINES,5,3,,100,Free,0,Everyone,News & Magazines,2016-05-29,700,4.0 and up
USR06713,MEDICAL,5,2,20,100,Free,0,Everyone 10+,Medical,2017-09-21,1.8.3,4.1 and up
USR06714,LIFESTYLE,5,2,9.3,100,Free,0,Everyone,Lifestyle,2017-08-03,24.8.1,4.1 and up
USR06715,GAME,4.2,47340,61,1000000,Free,0,Teen,Card,2018-07-30,2.2.15,4.1 and up
USR06716,SHOPPING,4.7,3,5.8,500,Free,0,Everyone,Shopping,2017-08-01,2.0.0,4.0 and up
USR06717,PRODUCTIVITY,4.5,81502,,1000000,Free,0,Everyone,Productivity,2018-03-29,Varies with device,Varies with device
USR06718,PRODUCTIVITY,4.5,208543,,10000000,Free,0,Everyone,Productivity,2018-07-05,Varies with device,Varies with device
USR06719,FAMILY,4.5,10159,6.4,1000000,Free,0,Everyone,Education,2018-04-13,2.17,4.1 and up
USR06720,FINANCE,3.8,57,4,5000,Free,0,Everyone,Finance,2017-12-15,4.1,2.3 and up
USR06721,FAMILY,4.5,85015,46,1000000,Free,0,Everyone 10+,Strategy,2018-08-01,1.03.06,4.0 and up
USR06722,FAMILY,4.3,2250,30,100000,Free,0,Everyone,Education,2017-11-21,1.2,4.1 and up
USR06723,GAME,3.9,6200,,500000,Free,0,Everyone 10+,Racing,2018-07-06,Varies with device,Varies with device
USR06724,MAPS_AND_NAVIGATION,3.9,112,1.4,10000,Free,0,Everyone,Maps & Navigation,2013-12-26,1.3,2.2 and up
USR06725,SOCIAL,4.2,226,15,10000,Free,0,Everyone 10+,Social,2018-01-31,1.122.250.1421,2.2 and up
USR06726,SHOPPING,4.5,214,1.8,10000,Free,0,Everyone,Shopping,2018-02-27,2.92,4.0.3 and up
USR06727,FAMILY,4.1,11179,19,1000000,Free,0,Teen,Role Playing,2016-09-16,2.7,2.3 and up
USR06728,PHOTOGRAPHY,4.4,221878,,10000000,Free,0,Everyone,Photography,2018-08-01,Varies with device,4.1 and up
USR06729,FINANCE,4.1,1514,12,100000,Free,0,Everyone,Finance,2018-02-14,1.1,4.1 and up
USR06730,TRAVEL_AND_LOCAL,4.6,470,21,10000,Free,0,Everyone,Travel & Local,2018-03-12,3.9,2.3 and up
USR06731,FOOD_AND_DRINK,3.3,60,25,10000,Free,0,Everyone,Food & Drink,2018-05-14,3.1.46 (CY02),4.3 and up
USR06732,LIFESTYLE,4.5,11,3.4,1000,Free,0,Everyone,Lifestyle,2016-03-01,1.0.2,4.0.3 and up
USR06733,TOOLS,2.2,876,8.7,1000000,Free,0,Everyone,Tools,2018-08-06,3.2.3,4.2 and up
USR06734,HOUSE_AND_HOME,4.4,137,19,10000,Free,0,Everyone,House & Home,2018-07-17,1.1.10,4.1 and up
USR06735,SHOPPING,3.9,117,9.8,10000,Free,0,Everyone,Shopping,2018-05-13,1.3,4.0 and up
USR06736,SHOPPING,4.5,32014,18,500000,Free,0,Everyone,Shopping,2018-08-03,Varies with device,Varies with device
USR06737,LIFESTYLE,2.8,1189,18,100000,Free,0,Everyone,Lifestyle,2018-06-27,5.1.0,4.0.3 and up
USR06738,FAMILY,3.3,2802,15,100000,Free,0,Teen,Entertainment,2018-07-11,5,4.3 and up
USR06739,MAPS_AND_NAVIGATION,4.5,56409,43,1000000,Free,0,Everyone,Maps & Navigation,2018-06-26,6.2.0,4.1 and up
USR06740,VIDEO_PLAYERS,3.1,167,2,1000,Paid,0.99,Everyone,Video Players & Editors,2018-06-21,3.3.2,4.0.3 and up
USR06741,SOCIAL,3.2,398,2.2,50000,Free,0,Mature 17+,Social,2014-12-03,1.0.1,2.3.3 and up
USR06742,LIFESTYLE,4.4,1740,4.4,50000,Free,0,Teen,Lifestyle,2017-07-27,3.1.0,4.1 and up
USR06743,HOUSE_AND_HOME,4.1,1372,5.4,50000,Free,0,Everyone,House & Home,2018-02-15,2.9.0,4.1 and up
USR06744,BOOKS_AND_REFERENCE,5,2,1.4,5,Free,0,Everyone,Books & Reference,2018-07-13,0.1,4.4 and up
USR06745,TOOLS,3.8,131,3.3,1000,Paid,5.99,Everyone,Tools,2017-03-07,3.2.17030601,2.2 and up
USR06746,TOOLS,4.3,87,7.3,10000,Free,0,Everyone,Tools,2015-11-09,1.0.612933,5.0 and up
USR06747,WEATHER,4.6,3963,23,100000,Free,0,Everyone,Weather,2018-07-17,5.2.11,4.2 and up
USR06748,NEWS_AND_MAGAZINES,3.7,2375,,100000,Free,0,Everyone,News & Magazines,2017-02-23,Varies with device,Varies with device
USR06749,PHOTOGRAPHY,4.9,7,2.2,100,Free,0,Everyone,Photography,2015-07-11,1.2.0,3.0 and up
USR06750,SHOPPING,4.3,2221,,100000,Free,0,Everyone,Shopping,2018-07-10,Varies with device,Varies with device
USR06751,TOOLS,5,2,3.5,10,Free,0,Everyone,Tools,2018-07-09,1.1,4.0 and up
USR06752,MAPS_AND_NAVIGATION,2.9,30,4.8,5000,Free,0,Everyone,Maps & Navigation,2016-02-17,1.2,4.1 and up
USR06753,FAMILY,4.4,14,7.3,500,Free,0,Everyone,Entertainment,2017-11-07,2.1.3,4.1 and up
USR06754,HEALTH_AND_FITNESS,4.4,15753,13,100000,Paid,3.49,Everyone,Health & Fitness,2018-07-26,3.7.3,4.3 and up
USR06755,SPORTS,4.6,1641,6.2,10000,Free,0,Everyone,Sports,2018-08-02,1.18.34,4.0 and up
USR06756,TOOLS,4.5,4228,0.641,500000,Free,0,Everyone,Tools,2018-07-02,2.95,4.0 and up
USR06757,WEATHER,4,9307,5,1000000,Free,0,Everyone,Weather,2018-01-09,2.0.8,4.4 and up
USR06758,SPORTS,3.5,1151,8.3,10000,Free,0,Everyone,Sports,2018-07-23,v1.0.0-195-gb96d9f2,4.4 and up
USR06759,FAMILY,4.8,12400,,100000,Paid,4.99,Everyone,Puzzle,2018-06-14,1.0.4,4.1 and up
USR06760,GAME,4.8,528550,73,10000000,Free,0,Teen,Arcade,2018-07-26,1.2.6,4.1 and up
USR06761,FAMILY,3.5,35337,7.4,5000000,Free,0,Teen,Entertainment,2018-05-25,1.7.28,4.0 and up
USR06762,PHOTOGRAPHY,4.7,142758,22,10000000,Free,0,Everyone,Photography,2018-07-06,1.5.1,4.4 and up
USR06763,TOOLS,4.6,2674051,26,50000000,Free,0,Everyone,Tools,2018-08-06,2.1.69,4.0.3 and up
USR06764,FAMILY,4.4,766,14,10000,Paid,2.99,Everyone,Education;Education,2018-05-22,1.0.11,2.2 and up
USR06765,TOOLS,4.3,122010,7.3,5000000,Free,0,Everyone,Tools,2018-07-14,Translator 10.9.2,4.0.3 and up
USR06766,TOOLS,4.7,136540,3.1,1000000,Free,0,Everyone,Tools,2018-07-10,4.75,4.0.3 and up
USR06767,TOOLS,4.4,134412,11,5000000,Free,0,Everyone,Tools,2018-07-27,3.0.5,4.4 and up
USR06768,TOOLS,4,327914,,10000000,Free,0,Everyone,Tools,2018-04-11,Varies with device,Varies with device
USR06769,FAMILY,3.5,38824,12,1000000,Free,0,Mature 17+,Entertainment,2018-01-21,2.4.1,5.0 and up
USR06770,FAMILY,4.6,171017,13,10000000,Free,0,Teen,Entertainment,2018-07-22,2.2.2,4.4 and up
USR06771,SPORTS,3.9,6289,33,1000000,Free,0,Everyone,Sports,2016-07-21,1.2,2.3 and up
USR06772,PHOTOGRAPHY,3.5,49523,,5000000,Free,0,Everyone,Photography,2016-10-05,Varies with device,Varies with device
USR06773,GAME,4.6,260527,49,10000000,Free,0,Everyone,Arcade,2017-12-21,1,4.0 and up
USR06774,FAMILY,4.2,419375,31,10000000,Free,0,Everyone 10+,Casual,2016-06-21,1.2.2,2.3 and up
USR06775,GAME,4.4,153649,,10000000,Free,0,Teen,Action,2018-06-18,1.11.2,4.1 and up
USR06776,GAME,4.6,2464,34,50000,Free,0,Everyone,Trivia,2018-02-13,1.1,4.1 and up
USR06777,FAMILY,4,93898,44,10000000,Free,0,Everyone,Casual,2017-05-26,1.1,4.1 and up
USR06778,PERSONALIZATION,4.2,42190,11,5000000,Free,0,Teen,Personalization,2018-07-08,Varies with device,Varies with device
USR06779,FAMILY,3.8,52,55,10000,Paid,2.99,Everyone,Educational;Pretend Play,2017-08-08,1.2.1,2.3 and up
USR06780,TOOLS,4.1,420518,,10000000,Free,0,Everyone,Tools,2018-07-04,Varies with device,Varies with device
USR06781,FAMILY,4.3,528917,59,10000000,Free,0,Everyone,Educational;Pretend Play,2018-07-26,1.38.0,4.1 and up
USR06782,GAME,4.4,276105,,10000000,Free,0,Everyone 10+,Arcade,2018-08-01,Varies with device,4.1 and up
USR06783,GAME,4.5,462614,60,10000000,Free,0,Everyone,Arcade,2018-05-22,1.7.2,4.0.3 and up
USR06784,GAME,4.1,39895,25,5000000,Free,0,Mature 17+,Adventure,2018-01-02,1.2.3,4.1 and up
USR06785,GAME,4.2,794058,56,10000000,Free,0,Everyone,Music,2018-06-12,2.3.0,4.4 and up
USR06786,MAPS_AND_NAVIGATION,4,119685,20,10000000,Free,0,Everyone,Maps & Navigation,2018-07-02,18.06.p03.02,4.0.3 and up
USR06787,TOOLS,3.6,301,2.3,50000,Free,0,Everyone,Tools,2017-11-28,1.2.9,4.0 and up
USR06788,TOOLS,3.3,236,0.216,50000,Free,0,Everyone,Tools,2011-09-20,1.6,2.1 and up
USR06789,TOOLS,4.7,88993,1.5,10000000,Free,0,Everyone,Tools,2018-06-10,3.2.6,2.3 and up
USR06790,GAME,4.6,338742,48,5000000,Free,0,Teen,Action,2018-08-03,1.11.0,6.0 and up
USR06791,LIBRARIES_AND_DEMO,4.5,23,31,5000,Free,0,Everyone,Libraries & Demo,2018-07-11,3.4.5,3.0 and up
USR06792,MAPS_AND_NAVIGATION,3.9,4569,7.5,500000,Free,0,Everyone,Maps & Navigation,2017-12-22,2.1.10 (49),4.0 and up
USR06793,TOOLS,4.3,31,0.223,5000,Free,0,Everyone,Tools,2016-12-12,1,4.0.3 and up
USR06794,TOOLS,3.9,203,2.3,10000,Free,0,Everyone,Tools,2017-03-03,1.08,3.0 and up
USR06795,TOOLS,4.3,824,2.8,10000,Free,0,Everyone,Tools,2017-12-13,1.0.1,4.1 and up
USR06796,PRODUCTIVITY,3.1,19,4.5,500,Paid,8.99,Everyone,Productivity,2016-11-03,1.0.8,4.0 and up
USR06797,TOOLS,4.4,9,33,50,Paid,2.99,Everyone,Tools,2018-05-03,0.6.2,4.3 and up
USR06798,FAMILY,3.7,6514,72,500000,Free,0,Everyone,Simulation,2018-05-23,1.6.2,3.0 and up
USR06799,FAMILY,4.6,37,3.3,1000,Free,0,Everyone,Education,2014-06-17,1.9,2.2 and up
USR06800,TOOLS,4.6,154,6.6,10000,Free,0,Everyone,Tools,2018-07-26,1.1,4.4 and up
USR06801,TOOLS,2.7,7,5.2,500,Free,0,Everyone,Tools,2017-06-19,1.0.2,4.4 and up
USR06802,BOOKS_AND_REFERENCE,4.1,70,3.5,500,Paid,0.99,Everyone,Books & Reference,2013-08-30,1.3,2.1 and up
USR06803,BOOKS_AND_REFERENCE,4.2,459,11,10000,Free,0,Everyone,Books & Reference,2016-10-01,1.2,4.0 and up
USR06804,MAPS_AND_NAVIGATION,1.9,179,10,10000,Free,0,Everyone,Maps & Navigation,2018-03-13,3.05,4.1 and up
USR06805,BUSINESS,4.6,17,9.4,1000,Free,0,Everyone,Business,2017-12-08,1.4,4.0 and up
USR06806,TOOLS,4.2,265,,10000,Free,0,Everyone,Tools,2016-05-22,1.7,4.0 and up
USR06807,BOOKS_AND_REFERENCE,4.4,121,8.7,10000,Free,0,Everyone,Books & Reference,2016-12-23,1.1.2,4.1 and up
USR06808,BUSINESS,4.2,100,6.3,10000,Free,0,Everyone,Business,2018-07-21,2.0.0,4.1 and up
USR06809,TOOLS,3.9,64,4.1,5000,Free,0,Everyone,Tools,2017-06-01,1.24,4.4 and up
USR06810,SOCIAL,2.4,37,37,5000,Free,0,Teen,Social,2017-06-25,1,4.1 and up
USR06811,LIFESTYLE,5,5,3.2,100,Free,0,Everyone,Lifestyle,2017-08-31,1.0.1,4.0 and up
USR06812,TOOLS,3.9,21,11,10000,Free,0,Everyone,Tools,2018-01-19,1.2.0.27,5.0 and up
USR06813,MAPS_AND_NAVIGATION,3.7,78,3,10000,Free,0,Everyone,Maps & Navigation,2017-04-12,1.0.2,2.2 and up
USR06814,BUSINESS,5,5,14,100,Free,0,Everyone,Business,2018-03-20,2.0.2,4.1 and up
USR06815,FAMILY,4,3323,47,100000,Free,0,Everyone,Simulation,2018-03-29,1.9,4.0 and up
USR06816,PHOTOGRAPHY,3,1,2.5,10,Paid,3.49,Everyone,Photography,2017-10-20,1,4.2 and up
USR06817,TOOLS,4.1,29,2.3,5000,Free,0,Everyone,Tools,2016-04-25,1.2,4.0.3 and up
USR06818,FAMILY,4.8,21,49,1000,Free,0,Everyone,Role Playing,2018-07-04,1.1,4.1 and up
USR06819,GAME,4.5,33,44,1000,Free,0,Everyone 10+,Action,2018-07-25,1.3.7,2.3 and up
USR06820,TOOLS,3.5,13,3,1000,Free,0,Everyone,Tools,2017-07-18,1.01,4.0 and up
USR06821,TOOLS,4.5,954,7.6,10000,Free,0,Teen,Tools,2016-07-11,0.4.1,4.1 and up
USR06822,FAMILY,4.5,355613,59,10000000,Free,0,Teen,Role Playing,2018-08-02,1.21.2,4.4 and up
USR06823,COMICS,4.2,25673,,1000000,Free,0,Teen,Comics,2018-06-05,Varies with device,Varies with device
USR06824,GAME,4.3,504765,36,5000000,Free,0,Teen,Action,2018-07-30,2.4.1,4.4 and up
USR06825,GAME,4.4,2440877,32,10000000,Free,0,Teen,Action,2018-06-14,2.21,4.0 and up
USR06826,FAMILY,4.4,6715,9.5,500000,Free,0,Mature 17+,Entertainment,2018-07-20,2.9.8.1,4.4 and up
USR06827,FAMILY,4.3,43090,95,5000000,Free,0,Everyone,Action;Action & Adventure,2018-06-29,2.8.0,4.0 and up
USR06828,FAMILY,4.2,2557,5.8,50000,Paid,4.99,Everyone 10+,Adventure;Action & Adventure,2016-05-09,Varies with device,4.0.3 and up
USR06829,GAME,4.5,937,35,10000,Free,0,Everyone,Trivia,2017-10-19,2.14.5e,4.0.3 and up
USR06830,FAMILY,4.3,139545,63,10000000,Free,0,Everyone,Racing;Action & Adventure,2018-01-30,1.6.1326,4.1 and up
USR06831,GAME,4.3,22333,9.7,1000000,Free,0,Everyone 10+,Action,2018-08-07,2.01,4.3 and up
USR06832,PERSONALIZATION,4.2,249,91,10000,Free,0,Everyone,Personalization,2018-07-07,4,4.1 and up
USR06833,SOCIAL,4.9,117,63,1000,Free,0,Teen,Social,2018-07-13,1.8.19106,4.0.3 and up
USR06834,COMICS,4.1,45651,,5000000,Free,0,Teen,Comics,2018-05-24,Varies with device,Varies with device
USR06835,GAME,1.4,33,3.1,1000,Free,0,Everyone,Trivia,2017-12-25,1.1,4.1 and up
USR06836,FAMILY,4,16190,88,1000000,Free,0,Everyone,Action;Action & Adventure,2018-04-24,2.1.1,4.0 and up
USR06837,COMICS,5,34,12,5000,Free,0,Everyone,Comics,2018-07-31,1.0.5,5.0 and up
USR06838,GAME,4.3,2468915,92,50000000,Free,0,Teen,Action,2018-07-30,19.1.0,4.0.3 and up
USR06839,GAME,4.2,304106,,10000000,Free,0,Teen,Adventure,2018-08-06,2.8.2,4.0.3 and up
USR06840,GAME,4.3,11,23,500,Free,0,Everyone,Trivia,2018-05-22,3.2.7z,4.0.3 and up
USR06841,BOOKS_AND_REFERENCE,3.8,38,7.2,5000,Free,0,Everyone,Books & Reference,2018-06-18,4,4.4 and up
USR06842,TOOLS,4.1,1186,6.4,50000,Free,0,Unrated,Tools,2012-02-27,1.3,2.3.3 and up
USR06843,BOOKS_AND_REFERENCE,4.2,20,3.4,1000,Free,0,Everyone,Books & Reference,2015-06-08,4.6.1,1.6 and up
USR06844,FAMILY,4.3,166312,91,5000000,Free,0,Teen,Role Playing,2018-07-31,1.4.0,4.4 and up
USR06845,TOOLS,4.1,46,6.1,1000,Free,0,Everyone,Tools,2016-09-21,4.0.6,4.0.3 and up
USR06846,FAMILY,4.3,128,22,10000,Free,0,Everyone,Puzzle,2017-09-12,3.3.3z,4.0.3 and up
USR06847,MAPS_AND_NAVIGATION,3.6,258,6.9,50000,Free,0,Everyone,Maps & Navigation,2017-12-24,2.1,4.0 and up
USR06848,GAME,4.3,264755,91,10000000,Free,0,Teen,Action,2018-07-17,2.2.1,4.0 and up
USR06849,FAMILY,4.6,2354042,72,50000000,Free,0,Everyone 10+,Role Playing,2018-07-03,4.2.0,4.0.3 and up
USR06850,TRAVEL_AND_LOCAL,4.4,6895,10,500000,Free,0,Everyone,Travel & Local,2018-05-15,5.11.3.1,4.1 and up
USR06851,FAMILY,5,22,2.2,100,Free,0,Mature 17+,Entertainment,2017-11-02,1.4,4.4 and up
USR06852,FAMILY,4.4,160,8.5,5000,Free,0,Everyone,Entertainment,2017-03-11,5.1,4.1 and up
USR06853,NEWS_AND_MAGAZINES,4.5,1440,12,100000,Free,0,Everyone,News & Magazines,2018-03-29,1.3.35.0,4.0 and up
USR06854,FAMILY,4.7,78,11,5000,Free,0,Everyone,Education,2017-10-12,2.9.0,4.1 and up
USR06855,PHOTOGRAPHY,5,3,16,500,Free,0,Everyone,Photography,2018-06-14,1.0.3,4.1 and up
USR06856,MAPS_AND_NAVIGATION,3.4,59,1.3,10000,Free,0,Everyone,Maps & Navigation,2015-01-26,1,1.5 and up
USR06857,TRAVEL_AND_LOCAL,3.1,16,18,5000,Free,0,Everyone,Travel & Local,2018-08-01,1.4.9,4.0.3 and up
USR06858,TRAVEL_AND_LOCAL,4.5,339,10,5000,Paid,2.99,Everyone,Travel & Local,2018-05-13,5.11.3,4.1 and up
USR06859,LIFESTYLE,5,1,1.2,10,Paid,3.04,Everyone,Lifestyle,2016-05-29,1.2,2.3 and up
USR06860,NEWS_AND_MAGAZINES,4.3,80,8.7,5000,Free,0,Everyone 10+,News & Magazines,2018-06-18,6.0.1,4.4W and up
USR06861,AUTO_AND_VEHICLES,4.4,186648,42,10000000,Free,0,Everyone,Auto & Vehicles,2018-08-02,9.3.52,4.2 and up
USR06862,COMMUNICATION,4.3,226541,,10000000,Free,0,Everyone,Communication,2018-07-25,Varies with device,Varies with device
USR06863,WEATHER,4.2,189310,38,10000000,Free,0,Everyone,Weather,2018-08-06,Varies with device,Varies with device
USR06864,COMMUNICATION,4,74497,5.3,5000000,Free,0,Everyone,Communication,2018-05-19,20180518-01,4.0 and up
USR06865,BOOKS_AND_REFERENCE,4.5,264260,,10000000,Free,0,Everyone,Books & Reference,2018-06-22,Varies with device,Varies with device
USR06866,PHOTOGRAPHY,4,50109,,10000000,Free,0,Everyone,Photography,2018-06-07,Varies with device,Varies with device
USR06867,MAPS_AND_NAVIGATION,4.1,54034,5.8,5000000,Free,0,Teen,Maps & Navigation,2018-05-30,2.1.15,4.0 and up
USR06868,GAME,3.8,47386,96,1000000,Free,0,Everyone,Racing,2018-06-06,31,4.2 and up
USR06869,FAMILY,4.3,267787,21,10000000,Free,0,Everyone,Education,2018-07-30,20.7.2,4.4 and up
USR06870,FAMILY,4.6,401211,,10000000,Free,0,Everyone,Entertainment,2018-07-18,Varies with device,Varies with device
USR06871,TOOLS,4.1,498894,10,50000000,Free,0,Everyone,Tools,2018-08-02,2.8.9.1004,4.0.3 and up
USR06872,FAMILY,4.3,9149,80,1000000,Free,0,Everyone,Simulation,2017-03-15,1.3,2.3.3 and up
USR06873,TOOLS,4.3,191621,6.1,10000000,Free,0,Everyone,Tools,2018-05-29,1.43,4.0 and up
USR06874,GAME,4.2,32849,1.5,1000000,Free,0,Everyone,Word,2015-09-30,2.2.13,2.3 and up
USR06875,PHOTOGRAPHY,4.3,251686,31,10000000,Free,0,Everyone,Photography,2017-07-28,2.3.8.6,4.1 and up
USR06876,FAMILY,4.4,252006,26,5000000,Free,0,Everyone,Simulation,2018-03-15,1.084,2.3 and up
USR06877,COMMUNICATION,4.4,483782,20,10000000,Free,0,Everyone,Communication,2018-07-29,1.286,4.1 and up
USR06878,PERSONALIZATION,3.9,28694,2.9,1000000,Free,0,Everyone,Personalization,2018-01-14,1.4.6,4.0.3 and up
USR06879,PHOTOGRAPHY,4.3,1517395,,100000000,Free,0,Everyone,Photography,2018-03-06,Varies with device,Varies with device
USR06880,GAME,4.5,785622,,50000000,Free,0,Everyone,Music,2018-06-29,1.35.2,4.1 and up
USR06881,GAME,4.3,234589,38,50000000,Free,0,Everyone,Racing,2016-11-22,1,2.3.3 and up
USR06882,FAMILY,3.5,113183,36,5000000,Free,0,Everyone,Puzzle,2017-12-15,10.6,4.1 and up
USR06883,GAME,4.2,951435,14,50000000,Free,0,Everyone,Racing,2018-01-17,2.2,2.1 and up
USR06884,TOOLS,4.1,45610,0.172,10000000,Free,0,Everyone,Tools,2018-01-02,1.56,1.6 and up
USR06885,GAME,4.1,257531,44,10000000,Free,0,Everyone 10+,Racing,2018-01-18,7,4.1 and up
USR06886,FAMILY,4.7,198480,82,5000000,Free,0,Everyone,Simulation,2018-08-03,20,4.1 and up
USR06887,GAME,4.5,375996,3.3,10000000,Free,0,Everyone,Board,2018-08-06,1.48.0,4.1 and up
USR06888,GAME,3.3,152102,18,10000000,Free,0,Teen,Trivia,2018-06-30,4.16,4.1 and up
USR06889,FAMILY,4.2,17108,8.3,100000,Free,0,Everyone,Strategy,2016-06-23,1.3.9,2.3.3 and up
USR06890,PRODUCTIVITY,4.2,226453,,10000000,Free,0,Everyone,Productivity,2017-10-09,Varies with device,Varies with device
USR06891,FAMILY,4.6,1764,8.3,10000,Paid,3.99,Everyone 10+,Strategy,2016-06-22,1.3.8,2.3.3 and up
USR06892,BUSINESS,4.3,24,8,1000,Free,0,Everyone,Business,2017-10-26,6.0.8.2.GM,3.2 and up
USR06893,PHOTOGRAPHY,4.3,194,1.5,10000,Free,0,Everyone,Photography,2018-02-15,1.6.0,4.0 and up
USR06894,SPORTS,4,1,3.6,100,Free,0,Everyone,Sports,2018-05-24,1.0.1,4.1 and up
USR06895,TOOLS,4.7,3408,15,50000,Free,0,Everyone,Tools,2018-05-30,2.1.1,4.1 and up
USR06896,LIFESTYLE,5,8,6.7,1000,Free,0,Everyone,Lifestyle,2016-05-16,0.0.4,4.1 and up
USR06897,PARENTING,5,1,27,10,Free,0,Everyone,Parenting,2018-01-19,Glueboardv.6,4.2 and up
USR06898,PRODUCTIVITY,4.9,17,76,100,Free,0,Everyone,Productivity,2016-06-07,1.0.0,4.4 and up
USR06899,MAPS_AND_NAVIGATION,4.3,11100,15,500000,Free,0,Everyone,Maps & Navigation,2018-04-28,2.10.0 Summer,4.0.3 and up
USR06900,SOCIAL,4,479939,15,10000000,Free,0,Mature 17+,Social,2018-07-09,1.23.3.0,4.4 and up
USR06901,TOOLS,4.5,2,3.3,100,Paid,3.99,Everyone,Tools,2018-07-19,1.4,4.0.3 and up
USR06902,TOOLS,4.1,1648,36,500000,Free,0,Everyone,Tools,2018-07-31,9.5.8,4.1 and up
USR06903,BOOKS_AND_REFERENCE,4.3,18,5.7,1000,Free,0,Everyone,Books & Reference,2017-07-22,1,4.0 and up
USR06904,MAPS_AND_NAVIGATION,4.5,65448,,5000000,Free,0,Everyone,Maps & Navigation,2018-08-02,Varies with device,Varies with device
USR06905,SHOPPING,3.9,16678,,5000000,Free,0,Everyone,Shopping,2018-07-25,Varies with device,Varies with device
USR06906,SHOPPING,3.7,668,1.1,100000,Free,0,Everyone,Shopping,2018-07-16,20,4.0 and up
USR06907,SHOPPING,4.2,470,4.1,10000,Paid,2.99,Everyone,Shopping,2018-07-17,1.3.7,4.1 and up
USR06908,SHOPPING,3.6,38,1.1,10000,Free,0,Everyone,Shopping,2018-07-01,20,4.0 and up
USR06909,BUSINESS,3.6,5,6.8,50,Paid,8.99,Everyone,Business,2018-04-30,6,4.0.3 and up
USR06910,TOOLS,2.1,14,28,1000,Free,0,Everyone,Tools,2017-09-07,1.0.5,4.1 and up
USR06911,SHOPPING,4.7,10318,32,1000000,Free,0,Everyone,Shopping,2018-06-19,2.1.8,4.4 and up
USR06912,VIDEO_PLAYERS,3.2,39,12,10000,Free,0,Everyone,Video Players & Editors,2016-03-18,2,4.0.3 and up
USR06913,TOOLS,3,19,22,1000,Paid,4.99,Everyone,Tools,2016-07-09,1.911.1944.4606,4.0 and up
USR06914,GAME,4.3,59,1.4,1000,Free,0,Everyone,Board,2017-04-08,0.1.10.0,2.3 and up
USR06915,SHOPPING,3,4,1.2,1000,Free,0,Everyone,Shopping,2018-07-01,10,4.0 and up
USR06916,FAMILY,4.3,10,20,100,Paid,12.99,Everyone,Simulation,2018-08-04,Varies with device,Varies with device
USR06917,FAMILY,3.9,53301,7.6,10000000,Free,0,Everyone,Entertainment,2017-06-16,1.6.0,4.0.3 and up
USR06918,VIDEO_PLAYERS,3.3,12,2.9,500,Free,0,Everyone,Video Players & Editors,2015-10-20,1.7,5.0 and up
USR06919,PRODUCTIVITY,4.3,195,,10000,Free,0,Everyone,Productivity,2018-02-06,Varies with device,Varies with device
USR06920,VIDEO_PLAYERS,4,486,2.5,10000,Free,0,Everyone,Video Players & Editors,2016-09-06,1.0.3,4.4 and up
USR06921,BUSINESS,3.7,3,11,10,Paid,2.49,Everyone,Business,2014-06-30,v3,2.2 and up
USR06922,TOOLS,2.8,27,34,1000,Free,0,Everyone,Tools,2018-02-20,1.42,4.4 and up
USR06923,GAME,4.4,10786,21,1000000,Free,0,Everyone,Arcade,2017-01-14,1.02,4.0.3 and up
USR06924,TOOLS,5,1,4.5,500,Free,0,Everyone,Tools,2017-11-29,1.0.16,4.1 and up
USR06925,TRAVEL_AND_LOCAL,3.9,58,22,10000,Free,0,Everyone,Travel & Local,2016-10-28,2.0.1,4.0.3 and up
USR06926,PRODUCTIVITY,4.2,43,0.033,1000,Free,0,Everyone,Productivity,2015-06-09,2.04,4.0 and up
USR06927,HEALTH_AND_FITNESS,4.8,6,14,100,Free,0,Everyone,Health & Fitness,2018-03-23,7.7.3,4.1 and up
USR06928,SHOPPING,4,7006,12,500000,Free,0,Everyone,Shopping,2018-05-12,3.1,4.4 and up
USR06929,SHOPPING,3,2,1.3,100,Free,0,Everyone,Shopping,2018-05-30,6,3.0 and up
USR06930,PRODUCTIVITY,4.5,8,3.1,100,Free,0,Everyone,Productivity,2018-06-07,1.2,4.0.3 and up
USR06931,TRAVEL_AND_LOCAL,2.6,122,11,10000,Free,0,Everyone,Travel & Local,2018-06-08,31.11.9.156,4.1 and up
USR06932,FINANCE,5,4,5.9,100,Free,0,Everyone,Finance,2018-07-28,1.5,4.4 and up
USR06933,SHOPPING,5,1,1.1,10,Free,0,Everyone,Shopping,2018-07-11,1,4.0 and up
USR06934,TOOLS,4.1,543,26,10000,Free,0,Everyone,Tools,2018-06-05,1.2.1009.695,4.0.3 and up
USR06935,NEWS_AND_MAGAZINES,4.5,53,5.9,10000,Free,0,Teen,News & Magazines,2018-06-19,1.7,4.0 and up
USR06936,NEWS_AND_MAGAZINES,5,3,5.7,100,Free,0,Everyone,News & Magazines,2018-05-26,1.2,4.1 and up
USR06937,LIFESTYLE,4.7,407589,,10000000,Free,0,Everyone,Lifestyle,2018-07-20,Varies with device,Varies with device
USR06938,SHOPPING,4.5,104068,37,5000000,Free,0,Teen,Shopping,2018-08-01,4.5.1,4.1 and up
USR06939,GAME,4.4,562345,,10000000,Free,0,Teen,Casino,2018-07-23,Varies with device,Varies with device
USR06940,GAME,4.4,3941129,77,50000000,Free,0,Teen,Action,2018-07-16,3.12.0,3.0 and up
USR06941,GAME,4.3,314774,43,5000000,Free,0,Teen,Action,2013-09-16,3.8.2,2.1 and up
USR06942,GAME,4.2,1878,20,100000,Free,0,Teen,Casino,2017-11-09,1.0.13,3.0 and up
USR06943,FAMILY,3,4,8,1000,Free,0,Everyone,Entertainment,2017-06-08,1,4.1 and up
USR06944,FAMILY,4.1,78142,17,5000000,Free,0,Everyone,Strategy,2015-08-22,1.2.3,3.0 and up
USR06945,GAME,4.2,326042,10,10000000,Free,0,Teen,Action,2014-06-06,3.1.7,3.0 and up
USR06946,FAMILY,4.2,35172,34,1000000,Free,0,Teen,Strategy,2017-01-20,3.2.2,2.3.3 and up
USR06947,FAMILY,4,28633,81,1000000,Free,0,Everyone 10+,Role Playing,2016-12-23,1.14.0,2.3 and up
USR06948,GAME,4.3,331692,,10000000,Free,0,Everyone,Racing,2018-03-27,Varies with device,4.0.3 and up
USR06949,FAMILY,4.1,3527,35,100000,Free,0,Teen,Strategy,2015-09-08,2.2.0.23,3.0 and up
USR06950,GAME,3.6,151,100,10000,Free,0,Everyone,Racing,2018-05-20,1.03,4.1 and up
USR06951,FAMILY,4.3,1130,48,50000,Free,0,Teen,Simulation,2015-04-03,1.01,4.2 and up
USR06952,FAMILY,5,1,59,100,Free,0,Everyone,Entertainment,2018-05-24,1.0.9,4.4 and up
USR06953,FAMILY,4.2,26307,,1000000,Free,0,Teen,Role Playing,2018-07-26,1.1.40,4.0.3 and up
USR06954,SOCIAL,3.9,6450,14,500000,Free,0,Mature 17+,Social,2018-01-22,1.3.5,4.0 and up
USR06955,FAMILY,4.1,29387,16,1000000,Free,0,Everyone,Strategy,2015-08-22,1.0.6,3.0 and up
USR06956,FAMILY,3.8,168,24,10000,Free,0,Everyone,Strategy,2017-03-01,1.2.2,4.0.3 and up
USR06957,LIFESTYLE,5,6,2.3,1000,Free,0,Everyone,Lifestyle,2016-05-04,v6.1,2.2 and up
USR06958,GAME,3.7,38767,4.1,5000000,Free,0,Everyone 10+,Action,2011-04-11,1.4.3,2.0 and up
USR06959,FAMILY,4.3,5623,28,100000,Free,0,Everyone 10+,Role Playing,2015-12-21,1.0.5,2.3 and up
USR06960,FAMILY,4.2,10440,27,500000,Free,0,Teen,Role Playing,2018-08-06,18.30.22,4.4 and up
USR06961,FAMILY,4.3,157997,27,10000000,Free,0,Everyone,Simulation,2016-08-04,1.4.4,2.3.3 and up
USR06962,NEWS_AND_MAGAZINES,2.5,81,6.7,10000,Free,0,Mature 17+,News & Magazines,2017-11-27,3.4.5,4.0.3 and up
USR06963,SPORTS,4.3,83545,23,5000000,Free,0,Everyone,Sports,2018-07-31,1.193,4.0 and up
USR06964,FAMILY,4.4,42069,,1000000,Free,0,Teen,Entertainment,2018-08-03,Varies with device,Varies with device
USR06965,SPORTS,4.3,34062,85,1000000,Free,0,Everyone,Sports,2018-04-03,1.6.7,4.4 and up
USR06966,FAMILY,4.2,1484,41,100000,Free,0,Everyone,Strategy,2018-07-15,1.2.1,4.0.3 and up
USR06967,GAME,4.6,152395,14,10000000,Free,0,Everyone 10+,Action,2016-07-22,1.1.9,2.3 and up
USR06968,FAMILY,4,3715,94,100000,Free,0,Everyone,Role Playing,2017-07-13,1.13.299,4.0.3 and up
USR06969,FAMILY,2.9,975,45,100000,Free,0,Everyone,Simulation,2017-02-27,5,4.1 and up
USR06970,GAME,4.5,396090,26,10000000,Free,0,Teen,Casino,2018-05-30,1.7.0,4.0.3 and up
USR06971,FAMILY,4.7,417197,99,10000000,Free,0,Everyone 10+,Role Playing,2018-05-30,1.14.0,2.3 and up
USR06972,PERSONALIZATION,3.8,23,5.9,1000,Free,0,Everyone,Personalization,2018-07-16,2,4.0.3 and up
USR06973,GAME,4.7,466495,52,10000000,Free,0,Teen,Card,2018-07-16,11.7.5,2.3.3 and up
USR06974,GAME,3.9,41683,63,1000000,Free,0,Everyone,Arcade,2017-02-02,1.67,2.3 and up
USR06975,FAMILY,4.5,96658,26,1000000,Free,0,Everyone 10+,Role Playing,2015-09-05,2.0.5,3.0 and up
USR06976,FAMILY,4.7,6297590,,100000000,Free,0,Everyone,Education;Education,2018-08-06,Varies with device,Varies with device
USR06977,SOCIAL,4.5,412888,35,10000000,Free,0,Everyone,Social,2018-07-31,3.8.1,4.1 and up
USR06978,TOOLS,4.2,227798,,50000000,Free,0,Everyone,Tools,2018-08-06,Varies with device,Varies with device
USR06979,SOCIAL,4.3,231446,5.4,10000000,Free,0,Everyone,Social,2018-08-02,4.81,4.0 and up
USR06980,FAMILY,4.4,303394,53,10000000,Free,0,Mature 17+,Entertainment,2018-08-03,4.426,4.1 and up
USR06981,HEALTH_AND_FITNESS,4.8,39068,4,500000,Free,0,Everyone,Health & Fitness,2018-07-07,1.2.2,4.1 and up
USR06982,SPORTS,4.2,3909032,51,100000000,Free,0,Everyone,Sports,2018-07-31,10.5.00,4.1 and up
USR06983,PHOTOGRAPHY,4.1,211620,20,10000000,Free,0,Everyone,Photography,2018-03-29,7.4,4.0 and up
USR06984,GAME,4.5,6026,39,100000,Free,0,Teen,Action,2018-07-07,1.04,4.1 and up
USR06985,PHOTOGRAPHY,4.5,41331,5,5000000,Free,0,Everyone,Photography,2018-07-31,1.4.4,4.0.3 and up
USR06986,PHOTOGRAPHY,4.6,28107,5.7,500000,Paid,2.99,Everyone,Photography,2018-06-11,2.8.26,4.0 and up
USR06987,COMMUNICATION,4.4,552635,29,10000000,Free,0,Everyone,Communication,2018-08-01,6.19.1,4.1 and up
USR06988,FAMILY,4.1,217736,87,10000000,Free,0,Everyone,Casual;Pretend Play,2018-08-02,1.1.64,4.1 and up
USR06989,TOOLS,4.3,1648515,7.1,100000000,Free,0,Everyone,Tools,2018-08-02,5.42.1,2.3 and up
USR06990,GAME,4.7,55952,61,1000000,Free,0,Everyone 10+,Arcade,2017-07-13,1.0.10,4.1 and up
USR06991,PHOTOGRAPHY,4.4,928720,,50000000,Free,0,Everyone,Photography,2018-07-16,Varies with device,Varies with device
USR06992,SHOPPING,4.2,609186,30,10000000,Free,0,Everyone,Shopping,2018-07-23,2.25.17,4.1 and up
USR06993,GAME,4.3,771001,52,50000000,Free,0,Everyone 10+,Action,2018-06-11,2.0.1.3,4.1 and up
USR06994,GAME,4.5,617732,44,10000000,Free,0,Everyone 10+,Action,2018-07-29,1.18.4,4.1 and up
USR06995,PRODUCTIVITY,4.3,496397,,100000000,Free,0,Everyone,Productivity,2018-08-06,Varies with device,Varies with device
USR06996,VIDEO_PLAYERS,4.8,332623,4.6,10000000,Free,0,Everyone,Video Players & Editors,2018-07-27,1.1.58,4.1 and up
USR06997,GAME,4.5,371318,90,10000000,Free,0,Everyone 10+,Arcade,2018-06-08,10.1.6,4.1 and up
USR06998,SOCIAL,4.6,216513,,5000000,Free,0,Mature 17+,Social,2018-08-06,Varies with device,Varies with device
USR06999,VIDEO_PLAYERS,4.7,696665,91,10000000,Free,0,Everyone,Video Players & Editors,2018-07-05,4.7.4.3869-7b2372c3e,5.0 and up
USR07000,FAMILY,4.4,860078,30,10000000,Free,0,Everyone,Simulation,2018-02-15,1.6.0,4.1 and up
USR07001,FAMILY,4.1,5997,20,1000000,Free,0,Everyone,Simulation,2018-01-26,1.1,4.1 and up
USR07002,FAMILY,4.3,796,28,100000,Free,0,Everyone,Entertainment,2018-07-03,6.6.8,5.0 and up
USR07003,TOOLS,4.2,2013,16,100000,Free,0,Everyone,Tools,2017-05-18,1,4.1 and up
USR07004,TOOLS,4.2,2925,16,100000,Free,0,Everyone,Tools,2017-11-23,1,4.1 and up
USR07005,FAMILY,3.6,21095,7.9,1000000,Free,0,Everyone,Entertainment,2016-12-16,4,4.0.3 and up
USR07006,FAMILY,2.8,21,57,1000,Free,0,Everyone,Education,2018-04-06,1.0.0.5,4.0.3 and up
USR07007,FAMILY,3.9,30,16,1000,Free,0,Everyone,Education,2014-07-02,1.1,2.3 and up
USR07008,FAMILY,3.8,10,25,1000,Free,0,Everyone,Education,2017-07-28,1,4.1 and up
USR07009,GAME,4.4,1628,34,50000,Free,0,Everyone,Trivia,2014-04-10,1.3,2.3 and up
USR07010,FAMILY,3.7,42,29,1000,Free,0,Everyone,Books & Reference;Education,2018-03-13,1.7.1,5.0 and up
USR07011,BOOKS_AND_REFERENCE,2.7,68,87,5000,Free,0,Everyone,Books & Reference,2018-05-02,1.0.0.22,4.1 and up
USR07012,GAME,3.8,66,38,10000,Free,0,Everyone,Arcade,2018-07-17,1.2,4.1 and up
USR07013,FAMILY,3.2,429,18,10000,Free,0,Everyone,Education,2018-07-06,3.9.1,4.4 and up
USR07014,SPORTS,3.9,255,19,100000,Free,0,Everyone,Sports,2018-05-22,2.1.4,4.4 and up
USR07015,TRAVEL_AND_LOCAL,2.3,9,70,1000,Free,0,Everyone,Travel & Local,2018-04-06,1.0.1.8,4.2 and up
USR07016,SPORTS,4.1,556,3.3,10000,Free,0,Everyone,Sports,2018-07-26,3.0.5,4.2 and up
USR07017,SPORTS,4.3,1387,14,50000,Free,0,Everyone,Sports,2018-06-06,3.0.3,4.0.3 and up
USR07018,FAMILY,3.1,192,66,10000,Free,0,Everyone,Education,2017-07-07,1.1.6,4.1 and up
USR07019,SPORTS,4.6,315,4.3,1000,Paid,2.99,Everyone,Sports,2018-06-06,2.106.0,4.0 and up
USR07020,FAMILY,4.1,681,48,100000,Free,0,Everyone,Education,2014-07-03,1.2,2.2 and up
USR07021,BUSINESS,4.4,9,31,500,Free,0,Everyone,Business,2018-03-14,2.0.14,4.1 and up
USR07022,PRODUCTIVITY,3.2,6752,3.3,1000000,Free,0,Everyone,Productivity,2018-03-21,3.5.2,4.0.3 and up
USR07023,FAMILY,4.5,663,25,50000,Free,0,Everyone,Education,2018-02-09,3.0.0,3.0 and up
USR07024,SOCIAL,3.7,2111,11,100000,Free,0,Mature 17+,Social,2018-08-06,4.1.23,4.4 and up
USR07025,FAMILY,4.4,708,33,50000,Free,0,Everyone,Education,2018-02-12,1.0.0,3.0 and up
USR07026,LIFESTYLE,4.5,532,6.4,10000,Free,0,Everyone,Lifestyle,2015-06-28,0.9.9.14,2.3 and up
USR07027,FAMILY,5,2,3.9,100,Free,0,Everyone,Entertainment,2017-10-25,5.1.4,4.1 and up
USR07028,FAMILY,4.8,5,1.5,10,Free,0,Everyone,Education,2017-09-18,1,2.3 and up
USR07029,FAMILY,4.6,124,23,10000,Free,0,Everyone,Education,2018-04-17,1.0.0,3.0 and up
USR07030,COMMUNICATION,4,1,2.4,10,Free,0,Everyone,Communication,2017-04-25,1,4.2 and up
USR07031,FAMILY,4.1,19388,35,1000000,Free,0,Everyone,Entertainment;Music & Video,2018-05-03,2.1.0.2173,4.0.3 and up
USR07032,MAPS_AND_NAVIGATION,4.1,204,11,10000,Free,0,Everyone,Maps & Navigation,2017-05-29,2.28,4.0 and up
USR07033,SOCIAL,4.8,65,7.1,500,Free,0,Teen,Social,2017-02-25,1.1.2,4.1 and up
USR07034,SOCIAL,4.3,3,5.3,100,Free,0,Teen,Social,2017-09-22,3.1.0,4.1 and up
USR07035,FINANCE,2.8,851,30,100000,Free,0,Everyone,Finance,2018-06-26,0.38.1,4.3 and up
USR07036,TOOLS,4.7,6505,2,50000,Paid,2.99,Everyone,Tools,2017-11-03,6.4.0,4.0 and up
USR07037,TOOLS,4.5,569727,,10000000,Free,0,Everyone,Tools,2017-11-03,Varies with device,Varies with device
USR07038,TOOLS,4.2,91186,6.3,5000000,Free,0,Everyone,Tools,2018-05-22,2.0.9,4.0 and up
USR07039,TOOLS,4.3,1072565,,50000000,Free,0,Everyone,Tools,2018-07-25,Varies with device,Varies with device
USR07040,TOOLS,3.8,120494,2.3,10000000,Free,0,Everyone,Tools,2018-06-13,2.0.7,4.1 and up
USR07041,PRODUCTIVITY,3.8,637,7.2,100000,Free,0,Everyone,Productivity,2017-10-31,2.5,4.1 and up
USR07042,TOOLS,4.2,43677,,1000000,Free,0,Everyone,Tools,2017-08-30,20170828,Varies with device
USR07043,TOOLS,3.8,79132,2.2,10000000,Free,0,Everyone,Tools,2018-01-03,1.1.6,2.3 and up
USR07044,FAMILY,4,39682,6.2,1000000,Free,0,Everyone,Entertainment,2018-04-03,3.5.5,4.1 and up
USR07045,TOOLS,4,18478,1.7,1000000,Free,0,Everyone,Tools,2018-08-04,1.0.5,2.3 and up
USR07046,FAMILY,4.6,12,10,1000,Free,0,Mature 17+,Entertainment,2018-03-23,2.0.4,4.1 and up
USR07047,TOOLS,4,32879,3.2,5000000,Free,0,Everyone,Tools,2018-08-04,5.19,4.0.3 and up
USR07048,FINANCE,4.3,85,30,10000,Free,0,Everyone,Finance,2018-05-02,18.1.79,5.0 and up
USR07049,FAMILY,4.3,23,11,5000,Free,0,Everyone,Entertainment,2018-05-29,3.1.2,5.0 and up
USR07050,TOOLS,3.9,34612,2.4,5000000,Free,0,Everyone,Tools,2018-06-12,2.0.7,4.1 and up
USR07051,PRODUCTIVITY,5,2,1.7,10,Paid,0.99,Everyone,Productivity,2018-07-29,1.0.5,4.0 and up
USR07052,TOOLS,4,593,3.3,100000,Free,0,Everyone,Tools,2018-04-12,12.04.18,3.0 and up
USR07053,VIDEO_PLAYERS,4.1,253207,13,10000000,Free,0,Everyone,Video Players & Editors,2018-08-02,2.0.7,4.4 and up
USR07054,TOOLS,3.9,23348,3.2,5000000,Free,0,Everyone,Tools,2018-07-04,3.48,4.0.3 and up
USR07055,PRODUCTIVITY,4.2,133,7.9,10000,Free,0,Everyone,Productivity,2018-01-12,1.0.184,4.2 and up
USR07056,PHOTOGRAPHY,4.3,46242,5.2,1000000,Free,0,Everyone,Photography,2016-09-20,2.1.3,4.0 and up
USR07057,SOCIAL,4.5,40467,22,1000000,Free,0,Everyone,Social,2018-08-02,5.03,4.1 and up
USR07058,TOOLS,4.4,16192,1.6,1000000,Free,0,Everyone,Tools,2016-07-13,4.1.9o,4.0 and up
USR07059,TOOLS,4.1,802,9.4,50000,Free,0,Everyone,Tools,2018-05-24,1.0.81,4.1 and up
USR07060,VIDEO_PLAYERS,4.2,58981,5.4,10000000,Free,0,Everyone,Video Players & Editors,2018-08-03,1.0.8,4.4 and up
USR07061,SPORTS,4.5,177,1.1,10000,Free,0,Everyone,Sports,2015-09-17,1,2.2 and up
USR07062,VIDEO_PLAYERS,4.6,148715,3.3,10000000,Free,0,Everyone,Video Players & Editors,2017-12-20,2,4.0 and up
USR07063,VIDEO_PLAYERS,4.1,24565,5.5,1000000,Free,0,Everyone,Video Players & Editors,2016-03-04,2.1,2.3.3 and up
USR07064,PRODUCTIVITY,3.9,1322,4.2,100000,Free,0,Everyone,Productivity,2016-10-25,1.0.4,4.2 and up
USR07065,TOOLS,4.7,59632,10,1000000,Free,0,Everyone,Tools,2018-04-03,1.5.2,4.1 and up
USR07066,TOOLS,3.9,8780,5,1000000,Free,0,Everyone,Tools,2018-06-13,2.7.5,4.2 and up
USR07067,VIDEO_PLAYERS,4.3,38607,2.9,1000000,Free,0,Everyone,Video Players & Editors,2017-03-19,3.1.8,2.3 and up
USR07068,SOCIAL,2.9,90,30,10000,Free,0,Mature 17+,Social,2018-07-09,1,4.0.3 and up
USR07069,BOOKS_AND_REFERENCE,4.4,283,5.4,10000,Free,0,Everyone 10+,Books & Reference,2018-01-12,1.1.10a,4.0 and up
USR07070,SOCIAL,3.7,55,3.7,5000,Free,0,Teen,Social,2018-03-03,3.20.3,4.4 and up
USR07071,COMMUNICATION,4.4,25,2.9,5000,Free,0,Everyone,Communication,2018-06-03,0.3.7,4.4 and up
USR07072,FAMILY,4.1,942,3,100000,Free,0,Everyone,Role Playing,2017-01-19,1.14b,3.0 and up
USR07073,TOOLS,2.8,11,11,1000,Free,0,Everyone,Tools,2016-08-05,1.7.2,3.0 and up
USR07074,MEDICAL,4.9,18,3,1000,Free,0,Everyone,Medical,2018-01-17,1,4.3 and up
USR07075,SOCIAL,3.4,44,6.3,1000,Free,0,Teen,Social,2018-05-21,HTTPs,4.1 and up
USR07076,TOOLS,2.8,54,20,5000,Free,0,Everyone,Tools,2018-06-07,1.1.2,4.0.3 and up
USR07077,GAME,2.5,450,97,10000,Free,0,Everyone,Card,2018-07-23,2.0.9,4.1 and up
USR07078,PERSONALIZATION,4.7,51,0.253,1000,Free,0,Everyone,Personalization,2013-10-04,1,2.1 and up
USR07079,BOOKS_AND_REFERENCE,3.1,50,4.9,1000,Paid,1.99,Everyone,Books & Reference,2017-02-22,2,2.3 and up
USR07080,TOOLS,3.2,11,36,1000,Free,0,Everyone,Tools,2017-09-20,2.4.0,4.0.3 and up
USR07081,MAPS_AND_NAVIGATION,4.3,15,0.16,5000,Free,0,Everyone,Maps & Navigation,2013-02-03,1.6,2.2 and up
USR07082,TOOLS,3.9,27,3,1000,Free,0,Everyone,Tools,2017-04-26,1.1.1,4.1 and up
USR07083,TOOLS,3.6,7,16,1000,Free,0,Everyone,Tools,2018-08-01,2.3,2.3.3 and up
USR07084,SOCIAL,3.2,6,0.447,100,Free,0,Everyone,Social,2014-11-26,1,4.1 and up
USR07085,COMMUNICATION,3.5,11,5.2,1000,Free,0,Everyone,Communication,2018-07-26,2.0.1,4.3 and up
USR07086,SPORTS,3.3,64,5.7,5000,Free,0,Everyone,Sports,2018-04-04,1.9.1,6.0 and up
USR07087,MEDICAL,2.4,32,8.5,5000,Free,0,Everyone,Medical,2017-11-21,1.5,4.0.3 and up
USR07088,SOCIAL,4.4,5985,5.9,500000,Free,0,Everyone,Social,2017-07-06,1.4.2,4.1 and up
USR07089,FAMILY,2.8,5,0.614,50,Paid,0.99,Everyone,Role Playing,2015-01-31,1.0.0,2.3.3 and up
USR07090,FAMILY,5,3,1.7,500,Free,0,Everyone,Education,2017-07-11,2.1,4.1 and up
USR07091,SPORTS,4.4,426,21,5000,Paid,1.99,Everyone,Sports,2016-06-01,2.2.3,4.0 and up
USR07092,FAMILY,5,3,4,100,Free,0,Everyone,Education,2018-08-01,1.0.5,4.4 and up
USR07093,NEWS_AND_MAGAZINES,3.3,78,17,10000,Free,0,Everyone,News & Magazines,2018-07-02,3.2.1.258,5.0 and up
USR07094,NEWS_AND_MAGAZINES,2.9,61,4.1,10000,Free,0,Everyone,News & Magazines,2017-02-01,2.0.0,4.1 and up
USR07095,NEWS_AND_MAGAZINES,4.1,56,0.027,1000,Free,0,Everyone 10+,News & Magazines,2016-06-13,1.15,2.3.3 and up
USR07096,NEWS_AND_MAGAZINES,4.6,18,1.8,100,Free,0,Everyone,News & Magazines,2014-03-13,1,4.0 and up
USR07097,NEWS_AND_MAGAZINES,2.2,160,32,50000,Free,0,Everyone 10+,News & Magazines,2018-05-24,1.3.2,4.4 and up
USR07098,PERSONALIZATION,4.3,505,0.281,10000,Paid,1.99,Everyone,Personalization,2013-02-10,0.6.11,2.1 and up
USR07099,SOCIAL,5,20,4.2,10,Free,0,Teen,Social,2018-07-23,1,4.0 and up
USR07100,NEWS_AND_MAGAZINES,2.5,2055,17,100000,Free,0,Everyone,News & Magazines,2018-07-04,4.2.7,4.4 and up
USR07101,NEWS_AND_MAGAZINES,3,29,37,5000,Free,0,Everyone 10+,News & Magazines,2018-05-23,2.1.1,5.0 and up
USR07102,NEWS_AND_MAGAZINES,3.7,794,15,100000,Free,0,Everyone,News & Magazines,2018-07-26,3.2.7,4.1 and up
USR07103,FAMILY,5,1,3.8,10,Free,0,Everyone,Education,2018-06-25,1.4,4.4 and up
USR07104,FINANCE,5,12,0.757,100,Free,0,Everyone,Finance,2013-09-05,1.11,3.0 and up
USR07105,FAMILY,4.1,89,33,5000,Paid,4.49,Everyone,Education;Education,2017-12-03,2.5.0,4.0.3 and up
USR07106,NEWS_AND_MAGAZINES,4.1,905,4,50000,Free,0,Everyone,News & Magazines,2018-07-30,2.2.2.1,4.0 and up
USR07107,NEWS_AND_MAGAZINES,2.6,820,,100000,Free,0,Everyone,News & Magazines,2018-02-13,Varies with device,Varies with device
USR07108,FAMILY,4.6,11872,62,100000,Free,0,Teen,Role Playing,2018-07-17,1.2.0,4.3 and up
USR07109,FAMILY,4.5,69013,,1000000,Free,0,Teen,Role Playing,2017-09-02,Varies with device,Varies with device
USR07110,FAMILY,4.5,364013,27,1000000,Free,0,Everyone 10+,Role Playing,2018-08-06,14.4.4.00,4.1 and up
USR07111,FAMILY,3.3,707,15,100000,Free,0,Everyone,Entertainment,2014-11-20,2.1.1,2.3 and up
USR07112,GAME,4.4,13079,30,500000,Free,0,Everyone 10+,Adventure,2018-04-20,1.6.2,4.0 and up
USR07113,PERSONALIZATION,4.7,4856,18,50000,Paid,2.49,Everyone,Personalization,2018-01-31,1.5.3,4.0 and up
USR07114,FAMILY,4.7,2910,5.3,50000,Free,0,Everyone,Entertainment,2016-10-30,2.0.0,4.1 and up
USR07115,FAMILY,4,3745,31,1000000,Free,0,Everyone,Education;Education,2017-12-03,2.5.0,4.0.3 and up
USR07116,GAME,4.5,2032,50,50000,Free,0,Teen,Card,2018-06-05,0.1.27,4.1 and up
USR07117,PRODUCTIVITY,4.3,596,22,50000,Free,0,Everyone,Productivity,2018-07-04,1.3,4.1 and up
USR07118,FAMILY,4.6,166,2.6,10000,Free,0,Everyone,Entertainment,2017-05-24,1.1.0,3.1 and up
USR07119,FAMILY,4.7,456474,86,5000000,Free,0,Teen,Role Playing,2018-07-24,1.2.0,4.4 and up
USR07120,GAME,4.4,267395,71,5000000,Free,0,Everyone 10+,Action,2018-07-19,1.1.7,4.4 and up
USR07121,FAMILY,4,45359,32,1000000,Free,0,Everyone 10+,Role Playing,2018-07-26,1.0.9,4.4 and up
USR07122,PRODUCTIVITY,4.2,25427,9.2,1000000,Free,0,Everyone,Productivity,2018-01-05,18,4.0 and up
USR07123,PRODUCTIVITY,4.1,14432,16,1000000,Free,0,Everyone,Productivity,2018-07-31,1.36.82,4.4 and up
USR07124,BUSINESS,4.3,54520,,10000000,Free,0,Everyone,Business,2018-07-30,3.12.4,Varies with device
USR07125,PRODUCTIVITY,4.7,253155,3.5,5000000,Free,0,Everyone,Productivity,2018-03-19,3.0.17,4.0 and up
USR07126,TOOLS,4.1,7063,,1000000,Free,0,Everyone,Tools,2018-01-25,2.3.2,5.0 and up
USR07127,FAMILY,3.1,1073,5.9,100000,Free,0,Everyone,Strategy,2016-06-08,1.0.4,4.0 and up
USR07128,GAME,4,154108,78,5000000,Free,0,Everyone,Racing,2015-10-13,1.4.2,2.3 and up
USR07129,PRODUCTIVITY,4.5,155998,12,10000000,Free,0,Everyone,Productivity,2018-08-05,12.8.2,4.4 and up
USR07130,PRODUCTIVITY,4.4,72161,4.9,1000000,Free,0,Everyone,Productivity,2018-03-21,2.68.14,4.0 and up
USR07131,BOOKS_AND_REFERENCE,4.4,43088,3,1000000,Free,0,Teen,Books & Reference,2017-04-19,2.7.3,4.0 and up
USR07132,PRODUCTIVITY,4.6,6320,6.3,100000,Free,0,Everyone,Productivity,2016-12-10,2,4.4 and up
USR07133,GAME,4,271214,,10000000,Free,0,Teen,Arcade,2018-07-25,Varies with device,Varies with device
USR07134,PRODUCTIVITY,4.6,14089,8.4,500000,Free,0,Everyone,Productivity,2018-08-05,0.21.1,4.1 and up
USR07135,PRODUCTIVITY,4.3,26452,4,1000000,Free,0,Everyone,Productivity,2014-11-03,2.3.5,2.1 and up
USR07136,PRODUCTIVITY,4.3,6120,1.9,100000,Free,0,Everyone,Productivity,2017-11-22,2.10.1,6.0 and up
USR07137,PRODUCTIVITY,3.9,7801,0.196,1000000,Free,0,Everyone,Productivity,2013-09-28,2,1.5 and up
USR07138,PRODUCTIVITY,4.5,57449,5,1000000,Free,0,Everyone,Productivity,2018-08-04,1.2.187-83,4.0 and up
USR07139,PRODUCTIVITY,4.7,7566,4,500000,Free,0,Everyone,Productivity,2018-07-21,67,4.1 and up
USR07140,PRODUCTIVITY,4.3,4649,30,100000,Free,0,Everyone,Productivity,2018-06-19,2.8.12,5.0 and up
USR07141,LIFESTYLE,4.6,10484,9,1000000,Free,0,Everyone,Lifestyle,2018-06-09,1.4.9,4.1 and up
USR07142,PRODUCTIVITY,4.2,2537,8.5,500000,Free,0,Everyone,Productivity,2018-01-10,2.2 (Protostar),4.0 and up
USR07143,PRODUCTIVITY,4.3,4441,,100000,Free,0,Everyone,Productivity,2018-06-18,Varies with device,Varies with device
USR07144,PRODUCTIVITY,4.2,86172,13,1000000,Free,0,Everyone,Productivity,2016-02-01,1.1.7,4.0 and up
USR07145,PRODUCTIVITY,4.1,661,3.4,100000,Free,0,Everyone,Productivity,2018-06-21,2.1.2,4.1 and up
USR07146,PRODUCTIVITY,4.6,7969,20,100000,Free,0,Everyone,Productivity,2018-02-06,2.7.92,4.4 and up
USR07147,PRODUCTIVITY,4.4,688,4.4,50000,Free,0,Everyone,Productivity,2018-07-17,2.22,4.0 and up
USR07148,FAMILY,3.7,56664,8.3,1000000,Free,0,Everyone,Casual,2015-02-05,1.4,2.3 and up
USR07149,MEDICAL,4.4,2295,19,100000,Free,0,Everyone,Medical,2018-07-09,0.3.1,5.0 and up
USR07150,GAME,3.9,1290,6.4,100000,Free,0,Everyone,Word,2018-07-26,2.3.0,4.1 and up
USR07151,TOOLS,4.3,15618,2.4,1000000,Free,0,Everyone,Tools,2017-11-27,1.5.2,2.3 and up
USR07152,PERSONALIZATION,4.3,266434,,10000000,Free,0,Everyone,Personalization,2018-08-04,Varies with device,Varies with device
USR07153,PRODUCTIVITY,4.3,11402,5.3,1000000,Free,0,Everyone,Productivity,2017-11-07,1.3.0,5.0 and up
USR07154,FAMILY,4.5,1007,5.2,100000,Free,0,Everyone,Entertainment,2018-07-01,7,4.1 and up
USR07155,GAME,4.5,401648,70,10000000,Free,0,Everyone,Action,2017-04-12,1.6.1,4.0.3 and up
USR07156,GAME,4.5,8193,41,500000,Free,0,Everyone,Arcade,2016-09-16,1.0.7,4.0.3 and up
USR07157,SPORTS,4.5,97,1.9,10000,Free,0,Everyone,Sports,2017-06-28,1,4.1 and up
USR07158,GAME,4.7,1115,39,100000,Free,0,Everyone,Arcade,2017-07-07,1,4.3 and up
USR07159,FAMILY,4.3,1853,5.8,500000,Free,0,Everyone,Entertainment,2018-05-10,1.8,4.0 and up
USR07160,PERSONALIZATION,4.4,1623,11,1000000,Free,0,Mature 17+,Personalization,2018-06-23,2.7,4.0.3 and up
USR07161,SOCIAL,4.5,787,6.9,100000,Free,0,Everyone,Social,2018-02-17,2.4.2,4.0.3 and up
USR07162,PHOTOGRAPHY,4.3,18,15,5000,Free,0,Teen,Photography,2018-08-04,1.5,4.1 and up
USR07163,FAMILY,4.3,1922,4.7,500000,Free,0,Everyone,Entertainment,2018-01-09,1.13,4.1 and up
USR07164,ART_AND_DESIGN,4.2,175,8.2,50000,Free,0,Everyone,Art & Design,2017-05-26,1.2,4.0.3 and up
USR07165,PHOTOGRAPHY,4.2,784,18,100000,Free,0,Everyone,Photography,2018-04-29,1.00.15,4.1 and up
USR07166,TOOLS,4.3,1283,4.4,100000,Free,0,Everyone,Tools,2018-08-04,4.1.0,4.1 and up
USR07167,PHOTOGRAPHY,4.2,67,15,10000,Free,0,Everyone,Photography,2017-03-29,1,4.0.3 and up
USR07168,PERSONALIZATION,4.7,10786,9.4,500000,Free,0,Mature 17+,Personalization,2018-05-20,2.3.1,4.3 and up
USR07169,FAMILY,4.1,623,3,100000,Free,0,Everyone,Entertainment,2017-08-11,1.0.1,3.0 and up
USR07170,SOCIAL,4.3,39,12,5000,Free,0,Everyone,Social,2017-04-13,1,4.0.3 and up
USR07171,PERSONALIZATION,4.1,293,3.4,100000,Free,0,Everyone,Personalization,2018-08-03,1.4,4.0.3 and up
USR07172,PHOTOGRAPHY,3.8,4813,5.1,100000,Free,0,Everyone,Photography,2016-03-19,1.5,2.2 and up
USR07173,PHOTOGRAPHY,4.5,12,2,1000,Free,0,Teen,Photography,2017-10-19,1,4.1 and up
USR07174,FAMILY,4.1,3003,3.2,1000000,Free,0,Everyone,Entertainment,2018-05-07,1.8,4.0 and up
USR07175,SOCIAL,4.3,48,11,5000,Free,0,Everyone,Social,2017-05-12,1.3,4.0.3 and up
USR07176,PHOTOGRAPHY,4.5,16,14,1000,Free,0,Teen,Photography,2018-07-12,2.1.5,4.0.3 and up
USR07177,PHOTOGRAPHY,4.1,88,7.7,10000,Free,0,Everyone,Photography,2017-09-29,2.5,4.1 and up
USR07178,PERSONALIZATION,4.4,49,12,10000,Free,0,Teen,Personalization,2018-05-31,1.7,4.1 and up
USR07179,FAMILY,4.3,694,3.8,100000,Free,0,Everyone,Entertainment,2018-08-01,1.6,4.2 and up
USR07180,FAMILY,4.4,634,8.1,100000,Free,0,Teen,Entertainment,2015-12-23,1,2.3.3 and up
USR07181,FAMILY,4.3,131,5.4,50000,Free,0,Everyone,Entertainment,2017-11-29,1.2.1,4.1 and up
USR07182,SOCIAL,4.1,56,10,5000,Free,0,Everyone,Social,2017-05-16,1,4.0.3 and up
USR07183,PHOTOGRAPHY,4.6,666,8.7,100000,Free,0,Everyone,Photography,2018-06-20,6.1,4.0.3 and up
USR07184,LIFESTYLE,4.7,25,3.8,10000,Free,0,Teen,Lifestyle,2017-07-22,1,4.0 and up
USR07185,SOCIAL,4.2,93,5.6,10000,Free,0,Teen,Social,2017-11-29,7.6.5,4.1 and up
USR07186,LIFESTYLE,3.7,121,3.8,10000,Free,0,Mature 17+,Lifestyle,2017-12-29,DPSTATUS1.0.1,4.0.3 and up
USR07187,SOCIAL,4.7,38,4.1,5000,Free,0,Everyone,Social,2018-08-04,1.0.4,4.2 and up
USR07188,SOCIAL,4.4,39,11,5000,Free,0,Everyone,Social,2018-01-01,20,4.1 and up
USR07189,FAMILY,4.7,19,5.7,1000,Free,0,Everyone,Entertainment,2018-01-05,1.0.4,4.0.3 and up
USR07190,FAMILY,4.2,91,3.8,10000,Free,0,Everyone,Entertainment,2018-05-31,9,4.1 and up
USR07191,SOCIAL,4.6,12111,9.1,500000,Free,0,Everyone,Social,2018-05-03,1.47,4.3 and up
USR07192,FAMILY,4.5,132,2.5,5000,Free,0,Everyone,Entertainment,2017-03-26,2.0.5,4.0.3 and up
USR07193,FAMILY,4.8,38,6.7,1000,Free,0,Everyone,Entertainment,2018-06-15,5.2,4.4 and up
USR07194,PHOTOGRAPHY,3.7,42,11,5000,Free,0,Everyone,Photography,2015-09-01,1,4.0 and up
USR07195,ART_AND_DESIGN,4.3,132,7.7,10000,Free,0,Everyone,Art & Design,2018-01-04,1,4.1 and up
USR07196,PHOTOGRAPHY,4.2,302,7,50000,Free,0,Everyone,Photography,2017-06-15,15|06|17,4.1 and up
USR07197,FOOD_AND_DRINK,3.6,742,43,100000,Free,0,Everyone,Food & Drink,2018-07-25,2.1.0,4.1 and up
USR07198,FOOD_AND_DRINK,4.1,336,13,100000,Free,0,Everyone,Food & Drink,2018-05-18,1.4.1,4.1 and up
USR07199,BUSINESS,2.3,41,20,10000,Free,0,Everyone,Business,2017-12-20,1.1,4.0 and up
USR07200,GAME,4.3,8432,59,500000,Free,0,Everyone 10+,Adventure,2018-07-16,1.4.0,4.1 and up
USR07201,FOOD_AND_DRINK,4.6,42,3.9,100,Free,0,Teen,Food & Drink,2018-07-18,1,5.0 and up
USR07202,FAMILY,4.5,7812,27,50000,Paid,19.99,Everyone 10+,Role Playing,2017-04-04,1.1.4,4.0 and up
USR07203,BUSINESS,4,3,16,1000,Free,0,Everyone,Business,2018-04-17,1.1,4.1 and up
USR07204,FAMILY,4.2,1661,63,10000,Paid,9.99,Everyone,Role Playing,2018-03-09,1.0.5,4.0 and up
USR07205,PHOTOGRAPHY,4.6,617,12,10000,Paid,1.99,Everyone,Photography,2016-11-22,1.5.10.NA,3.2 and up
USR07206,FAMILY,4.2,9659,30,100000,Paid,2.99,Everyone,Role Playing,2017-03-10,1.0.7,2.3 and up
USR07207,FAMILY,4.5,2576,44,10000,Paid,4.99,Everyone,Role Playing,2018-03-09,1.0.5,4.0 and up
USR07208,FOOD_AND_DRINK,4.3,19373,43,1000000,Free,0,Everyone,Food & Drink,2018-07-31,3.3.6,4.4 and up
USR07209,FAMILY,4.4,3358,17,100000,Paid,14.99,Everyone,Role Playing,2018-08-01,1.0.4,2.3 and up
USR07210,FOOD_AND_DRINK,3.6,145646,42,10000000,Free,0,Everyone,Food & Drink,2018-07-31,5.15.0,4.4 and up
USR07211,BUSINESS,4,3,6.3,500,Free,0,Everyone,Business,2015-10-05,1.2,4.2 and up
USR07212,MAPS_AND_NAVIGATION,2.8,1911,20,100000,Free,0,Everyone,Maps & Navigation,2018-03-17,di-v3.4.0.4,4.3 and up
USR07213,LIFESTYLE,3.8,28140,16,1000000,Free,0,Everyone,Lifestyle,2018-07-30,5.0.4,4.2 and up
USR07214,PHOTOGRAPHY,4.1,5485,13,1000000,Free,0,Everyone,Photography,2016-04-28,1.2.3,3.2 and up
USR07215,FAMILY,3.8,11250,6.3,100000,Paid,9.99,Everyone 10+,Role Playing,2018-06-12,2.0.4,4.2 and up
USR07216,BUSINESS,3.4,15,2.7,10000,Free,0,Everyone,Business,2016-03-10,3.2,2.2 and up
USR07217,FOOD_AND_DRINK,4.5,5093,56,500000,Free,0,Everyone,Food & Drink,2018-04-10,1.9.0,4.2 and up
USR07218,FAMILY,4.3,8450,1.1,100000,Paid,13.99,Everyone,Role Playing,2017-03-15,1.1.3,2.3.3 and up
USR07219,FOOD_AND_DRINK,3.1,194,26,100000,Free,0,Everyone,Food & Drink,2018-07-12,1.3.1,4.4 and up
USR07220,FAMILY,4.6,13492,56,100000,Free,0,Teen,Role Playing,2018-07-09,1.1.4g,4.1 and up
USR07221,SHOPPING,3.3,272,0.767,100000,Free,0,Everyone,Shopping,2012-11-11,1.1.6,2.2 and up
USR07222,GAME,3.9,2362,25,100000,Free,0,Everyone,Action,2013-07-17,1.3,2.3 and up
USR07223,GAME,4.2,139432,4.7,10000000,Free,0,Everyone,Adventure,2013-11-20,1.5,2.1 and up
USR07224,FAMILY,4.9,707,6,10000,Free,0,Everyone,Entertainment,2018-02-04,1.5,4.1 and up
USR07225,LIFESTYLE,3.9,1638,4.9,100000,Free,0,Everyone,Lifestyle,2018-04-11,1.2,4.3 and up
USR07226,FOOD_AND_DRINK,3.4,6512,18,1000000,Free,0,Everyone,Food & Drink,2018-04-12,5.7.0,4.4 and up
USR07227,WEATHER,3.7,7896,,1000000,Free,0,Everyone,Weather,2013-11-25,1.6,Varies with device
USR07228,FOOD_AND_DRINK,4.2,68270,66,1000000,Free,0,Everyone,Food & Drink,2018-06-20,5.0.0,4.4 and up
USR07229,FOOD_AND_DRINK,3.8,21381,41,1000000,Free,0,Everyone,Food & Drink,2018-07-24,7.9.0.0,4.4 and up
USR07230,GAME,4.6,58575,96,1000000,Free,0,Teen,Action,2018-02-21,2.55,4.1 and up
USR07231,SPORTS,4.4,32881,76,1000000,Free,0,Everyone,Sports,2018-08-07,0.0.80,4.1 and up
USR07232,COMMUNICATION,4,6,4.2,1000,Free,0,Everyone,Communication,2018-07-13,3.1.0,4.0 and up
USR07233,FOOD_AND_DRINK,4.2,10225,36,1000000,Free,0,Everyone,Food & Drink,2018-08-06,4.4.2,5.0 and up
USR07234,FOOD_AND_DRINK,4.2,441,24,100000,Free,0,Everyone,Food & Drink,2018-04-03,2.2.0,4.1 and up
USR07235,FOOD_AND_DRINK,4.5,455496,35,10000000,Free,0,Everyone,Food & Drink,2018-08-01,4.11.1,4.4 and up
USR07236,PRODUCTIVITY,4.6,84,23,1000,Paid,4.29,Mature 17+,Productivity,2016-04-29,2.3.9,3.2 and up
USR07237,GAME,4.4,475369,13,50000000,Free,0,Everyone,Racing,2018-03-06,1.14,4.0.3 and up
USR07238,GAME,4.6,358633,19,10000000,Free,0,Everyone,Racing,2018-05-03,1.32,4.0.3 and up
USR07239,TOOLS,4.5,1094094,,100000000,Free,0,Everyone,Tools,2018-07-10,Varies with device,Varies with device
USR07240,TOOLS,3.7,23347,7.6,5000000,Free,0,Everyone,Tools,2018-05-28,3.2.0.169,2.3 and up
USR07241,FAMILY,4.1,1626,96,100000,Free,0,Everyone 10+,Simulation,2018-07-05,1.8,4.1 and up
USR07242,FAMILY,4.2,14432,35,500000,Free,0,Everyone,Casual,2017-09-21,1.5,4.0.3 and up
USR07243,FAMILY,4,36578,,1000000,Free,0,Everyone,Education;Pretend Play,2018-08-03,Varies with device,Varies with device
USR07244,GAME,4.5,14253,81,1000000,Free,0,Everyone,Racing,2018-01-18,3.1,4.0 and up
USR07245,GAME,4.6,15829,95,1000000,Free,0,Everyone,Racing,2018-07-24,1.29,4.0 and up
USR07246,TOOLS,4.5,101738,10,1000000,Free,0,Everyone,Tools,2018-07-26,2.2.82,4.0 and up
USR07247,TOOLS,4.4,372553,21,10000000,Free,0,Everyone,Tools,2018-08-06,3.0.1114,4.1 and up
USR07248,VIDEO_PLAYERS,3.3,6716,4.7,500000,Free,0,Mature 17+,Video Players & Editors,2018-06-25,3.0.6,4.4 and up
USR07249,FAMILY,4.2,3345,27,1000000,Free,0,Everyone,Simulation,2018-05-12,1,4.1 and up
USR07250,FAMILY,4.2,200450,25,10000000,Free,0,Everyone,Casual;Pretend Play,2018-07-26,1.39,4.1 and up
USR07251,GAME,4,42182,3.4,1000000,Free,0,Everyone,Arcade,2018-01-06,1.11,4.1 and up
USR07252,HEALTH_AND_FITNESS,4,87,33,10000,Free,0,Everyone,Health & Fitness,2018-07-28,2.5,4.0.3 and up
USR07253,GAME,4,2700,5.7,500000,Free,0,Everyone,Board,2018-01-03,1.06,4.1 and up
USR07254,FAMILY,3.5,2310,3.1,500000,Free,0,Everyone,Puzzle,2018-01-04,1.06,4.1 and up
USR07255,TOOLS,4.5,594406,,10000000,Free,0,Everyone,Tools,2018-07-20,Varies with device,Varies with device
USR07256,FAMILY,3.9,3847,4.3,1000000,Free,0,Everyone,Puzzle,2018-01-03,1.05,4.1 and up
USR07257,GAME,3.9,85317,4.5,5000000,Free,0,Everyone,Board,2018-01-15,1.54,4.0.3 and up
USR07258,FAMILY,4.1,265,46,10000,Paid,2.99,Everyone,Education;Pretend Play,2016-07-21,1,4.0 and up
USR07259,FAMILY,4.4,54,33,500,Paid,2.99,Everyone,Puzzle,2018-06-29,1.2,4.1 and up
USR07260,FAMILY,4.2,1013,58,50000,Paid,2.99,Everyone,Education;Creativity,2017-04-26,1.7,4.0 and up
USR07261,FAMILY,4.4,2311,9.3,100000,Paid,1.99,Everyone,Casual;Pretend Play,2015-01-15,1.01,4.0 and up
USR07262,FAMILY,4.3,2419,6.2,100000,Free,0,Everyone,Puzzle,2018-03-31,1.2.7,4.0 and up
USR07263,GAME,4.1,97209,6.7,1000000,Free,0,Everyone,Board,2018-01-14,1.41,4.0.3 and up
USR07264,FAMILY,4,4518,41,1000000,Free,0,Everyone,Simulation,2017-12-17,3.3,4.1 and up
USR07265,GAME,4.3,146,6,10000,Free,0,Mature 17+,Music,2018-02-28,5.3.8,4.0 and up
USR07266,FAMILY,4.4,3397,9.5,50000,Paid,3.99,Everyone,Casual;Pretend Play,2014-12-09,1.8,4.0 and up
USR07267,FAMILY,4.5,3580,60,100000,Free,0,Everyone,Casual,2018-04-30,1.8,4.4 and up
USR07268,GAME,4.6,18,31,100,Paid,4.99,Mature 17+,Adventure,2018-07-23,1,7.0 and up
USR07269,FAMILY,3.7,11748,36,1000000,Free,0,Teen,Casual,2016-10-31,1.3,4.0.3 and up
USR07270,PRODUCTIVITY,3.8,1205,4.3,100000,Free,0,Everyone,Productivity,2018-06-10,2,4.0 and up
USR07271,FAMILY,3.4,267,1.5,10000,Free,0,Everyone,Entertainment,2017-03-08,2.1.0,4.0.3 and up
USR07272,GAME,4.3,183,68,10000,Free,0,Everyone,Racing,2018-06-14,2.1,4.1 and up
USR07273,HEALTH_AND_FITNESS,3.8,76,1.2,1000,Paid,4.99,Everyone,Health & Fitness,2015-01-26,1.1,2.2 and up
USR07274,FAMILY,4.7,429,12,10000,Paid,3.99,Everyone,Books & Reference;Education,2018-02-26,2.05,4.0.3 and up
USR07275,TOOLS,4.4,138872,22,10000000,Free,0,Everyone,Tools,2018-05-15,2.0.1077,4.1 and up
USR07276,FAMILY,4.4,1091,45,50000,Paid,2.99,Everyone,Education;Pretend Play,2013-12-05,1.6,2.0.1 and up
USR07277,FAMILY,4.1,11788,62,1000000,Free,0,Everyone,Educational;Pretend Play,2017-08-10,1.01,4.0 and up
USR07278,FAMILY,4.4,23022,80,1000000,Free,0,Everyone,Role Playing;Pretend Play,2018-08-02,2.16,4.1 and up
USR07279,BOOKS_AND_REFERENCE,4,22,34,1000,Free,0,Everyone,Books & Reference,2016-09-01,1.1,2.3 and up
USR07280,FAMILY,3.9,1985,3.5,500000,Free,0,Everyone,Puzzle,2017-12-30,1.05,4.1 and up
USR07281,FAMILY,4.3,3725,67,100000,Paid,2.99,Everyone,Educational;Pretend Play,2016-02-17,1.96,4.0 and up
USR07282,FAMILY,4.2,1357,58,50000,Paid,2.99,Everyone,Educational;Pretend Play,2016-02-16,1.6,4.0 and up
USR07283,GAME,3.3,19291,5.1,1000000,Free,0,Everyone,Board,2018-01-02,1.24,4.1 and up
USR07284,FAMILY,4,68,5.5,5000,Free,0,Everyone,Education,2017-04-05,0.1,2.3 and up
USR07285,GAME,4.6,87766,12,1000000,Paid,4.99,Everyone,Action,2016-07-19,r2.5.0.3a,2.3 and up
USR07286,GAME,4.1,14002,19,1000000,Free,0,Everyone,Arcade,2018-07-26,pb1.0.0.1,4.0.3 and up
USR07287,GAME,4.1,22896,19,1000000,Free,0,Everyone,Arcade,2018-07-26,pb1.0.0.1,4.0.3 and up
USR07288,GAME,3.4,107778,8.8,10000000,Free,0,Everyone,Arcade,2016-02-12,47,2.3.3 and up
USR07289,GAME,3.4,2218,11,500000,Free,0,Everyone,Arcade,2017-10-18,2,4.0 and up
USR07290,PRODUCTIVITY,4.1,10676,12,1000000,Free,0,Everyone,Productivity,2018-05-23,4.11.0,4.1 and up
USR07291,TOOLS,4,2596,32,500000,Free,0,Everyone,Tools,2018-07-19,2.0.1,5.0 and up
USR07292,TOOLS,3.4,71852,22,5000000,Free,0,Everyone,Tools,2018-05-23,1.12.0,4.1 and up
USR07293,TOOLS,3.2,4908,38,500000,Free,0,Everyone,Tools,2018-05-23,2.8.0,4.0 and up
USR07294,VIDEO_PLAYERS,3.8,7335,,1000000,Free,0,Everyone,Video Players & Editors,2018-07-17,Varies with device,Varies with device
USR07295,VIDEO_PLAYERS,3.8,12443,,1000000,Free,0,Everyone,Video Players & Editors,2018-08-06,Varies with device,Varies with device
USR07296,PRODUCTIVITY,3.9,2046,60,100000,Free,0,Everyone,Productivity,2018-06-11,1.10.1,4.4 and up
USR07297,PRODUCTIVITY,3.6,3227,35,500000,Free,0,Everyone,Productivity,2018-07-26,3.0.1,4.1 and up
USR07298,TOOLS,3.8,253,15,50000,Free,0,Everyone,Tools,2018-06-13,1.1.8,4.1 and up
USR07299,GAME,3.9,1576,43,50000,Free,0,Everyone,Arcade,2018-08-05,2.1.1,4.1 and up
USR07300,PRODUCTIVITY,3.2,368,,100000,Free,0,Everyone,Productivity,2018-08-02,Varies with device,5.0 and up
USR07301,TOOLS,1,2,4.4,500,Free,0,Everyone,Tools,2018-03-23,2.0.180226.1,4.0 and up
USR07302,TOOLS,4.6,14,2.1,1000,Free,0,Everyone,Tools,2015-03-21,1,2.3 and up
USR07303,BUSINESS,3.6,21,,100,Paid,12.99,Everyone,Business,2017-01-30,Varies with device,Varies with device
USR07304,FAMILY,4.9,15,23,100,Free,0,Everyone,Casual,2016-01-19,1,2.3 and up
USR07305,TOOLS,2.6,5,0.621,500,Free,0,Everyone,Tools,2018-03-23,2.0.180226.1,4.2 and up
USR07306,WEATHER,3.9,2962,4.2,100000,Free,0,Everyone,Weather,2018-07-09,3.67,2.3.3 and up
USR07307,PHOTOGRAPHY,3.5,13,7.9,1000,Free,0,Everyone,Photography,2018-01-29,1.2.0.9,5.0 and up
USR07308,GAME,3.2,768,1.4,100000,Free,0,Everyone,Arcade,2013-06-05,1,1.5 and up
USR07309,TOOLS,3.3,35,0.895,1000,Free,0,Everyone,Tools,2017-10-23,0.2,2.2 and up
USR07310,GAME,3.8,21423,84,1000000,Free,0,Everyone,Action,2018-05-04,1.7.3,2.3 and up
USR07311,MAPS_AND_NAVIGATION,3.9,22382,6.6,1000000,Free,0,Everyone,Maps & Navigation,2018-03-22,6.93,2.3.3 and up
USR07312,FAMILY,4.6,877576,12,10000000,Free,0,Everyone,Casual,2016-05-14,6,2.0 and up
USR07313,PRODUCTIVITY,1.8,12,14,1000,Free,0,Everyone,Productivity,2018-08-03,1.2.2,4.1 and up
USR07314,FAMILY,4.3,9,5,500,Free,0,Everyone,Education,2017-02-12,0.5,4.0 and up
USR07315,TOOLS,3.9,1417,2.9,10000,Paid,3.28,Everyone,Tools,2017-08-15,5.1,4.1 and up
USR07316,FAMILY,4.8,5,8.4,100,Free,0,Everyone,Education,2018-07-03,2,4.1 and up
USR07317,WEATHER,3.7,631,3,100000,Free,0,Everyone,Weather,2015-05-30,2.2,2.3 and up
USR07318,PHOTOGRAPHY,4,1,2.6,10,Paid,4.99,Everyone,Photography,2017-02-02,1.5,4.0 and up
USR07319,TOOLS,4.1,22032,3.7,1000000,Free,0,Everyone,Tools,2017-08-17,5.1,4.1 and up
USR07320,SPORTS,4.6,162933,100,5000000,Free,0,Everyone,Sports,2018-05-11,25.7,4.1 and up
USR07321,TOOLS,4,127,5.8,10000,Free,0,Everyone,Tools,2015-05-30,1.31,2.2 and up
USR07322,FINANCE,4.8,4,4.5,1000,Free,0,Everyone,Finance,2017-05-16,3.1,2.2 and up
USR07323,PRODUCTIVITY,4,9,3.1,500,Free,0,Everyone,Productivity,2015-05-21,1.7,2.3 and up
USR07324,FAMILY,3.5,2,22,50,Paid,2.99,Everyone,Role Playing,2017-03-20,1.1,4.2 and up
USR07325,BUSINESS,3,2,49,500,Free,0,Everyone,Business,2017-09-19,2.1.1,4.1 and up
USR07326,FAMILY,4.6,477,1.6,10000,Free,0,Everyone,Education,2018-02-22,1.1,4.0.3 and up
USR07327,TOOLS,1.6,39,8.9,1000,Free,0,Everyone,Tools,2017-12-07,1.1.4,4.1 and up
USR07328,FAMILY,3.8,110,22,5000,Free,0,Everyone,Simulation,2017-04-23,1.0.6,2.3 and up
USR07329,TOOLS,1.7,10,23,500,Free,0,Everyone,Tools,2017-12-05,3,2.2 and up
USR07330,FAMILY,4.6,190086,94,1000000,Paid,2.99,Everyone,Strategy,2018-07-13,3.16,2.3.3 and up
USR07331,FAMILY,5,3,6.3,500,Free,0,Everyone,Entertainment,2015-04-03,4.1.1,2.3.3 and up
USR07332,COMMUNICATION,4.6,8,1.1,1000,Free,0,Everyone,Communication,2018-07-06,1.0.56,2.3.3 and up
USR07333,SPORTS,4.4,63779,95,1000000,Free,0,Everyone,Sports,2018-07-16,1.5.6,5.0 and up
USR07334,SPORTS,4.5,1312936,21,10000000,Free,0,Everyone,Sports,2018-07-31,3.4.06,4.4 and up
USR07335,FAMILY,3.8,25,9.5,1000,Free,0,Everyone,Entertainment,2016-08-09,1.2,2.2 and up
USR07336,AUTO_AND_VEHICLES,4,4,24,100,Free,0,Everyone,Auto & Vehicles,2016-10-28,0.2,4.0 and up
USR07337,SPORTS,4.1,10,1.5,1000,Free,0,Everyone,Sports,2014-02-17,1.01,2.1 and up
USR07338,SHOPPING,5,1,7.9,10,Free,0,Everyone,Shopping,2018-07-25,1.0.1,4.1 and up
USR07339,HEALTH_AND_FITNESS,5,18,13,100,Free,0,Everyone,Health & Fitness,2018-02-06,1.0.6,4.1 and up
USR07340,TOOLS,1,1,24,50,Free,0,Everyone,Tools,2018-03-27,3.1,2.2 and up
USR07341,SPORTS,4.4,783025,,10000000,Free,0,Everyone,Sports,2018-06-07,1.7.2,4.2 and up
USR07342,GAME,4.7,4328,,100000,Paid,2.99,Everyone 10+,Racing,2018-06-01,1.2.1,4.1 and up
USR07343,GAME,4.6,137338,51,5000000,Free,0,Everyone,Racing,2018-07-13,1.44,4.1 and up
USR07344,HEALTH_AND_FITNESS,2.4,44,49,1000,Free,0,Everyone,Health & Fitness,2018-08-01,V1.0.1,4.3 and up
USR07345,SHOPPING,4.5,18,0.971,1000,Free,0,Everyone,Shopping,2018-07-11,0.8.2,4.0 and up
USR07346,SPORTS,4.4,199739,66,10000000,Free,0,Everyone,Sports,2018-08-06,1.18.8,4.0.3 and up
USR07347,LIFESTYLE,4.3,206,32,1000,Paid,4.99,Everyone,Lifestyle,2018-02-11,14,4.0.3 and up
USR07348,ART_AND_DESIGN,5,1,2.9,100,Free,0,Everyone,Art & Design,2018-04-18,1.0.2,4.0 and up
USR07349,SPORTS,4.1,6231,8.9,100000,Free,0,Everyone,Sports,2018-02-09,10.36,4.2 and up
USR07350,GAME,3.8,499,47,10000,Paid,3.99,Everyone,Racing,2018-05-10,1.0.13,5.0 and up
USR07351,PERSONALIZATION,3.9,168,2.1,50000,Free,0,Teen,Personalization,2015-03-27,1,2.3 and up
USR07352,NEWS_AND_MAGAZINES,3.1,124,12,10000,Free,0,Everyone,News & Magazines,2018-06-29,4.9.0,4.1 and up
USR07353,TOOLS,4.7,24985,7.8,500000,Free,0,Everyone,Tools,2018-07-27,2.2.927,4.1 and up
USR07354,TOOLS,4.5,12759815,15,100000000,Free,0,Everyone,Tools,2018-07-25,3.1.2,4.0 and up
USR07355,LIFESTYLE,3.5,7578,25,1000000,Free,0,Everyone,Lifestyle,2018-07-24,3.98,4.2 and up
USR07356,TOOLS,4.5,13479633,14,100000000,Free,0,Everyone,Tools,2018-06-05,4.8.7.8,4.0 and up
USR07357,TOOLS,4.6,436615,10,10000000,Free,0,Everyone,Tools,2018-06-05,3.3.1,4.0.3 and up
USR07358,TOOLS,4.5,465831,8.9,10000000,Free,0,Everyone,Tools,2018-07-23,1.5.9.9,4.0 and up
USR07359,PERSONALIZATION,4.5,67707,4.8,1000000,Free,0,Everyone,Personalization,2016-02-07,1.8.0.4,4.0 and up
USR07360,TOOLS,4.4,4847,3.2,100000,Free,0,Everyone,Tools,2016-06-29,3.0.0.2071,4.0 and up
USR07361,COMMUNICATION,4.3,1133539,4.7,10000000,Free,0,Everyone,Communication,2016-04-01,6.4.0.4,4.0 and up
USR07362,VIDEO_PLAYERS,4.4,21762,,1000000,Free,0,Everyone,Video Players & Editors,2017-08-16,Varies with device,4.0.3 and up
USR07363,TOOLS,4.2,20941,2,1000000,Free,0,Everyone,Tools,2016-12-23,1.12.23,4.0 and up
USR07364,COMMUNICATION,4.6,93930,14,5000000,Free,0,Everyone,Communication,2018-08-01,4.0.8,4.2 and up
USR07365,TOOLS,4.5,5174,4.7,100000,Free,0,Everyone,Tools,2018-04-26,2.0.0,4.0 and up
USR07366,FAMILY,3.8,935,22,50000,Free,0,Teen,Entertainment,2018-03-26,6.4.1,4.3 and up
USR07367,TOOLS,4.3,19234,14,500000,Free,0,Everyone,Tools,2017-02-23,3.1.3,4.0.3 and up
USR07368,PHOTOGRAPHY,4.6,7605,4.3,500000,Free,0,Everyone,Photography,2018-04-10,1.2.2.2,4.3 and up
USR07369,TOOLS,4.3,73821,,5000000,Free,0,Everyone,Tools,2018-03-07,Varies with device,Varies with device
USR07370,TOOLS,3.6,12993,5.2,1000000,Free,0,Everyone,Tools,2017-01-09,1.3.0,2.3.3 and up
USR07371,PERSONALIZATION,4.2,868,0.302,50000,Free,0,Everyone,Personalization,2015-10-15,1.1,4.0 and up
USR07372,WEATHER,4.7,14051,8.7,100000,Paid,3.99,Everyone,Weather,2018-08-04,8.5,4.0 and up
USR07373,PERSONALIZATION,4.3,1419,0.474,50000,Free,0,Everyone,Personalization,2015-10-15,1.1,4.0 and up
USR07374,PHOTOGRAPHY,4.7,4595,2.5,100000,Free,0,Everyone,Photography,2017-09-04,1.4.0,4.0 and up
USR07375,FAMILY,4.8,3390,9.2,100000,Free,0,Everyone,Education,2017-10-03,1.5.0,4.1 and up
USR07376,SPORTS,3.1,500,39,50000,Free,0,Everyone,Sports,2018-02-16,10.012,4.1 and up
USR07377,GAME,4.5,23599,96,100000,Free,0,Teen,Action,2018-06-01,11.0.2,4.0 and up
USR07378,FAMILY,4.4,276,,50000,Free,0,Everyone,Education,2016-03-22,Varies with device,Varies with device
USR07379,BOOKS_AND_REFERENCE,4.5,313,6.9,50000,Free,0,Everyone,Books & Reference,2018-08-04,0.7,1.0 and up
USR07380,BOOKS_AND_REFERENCE,4.5,314,9.8,50000,Free,0,Everyone,Books & Reference,2016-03-17,2.1,2.3.3 and up
USR07381,PRODUCTIVITY,4.7,101163,6.2,5000000,Free,0,Everyone,Productivity,2018-07-31,1.4.5.2,4.1 and up
USR07382,FAMILY,4.1,321,0.893,100000,Free,0,Everyone,Education,2015-02-14,1,2.2 and up
USR07383,FAMILY,4.4,265,8.2,50000,Free,0,Everyone,Entertainment,2017-01-06,1.0.0,4.1 and up
USR07384,FAMILY,4.3,128808,,10000000,Free,0,Everyone,Education;Education,2018-08-02,Varies with device,Varies with device
USR07385,PRODUCTIVITY,4.6,1048766,13,10000000,Free,0,Everyone,Productivity,2018-08-03,2.6.28,4.0.3 and up
USR07386,BOOKS_AND_REFERENCE,3.4,116,48,5000,Paid,4.6,Everyone,Books & Reference,2016-10-13,1.4,2.3 and up
USR07387,TOOLS,4.7,1251479,,10000000,Free,0,Everyone,Tools,2018-07-24,Varies with device,Varies with device
USR07388,VIDEO_PLAYERS,3.6,5692,31,1000000,Free,0,Everyone,Video Players & Editors,2018-07-27,R1.4.14.B1.4,4.1 and up
USR07389,VIDEO_PLAYERS,3.7,321,1.3,50000,Free,0,Everyone,Video Players & Editors,2017-03-14,1.2.9,4.2 and up
USR07390,LIFESTYLE,2.1,86,29,10000,Free,0,Everyone,Lifestyle,2018-07-17,3.0.3,4.3 and up
USR07391,PHOTOGRAPHY,2,16,17,1000,Free,0,Everyone,Photography,2018-05-09,1.0.6,4.4 and up
USR07392,AUTO_AND_VEHICLES,3.5,12,19,5000,Free,0,Everyone,Auto & Vehicles,2018-05-29,1.27,4.0 and up
USR07393,FAMILY,4.3,158,2.6,10000,Free,0,Everyone,Entertainment,2018-06-14,17,4.0 and up
USR07394,TOOLS,2.4,99,71,10000,Free,0,Everyone,Tools,2018-07-26,V1.0.9,4.0 and up
USR07395,FAMILY,4.5,97,2.6,10000,Free,0,Everyone,Entertainment,2018-01-20,3,4.0 and up
USR07396,TOOLS,2.8,29,14,1000,Free,0,Everyone,Tools,2017-04-24,2.3.26,4.0.3 and up
USR07397,BOOKS_AND_REFERENCE,4.5,92,5.1,10000,Free,0,Everyone,Books & Reference,2017-10-18,2.0.0,4.1 and up
USR07398,HOUSE_AND_HOME,2.8,5,13,1000,Free,0,Everyone,House & Home,2018-06-02,1,4.1 and up
USR07399,BOOKS_AND_REFERENCE,3.9,314,2.6,50000,Free,0,Everyone,Books & Reference,2016-10-24,6.0.0,4.0.3 and up
USR07400,TOOLS,3.2,67,65,10000,Free,0,Everyone,Tools,2017-06-02,1.0.8,4.0.3 and up
USR07401,PHOTOGRAPHY,3.1,6827,8.7,1000000,Free,0,Everyone,Photography,2018-04-20,1.9.5,2.3 and up
USR07402,SPORTS,2.4,551,0.882,100000,Free,0,Everyone,Sports,2014-03-13,1.4,4.0 and up
USR07403,MAPS_AND_NAVIGATION,4.6,10,25,100,Free,0,Everyone,Maps & Navigation,2017-08-09,1.002,4.0.3 and up
USR07404,VIDEO_PLAYERS,2.9,23,4,5000,Free,0,Everyone,Video Players & Editors,2016-12-16,1.1,3.0 and up
USR07405,PHOTOGRAPHY,4,223,1.7,50000,Free,0,Everyone,Photography,2017-10-28,1.06,4.2 and up
USR07406,TOOLS,3.7,770,2.4,10000,Paid,4.99,Everyone,Tools,2016-10-07,1.6.7,2.3 and up
USR07407,PHOTOGRAPHY,2.3,3,8.5,100,Free,0,Everyone,Photography,2018-07-17,1.0.10,4.0 and up
USR07408,PHOTOGRAPHY,2.9,118,26,50000,Free,0,Everyone,Photography,2018-07-24,1.3.5,4.0 and up
USR07409,TRAVEL_AND_LOCAL,4.6,41,2,10000,Free,0,Everyone,Travel & Local,2018-01-14,1.02,4.0 and up
USR07410,FAMILY,4.3,21,2.5,1000,Free,0,Everyone,Entertainment,2018-01-20,5,4.0 and up
USR07411,FAMILY,5,1,18,100,Free,0,Everyone,Education,2018-08-02,1,4.4 and up
USR07412,PHOTOGRAPHY,4.2,382,2.9,100000,Free,0,Everyone,Photography,2018-07-30,39.272.12,2.2 and up
USR07413,FAMILY,4.6,13,1.3,1000,Free,0,Everyone,Entertainment,2016-10-20,1.1,4.1 and up
USR07414,FAMILY,4.5,8,1.7,1000,Free,0,Everyone,Education,2017-03-12,1,4.1 and up
USR07415,SOCIAL,4.2,6,2.7,100,Free,0,Everyone,Social,2015-10-08,1.2,4.0.3 and up
USR07416,BOOKS_AND_REFERENCE,4.8,11,0.594,1000,Free,0,Everyone,Books & Reference,2017-07-23,1.09,4.2 and up
USR07417,VIDEO_PLAYERS,3.5,81,22,10000,Free,0,Everyone,Video Players & Editors,2016-07-21,R1.3.21.3,4.1 and up
USR07418,FAMILY,4.6,166,4.2,5000,Free,0,Everyone,Entertainment,2018-03-11,3,4.0 and up
USR07419,VIDEO_PLAYERS,3.5,3484,41,500000,Free,0,Everyone,Video Players & Editors,2017-12-18,3.0.1,4.0.3 and up
USR07420,VIDEO_PLAYERS,3.6,1522,65,100000,Free,0,Everyone,Video Players & Editors,2018-07-17,V1.5.3,4.4 and up
USR07421,LIFESTYLE,5,5,15,100,Free,0,Everyone,Lifestyle,2016-04-25,1.2,4.0.3 and up
USR07422,PHOTOGRAPHY,3,2,9.3,100,Free,0,Everyone,Photography,2017-09-19,1.0.0,2.2 and up
USR07423,PHOTOGRAPHY,2.9,66,8.9,10000,Free,0,Everyone,Photography,2016-11-16,1.0.2,2.2 and up
USR07424,VIDEO_PLAYERS,3.7,20,24,5000,Free,0,Everyone,Video Players & Editors,2017-05-01,7,2.3.3 and up
USR07425,TRAVEL_AND_LOCAL,4.6,14,4,1000,Free,0,Everyone,Travel & Local,2018-04-12,1,4.0 and up
USR07426,GAME,4.2,3816,31,100000,Free,0,Teen,Arcade,2016-07-07,1,3.0 and up
USR07427,TOOLS,3.2,427,9.5,100000,Free,0,Everyone,Tools,2018-05-04,1.7.6,2.2 and up
USR07428,PHOTOGRAPHY,2.5,1283,8.2,100000,Free,0,Everyone,Photography,2018-06-21,1.2.7,4.1 and up
USR07429,NEWS_AND_MAGAZINES,4.4,17671,17,1000000,Free,0,Everyone 10+,News & Magazines,2018-08-06,2.3.10,4.2 and up
USR07430,FAMILY,4.3,902,1.8,100000,Free,0,Everyone,Education,2017-09-28,1,4.4 and up
USR07431,BUSINESS,2.7,33,,10000,Free,0,Everyone,Business,2018-01-23,Varies with device,Varies with device
USR07432,BUSINESS,4,44,30,10000,Free,0,Everyone,Business,2018-06-19,18.1.18164,4.1 and up
USR07433,NEWS_AND_MAGAZINES,4.5,322,31,10000,Free,0,Everyone,News & Magazines,2018-06-26,4.0.9,4.1 and up
USR07434,TOOLS,3.4,843,8.5,100000,Free,0,Everyone,Tools,2017-05-04,3.7.1,2.2 and up
USR07435,NEWS_AND_MAGAZINES,4.3,25,6.3,1000,Free,0,Everyone,News & Magazines,2018-04-26,1,4.1 and up
USR07436,COMMUNICATION,4.3,21186,10,1000000,Free,0,Everyone,Communication,2018-08-04,Varies with device,Varies with device
USR07437,NEWS_AND_MAGAZINES,4.3,386,6,50000,Free,0,Everyone,News & Magazines,2017-10-27,3.2,4.1 and up
USR07438,FAMILY,4,25,79,5000,Free,0,Everyone,Educational;Education,2017-07-26,1.0.5,2.3 and up
USR07439,NEWS_AND_MAGAZINES,4.9,9,6.3,1000,Free,0,Everyone,News & Magazines,2018-04-26,1,4.1 and up
USR07440,BUSINESS,3.4,102,2.4,10000,Free,0,Everyone,Business,2016-04-14,2.5.0-prod,2.2 and up
USR07441,FAMILY,4.9,38,5,1000,Free,0,Everyone,Education,2017-06-16,0.9.0,4.1 and up
USR07442,TOOLS,4.3,56,2,1000,Paid,0.99,Everyone,Tools,2014-06-05,1.1.0.0,2.1 and up
USR07443,NEWS_AND_MAGAZINES,4.7,11,4.4,1000,Free,0,Everyone,News & Magazines,2017-03-26,1.0.0,4.1 and up
USR07444,FAMILY,4.8,18298,8,500000,Free,0,Everyone,Education,2018-07-23,2.94,2.3.3 and up
USR07445,COMMUNICATION,4.3,298,,10000,Free,0,Teen,Communication,2017-11-28,Varies with device,4.1 and up
USR07446,EVENTS,4.3,9,39,1000,Free,0,Everyone,Events,2018-05-29,2.32.2,4.1 and up
USR07447,BUSINESS,4,6,3.5,500,Free,0,Everyone,Business,2018-05-14,1.1.2,5.0 and up
USR07448,VIDEO_PLAYERS,3.5,197,9.8,10000,Free,0,Everyone,Video Players & Editors,2017-02-05,1,4.0.3 and up
USR07449,BUSINESS,5,6,15,100,Free,0,Everyone,Business,2018-07-25,69.1,4.1 and up
USR07450,NEWS_AND_MAGAZINES,4.7,10,6.3,1000,Free,0,Everyone,News & Magazines,2018-04-28,1,4.1 and up
USR07451,TOOLS,4.2,37,2.2,5000,Free,0,Everyone,Tools,2015-03-09,0.0.0.2,4.0 and up
USR07452,NEWS_AND_MAGAZINES,4.4,3375,4.2,100000,Free,0,Everyone,News & Magazines,2018-07-31,4.1,4.1 and up
USR07453,TOOLS,4.2,155,16,10000,Free,0,Everyone,Tools,2018-02-24,1.3,5.0 and up
USR07454,TOOLS,5,9,1.5,100,Free,0,Everyone,Tools,2017-04-05,1,1.6 and up
USR07455,PERSONALIZATION,5,13,0.488,100,Paid,1.49,Everyone,Personalization,2017-04-04,1.2,2.3 and up
USR07456,BUSINESS,2,9,3.4,1000,Free,0,Everyone,Business,2017-06-09,1.1.12,2.3 and up
USR07457,TRAVEL_AND_LOCAL,3.7,35,13,10000,Free,0,Everyone,Travel & Local,2017-06-06,1.9,2.3.3 and up
USR07458,TOOLS,3.9,65,0.053,5000,Free,0,Everyone,Tools,2014-11-27,1.4,2.0 and up
USR07459,NEWS_AND_MAGAZINES,4.5,171,4.8,10000,Free,0,Everyone,News & Magazines,2018-05-30,3,4.0 and up
USR07460,SHOPPING,3.1,6697,11,500000,Free,0,Everyone,Shopping,2018-02-01,4.2.1,4.0 and up
USR07461,FINANCE,4.5,6156,6.6,500000,Free,0,Everyone,Finance,2017-05-09,1.0.10,4.0 and up
USR07462,GAME,4.7,416,16,10000,Paid,2.99,Teen,Action,2017-01-12,1.0.5,4.0 and up
USR07463,SPORTS,4.4,552,1.6,5000,Paid,1,Everyone,Sports,2018-06-19,3.4,2.2 and up
USR07464,FAMILY,3.8,5964,48,500000,Free,0,Teen,Role Playing,2015-01-09,1.1.0,2.2 and up
USR07465,FAMILY,4.2,3195,4.6,100000,Paid,0.99,Everyone,Puzzle,2015-11-26,1.2.7,2.1 and up
USR07466,COMMUNICATION,4.5,115,2.8,5000,Free,0,Everyone,Communication,2016-07-15,1.4.4,4.1 and up
USR07467,LIFESTYLE,4.5,22,23,1000,Free,0,Everyone,Lifestyle,2016-07-19,2,4.0.3 and up
USR07468,FAMILY,4.6,281,26,5000,Free,0,Everyone,Puzzle,2018-04-15,1.4.6,4.0 and up
USR07469,SPORTS,4.2,15068,2.5,1000000,Free,0,Everyone,Sports,2018-06-19,3.4,2.3 and up
USR07470,TOOLS,4.5,46,24,1000,Free,0,Everyone,Tools,2018-05-18,2.0.402,4.1 and up
USR07471,FAMILY,4.2,449,56,10000,Free,0,Teen,Casual,2018-02-16,1.5,4.0 and up
USR07472,FAMILY,4.2,636,4,100000,Free,0,Everyone,Casual,2018-06-21,1.21,4.0.3 and up
USR07473,TOOLS,4.1,27,2.5,1000,Free,0,Everyone,Tools,2016-04-28,1.131,3.2 and up
USR07474,FAMILY,4.3,1894,40,100000,Free,0,Mature 17+,Simulation,2016-04-22,1.441,2.3 and up
USR07475,FAMILY,5,7,73,10,Paid,0.99,Everyone,Puzzle,2017-07-06,1.2,4.1 and up
USR07476,FAMILY,4.6,67,31,10000,Free,0,Everyone,Simulation,2018-08-04,1.7,4.1 and up
USR07477,MEDICAL,4,238,,50000,Free,0,Everyone 10+,Medical,2018-01-07,Varies with device,Varies with device
USR07478,FAMILY,4.4,16,45,500,Free,0,Everyone,Simulation;Education,2018-07-29,1.1.1,4.0 and up
USR07479,FAMILY,4.5,182,39,10000,Free,0,Everyone,Simulation,2018-07-11,2,4.1 and up
USR07480,SPORTS,3.6,28,48,500,Paid,2.99,Everyone,Sports,2017-03-28,1.0.3,1.5 and up
USR07481,FAMILY,4.6,14,7.2,5000,Free,0,Everyone,Simulation,2018-08-06,1.5,4.0.3 and up
USR07482,FAMILY,4,127,14,10000,Free,0,Everyone,Puzzle,2014-03-11,1.0.9,2.2 and up
USR07483,FAMILY,4.6,33,11,5000,Free,0,Everyone,Simulation,2018-08-06,1.5,4.0.3 and up
USR07484,COMMUNICATION,4.5,51,21,5000,Free,0,Everyone,Communication,2016-05-10,3,4.1 and up
USR07485,FAMILY,4.5,64,32,5000,Free,0,Everyone,Simulation,2018-07-27,3,4.1 and up
USR07486,MEDICAL,4.8,6,16,500,Free,0,Everyone,Medical,2018-08-04,Human Dx,6.0 and up
USR07487,GAME,5,4,33,50,Paid,1.99,Teen,Action,2013-08-15,1.05,2.2 and up
USR07488,PERSONALIZATION,4.4,5,3.4,50,Paid,0.99,Everyone,Personalization,2015-03-20,2,3.0 and up
USR07489,TOOLS,4,5,1.6,500,Free,0,Everyone,Tools,2015-06-16,0.0.1,2.3.3 and up
USR07490,FAMILY,3.5,13,42,100,Paid,0.99,Everyone,Simulation,2016-09-16,1.0.5,4.0.3 and up
USR07491,HEALTH_AND_FITNESS,5,6,11,100,Free,0,Everyone,Health & Fitness,2017-07-19,1.7.10713 (281),4.4 and up
USR07492,FAMILY,4,35,48,5000,Free,0,Everyone,Simulation,2018-08-04,1.6,4.1 and up
USR07493,FAMILY,4.2,5,40,50,Paid,1.49,Everyone,Puzzle,2014-05-20,1.7,2.0.1 and up
USR07494,MEDICAL,4,8,,500,Paid,3.99,Everyone,Medical,2018-01-19,Varies with device,Varies with device
USR07495,FAMILY,3.9,46,20,10000,Paid,2.99,Everyone,Puzzle,2018-01-29,1.0.6,2.3 and up
USR07496,MEDICAL,4.5,131,60,10000,Free,0,Everyone,Medical,2017-09-25,5,4.4 and up
USR07497,FAMILY,3.6,215,2.6,50000,Free,0,Everyone,Puzzle,2011-04-18,1,2.1 and up
USR07498,LIFESTYLE,4.2,9,22,100,Free,0,Everyone,Lifestyle,2016-09-20,1.01,4.1 and up
USR07499,FAMILY,3,6,3.2,1000,Free,0,Everyone,Education,2017-07-03,1,2.3 and up
USR07500,TOOLS,3,172,,10000,Free,0,Everyone,Tools,2018-06-20,Varies with device,Varies with device
USR07501,FAMILY,4,3,5.3,100,Free,0,Everyone,Education,2017-02-14,1.0.1702140017,4.1 and up
USR07502,TOOLS,3.4,30,22,5000,Free,0,Everyone,Tools,2017-06-07,1.2.2,4.1 and up
USR07503,FAMILY,4.9,37,10,100,Free,0,Everyone,Education,2018-07-28,1.0.32.1,4.1 and up
USR07504,BUSINESS,4,2,3.3,10,Free,0,Everyone,Business,2018-01-17,1.1.0,4.0 and up
USR07505,FAMILY,4.4,152,1.2,10000,Free,0,Everyone,Entertainment,2015-11-28,1,2.2 and up
USR07506,GAME,4.1,395,54,50000,Free,0,Teen,Action,2017-11-24,1.4,2.3 and up
USR07507,FAMILY,4.4,969,26,50000,Free,0,Everyone,Educational;Action & Adventure,2018-07-20,2.9.1,2.3.3 and up
USR07508,FAMILY,4,1763,,10000,Paid,1.49,Everyone,Simulation;Pretend Play,2018-06-25,3.9.9,4.1 and up
USR07509,PERSONALIZATION,4.5,237,6.4,10000,Free,0,Everyone,Personalization,2018-07-30,1.279.13.93,4.0.3 and up
USR07510,FAMILY,4.2,632,50,100000,Free,0,Everyone,Simulation,2018-07-20,1.4,4.1 and up
USR07511,TOOLS,3.9,167,2.5,10000,Free,0,Everyone,Tools,2017-11-08,1,4.0.3 and up
USR07512,GAME,3.6,120852,21,10000000,Free,0,Teen,Action,2017-10-24,1.1,4.0.3 and up
USR07513,FAMILY,5,8,7.4,50,Free,0,Everyone,Education,2018-08-07,1.0.2,4.1 and up
USR07514,FAMILY,4.4,3032,30,1000000,Free,0,Everyone,Casual,2017-12-18,1.2.3,4.0 and up
USR07515,FAMILY,3.6,1185,3.9,100000,Free,0,Everyone,Education,2017-04-11,5.3.0,4.0.3 and up
USR07516,PRODUCTIVITY,4.7,2807,9.8,100000,Free,0,Everyone,Productivity,2016-12-15,0.74 11.12.2016,4.0.3 and up
USR07517,NEWS_AND_MAGAZINES,4.2,2318,4.5,100000,Free,0,Everyone,News & Magazines,2014-12-13,2.3,2.3 and up
USR07518,TRAVEL_AND_LOCAL,4.5,289,9.8,10000,Free,0,Everyone,Travel & Local,2018-03-13,2.6.3,4.2 and up
USR07519,FINANCE,4.7,642,3.2,10000,Free,0,Everyone,Finance,2018-04-27,4/27/2018,4.0 and up
USR07520,COMMUNICATION,4.3,488,2.5,50000,Free,0,Everyone,Communication,2015-11-19,6.2.3,3.0 and up
USR07521,TOOLS,4.2,2058,2.3,100000,Free,0,Everyone,Tools,2017-05-15,3.0.2,4.0 and up
USR07522,MEDICAL,4.4,187,,10000,Free,0,Everyone,Medical,2017-07-29,0.0.7,Varies with device
USR07523,TRAVEL_AND_LOCAL,4.7,57,7,1000,Free,0,Everyone,Travel & Local,2018-03-10,2018-03,4.0 and up
USR07524,PRODUCTIVITY,4.4,457,0.549,50000,Free,0,Everyone,Productivity,2014-05-06,1.2,2.1 and up
USR07525,WEATHER,4.1,1238,4.7,100000,Free,0,Everyone,Weather,2014-12-17,1.1.6,2.3 and up
USR07526,VIDEO_PLAYERS,4.5,83,4.5,5000,Free,0,Everyone,Video Players & Editors,2018-05-16,4.6,4.1 and up
USR07527,SHOPPING,4.1,331,10,50000,Free,0,Everyone,Shopping,2017-08-10,2.51,4.0.3 and up
USR07528,NEWS_AND_MAGAZINES,4,146,3,10000,Free,0,Everyone,News & Magazines,2016-07-16,2.4,2.3 and up
USR07529,SHOPPING,4.3,10355,0.827,1000000,Free,0,Teen,Shopping,2018-06-19,1.5.1,4.0 and up
USR07530,TOOLS,4.2,994,2.8,100000,Free,0,Everyone,Tools,2018-05-18,6.0.0,5.0 and up
USR07531,TOOLS,4.2,3606,17,100000,Free,0,Everyone,Tools,2018-06-24,1.22.1,4.4 and up
USR07532,HEALTH_AND_FITNESS,4.1,131,3.4,5000,Free,0,Everyone,Health & Fitness,2016-04-01,1.06,1.6 and up
USR07533,FAMILY,4.2,238,6.8,10000,Free,0,Everyone,Education,2016-11-18,6.0.0.0,4.1 and up
USR07534,COMMUNICATION,5,8,29,100,Free,0,Teen,Communication,2018-03-14,1,4.1 and up
USR07535,FINANCE,4,26,3.6,1000,Free,0,Everyone,Finance,2017-05-29,1.0.0,4.0 and up
USR07536,FAMILY,4,38,,5000,Free,0,Everyone,Education,2018-05-25,Varies with device,Varies with device
USR07537,GAME,4.5,17,28,500,Free,0,Everyone,Board,2017-08-27,1,4.1 and up
USR07538,FAMILY,4.1,1060,2.5,100000,Free,0,Everyone,Entertainment,2018-02-17,0.35,4.0.3 and up
USR07539,MEDICAL,4.7,125,23,10000,Free,0,Everyone,Medical,2018-06-07,12,4.0.3 and up
USR07540,TOOLS,4.4,417,15,10000,Free,0,Everyone,Tools,2018-04-26,3,4.2 and up
USR07541,MEDICAL,4.9,26,6.1,1000,Free,0,Everyone,Medical,2016-11-06,1.0.7,4.1 and up
USR07542,TRAVEL_AND_LOCAL,3.6,114,10,10000,Free,0,Everyone,Travel & Local,2016-10-31,2,4.0 and up
USR07543,TOOLS,4.2,268,2.4,10000,Free,0,Everyone,Tools,2018-02-21,3.0.0,4.1 and up
USR07544,FINANCE,4.4,188,3.3,10000,Free,0,Everyone,Finance,2018-07-28,2.5,4.2 and up
USR07545,FINANCE,4.5,625,3.8,10000,Free,0,Everyone,Finance,2018-03-30,2.1,4.0 and up
USR07546,COMMUNICATION,4.2,10,3.1,5000,Free,0,Everyone,Communication,2016-04-28,1,2.3 and up
USR07547,FAMILY,4.2,580,2.1,10000,Free,0,Everyone,Entertainment,2012-12-19,1.3,2.1 and up
USR07548,SPORTS,4.5,2371338,37,50000000,Free,0,Teen,Sports,2017-07-24,1.9.3097721,2.3.3 and up
USR07549,SPORTS,4.4,1690802,58,50000000,Free,0,Everyone,Sports,2018-05-21,2.3.1,4.0 and up
USR07550,GAME,4.4,3344300,22,50000000,Free,0,Everyone 10+,Racing,2018-07-24,2.12.1,4.1 and up
USR07551,FAMILY,4.5,354454,71,10000000,Free,0,Everyone,Racing;Action & Adventure,2018-07-02,6.4.0,4.1 and up
USR07552,FAMILY,4.5,1455952,,10000000,Free,0,Everyone,Sports;Action & Adventure,2018-05-15,4.3.6,4.0 and up
USR07553,SPORTS,3.9,282727,63,10000000,Free,0,Everyone,Sports,2017-12-07,18.0.5.172734,4.4 and up
USR07554,FAMILY,4.3,636995,49,10000000,Free,0,Teen,Casual,2018-07-31,4.34.0,4.0.3 and up
USR07555,FAMILY,4.4,567632,15,10000000,Free,0,Everyone 10+,Casual,2018-06-12,6.8.1,4.1 and up
USR07556,FAMILY,4.5,1461698,67,10000000,Free,0,Everyone 10+,Role Playing,2018-05-21,0.12.334385,4.1 and up
USR07557,FAMILY,4,69574,45,500000,Free,0,Everyone 10+,Strategy,2018-05-24,1.8.91,4.1 and up
USR07558,GAME,4.5,32344,29,1000000,Paid,0.99,Everyone,Adventure,2016-10-21,1.3.12,3.0 and up
USR07559,FAMILY,4,199808,57,10000000,Free,0,Everyone,Puzzle,2018-06-14,3.0.10,3.0 and up
USR07560,FAMILY,4.4,203101,,5000000,Free,0,Everyone,Casual,2018-05-31,Varies with device,4.1 and up
USR07561,FAMILY,4.3,56444,43,500000,Paid,4.99,Everyone,Sports;Action & Adventure,2017-02-08,04.00.40,2.3 and up
USR07562,TRAVEL_AND_LOCAL,2.5,12,12,1000,Free,0,Everyone,Travel & Local,2017-11-03,1.4,4.0.3 and up
USR07563,FAMILY,4.4,201631,96,5000000,Free,0,Everyone,Puzzle,2018-06-01,4.4.4,4.1 and up
USR07564,FAMILY,3.8,32600,26,1000000,Free,0,Everyone,Casual,2017-02-22,1.4.10,4.1 and up
USR07565,FAMILY,4.4,93870,79,1000000,Free,0,Everyone,Strategy,2016-02-03,1.0.6,4.0 and up
USR07566,FAMILY,4.2,222664,98,10000000,Free,0,Everyone,Puzzle,2018-08-01,2.6.0.125,4.0.3 and up
USR07567,GAME,4.1,166251,19,5000000,Free,0,Everyone,Card,2017-12-11,2.16.0,4.0.3 and up
USR07568,GAME,4.2,70389,28,1000000,Free,0,Teen,Action,2018-05-09,5.3.1,2.3.3 and up
USR07569,GAME,3.9,172281,50,5000000,Free,0,Everyone,Word,2018-08-01,5.27.0.729,4.1 and up
USR07570,GAME,4.5,567984,39,10000000,Free,0,Everyone,Racing,2018-07-16,1.7.3b,4.0.3 and up
USR07571,SPORTS,4.1,820577,30,10000000,Free,0,Everyone,Sports,2017-01-25,3.3.118003,4.4 and up
USR07572,GAME,4.4,32496,99,1000000,Paid,0.99,Teen,Action,2018-07-03,5.3.3,2.3 and up
USR07573,GAME,4.3,2903386,58,100000000,Free,0,Mature 17+,Action,2018-07-24,3.2.1c,4.0 and up
USR07574,FAMILY,4.5,85484,,1000000,Free,0,Everyone,Puzzle;Brain Games,2018-08-02,2.17.1,4.1 and up
USR07575,GAME,3.4,4490,92,100000,Free,0,Everyone 10+,Action,2017-09-21,1.18.1,4.1 and up
USR07576,GAME,3.4,1995,43,100000,Free,0,Everyone,Action,2016-06-28,1.2.2,4.4 and up
USR07577,GAME,4.4,38419,100,1000000,Paid,0.99,Everyone 10+,Action,2018-08-03,2.3.24,4.1 and up
USR07578,SPORTS,4.2,42767,72,1000000,Free,0,Everyone,Sports,2018-07-26,2.0.5,4.3 and up
USR07579,GAME,4.4,140658,37,1000000,Free,0,Everyone,Racing,2018-08-01,1.21.2,4.3 and up
USR07580,FAMILY,3.5,33178,3.1,1000000,Free,0,Everyone,Casual,2015-02-02,1.0.5,4.3 and up
USR07581,SPORTS,4.1,585564,33,10000000,Free,0,Everyone,Sports,2018-06-01,1.5.0,4.0.3 and up
USR07582,FAMILY,4.6,33,3.3,100,Free,0,Everyone,Casual,2017-11-18,1,4.0 and up
USR07583,FAMILY,1.7,1172,5.6,10000,Free,0,Everyone,Education,2017-10-09,1.1.2,4.1 and up
USR07584,TRAVEL_AND_LOCAL,3.3,97,16,10000,Free,0,Everyone,Travel & Local,2016-01-27,1.6,4.0 and up
USR07585,PHOTOGRAPHY,5,1,5.4,10,Free,0,Teen,Photography,2017-02-01,1,4.1 and up
USR07586,BUSINESS,4.8,6,11,100,Free,0,Everyone,Business,2018-06-07,1.2.7,4.2 and up
USR07587,FINANCE,4.6,8,31,1000,Free,0,Everyone,Finance,2018-05-02,18.1.79,5.0 and up
USR07588,BUSINESS,3.3,2915,3.3,500000,Free,0,Everyone,Business,2017-11-03,1.0.2,4.4 and up
USR07589,PERSONALIZATION,4.2,410,6.1,100000,Free,0,Everyone,Personalization,2018-04-20,33,4.0.3 and up
USR07590,PRODUCTIVITY,3.5,3930,18,1000000,Free,0,Everyone,Productivity,2018-03-22,3.0.0,4.0 and up
USR07591,SOCIAL,3.7,23,16,5000,Free,0,Everyone,Social,2018-04-26,1,4.1 and up
USR07592,PRODUCTIVITY,5,9,25,50,Free,0,Everyone,Productivity,2018-02-11,1.7.8,4.0.3 and up
USR07593,SHOPPING,4.6,318142,,10000000,Free,0,Teen,Shopping,2018-08-03,Varies with device,Varies with device
USR07594,GAME,4.1,5341,8.8,100000,Free,0,Teen,Action,2014-04-30,1,4.0 and up
USR07595,BOOKS_AND_REFERENCE,3.5,11,15,1000,Free,0,Everyone,Books & Reference,2018-04-13,9.4.7.6,4.0 and up
USR07596,SOCIAL,5,3,2.4,50,Free,0,Teen,Social,2018-07-11,2,4.0 and up
USR07597,FINANCE,3.7,155,3.9,100000,Free,0,Everyone,Finance,2018-07-30,1.0.0,4.0.3 and up
USR07598,FINANCE,4,37,3.9,5000,Free,0,Everyone,Finance,2017-11-16,1.0.0,4.0.3 and up
USR07599,FAMILY,4.2,1111,7.3,100000,Free,0,Everyone,Entertainment,2018-06-05,3.6.1,4.1 and up
USR07600,FINANCE,4.5,28,1.4,10000,Free,0,Teen,Finance,2018-01-29,1,3.0 and up
USR07601,BUSINESS,3.8,1777,0.926,100000,Free,0,Everyone,Business,2014-05-18,1,2.2 and up
USR07602,FINANCE,2.5,2,5,1000,Free,0,Everyone,Finance,2018-03-03,2,4.0.3 and up
USR07603,BEAUTY,4,1,2.2,100,Free,0,Everyone,Beauty,2017-08-30,1,2.2 and up
USR07604,TOOLS,4,8,2.2,1000,Free,0,Everyone,Tools,2018-08-07,1.0.1,5.0 and up
USR07605,TOOLS,4.1,28,2.5,10000,Free,0,Everyone,Tools,2017-10-19,1.3,4.1 and up
USR07606,FAMILY,3.4,159,3.1,1000,Paid,10.99,Teen,Role Playing,2018-04-26,2.12,2.3 and up
USR07607,TOOLS,3.6,216,0.792,10000,Free,0,Everyone,Tools,2014-11-09,2,1.0 and up
USR07608,TOOLS,3.4,16,4,5000,Free,0,Everyone,Tools,2018-08-07,1,5.0 and up
USR07609,TOOLS,3.9,627,4.1,10000,Free,0,Everyone,Tools,2017-02-21,6,4.0 and up
USR07610,SPORTS,4.6,549,2.8,50000,Free,0,Everyone,Sports,2018-03-03,2.1.4,4.0 and up
USR07611,COMMUNICATION,4.3,3429,,100000,Free,0,Everyone,Communication,2018-03-08,1.10.279.2,4.2 and up
USR07612,PRODUCTIVITY,4.7,1730,16,100000,Free,0,Everyone,Productivity,2018-02-01,1.5,4.1 and up
USR07613,BUSINESS,5,1,4.3,5,Free,0,Everyone,Business,2018-07-31,1.1,4.4 and up
USR07614,LIFESTYLE,3.9,73,3.8,10000,Free,0,Everyone,Lifestyle,2016-12-21,8,2.3 and up
USR07615,TOOLS,3.9,47,0.264,1000,Paid,14.99,Everyone,Tools,2014-06-03,3.1,1.6 and up
USR07616,COMMUNICATION,4.2,30350,3.7,1000000,Free,0,Everyone,Communication,2018-01-16,10.0.0,4.1 and up
USR07617,FAMILY,4.3,55408,,1000000,Free,0,Everyone,Education,2018-01-08,Varies with device,Varies with device
USR07618,BOOKS_AND_REFERENCE,3.5,10,3,5000,Free,0,Everyone,Books & Reference,2017-11-10,1,4.0.3 and up
USR07619,TOOLS,4.1,633,3.8,100000,Free,0,Everyone,Tools,2016-10-21,6.7,2.3 and up
USR07620,TOOLS,4.2,1611,2.7,100000,Free,0,Everyone,Tools,2018-08-06,5,4.4 and up
USR07621,TOOLS,4.4,20,2.2,500,Paid,1.99,Everyone,Tools,2014-12-29,2.1,3.0 and up
USR07622,LIFESTYLE,4.5,13,28,1000,Free,0,Everyone,Lifestyle,2017-05-09,1.17.0.0,2.3.3 and up
USR07623,BOOKS_AND_REFERENCE,3.8,48,1.5,10000,Free,0,Everyone,Books & Reference,2018-03-27,1,3.0 and up
USR07624,BUSINESS,3.4,45,5.5,10000,Free,0,Everyone,Business,2017-06-18,1,2.3 and up
USR07625,BUSINESS,3.9,184,0.047,50000,Free,0,Everyone,Business,2014-08-12,1.1,2.3 and up
USR07626,FAMILY,4.5,3776,7.7,100000,Free,0,Everyone,Education,2017-07-24,8.07.021,4.0 and up
USR07627,SPORTS,3,9,4.3,1000,Free,0,Everyone,Sports,2018-07-26,3.9.13,4.4 and up
USR07628,TOOLS,4.1,14,3.8,1000,Free,0,Everyone,Tools,2017-12-18,1.278.0037,2.3.3 and up
USR07629,PRODUCTIVITY,4.6,12,15,1000,Free,0,Everyone,Productivity,2017-02-24,1.2,4.0.3 and up
USR07630,PRODUCTIVITY,3.9,162,5,10000,Free,0,Everyone,Productivity,2018-05-14,3.0.21,4.0 and up
USR07631,TOOLS,4.7,62,2.3,1000,Free,0,Everyone,Tools,2017-11-13,1.1.3,4.1 and up
USR07632,TOOLS,4.5,2,1.6,100,Free,0,Everyone,Tools,2015-02-12,1.3,4.0 and up
USR07633,BOOKS_AND_REFERENCE,3.4,82,2.7,10000,Free,0,Everyone,Books & Reference,2018-03-27,2,3.0 and up
USR07634,FAMILY,5,6,8.1,100,Free,0,Teen,Education,2018-06-26,3.8.0,4.1 and up
USR07635,TOOLS,5,5,3.8,500,Free,0,Everyone,Tools,2018-03-30,1.283.0037,2.3.3 and up
USR07636,SPORTS,5,1,6.3,10,Free,0,Everyone,Sports,2015-05-26,4.1.1,2.3.3 and up
USR07637,LIFESTYLE,4,576,7.4,50000,Free,0,Everyone,Lifestyle,2018-06-07,1.0.2,4.0 and up
USR07638,BUSINESS,4,1,5.4,100,Free,0,Everyone,Business,2017-03-15,1.1,4.0 and up
USR07639,FINANCE,4.9,8,3.1,500,Free,0,Everyone,Finance,2018-02-09,1.2,4.0.3 and up
USR07640,FAMILY,5,3,5.5,500,Free,0,Everyone,Entertainment,2018-07-13,erie1.3.23.42-release,4.4 and up
USR07641,TOOLS,4.6,7,3.9,1000,Free,0,Everyone,Tools,2018-02-23,1.283.0037,2.3.3 and up
USR07642,SOCIAL,4.8,5,3,100,Free,0,Teen,Social,2018-07-20,1,4.0 and up
USR07643,TOOLS,4.1,7,4.2,1000,Free,0,Everyone,Tools,2018-01-23,1.278.0037,2.3.3 and up
USR07644,BUSINESS,4.1,13,3.8,100,Free,0,Everyone,Business,2018-04-23,1,4.0.3 and up
USR07645,FAMILY,4.7,23,4.3,1000,Free,0,Everyone,Education,2017-08-28,1.3,4.4 and up
USR07646,GAME,5,5,4.6,10,Free,0,Everyone,Racing,2018-08-01,1.11,4.0.3 and up
USR07647,PRODUCTIVITY,4.4,7,17,100,Free,0,Everyone,Productivity,2016-10-21,1.0.1,4.1 and up
USR07648,FAMILY,3.3,4114,14,100000,Free,0,Everyone,Education,2018-07-10,3.29,4.2 and up
USR07649,FAMILY,4,403,39,50000,Free,0,Teen,Education,2018-07-30,1.7.0.00115,4.1 and up
USR07650,FAMILY,3.5,208,13,10000,Free,0,Everyone,Education,2018-06-29,1.2.1,4.4 and up
USR07651,FAMILY,2.8,89,35,10000,Free,0,Everyone,Education,2018-07-23,1.10.0,4.4 and up
USR07652,FAMILY,3.6,496,14,100000,Free,0,Everyone,Education,2018-05-04,2.0.1,4.4 and up
USR07653,FAMILY,3.2,190,23,50000,Free,0,Everyone,Education,2018-07-23,3.0.0.2927,5.0 and up
USR07654,FAMILY,3.6,2210,15,100000,Free,0,Everyone,Education,2018-07-24,3.1.0,5.0 and up
USR07655,FAMILY,3.7,150,11,5000,Free,0,Everyone,Education,2018-06-11,1.6.0,4.4 and up
USR07656,FAMILY,3.3,279,14,10000,Free,0,Everyone,Education,2017-12-25,1.6.6,4.4 and up
USR07657,FAMILY,3.1,1242,14,50000,Free,0,Everyone,Education,2018-04-24,1.7.0,4.4 and up
USR07658,FAMILY,4.1,435,17,50000,Free,0,Everyone,Education,2018-06-21,3.1.0,4.1 and up
USR07659,FAMILY,3.1,16,17,1000,Free,0,Everyone,Education,2018-04-19,1.6,4.1 and up
USR07660,FAMILY,3.5,268,9.8,10000,Free,0,Everyone,Education,2016-01-25,1.3.0,4.0 and up
USR07661,FAMILY,3.6,17,15,1000,Free,0,Teen,Education,2015-09-15,1.0.05,4.0 and up
USR07662,EVENTS,5,7,4.4,100,Free,0,Teen,Events,2017-10-05,Varies with device,Varies with device
USR07663,TRAVEL_AND_LOCAL,2.3,23,43,1000,Free,0,Everyone,Travel & Local,2018-06-18,3.0.7,4.4 and up
USR07664,VIDEO_PLAYERS,3.1,36,,5000,Free,0,Everyone,Video Players & Editors,2017-03-20,Varies with device,Varies with device
USR07665,FINANCE,2.9,26,36,1000,Free,0,Everyone,Finance,2018-02-21,1.0.38,4.0 and up
USR07666,FAMILY,3,2,9.4,500,Free,0,Everyone,Education;Education,2017-10-12,1.2.2,4.3 and up
USR07667,FINANCE,2.9,204,29,10000,Free,0,Everyone,Finance,2018-05-09,18.1.79,5.0 and up
USR07668,FAMILY,3.9,13,10,500,Free,0,Everyone,Education,2016-06-24,2,4.3 and up
USR07669,BUSINESS,5,2,23,50,Free,0,Everyone,Business,2018-07-24,1.29,4.4 and up
USR07670,FAMILY,3.4,79,33,5000,Free,0,Everyone,Education,2015-05-27,1.03,3.0 and up
USR07671,BUSINESS,5,8,20,100,Free,0,Everyone,Business,2017-01-23,1.0.5,4.4 and up
USR07672,HEALTH_AND_FITNESS,4.8,17,14,500,Free,0,Everyone,Health & Fitness,2018-03-12,1.1.1,4.4 and up
USR07673,FAMILY,4.2,5,54,50,Free,0,Teen,Role Playing,2018-07-31,4541.25.51,4.1 and up
USR07674,HEALTH_AND_FITNESS,5,4,15,50,Free,0,Everyone,Health & Fitness,2018-03-23,7.7.3,4.1 and up
USR07675,FINANCE,4.3,634,2,50000,Free,0,Everyone,Finance,2013-10-04,2.1.0.9,2.1 and up
USR07676,FAMILY,4.6,5969,31,10000,Paid,12.99,Everyone,Simulation,2018-06-29,4.2.4,4.1 and up
USR07677,PRODUCTIVITY,4.7,19,,1000,Free,0,Everyone,Productivity,2017-09-20,1.6.1,Varies with device
USR07678,FINANCE,4.4,58,3.7,10000,Free,0,Everyone,Finance,2018-05-06,1.9.0,4.0.3 and up
USR07679,NEWS_AND_MAGAZINES,4.8,311,14,5000,Free,0,Everyone 10+,News & Magazines,2018-07-15,2.9.19a,4.2 and up
USR07680,PARENTING,4.1,27,4.6,1000,Free,0,Everyone,Parenting,2017-10-12,1.13,4.1 and up
USR07681,FAMILY,4.6,22165,6.8,1000000,Free,0,Everyone,Education,2018-06-28,4.1806.3,4.0 and up
USR07682,FAMILY,4.3,392819,53,10000000,Free,0,Everyone,Role Playing;Action & Adventure,2016-07-22,37893,4.0 and up
USR07683,PRODUCTIVITY,4.6,8,7.5,100,Free,0,Everyone,Productivity,2018-07-27,2.0.7,4.1 and up
USR07684,GAME,4,505,23,10000,Free,0,Everyone,Board,2014-12-06,1.0.28,2.3 and up
USR07685,BUSINESS,2.9,322,1.5,50000,Free,0,Everyone,Business,2017-03-28,2.13,2.2 and up
USR07686,BUSINESS,4.1,25,2.4,1000,Free,0,Everyone,Business,2017-11-27,7,2.3.3 and up
USR07687,FINANCE,4.2,883,6.5,100000,Free,0,Everyone,Finance,2018-05-05,3.1.9,4.0 and up
USR07688,GAME,4.3,56,23,1000,Paid,0.99,Everyone,Board,2014-12-06,1.0.28,2.3 and up
USR07689,TRAVEL_AND_LOCAL,4.4,105,5,10000,Free,0,Everyone,Travel & Local,2018-05-02,2.5,2.3 and up
USR07690,BUSINESS,2.4,29,16,500,Free,0,Everyone,Business,2018-07-05,2.2.1335,4.1 and up
USR07691,TOOLS,4.2,40,7.4,1000,Free,0,Everyone,Tools,2017-05-12,0.9.1,3.2 and up
USR07692,TOOLS,3.1,17,0.511,1000,Free,0,Everyone,Tools,2014-10-10,1.8 (2014-10-10 11:10:51 +0400),2.2 and up
USR07693,FAMILY,3,2,18,50,Paid,2.99,Everyone,Education;Education,2017-06-12,2.2.2,2.2 and up
USR07694,BOOKS_AND_REFERENCE,4.7,6547,16,100000,Free,0,Everyone,Books & Reference,2017-12-08,4.0.3,4.0.3 and up
USR07695,FINANCE,3.4,42497,61,1000000,Free,0,Teen,Finance,2018-07-02,10.1.28.560,4.3 and up
USR07696,BOOKS_AND_REFERENCE,4.7,24278,3.1,1000000,Free,0,Everyone,Books & Reference,2017-12-27,2.1.2,2.2 and up
USR07697,BOOKS_AND_REFERENCE,4.7,3776,12,100000,Free,0,Everyone,Books & Reference,2018-02-07,2.12.0,4.1 and up
USR07698,COMMUNICATION,4.2,91,6,10000,Free,0,Everyone,Communication,2017-02-26,3.8.6,2.2 and up
USR07699,LIFESTYLE,5,3,4,100,Free,0,Everyone,Lifestyle,2018-07-29,1.1.3,4.0.3 and up
USR07700,FAMILY,4.5,256,30,10000,Free,0,Everyone,Simulation,2018-07-13,1.7,4.0 and up
USR07701,FAMILY,4.3,63192,17,1000000,Free,0,Everyone,Simulation;Pretend Play,2016-07-22,1.0.0,2.3 and up
USR07702,BOOKS_AND_REFERENCE,3.3,7993,51,1000000,Free,0,Everyone,Books & Reference,2017-11-03,1.0.6,4.0 and up
USR07703,FAMILY,4.4,1309728,,50000000,Free,0,Everyone,Casual,2018-07-11,Varies with device,Varies with device
USR07704,GAME,4.2,3946,42,100000,Free,0,Teen,Racing,2017-03-30,1.04,2.3 and up
USR07705,GAME,4.2,17453,99,1000000,Free,0,Mature 17+,Racing,2018-06-01,1.06,2.3 and up
USR07706,BOOKS_AND_REFERENCE,4.7,14773,6.4,500000,Free,0,Everyone,Books & Reference,2017-10-09,4.1.92,3.0 and up
USR07707,FAMILY,4.3,2282,22,500000,Free,0,Everyone,Simulation,2018-02-20,1,4.0 and up
USR07708,SOCIAL,4.8,8369,63,50000,Free,0,Teen,Social,2018-07-13,1.8.19106,4.0.3 and up
USR07709,LIFESTYLE,4.2,1506,11,100000,Free,0,Everyone,Lifestyle,2018-08-07,6.5.2,4.4 and up
USR07710,GAME,4,30008,99,1000000,Free,0,Mature 17+,Racing,2017-03-30,1.26,2.3 and up
USR07711,FAMILY,4.2,11002,21,1000000,Free,0,Everyone,Education;Action & Adventure,2017-05-11,1,4.0.3 and up
USR07712,FAMILY,4.1,47576,14,1000000,Free,0,Everyone 10+,Simulation,2017-03-01,1.95,4.0 and up
USR07713,FAMILY,4.6,2533,46,100000,Free,0,Everyone,Simulation,2018-02-27,1,4.0 and up
USR07714,PRODUCTIVITY,4.6,1880,18,50000,Paid,1.49,Everyone,Productivity,2018-07-01,6.08,4.3 and up
USR07715,FAMILY,3.8,7379,61,1000000,Free,0,Everyone,Entertainment,2017-03-28,1,4.4 and up
USR07716,GAME,4.5,185382,99,10000000,Free,0,Everyone,Action,2018-07-30,1.0.6,4.4 and up
USR07717,FAMILY,4.4,115,31,10000,Free,0,Everyone,Simulation,2018-07-13,1,4.0 and up
USR07718,FAMILY,4.1,148405,26,10000000,Free,0,Everyone,Casual;Action & Adventure,2018-03-05,1.6,4.1 and up
USR07719,FAMILY,4,20977,26,1000000,Free,0,Everyone,Simulation,2018-06-18,1.4.5,4.0 and up
USR07720,FAMILY,3.9,1619,7,100000,Free,0,Everyone,Entertainment,2017-10-07,1.2.1,4.0 and up
USR07721,TOOLS,3.5,78,3.3,10000,Free,0,Everyone,Tools,2013-10-11,1.2.10,2.2 and up
USR07722,PERSONALIZATION,5,4,3.9,100,Free,0,Everyone,Personalization,2018-04-24,1,4.1 and up
USR07723,LIFESTYLE,4.6,10,8.7,1000,Free,0,Everyone,Lifestyle,2018-07-18,7.2.2,4.1 and up
USR07724,MEDICAL,3.6,18,3.5,1000,Free,0,Everyone,Medical,2018-05-12,1.9,4.0.3 and up
USR07725,GAME,4.2,601,6.4,100000,Free,0,Everyone,Trivia,2015-04-03,1.0.1,2.3 and up
USR07726,GAME,3.8,13388,7.1,500000,Free,0,Everyone,Arcade,2015-08-24,2.0.5,2.2 and up
USR07727,TOOLS,3.4,43,2.3,5000,Free,0,Everyone,Tools,2017-10-10,3.1.8,4.1 and up
USR07728,SPORTS,3.8,35746,55,5000000,Free,0,Everyone,Sports,2017-12-15,1.4.3,4.0.3 and up
USR07729,FAMILY,4.2,128,41,10000,Free,0,Everyone 10+,Strategy,2018-06-12,1.5,4.2 and up
USR07730,FAMILY,4.2,137167,52,1000000,Free,0,Everyone,Strategy,2017-01-17,130.48.08,4.0.3 and up
USR07731,FAMILY,3.7,7203,32,1000000,Free,0,Everyone,Simulation,2016-01-11,1,4.0 and up
USR07732,FAMILY,4,267636,13,10000000,Free,0,Teen,Role Playing,2014-03-03,1.5,2.1 and up
USR07733,GAME,4.4,1294,44,50000,Free,0,Mature 17+,Action,2018-03-08,1.2,4.1 and up
USR07734,BUSINESS,4.5,234,3.4,10000,Free,0,Everyone,Business,2018-04-16,2.4.3.1523,4.0 and up
USR07735,GAME,3.7,16073,94,500000,Free,0,Mature 17+,Action,2017-11-14,1.4,4.0 and up
USR07736,FAMILY,4.2,64815,23,5000000,Free,0,Teen,Strategy,2018-06-01,1.7.5,2.3 and up
USR07737,FAMILY,3.9,5075,48,500000,Free,0,Everyone,Simulation,2017-04-04,2.1.5,3.0 and up
USR07738,PHOTOGRAPHY,4,125616,,10000000,Free,0,Everyone,Photography,2017-03-10,Varies with device,2.3.3 and up
USR07739,GAME,3.7,63986,26,1000000,Free,0,Teen,Action,2017-10-10,6,2.3 and up
USR07740,FAMILY,4.2,3593,19,500000,Free,0,Everyone,Board;Brain Games,2018-03-07,1.4,4.1 and up
USR07741,GAME,4,32522,44,1000000,Free,0,Everyone,Racing,2016-01-25,1.2.0,2.0 and up
USR07742,FAMILY,3.9,1036,33,100000,Free,0,Everyone,Casual,2018-07-06,2.6,2.3 and up
USR07743,FAMILY,4.1,27130,35,5000000,Free,0,Everyone,Simulation,2017-12-08,1.4,2.3 and up
USR07744,GAME,4.3,157264,65,10000000,Free,0,Everyone,Arcade,2016-12-30,1.31,4.0.3 and up
USR07745,FAMILY,4.5,157322,9.2,5000000,Free,0,Teen,Entertainment,2018-01-05,1.0.15,4.1 and up
USR07746,GAME,4.5,76627,23,5000000,Free,0,Everyone,Word,2018-07-03,8.16g,4.2 and up
USR07747,GAME,3.3,5290,48,500000,Free,0,Everyone,Racing,2014-12-18,1.3,2.3 and up
USR07748,GAME,4.4,1094,37,500000,Free,0,Teen,Action,2018-07-09,1.1,4.1 and up
USR07749,GAME,4.2,326689,20,10000000,Free,0,Teen,Action,2018-05-30,1.31,4.2 and up
USR07750,BUSINESS,4.2,6969,4.8,100000,Free,0,Everyone,Business,2018-06-29,3.9.11,4.4 and up
USR07751,FAMILY,4.1,138050,5.7,10000000,Free,0,Everyone,Entertainment;Music & Video,2018-04-19,2.4,4.0.3 and up
USR07752,FAMILY,4.1,2248,29,100000,Free,0,Teen,Educational,2017-04-28,1.3,4.0 and up
USR07753,GAME,4.4,661,42,100000,Free,0,Everyone,Action,2018-04-20,1.5.2,3.0 and up
USR07754,FAMILY,4.1,105766,48,10000000,Free,0,Teen,Puzzle,2018-05-24,2.2.2,4.4 and up
USR07755,FAMILY,3.9,80313,3.7,10000000,Free,0,Everyone,Casual,2017-11-22,1.7,2.3 and up
USR07756,FAMILY,3.9,70,61,10000,Free,0,Teen,Educational,2018-05-30,1.1,4.0 and up
USR07757,FAMILY,4.4,11442,66,1000000,Free,0,Everyone,Educational;Creativity,2016-06-30,1.4,2.3 and up
USR07758,FINANCE,3.8,4231,82,100000,Free,0,Everyone,Finance,2018-07-19,4.3.0,4.2 and up
USR07759,FAMILY,3,42515,1.6,5000000,Free,0,Everyone,Casual,2018-05-23,1.0.3,2.3.3 and up
USR07760,TOOLS,3.4,59,1.8,10000,Free,0,Everyone,Tools,2017-10-19,2.3.1,4.0 and up
USR07761,NEWS_AND_MAGAZINES,4.3,20620,,1000000,Free,0,Everyone,News & Magazines,2018-07-17,Varies with device,Varies with device
USR07762,BUSINESS,5,4,12,100,Free,0,Everyone,Business,2017-11-06,1.0.4,4.4 and up
USR07763,FAMILY,4.1,211,14,10000,Free,0,Everyone,Casual,2016-11-21,1.1.0,2.3 and up
USR07764,FINANCE,2.4,9,3.8,1000,Free,0,Everyone,Finance,2018-01-21,1.0.0,4.0 and up
USR07765,TOOLS,3.9,146,0.766,10000,Free,0,Everyone,Tools,2017-04-10,1.15,2.2 and up
USR07766,TOOLS,4,8,1.5,100,Free,0,Everyone,Tools,2016-05-23,1.3,1.6 and up
USR07767,GAME,3,49,7.1,5000,Free,0,Everyone,Trivia,2017-10-31,1.0.1,2.3.3 and up
USR07768,SPORTS,4.4,4600,21,500000,Free,0,Everyone,Sports,2018-01-14,6.2.6,4.1 and up
USR07769,GAME,3.4,9051,23,1000000,Free,0,Everyone,Arcade,2017-02-04,1.2,2.3 and up
USR07770,FAMILY,2.9,72,27,5000,Free,0,Mature 17+,Simulation,2018-06-09,1.2.2,2.3 and up
USR07771,TOOLS,5,2,19,10,Free,0,Everyone,Tools,2015-10-12,1.2.2,2.3 and up
USR07772,FAMILY,4.5,14692,45,1000000,Free,0,Everyone,Puzzle,2018-07-19,1.173.126,4.1 and up
USR07773,FAMILY,3.7,40678,15,1000000,Free,0,Everyone,Casual,2017-05-22,2.1.3,4.0 and up
USR07774,FAMILY,3,59096,,5000000,Free,0,Everyone,Casual,2017-09-14,Varies with device,4.0.3 and up
USR07775,GAME,4,127810,33,10000000,Free,0,Mature 17+,Action,2018-08-01,1.8.8,4.4 and up
USR07776,FAMILY,3.2,85,2.1,10000,Free,0,Everyone,Puzzle,2016-04-22,1.0.0,2.1 and up
USR07777,FAMILY,3.6,209,16,50000,Free,0,Everyone,Casual,2016-10-19,1.1,2.3 and up
USR07778,FAMILY,3.2,111,3.3,5000,Free,0,Everyone,Casual,2016-03-18,1.7,2.3 and up
USR07779,SPORTS,3.7,27179,20,1000000,Free,0,Everyone,Sports,2018-07-30,5.12.1,4.1 and up
USR07780,FAMILY,4.7,15,5.2,1000,Free,0,Everyone,Education,2016-09-09,1.0.4,4.0 and up
USR07781,FAMILY,4.4,351607,8.7,5000000,Free,0,Everyone 10+,Casual,2016-06-29,1.26.03,2.3.3 and up
USR07782,FAMILY,3.9,81543,,10000000,Free,0,Everyone,Casual;Pretend Play,2018-07-19,Varies with device,Varies with device
USR07783,FAMILY,4.4,87045,99,10000000,Free,0,Everyone,Casual;Action & Adventure,2018-06-05,2.0.1,4.0.3 and up
USR07784,FAMILY,4.3,31970,77,1000000,Free,0,Everyone,Puzzle,2017-06-07,1.8,Varies with device
USR07785,NEWS_AND_MAGAZINES,4.9,34,3.8,1000,Free,0,Everyone,News & Magazines,2017-01-15,6.7,2.3 and up
USR07786,FAMILY,2.6,366,6,50000,Free,0,Everyone,Entertainment,2018-01-05,1,4.0 and up
USR07787,NEWS_AND_MAGAZINES,5,10,5,100,Free,0,Everyone,News & Magazines,2018-07-14,1,4.0.3 and up
USR07788,FAMILY,4.1,13731,55,1000000,Free,0,Everyone,Entertainment;Action & Adventure,2018-06-22,1.2.1,4.0 and up
USR07789,NEWS_AND_MAGAZINES,4,4,5.3,100,Free,0,Everyone,News & Magazines,2018-07-25,25072018,4.0 and up
USR07790,GAME,4.1,104583,37,1000000,Free,0,Everyone,Arcade,2016-08-18,3.45,2.3 and up
USR07791,SPORTS,3.3,3,12,1000,Free,0,Everyone,Sports,2018-02-23,5.5.4,4.1 and up
USR07792,FAMILY,4.2,58553,50,1000000,Free,0,Everyone,Simulation,2016-12-25,3.1,2.3.3 and up
USR07793,NEWS_AND_MAGAZINES,4,33,0.273,1000,Free,0,Everyone,News & Magazines,2014-09-30,1,4.0 and up
USR07794,FAMILY,4.3,6669,31,1000000,Free,0,Everyone,Simulation,2018-03-01,1.0.8,2.3 and up
USR07795,FAMILY,4.4,764967,69,10000000,Free,0,Everyone,Puzzle,2018-07-05,2.3.4,4.1 and up
USR07796,COMMUNICATION,5,1,25,10,Free,0,Teen,Communication,2017-10-18,1,4.0 and up
USR07797,GAME,4.3,5339,38,1000000,Free,0,Teen,Action,2017-12-05,1,2.3 and up
USR07798,GAME,4.4,6735,26,1000000,Free,0,Mature 17+,Action,2017-05-10,1.1,2.3 and up
USR07799,GAME,3.9,23104,48,1000000,Free,0,Everyone,Racing,2015-08-05,2.2,2.3.3 and up
USR07800,PHOTOGRAPHY,4.3,13258,,1000000,Free,0,Everyone,Photography,2018-06-20,2.3.0 build 180,5.0 and up
USR07801,FAMILY,4,48731,68,5000000,Free,0,Everyone,Simulation,2018-04-19,4.0.5,4.1 and up
USR07802,GAME,3.8,8482,45,1000000,Free,0,Everyone,Racing,2015-08-10,1.3,2.3.3 and up
USR07803,TOOLS,4.5,3356,,10000,Paid,2.95,Everyone,Tools,2018-02-17,Varies with device,Varies with device
USR07804,GAME,3.8,555,44,100000,Free,0,Teen,Action,2018-03-02,1,4.0 and up
USR07805,GAME,4.4,13714,41,1000000,Free,0,Everyone 10+,Action,2017-04-15,1.0.4,4.0.3 and up
USR07806,GAME,4.3,240,65,50000,Free,0,Teen,Action,2017-10-03,1.0.2,4.0 and up
USR07807,FAMILY,4.7,143,4.4,1000,Paid,1.99,Everyone,Music;Music & Video,2018-06-17,1.2.1,2.2 and up
USR07808,FAMILY,3.9,35989,46,1000000,Free,0,Everyone,Simulation,2015-08-07,2.3,2.3.3 and up
USR07809,GAME,4.2,16237,23,500000,Free,0,Everyone,Racing,2015-12-23,1.9.1,2.3 and up
USR07810,FAMILY,3.8,21149,30,1000000,Free,0,Everyone,Simulation,2015-10-09,2.1,2.3 and up
USR07811,FAMILY,4.3,95,28,10000,Free,0,Teen,Educational,2018-02-24,1,4.1 and up
USR07812,FAMILY,3.8,20292,47,1000000,Free,0,Everyone,Educational;Creativity,2015-05-24,1.2,2.3 and up
USR07813,SPORTS,4.2,140883,59,5000000,Free,0,Teen,Sports,2018-07-21,1.932,4.0 and up
USR07814,LIFESTYLE,4.5,16426,1.6,500000,Free,0,Everyone,Lifestyle,2017-02-26,2.7.8,2.2 and up
USR07815,FAMILY,4.2,32812,14,500000,Paid,2.99,Everyone,Simulation;Education,2018-04-10,1.1.1.6,4.0.3 and up
USR07816,FAMILY,3.6,8091,43,1000000,Free,0,Everyone,Casual;Pretend Play,2018-06-05,1.0.8,4.1 and up
USR07817,GAME,4,48,4.1,1000,Paid,1.99,Everyone,Card,2014-12-15,1.0.141215,2.1 and up
USR07818,FAMILY,3.5,352,3.8,50000,Free,0,Everyone,Entertainment,2017-07-23,1,3.0 and up
USR07819,GAME,4.4,30,47,5000,Free,0,Everyone,Action,2018-07-02,1.1,4.1 and up
USR07820,GAME,3.5,3048,24,500000,Free,0,Teen,Action,2017-03-06,1.1,2.3 and up
USR07821,GAME,4.1,101,31,10000,Free,0,Everyone,Arcade,2017-03-14,1.5,4.0 and up
USR07822,FAMILY,4.8,3136,2.7,100000,Free,0,Everyone,Entertainment,2018-06-27,2.19.6,4.0.3 and up
USR07823,FOOD_AND_DRINK,4.4,467,7.3,100000,Free,0,Everyone,Food & Drink,2018-07-01,6.7.1,4.0.3 and up
USR07824,FAMILY,4.3,1216,59,500000,Free,0,Everyone 10+,Simulation,2018-06-11,1.3,4.1 and up
USR07825,FAMILY,4,34417,48,1000000,Free,0,Everyone,Educational,2018-08-06,1.0.9,4.1 and up
USR07826,COMMUNICATION,4.2,5599,1.3,100000,Paid,2.9,Everyone,Communication,2018-07-02,6.2.7,1.6 and up
USR07827,WEATHER,4.4,5482,12,1000000,Free,0,Everyone,Weather,2018-08-07,2.42,4.0.3 and up
USR07828,FAMILY,3.5,191,5,50000,Free,0,Everyone,Entertainment,2018-05-18,5,4.1 and up
USR07829,PERSONALIZATION,4.3,1961,6.6,100000,Free,0,Everyone,Personalization,2018-06-29,1,4.1 and up
USR07830,TRAVEL_AND_LOCAL,4.4,22776,55,1000000,Free,0,Everyone,Travel & Local,2018-08-06,4.7.1,5.0 and up
USR07831,VIDEO_PLAYERS,4.7,316,2.8,10000,Free,0,Everyone,Video Players & Editors,2014-07-04,1,4.0 and up
USR07832,FAMILY,5,90,,1000,Free,0,Everyone,Education,2017-08-11,1.5.0,4.4 and up
USR07833,LIFESTYLE,3.8,52,10,10000,Free,0,Everyone,Lifestyle,2017-12-26,1.0.6®,4.0 and up
USR07834,EVENTS,5,3,30,500,Free,0,Everyone,Events,2018-07-02,5.30.01,5.1 and up
USR07835,SOCIAL,4.8,725,3.7,10000,Free,0,Teen,Social,2016-10-12,7.5.3,2.2 and up
USR07836,FAMILY,4.9,107,18,10000,Free,0,Everyone,Entertainment,2016-04-03,1.3,4.0 and up
USR07837,GAME,4.3,697805,7.4,50000000,Free,0,Everyone,Racing,2018-07-03,1.2.13,3.0 and up
USR07838,FAMILY,5,18,1.3,50,Free,0,Everyone,Casual,2018-02-13,1,4.3 and up
USR07839,BOOKS_AND_REFERENCE,4.9,122,26,5000,Free,0,Everyone,Books & Reference,2016-04-10,1.5,2.2 and up
USR07840,LIFESTYLE,4.9,82,5,5000,Free,0,Everyone,Lifestyle,2016-08-07,1,4.1 and up
USR07841,TOOLS,4.9,19,3.3,500,Free,0,Everyone,Tools,2018-06-15,1.8,2.1 and up
USR07842,FAMILY,4.5,6,3.9,1000,Free,0,Everyone,Entertainment,2017-05-31,1,4.0.3 and up
USR07843,FAMILY,4.5,28,5.6,1000,Free,0,Teen,Entertainment,2018-07-20,1.3,5.0 and up
USR07844,FAMILY,5,10,3,10000,Free,0,Everyone,Entertainment,2017-06-26,1.0.9,4.0 and up
USR07845,SOCIAL,5,2,1.8,10,Free,0,Teen,Social,2018-03-18,1,5.0 and up
USR07846,FAMILY,3,1,5.8,100,Free,0,Teen,Entertainment,2018-07-21,1.1,5.0 and up
USR07847,PRODUCTIVITY,4.9,42,38,1000,Free,0,Everyone,Productivity,2018-05-26,1.4,4.0 and up
USR07848,PRODUCTIVITY,5,43,6.2,500,Free,0,Everyone,Productivity,2017-11-07,1.1,4.0.3 and up
USR07849,MEDICAL,5,2,11,100,Free,0,Everyone,Medical,2018-05-23,1.1.0,4.1 and up
USR07850,FAMILY,4.1,182363,62,10000000,Free,0,Everyone,Simulation,2018-07-27,2.1.8,4.1 and up
USR07851,FAMILY,4.1,35,3.1,50000,Free,0,Everyone,Entertainment,2017-06-25,1.3.6,4.0 and up
USR07852,GAME,4.3,192374,56,10000000,Free,0,Everyone,Racing,2018-01-09,Varies with device,5.0 and up
USR07853,PHOTOGRAPHY,4.3,4871,30,1000000,Free,0,Everyone,Photography,2018-03-19,1.0.2,4.1 and up
USR07854,TOOLS,4.1,4234,1.9,1000000,Free,0,Everyone,Tools,2018-05-25,5.3.9,4.0 and up
USR07855,FAMILY,4.7,3,2,1000,Free,0,Everyone,Entertainment,2017-08-10,1,4.1 and up
USR07856,FAMILY,4.9,11,4.3,5000,Free,0,Everyone,Entertainment,2018-03-08,1.2.8,4.0.3 and up
USR07857,PHOTOGRAPHY,4,35725,9.9,1000000,Free,0,Everyone,Photography,2015-02-11,1.4,4.0 and up
USR07858,FAMILY,5,4,2,100,Free,0,Everyone,Entertainment,2017-10-30,1,4.0 and up
USR07859,FAMILY,5,4,2.3,500,Free,0,Everyone,Entertainment,2016-04-23,1,4.0 and up
USR07860,FAMILY,4.6,49210,99,1000000,Free,0,Everyone 10+,Role Playing,2018-07-05,1.2.1107,4.1 and up
USR07861,SOCIAL,4.2,17,5.1,1000,Free,0,Teen,Social,2013-05-25,1.3,2.2 and up
USR07862,LIFESTYLE,3.7,6667,2.7,1000000,Free,0,Everyone,Lifestyle,2018-04-02,2.4.2,4.0 and up
USR07863,FAMILY,5,5,64,100,Free,0,Everyone,Entertainment,2018-01-19,1.1,4.4 and up
USR07864,FAMILY,4.3,31705,49,5000000,Free,0,Everyone,Simulation,2017-11-06,1.7,4.1 and up
USR07865,FAMILY,4,94308,79,10000000,Free,0,Everyone,Simulation,2016-12-25,4.2,2.3.3 and up
USR07866,FAMILY,4.3,32405,47,1000000,Free,0,Everyone,Casual,2014-12-18,1.2.1,4.2 and up
USR07867,FOOD_AND_DRINK,4,848,25,100000,Free,0,Everyone,Food & Drink,2018-02-23,2.1,4.1 and up
USR07868,FAMILY,4,751,49,10000,Paid,0.99,Everyone,Casual,2014-11-04,1.2.9,2.3 and up
USR07869,TRAVEL_AND_LOCAL,3.1,1563,36,100000,Free,0,Everyone,Travel & Local,2018-05-24,4.3,4.2 and up
USR07870,TRAVEL_AND_LOCAL,3.4,595,22,100000,Free,0,Everyone,Travel & Local,2016-01-18,3.4.20.6 / BuyDRM Labgency 4.8.22 / PED,4.0 and up
USR07871,FAMILY,4.2,6133,7,100000,Free,0,Everyone,Education,2015-10-01,6.2,2.3.3 and up
USR07872,FAMILY,4.2,840,60,100000,Free,0,Everyone,Education,2018-06-28,1.1,4.1 and up
USR07873,NEWS_AND_MAGAZINES,4.1,8011,13,500000,Free,0,Everyone 10+,News & Magazines,2018-06-13,4.11.2,4.1 and up
USR07874,NEWS_AND_MAGAZINES,3.4,2436,,100000,Free,0,Everyone,News & Magazines,2018-06-26,Varies with device,Varies with device
USR07875,FAMILY,4,20421,31,1000000,Free,0,Teen,Puzzle,2015-08-20,1.5,2.3 and up
USR07876,FAMILY,3.9,5933,60,1000000,Free,0,Everyone,Educational,2018-03-27,2.6,4.1 and up
USR07877,FAMILY,4.8,36968,16,1000000,Free,0,Everyone,Entertainment,2017-11-03,1.2.9,2.3 and up
USR07878,FAMILY,4.1,3654,25,100000,Free,0,Teen,Puzzle,2017-04-14,1.0.1,4.0 and up
USR07879,FAMILY,4.3,323,3.6,10000,Free,0,Everyone,Entertainment,2018-05-08,1,4.0.3 and up
USR07880,FINANCE,4.3,4642,3.5,100000,Free,0,Everyone,Finance,2018-07-23,5.0.0,4.2 and up
USR07881,FAMILY,4.4,23302,12,5000000,Free,0,Everyone,Puzzle,2018-03-24,1.0.6,4.0 and up
USR07882,TRAVEL_AND_LOCAL,4.4,221,33,10000,Free,0,Everyone,Travel & Local,2018-04-06,2.4,4.1 and up
USR07883,GAME,4.5,1914,24,100000,Free,0,Everyone,Trivia,2018-06-29,3.6.7z,4.0.3 and up
USR07884,TOOLS,4.5,23805,4.1,1000000,Free,0,Everyone,Tools,2017-08-13,2.0.4,4.0.3 and up
USR07885,GAME,4.8,526595,49,10000000,Free,0,Everyone 10+,Arcade,2018-06-26,2.9,4.0.3 and up
USR07886,WEATHER,4.4,279917,,10000000,Free,0,Everyone,Weather,2018-07-18,Varies with device,Varies with device
USR07887,FINANCE,4.5,4254,3.2,100000,Free,0,Everyone,Finance,2017-08-29,2.5,4.0 and up
USR07888,SPORTS,4.6,161423,73,5000000,Free,0,Everyone,Sports,2018-08-01,6.5.3,5.0 and up
USR07889,FAMILY,4.6,834,22,100000,Free,0,Everyone,Puzzle;Education,2018-03-15,1.8.11,4.0 and up
USR07890,TOOLS,4.5,313,4.4,10000,Paid,1.97,Everyone,Tools,2015-03-29,4.1,1.5 and up
USR07891,WEATHER,4.2,67854,,5000000,Free,0,Everyone,Weather,2018-08-02,Varies with device,Varies with device
USR07892,GAME,4.4,18652,63,100000,Paid,2.99,Everyone,Board,2018-07-04,2.1.2,4.4 and up
USR07893,BOOKS_AND_REFERENCE,4.2,87919,,10000000,Free,0,Teen,Books & Reference,2018-05-28,Varies with device,Varies with device
USR07894,LIFESTYLE,4.7,56197,15,1000000,Free,0,Everyone,Lifestyle,2018-08-06,1.6.17,1.6 and up
USR07895,FINANCE,4.5,80904,16,5000000,Free,0,Everyone,Finance,2018-07-05,5.7,4.1 and up
USR07896,MAPS_AND_NAVIGATION,4.2,207440,6.4,10000000,Free,0,Everyone,Maps & Navigation,2018-07-23,7.0.3,4.0 and up
USR07897,MEDICAL,4.5,2923,25,100000,Paid,24.99,Everyone,Medical,2018-05-25,2018.5.47,5.0 and up
USR07898,GAME,4.2,93608,,10000000,Free,0,Everyone,Action,2018-02-09,Varies with device,Varies with device
USR07899,FAMILY,4.7,244797,52,5000000,Free,0,Teen,Strategy,2018-07-30,1.24.09,4.0.3 and up
USR07900,GAME,4.1,7904,21,500000,Free,0,Everyone 10+,Action,2016-10-26,1.6.7,4.0.3 and up
USR07901,PERSONALIZATION,4.1,3175,2.3,500000,Free,0,Everyone,Personalization,2018-04-06,1.0.6,4.1 and up
USR07902,GAME,4.6,1123190,,10000000,Free,0,Teen,Card,2018-08-07,Varies with device,Varies with device
USR07903,GAME,4.4,1218,15,500000,Free,0,Everyone 10+,Action,2018-03-06,1.0.9,2.3 and up
USR07904,FAMILY,4.5,49381,6.8,1000000,Free,0,Everyone,Puzzle,2018-06-25,1.0.17,2.0 and up
USR07905,GAME,3.8,2102,40,100000,Free,0,Everyone 10+,Action,2015-09-11,1.1.3,4.0.3 and up
USR07906,GAME,3.9,7972,88,500000,Free,0,Teen,Action,2017-08-12,56,4.1 and up
USR07907,GAME,3.5,4416,59,500000,Free,0,Teen,Casino,2017-01-18,2.1.7,4.0.3 and up
USR07908,GAME,3.8,3543,,1000000,Free,0,Teen,Card,2018-03-10,Varies with device,Varies with device
USR07909,PERSONALIZATION,4.2,35,0.023,1000,Paid,3.99,Everyone,Personalization,2016-04-02,1,4.1 and up
USR07910,GAME,4.6,190274,46,5000000,Free,0,Everyone,Arcade,2018-07-09,Varies with device,4.1 and up
USR07911,FAMILY,3.7,2850,39,500000,Free,0,Everyone,Puzzle,2018-02-09,23,2.3 and up
USR07912,FAMILY,4.4,7006,6.9,1000000,Free,0,Everyone,Education,2016-10-23,1.17,2.3 and up
USR07913,GAME,3.6,12846,14,1000000,Free,0,Teen,Casino,2017-12-29,3.3,4.1 and up
USR07914,FAMILY,3.4,2714,52,500000,Free,0,Mature 17+,Casual,2017-11-19,1.1.8,4.1 and up
USR07915,GAME,4,21,14,5000,Paid,0.99,Everyone,Card,2017-09-10,1.3,5.0 and up
USR07916,GAME,4.3,6143,37,100000,Free,0,Teen,Casino,2018-07-25,Varies with device,4.0.3 and up
USR07917,SPORTS,4.3,91035,,5000000,Free,0,Everyone,Sports,2018-08-04,Varies with device,5.0 and up
USR07918,GAME,4.5,32831,24,500000,Free,0,Teen,Casino,2017-05-12,17.05.11,4.0.3 and up
USR07919,FAMILY,4.4,2941,28,100000,Free,0,Teen,Simulation,2018-07-31,2.4.1343-prod,4.0.3 and up
USR07920,GAME,4.5,197979,,1000000,Free,0,Teen,Card,2018-08-07,Varies with device,Varies with device
USR07921,GAME,4.1,2208,4.4,500000,Free,0,Everyone,Arcade,2018-05-24,2.0.8,4.1 and up
USR07922,GAME,4.4,1986068,52,50000000,Free,0,Teen,Casino,2018-07-25,21.54,4.1 and up
USR07923,GAME,4.3,71468,51,1000000,Free,0,Teen,Card,2018-06-12,5.8.0,4.1 and up
USR07924,GAME,4.5,910051,76,10000000,Free,0,Teen,Card,2018-08-02,5.11.0,4.1 and up
USR07925,FAMILY,4.5,6673,4.4,500000,Free,0,Everyone,Puzzle,2016-09-23,1.0.7,2.0 and up
USR07926,SPORTS,4.2,277939,,5000000,Free,0,Mature 17+,Sports,2018-08-02,Varies with device,Varies with device
USR07927,GAME,4.5,114479,26,5000000,Free,0,Teen,Card,2017-12-20,4.7.0,3.0 and up
USR07928,GAME,4.3,1489,67,100000,Free,0,Teen,Action,2018-05-13,Varies with device,4.1 and up
USR07929,GAME,4.1,8608,46,500000,Free,0,Teen,Casino,2018-05-17,1.4.5,4.1 and up
USR07930,GAME,4.6,14989,78,500000,Free,0,Teen,Card,2018-07-06,1.9.2,4.0.3 and up
USR07931,SPORTS,4.3,7107,33,100000,Free,0,Everyone,Sports,2015-12-16,1.1.1,4.0.3 and up
USR07932,GAME,4,127831,26,10000000,Free,0,Teen,Card,2017-12-20,4.7.0,3.0 and up
USR07933,TOOLS,4.4,211308,,10000000,Free,0,Everyone,Tools,2018-08-02,Varies with device,4.1 and up
USR07934,GAME,4.4,382100,,10000000,Free,0,Teen,Casino,2018-07-11,Varies with device,Varies with device
USR07935,SPORTS,4.6,200,3,1000,Paid,2.49,Everyone,Sports,2018-08-02,3.9.1,5.0 and up
USR07936,GAME,4.6,291941,90,10000000,Free,0,Everyone 10+,Action,2018-07-27,6.3.2,4.0.3 and up
USR07937,GAME,4.3,187200,28,10000000,Free,0,Teen,Card,2018-07-31,18.4.0,4.1 and up
USR07938,GAME,4.3,246538,60,5000000,Free,0,Teen,Card,2018-03-06,3.0.8,2.3 and up
USR07939,GAME,4.2,177542,40,10000000,Free,0,Everyone,Arcade,2016-05-02,1.0.7,2.3 and up
USR07940,FAMILY,4,26202,41,1000000,Free,0,Teen,Role Playing,2018-05-05,1.1.700,2.3 and up
USR07941,FAMILY,4.6,750321,,10000000,Free,0,Everyone,Education,2018-08-07,Varies with device,Varies with device
USR07942,BOOKS_AND_REFERENCE,4.5,454412,,10000000,Free,0,Everyone,Books & Reference,2018-05-18,Varies with device,Varies with device
USR07943,FAMILY,3.8,6577,13,1000000,Free,0,Everyone,Education,2017-07-23,1.28,4.1 and up
USR07944,GAME,4.3,711719,,10000000,Free,0,Everyone,Word,2018-07-11,Varies with device,Varies with device
USR07945,NEWS_AND_MAGAZINES,4.3,47069,,5000000,Free,0,Everyone 10+,News & Magazines,2018-06-25,Varies with device,Varies with device
USR07946,BOOKS_AND_REFERENCE,4.9,922752,,10000000,Free,0,Everyone,Books & Reference,2018-06-15,Varies with device,Varies with device
USR07947,FAMILY,4,7243,42,1000000,Free,0,Everyone,Education,2016-12-06,5.13,2.3 and up
USR07948,TOOLS,4.5,57076,35,100000,Paid,4.49,Everyone,Tools,2018-07-24,Paid-9.4.1.3,4.1 and up
USR07949,FAMILY,4.1,200214,18,10000000,Free,0,Everyone,Education,2018-08-06,9.12.6,4.0.3 and up
USR07950,FAMILY,4.5,7881,53,500000,Free,0,Everyone,Education,2018-05-06,7,4.0 and up
USR07951,COMMUNICATION,4.2,44233,31,10000000,Free,0,Everyone,Communication,2018-07-02,Fennec-52.9.0esr/TorBrowser-7.5-1/Orfox-1.5.4-RC-1,4.0.3 and up
USR07952,NEWS_AND_MAGAZINES,4.4,291901,4.3,10000000,Free,0,Mature 17+,News & Magazines,2018-07-20,2.6.0,4.1 and up
USR07953,TOOLS,4.4,121304,,10000000,Free,0,Everyone,Tools,2018-03-11,Varies with device,Varies with device
USR07954,FAMILY,4,5118,11,1000000,Free,0,Everyone,Education,2018-03-02,1.4.1,2.3 and up
USR07955,TOOLS,4.3,24175,8.5,5000000,Free,0,Everyone,Tools,2015-10-30,1.0.612931,5.0 and up
USR07956,FAMILY,4.3,207294,21,10000000,Free,0,Everyone 10+,Education,2018-08-01,13.9.0.161,5.0 and up
USR07957,GAME,4.4,135739,,5000000,Free,0,Everyone,Word,2018-08-07,Varies with device,Varies with device
USR07958,PRODUCTIVITY,4.4,162831,43,5000000,Free,0,Everyone,Productivity,2018-08-01,8.1.01,4.1 and up
USR07959,FAMILY,4,10773,10,1000000,Free,0,Everyone,Education,2017-11-29,8.02,4.1 and up
USR07960,FAMILY,4.7,61600,3.4,1000000,Free,0,Everyone,Education,2018-02-24,3.1,2.3 and up
USR07961,SPORTS,4.2,75566,,5000000,Free,0,Everyone,Sports,2018-07-23,Varies with device,Varies with device
USR07962,GAME,4.5,1375988,15,50000000,Free,0,Everyone,Board,2018-06-07,2.72,4.1 and up
USR07963,BOOKS_AND_REFERENCE,4.1,364452,7.1,10000000,Free,0,Everyone,Books & Reference,2018-07-11,9.1.363,4.1 and up
USR07964,BOOKS_AND_REFERENCE,4.4,384368,,10000000,Free,0,Everyone,Books & Reference,2018-08-04,Varies with device,Varies with device
USR07965,BOOKS_AND_REFERENCE,4.1,71328,11,5000000,Free,0,Everyone,Books & Reference,2017-06-11,BlueOrange,4.0.3 and up
USR07966,FINANCE,4.3,95,1.5,10000,Free,0,Everyone,Finance,2018-06-05,0.3,4.0.3 and up
USR07967,BUSINESS,3.5,13,21,1000,Free,0,Teen,Business,2017-09-20,1.0.3,4.4 and up
USR07968,HEALTH_AND_FITNESS,4.7,416,34,10000,Paid,6.99,Everyone,Health & Fitness,2018-07-02,1.3.7,4.1 and up
USR07969,BUSINESS,2.6,13,8.9,1000,Free,0,Everyone,Business,2016-10-20,3.2,4.1 and up
USR07970,BUSINESS,4.2,8,19,100,Free,0,Teen,Business,2018-04-25,1.0.23,4.1 and up
USR07971,EVENTS,5,1,,10,Free,0,Everyone,Events,2018-05-15,1.0.3,4.1 and up
USR07972,LIFESTYLE,4.3,102,41,10000,Free,0,Everyone,Lifestyle,2016-11-24,2.0.0,4.0.3 and up
USR07973,FAMILY,4.4,15105,36,1000000,Free,0,Everyone,Education,2018-06-11,3.1.8,4.3 and up
USR07974,FAMILY,4.3,34514,60,5000000,Free,0,Everyone,Puzzle;Brain Games,2018-07-20,1.2.8,4.1 and up
USR07975,FAMILY,4.1,288606,92,10000000,Free,0,Everyone,Adventure;Education,2018-05-08,2.7.4,4.0 and up
USR07976,FAMILY,4.3,151374,54,10000000,Free,0,Everyone,Role Playing;Brain Games,2018-06-05,1.2.7,4.1 and up
USR07977,FAMILY,4.5,2062,42,500000,Free,0,Everyone,Strategy;Education,2018-06-14,1.0.9,4.0 and up
USR07978,FAMILY,4.6,6231,31,1000000,Free,0,Everyone,Educational;Pretend Play,2018-07-13,2.6,4.0.3 and up
USR07979,FAMILY,4.6,50060,98,1000000,Free,0,Everyone,Puzzle;Brain Games,2018-08-07,1.4.83,4.1 and up
USR07980,FAMILY,4.7,188740,69,1000000,Paid,1.99,Everyone,Puzzle;Brain Games,2018-07-05,1.16.0,4.2 and up
USR07981,FAMILY,4.3,1574546,37,50000000,Free,0,Everyone,Puzzle;Action & Adventure,2018-07-27,6.7.0,4.2 and up
USR07982,FAMILY,4.2,23292,20,1000000,Free,0,Everyone,Simulation,2017-09-19,1.4,2.3 and up
USR07983,FAMILY,4.5,43852,77,10000000,Free,0,Everyone,Role Playing;Pretend Play,2018-07-19,1.9.10,4.1 and up
USR07984,FAMILY,4.3,13330,73,1000000,Free,0,Everyone,Puzzle;Brain Games,2018-05-24,2,4.1 and up
USR07985,FAMILY,4.5,46369,33,10000000,Free,0,Everyone,Educational;Brain Games,2018-07-13,2.3,4.0.3 and up
USR07986,TOOLS,3.5,1960,2.7,1000000,Free,0,Everyone,Tools,2018-08-04,2.5,4.1 and up
USR07987,GAME,4.3,2178,57,500000,Free,0,Everyone,Racing,2018-03-28,1.1,4.1 and up
USR07988,FAMILY,4.6,29155,83,1000000,Free,0,Everyone,Educational;Pretend Play,2018-07-26,1.0.4,4.1 and up
USR07989,FAMILY,4.5,2200,73,1000000,Free,0,Everyone,Racing;Pretend Play,2018-07-23,1.1.0,4.1 and up
USR07990,FAMILY,4.3,1842381,,50000000,Free,0,Teen,Simulation,2018-07-31,Varies with device,Varies with device
USR07991,FAMILY,4.4,1516,44,50000,Paid,2.99,Everyone,Role Playing,2017-11-27,1.0.4,4.2 and up
USR07992,FAMILY,3.4,9,28,500,Free,0,Everyone,Entertainment,2016-09-28,314007,4.3 and up
USR07993,MEDICAL,4.3,267,2.3,50000,Free,0,Everyone,Medical,2018-07-08,2.18,4.0 and up
USR07994,COMMUNICATION,3.8,4,0.871,100,Free,0,Everyone,Communication,2018-07-16,0.99,4.0.3 and up
USR07995,FAMILY,4.5,144,70,1000,Paid,2.99,Teen,Role Playing,2018-01-26,1.0.0,4.2 and up
USR07996,LIFESTYLE,5,2,8.8,100,Free,0,Everyone,Lifestyle,2017-01-14,1,4.1 and up
USR07997,LIFESTYLE,4.9,18,24,1000,Free,0,Everyone,Lifestyle,2018-03-28,4.0.2,4.0.3 and up
USR07998,FAMILY,5,3,0.15,50,Free,0,Everyone,Entertainment,2018-03-26,1,3.0 and up
USR07999,GAME,4.2,5449,20,500000,Free,0,Everyone 10+,Action,2016-09-13,1.0.3386,4.1 and up
USR08000,GAME,4.3,5731,31,1000000,Free,0,Mature 17+,Adventure,2018-01-02,1.1.5,4.1 and up
USR08001,GAME,4.4,11023,16,100000,Paid,3.99,Teen,Adventure,2018-01-26,1.0.20,2.3 and up
USR08002,MEDICAL,2.3,11,12,500,Free,0,Everyone,Medical,2018-07-12,1000000.6,4.1 and up
USR08003,BOOKS_AND_REFERENCE,4.7,14,27,1000,Free,0,Everyone,Books & Reference,2018-03-05,1.9,4.1 and up
USR08004,TOOLS,4.4,13,1.5,100,Free,0,Everyone,Tools,2015-02-20,4,4.0 and up
USR08005,FAMILY,4.3,11,20,500,Paid,1.99,Everyone 10+,Action;Action & Adventure,2016-05-03,1.0.3289,4.1 and up
USR08006,GAME,4.4,3017,39,500000,Free,0,Mature 17+,Adventure,2018-01-02,1.3.7,4.3 and up
USR08007,GAME,4,454,27,10000,Free,0,Teen,Arcade,2014-12-02,1,2.3 and up
USR08008,GAME,3.6,5291,7.2,100000,Free,0,Teen,Adventure,2014-05-24,2,2.2 and up
USR08009,FAMILY,4.1,39661,47,1000000,Free,0,Teen,Role Playing,2018-08-02,1.10.4,5.0 and up
USR08010,GAME,4.6,79,31,1000,Free,0,Everyone 10+,Action,2016-01-17,1.1.0,2.3 and up
USR08011,FAMILY,3.9,249,21,10000,Free,0,Everyone,Casual;Brain Games,2016-04-10,1.2.2,2.3 and up
USR08012,GAME,4.4,7,34,100,Free,0,Everyone,Adventure,2016-10-07,1.1,2.3 and up
USR08013,GAME,3.7,8014,37,100000,Paid,2.99,Everyone,Arcade,2016-04-04,1.5.0,2.2 and up
USR08014,VIDEO_PLAYERS,3.9,141515,5.7,10000000,Free,0,Teen,Video Players & Editors,2014-04-23,0.6.0,2.3 and up
USR08015,FAMILY,4.3,254861,52,10000000,Free,0,Teen,Simulation,2018-08-01,1.20.3,4.4 and up
USR08016,FAMILY,4.1,227,69,10000,Free,0,Teen,Educational,2018-06-21,1.2,4.0 and up
USR08017,FAMILY,3.6,19601,56,1000000,Free,0,Everyone 10+,Casual,2018-06-06,1.0.4,4.1 and up
USR08018,FAMILY,3.5,2580,53,100000,Free,0,Everyone,Simulation,2018-07-06,10,4.1 and up
USR08019,FAMILY,3.9,1938,62,1000000,Free,0,Teen,Educational,2018-05-25,1.6,4.1 and up
USR08020,FAMILY,3.9,519,76,100000,Free,0,Everyone,Simulation,2018-08-07,12,4.1 and up
USR08021,FAMILY,3.8,1652,71,100000,Free,0,Everyone,Simulation,2018-07-11,10,4.1 and up
USR08022,FAMILY,4,39647,72,10000000,Free,0,Everyone 10+,Casual,2017-09-30,1.7,4.0.3 and up
USR08023,FAMILY,4.5,74,2.8,5000,Free,0,Everyone,Entertainment,2017-11-22,2,4.0.3 and up
USR08024,FAMILY,3.6,12781,51,1000000,Free,0,Everyone,Casual;Pretend Play,2018-06-06,1.0.9,4.1 and up
USR08025,FAMILY,3.9,314,28,100000,Free,0,Everyone,Casual,2018-01-15,1.1,5.1 and up
USR08026,FAMILY,4.3,429,40,100000,Free,0,Everyone,Educational,2018-07-19,2,4.1 and up
USR08027,FAMILY,4,325,27,50000,Free,0,Everyone,Educational,2018-06-12,1.2,4.1 and up
USR08028,MEDICAL,4.2,980,,50000,Free,0,Everyone,Medical,2018-08-04,2.2.2926,Varies with device
USR08029,FAMILY,3.7,3482,37,500000,Free,0,Everyone,Casual,2018-08-07,1.6,4.4 and up
USR08030,FAMILY,3.9,55,46,10000,Free,0,Teen,Educational,2017-11-07,1.0.1,4.0 and up
USR08031,FAMILY,4.2,2801,50,500000,Free,0,Everyone,Casual,2017-03-22,1,4.0.3 and up
USR08032,FAMILY,3.5,173,49,10000,Free,0,Everyone,Educational,2018-01-26,1.0.0,4.1 and up
USR08033,FAMILY,4,154,58,50000,Free,0,Teen,Educational,2018-06-13,1.8,4.0.3 and up
USR08034,FAMILY,3.8,25,41,1000,Free,0,Teen,Educational,2017-07-21,1.1,2.3 and up
USR08035,FAMILY,4.1,290,73,10000,Free,0,Teen,Role Playing,2018-05-23,1,4.3 and up
USR08036,FAMILY,4.2,23,33,1000,Free,0,Teen,Casual,2018-04-03,1,4.1 and up
USR08037,FAMILY,4.1,214,46,100000,Free,0,Teen,Casual,2016-12-22,1,4.0.3 and up
USR08038,FAMILY,4.4,12,19,1000,Free,0,Teen,Casual,2018-04-20,1,2.3 and up
USR08039,FAMILY,3.7,52,32,10000,Free,0,Everyone 10+,Role Playing,2018-02-26,1,4.1 and up
USR08040,FAMILY,4.7,54,92,1000,Free,0,Teen,Role Playing,2018-06-25,1,4.3 and up
USR08041,FAMILY,3.8,20,55,5000,Free,0,Teen,Educational,2018-02-23,1.1,4.0 and up
USR08042,FAMILY,4,2936,45,500000,Free,0,Everyone,Simulation,2017-10-26,1.5,4.0 and up
USR08043,FAMILY,4.2,3263,47,1000000,Free,0,Everyone 10+,Role Playing,2018-05-29,2.6.4,4.1 and up
USR08044,FAMILY,3.8,515,85,100000,Free,0,Everyone,Simulation,2018-07-20,7,4.1 and up
USR08045,FAMILY,3.9,2510,48,500000,Free,0,Everyone 10+,Educational,2018-07-19,2.1,4.1 and up
USR08046,FAMILY,4,1130,77,100000,Free,0,Teen,Educational,2018-05-15,1.4,4.0 and up
USR08047,FAMILY,3.1,4798,30,500000,Free,0,Teen,Casual,2018-06-13,1.9,4.0.3 and up
USR08048,PRODUCTIVITY,5,3,28,10,Free,0,Everyone,Productivity,2016-12-06,0.1.7,4.1 and up
USR08049,FAMILY,3.5,246,35,50000,Free,0,Teen,Casual,2016-09-23,1,2.3 and up
USR08050,FINANCE,4.1,54,5.8,5000,Free,0,Everyone,Finance,2018-03-20,1.5,4.0 and up
USR08051,FAMILY,4.5,51,39,5000,Free,0,Everyone,Casual,2018-04-16,2.1,4.1 and up
USR08052,FAMILY,4.7,7,25,1000,Free,0,Teen,Casual,2018-04-05,1,4.1 and up
USR08053,FAMILY,4.1,120,32,10000,Free,0,Everyone,Casual,2018-03-13,2,4.1 and up
USR08054,FAMILY,3.9,1909,84,100000,Free,0,Teen,Educational,2018-06-13,2.1,4.0.3 and up
USR08055,FAMILY,4,286,60,100000,Free,0,Everyone,Simulation,2018-06-28,4,4.0.3 and up
USR08056,MEDICAL,4.3,6,5.3,1000,Free,0,Everyone,Medical,2017-03-16,1.4,2.3 and up
USR08057,FAMILY,3.1,269,39,50000,Free,0,Teen,Educational,2017-06-03,1,4.0 and up
USR08058,MEDICAL,4.2,19,20,1000,Free,0,Everyone 10+,Medical,2017-09-21,1.8.3,4.1 and up
USR08059,FAMILY,4.1,58104,17,5000000,Free,0,Teen,Entertainment,2018-07-05,4.18.1,4.1 and up
USR08060,FAMILY,4.4,175509,,10000000,Free,0,Everyone,Entertainment,2018-08-07,Varies with device,Varies with device
USR08061,TRAVEL_AND_LOCAL,3.2,58,0.018,5000,Free,0,Everyone,Travel & Local,2017-02-27,1.1,1.6 and up
USR08062,FAMILY,3.3,10449,29,1000000,Free,0,Teen,Educational,2016-12-02,1.7,2.3 and up
USR08063,COMMUNICATION,4.3,230564,,10000000,Free,0,Everyone,Communication,2018-07-31,Varies with device,Varies with device
USR08064,PRODUCTIVITY,4.7,81614,6.6,500000,Paid,2.99,Everyone,Productivity,2018-07-11,Pro 1.1.4.1,4.0 and up
USR08065,BUSINESS,4.3,171771,3.2,10000000,Free,0,Everyone,Business,2018-01-15,2.0.6.4,2.1 and up
USR08066,VIDEO_PLAYERS,4.2,1236,0.032,100000,Free,0,Everyone,Video Players & Editors,2013-07-17,1.1,2.2 and up
USR08067,PRODUCTIVITY,4.7,5867,4.4,100000,Free,0,Everyone,Productivity,2017-10-31,1.0.2.9,4.0 and up
USR08068,TOOLS,4.3,32207,3.4,1000000,Free,0,Everyone,Tools,2017-08-16,1.1.8.2,2.1 and up
USR08069,LIBRARIES_AND_DEMO,4.2,23859,0.84,1000000,Free,0,Everyone,Libraries & Demo,2014-10-29,1,4.0 and up
USR08070,PRODUCTIVITY,4.2,14428,1.2,1000000,Free,0,Everyone,Productivity,2015-12-03,2.0.3,2.2 and up
USR08071,PRODUCTIVITY,4.2,4737,1.7,500000,Free,0,Everyone,Productivity,2015-11-26,2.0.3,2.0 and up
USR08072,TOOLS,4.1,278,2.8,100000,Free,0,Everyone,Tools,2018-07-02,3.1.5,4.0 and up
USR08073,TOOLS,4.2,7851,0.355,1000000,Free,0,Everyone,Tools,2017-08-22,2.0.7,4.0 and up
USR08074,TOOLS,4.3,20865,2.2,1000000,Free,0,Everyone,Tools,2015-10-30,2.0.3,2.1 and up
USR08075,PERSONALIZATION,4.4,77609,1.9,1000000,Free,0,Everyone,Personalization,2015-04-24,1.14,1.6 and up
USR08076,TOOLS,4.3,11449,1.7,500000,Free,0,Everyone,Tools,2016-02-02,2.0.4,2.0 and up
USR08077,TOOLS,3.5,11,3,1000,Free,0,Everyone,Tools,2018-03-17,1.2,4.2 and up
USR08078,TOOLS,4.3,940,0.378,100000,Free,0,Everyone,Tools,2017-08-24,2.0.7,4.0 and up
USR08079,VIDEO_PLAYERS,1.8,26,2.7,5000,Free,0,Everyone,Video Players & Editors,2016-09-29,1,4.2 and up
USR08080,TOOLS,4.2,513,2,50000,Free,0,Everyone,Tools,2018-05-06,5.0.5,4.0 and up
USR08081,TOOLS,4.2,24,5,1000,Free,0,Everyone,Tools,2017-12-27,1.1.6,4.2 and up
USR08082,TOOLS,4.6,78,0.366,10000,Free,0,Everyone,Tools,2018-04-01,0.6,4.3 and up
USR08083,VIDEO_PLAYERS,4,944,11,50000,Free,0,Everyone,Video Players & Editors,2017-10-15,4.2.1,4.1 and up
USR08084,TOOLS,4.3,249,0.611,10000,Free,0,Everyone,Tools,2013-08-08,1.4,1.6 and up
USR08085,TOOLS,5,19,11,500,Free,0,Everyone,Tools,2018-03-11,3.4.7.2.16,4.1 and up
USR08086,TOOLS,3.8,24,2.9,5000,Free,0,Everyone,Tools,2018-03-17,1.1,4.2 and up
USR08087,TOOLS,4.3,3509,6.5,1000000,Free,0,Everyone,Tools,2015-10-30,1.0.612919,5.0 and up
USR08088,TOOLS,3,4,2,1000,Free,0,Everyone,Tools,2016-03-16,1,2.2 and up
USR08089,PRODUCTIVITY,5,1,4.2,100,Free,0,Everyone,Productivity,2018-05-17,1,4.1 and up
USR08090,BUSINESS,4.7,10,,100,Free,0,Everyone,Business,2017-04-28,Varies with device,4.0.3 and up
USR08091,FAMILY,4.6,380,6.7,10000,Free,0,Everyone,Entertainment,2014-03-11,1,4.3 and up
USR08092,TOOLS,4.4,669901,,50000000,Free,0,Everyone,Tools,2018-08-07,Varies with device,Varies with device
USR08093,FAMILY,4.7,7252,9.2,500000,Free,0,Everyone,Education,2018-08-02,3.3.1-build-02-08-2018-19-release,4.0 and up
USR08094,BUSINESS,5,3,4.7,100,Free,0,Everyone,Business,2018-05-17,1.2,4.1 and up
USR08095,TOOLS,4.8,337532,15,10000000,Free,0,Everyone,Tools,2018-07-11,V1-180703,4.4 and up
USR08096,PRODUCTIVITY,3,460,0.157,50000,Free,0,Everyone,Productivity,2016-01-05,1.5.9,4.0.3 and up
USR08097,FAMILY,4.6,584070,24,5000000,Free,0,Everyone 10+,Strategy,2018-07-18,1.4.1,4.1 and up
USR08098,FOOD_AND_DRINK,4.6,438,1.7,10000,Free,0,Everyone,Food & Drink,2017-08-01,2.2.3,3.0 and up
USR08099,TOOLS,4.1,38679,5.9,10000000,Free,0,Everyone,Tools,2018-02-01,v3.7.93,5.0 and up
USR08100,FAMILY,4.6,1553,9.2,100000,Free,0,Everyone,Education,2018-08-02,3.3.1-build-02-08-2018-19-release,4.0 and up
USR08101,FAMILY,4.5,1303,13,100000,Free,0,Everyone,Entertainment,2018-07-24,1.7.2,4.1 and up
USR08102,NEWS_AND_MAGAZINES,4.3,93708,,5000000,Free,0,Everyone,News & Magazines,2018-07-09,Varies with device,Varies with device
USR08103,FINANCE,4.2,24980,9.2,1000000,Free,0,Everyone,Finance,2018-07-16,2.1.3,4.1 and up
USR08104,FAMILY,3.9,61230,,10000000,Free,0,Teen,Entertainment,2018-07-19,Varies with device,Varies with device
USR08105,NEWS_AND_MAGAZINES,4.7,273,6.3,10000,Free,0,Everyone,News & Magazines,2018-08-07,2.9.0,4.1 and up
USR08106,NEWS_AND_MAGAZINES,4.9,58,3.8,500,Paid,2.99,Everyone,News & Magazines,2018-05-26,1.1.1,5.0 and up
USR08107,NEWS_AND_MAGAZINES,4.3,39,4.2,5000,Free,0,Everyone,News & Magazines,2018-04-18,1.0.4,4.1 and up
USR08108,BOOKS_AND_REFERENCE,4.4,1877,5.7,100000,Free,0,Everyone,Books & Reference,2017-03-21,2.4.1,4.1 and up
USR08109,FAMILY,3.6,569,18,100000,Free,0,Everyone,Educational;Education,2014-06-13,1.2,2.2 and up
USR08110,FAMILY,4.6,302,9.9,100000,Free,0,Everyone,Education,2018-01-02,1,4.0 and up
USR08111,TRAVEL_AND_LOCAL,4.5,932870,,50000000,Free,0,Everyone,Travel & Local,2018-07-27,8.3.3-Google,4.0.3 and up
USR08112,FAMILY,3.9,859,5.3,100000,Free,0,Teen,Entertainment,2017-02-18,0.0.2,4.1 and up
USR08113,FAMILY,4.3,979,9.9,100000,Free,0,Everyone,Education,2018-07-30,2,4.0 and up
USR08114,SOCIAL,4.8,3782,63,50000,Free,0,Teen,Social,2018-07-13,1.8.19106,4.0.3 and up
USR08115,FAMILY,3.7,24137,,5000000,Free,0,Everyone,Education,2018-06-25,Varies with device,Varies with device
USR08116,FINANCE,4.4,281635,,5000000,Free,0,Everyone,Finance,2018-08-06,Varies with device,Varies with device
USR08117,FINANCE,4.2,24666,,1000000,Free,0,Everyone,Finance,2018-07-13,Varies with device,Varies with device
USR08118,TRAVEL_AND_LOCAL,4.3,2339098,,100000000,Free,0,Everyone,Travel & Local,2018-06-18,9.2.17.13,4.1 and up
USR08119,SHOPPING,4.6,1371082,,50000000,Free,0,Teen,Shopping,2018-08-03,Varies with device,Varies with device
USR08120,PHOTOGRAPHY,4.5,1536512,,50000000,Free,0,Everyone,Photography,2018-07-17,Varies with device,Varies with device
USR08121,NEWS_AND_MAGAZINES,3.9,878065,13,1000000000,Free,0,Teen,News & Magazines,2018-08-01,5.2.0,4.4 and up
USR08122,FAMILY,4.3,398746,,10000000,Free,0,Everyone 10+,Strategy,2018-08-06,Varies with device,4.1 and up
USR08123,FAMILY,4.4,70883,31,1000000,Free,0,Everyone,Puzzle;Creativity,2018-08-07,1.7.6,4.2 and up
USR08124,SOCIAL,4,163679,,5000000,Free,0,Mature 17+,Social,2018-08-01,Varies with device,Varies with device
USR08125,FAMILY,4.7,1719,,50000,Paid,4.99,Teen,Education,2018-05-31,Varies with device,Varies with device
USR08126,PRODUCTIVITY,4.3,201718,35,10000000,Free,0,Everyone,Productivity,2018-07-11,4.6.15,4.1 and up
USR08127,GAME,4.5,49971,61,5000000,Free,0,Everyone,Arcade,2017-08-29,1.3.1,4.0.3 and up
USR08128,PHOTOGRAPHY,4.2,1260143,,50000000,Free,0,Everyone,Photography,2018-07-12,Varies with device,Varies with device
USR08129,NEWS_AND_MAGAZINES,4.2,522205,,10000000,Free,0,Everyone,News & Magazines,2018-08-07,Varies with device,Varies with device
USR08130,SOCIAL,4.8,1264084,62,10000000,Free,0,Teen,Social,2018-08-07,1.8.19179,4.0.3 and up
USR08131,HEALTH_AND_FITNESS,4.6,251618,93,10000000,Free,0,Everyone,Health & Fitness,2018-07-18,5.14.0,5.0 and up
USR08132,FAMILY,4.5,174215,93,10000000,Free,0,Everyone,Simulation,2018-08-03,2.5.2,4.1 and up
USR08133,COMMUNICATION,4,122512,0.077,10000000,Free,0,Everyone,Communication,2015-09-02,0.1.100944346,4.0.3 and up
USR08134,HEALTH_AND_FITNESS,4.2,112384,5,5000000,Free,0,Everyone,Health & Fitness,2018-02-23,2.1.0,4.1 and up
USR08135,TOOLS,4.1,108169,,10000000,Free,0,Everyone,Tools,2018-06-25,Varies with device,Varies with device
USR08136,TRAVEL_AND_LOCAL,4.7,193364,33,5000000,Free,0,Everyone,Travel & Local,2018-06-07,17.4.1,4.0.3 and up
USR08137,FAMILY,4.2,1260903,8.7,50000000,Free,0,Everyone,Entertainment,2018-08-02,3.4.8,4.1 and up
USR08138,HEALTH_AND_FITNESS,4.6,95201,61,5000000,Free,0,Everyone,Health & Fitness,2018-07-09,2.4.1,4.1 and up
USR08139,PHOTOGRAPHY,4.5,223941,,10000000,Free,0,Everyone,Photography,2018-08-06,Varies with device,Varies with device
USR08140,FINANCE,3.9,460,6.1,100000,Free,0,Everyone,Finance,2018-07-16,1.6,4.0 and up
USR08141,FAMILY,3.6,688,26,50000,Free,0,Everyone,Simulation,2016-09-20,1.2,4.0.3 and up
USR08142,BOOKS_AND_REFERENCE,4.6,33,37,1000,Free,0,Everyone,Books & Reference,2017-01-16,1.0.3,4.0 and up
USR08143,PERSONALIZATION,3.4,730,2.3,100000,Free,0,Everyone,Personalization,2013-11-18,1.95,2.1 and up
USR08144,TRAVEL_AND_LOCAL,4.2,556,4.4,50000,Free,0,Everyone,Travel & Local,2018-07-25,1.95,4.0 and up
USR08145,TRAVEL_AND_LOCAL,3.4,39,32,1000,Paid,2.56,Everyone,Travel & Local,2013-07-20,1.3.1,2.2 and up
USR08146,PRODUCTIVITY,3.6,47,0.858,5000,Free,0,Everyone,Productivity,2017-12-19,9,4.2 and up
USR08147,PERSONALIZATION,4.2,36,5.3,1000,Free,0,Everyone,Personalization,2016-12-10,2,2.3.3 and up
USR08148,BOOKS_AND_REFERENCE,3.5,29,17,1000,Free,0,Everyone,Books & Reference,2016-07-15,2,4.0.3 and up
USR08149,PERSONALIZATION,4.3,88,4.2,1000,Free,0,Everyone,Personalization,2018-01-24,7,4.0.3 and up
USR08150,COMMUNICATION,3.9,33,3.4,5000,Free,0,Everyone,Communication,2017-01-06,2.3.0,4.1 and up
USR08151,PERSONALIZATION,4.3,444,12,10000,Paid,0.99,Everyone,Personalization,2013-11-18,1.95,2.1 and up
USR08152,BUSINESS,3.6,60,1.8,10000,Free,0,Everyone,Business,2018-06-01,1.5.1,4.1 and up
USR08153,TRAVEL_AND_LOCAL,3.9,442,2.5,50000,Free,0,Everyone,Travel & Local,2018-01-16,1.1.3,4.0.3 and up
USR08154,FINANCE,4.3,70,3.9,10000,Free,0,Everyone,Finance,2018-05-14,1.3,4.0.3 and up
USR08155,PRODUCTIVITY,3.7,87,2,10000,Free,0,Everyone,Productivity,2018-04-12,37,4.0.3 and up
USR08156,FAMILY,3.8,4,13,100,Free,0,Everyone,Education,2017-05-15,3.2.1,4.1 and up
USR08157,GAME,4.1,13,16,500,Free,0,Everyone,Trivia,2016-03-02,1.5,2.2 and up
USR08158,TRAVEL_AND_LOCAL,4.1,1865,22,100000,Free,0,Everyone,Travel & Local,2018-06-28,10.7.1388,4.4 and up
USR08159,BUSINESS,4.7,68,3.5,10000,Free,0,Everyone,Business,2017-05-11,1.1.10,4.4 and up
USR08160,GAME,4.1,66894,,1000000,Free,0,Everyone 10+,Racing,2018-07-21,Varies with device,Varies with device
USR08161,FAMILY,1.9,141,65,1000,Free,0,Everyone,Educational,2018-03-06,1.8.2,4.3 and up
USR08162,SOCIAL,3.6,9,21,1000,Free,0,Teen,Social,2018-07-05,1.2.0,4.4 and up
USR08163,COMMUNICATION,3.8,19,21,500,Free,0,Everyone,Communication,2018-04-19,1.1.0,4.1 and up
USR08164,NEWS_AND_MAGAZINES,4.5,67,12,1000,Free,0,Everyone,News & Magazines,2018-06-26,1.8,4.1 and up
USR08165,BUSINESS,2.7,358,2,50000,Free,0,Everyone,Business,2017-09-18,1.4.1,2.3.3 and up
USR08166,FAMILY,4.5,13,13,1000,Free,0,Everyone,Education,2017-11-20,1.0.6,4.4 and up
USR08167,LIFESTYLE,5,10,9.4,100,Free,0,Everyone,Lifestyle,2016-07-15,1.6,4.1 and up
USR08168,TOOLS,4,24,11,1000,Free,0,Everyone,Tools,2018-02-27,1,4.1 and up
USR08169,GAME,4.2,214923,,5000000,Free,0,Everyone,Trivia,2018-07-31,9.1.3,4.1 and up
USR08170,FAMILY,4.4,7,7.5,500,Free,0,Everyone,Casual,2016-03-10,1,2.3 and up
USR08171,NEWS_AND_MAGAZINES,4,2,12,50,Free,0,Everyone,News & Magazines,2017-05-08,1.1,4.1 and up
USR08172,BUSINESS,3.1,7,0.038,1000,Free,0,Everyone,Business,2011-10-12,1,1.6 and up
USR08173,FAMILY,5,5,15,50,Free,0,Everyone,Education,2017-10-06,2.3.3,4.4 and up
USR08174,BUSINESS,4.7,78,,1000,Free,0,Everyone,Business,2017-01-24,Varies with device,Varies with device
USR08175,COMMUNICATION,3.7,98,9.7,10000,Free,0,Everyone,Communication,2018-07-11,6.4.7,4.3 and up
USR08176,HEALTH_AND_FITNESS,3.9,21,2.2,1000,Free,0,Everyone,Health & Fitness,2015-10-30,1.1.2,4.0 and up
USR08177,FAMILY,3,606,42,50000,Free,0,Everyone 10+,Educational,2016-08-16,1.2,4.0 and up
USR08178,TRAVEL_AND_LOCAL,4.2,238,67,10000,Paid,5.99,Everyone,Travel & Local,2018-06-22,4.6.2,4.1 and up
USR08179,BUSINESS,3,2,17,100,Free,0,Everyone,Business,2017-05-11,1.2.22,4.1 and up
USR08180,FAMILY,4.2,32200,15,5000000,Free,0,Everyone,Casual;Pretend Play,2017-11-06,1.2,4.1 and up
USR08181,MAPS_AND_NAVIGATION,4.2,3596,31,1000000,Free,0,Everyone,Maps & Navigation,2018-06-15,3.0.1 (70),4.0 and up
USR08182,BUSINESS,3.7,195,4,10000,Free,0,Everyone,Business,2016-11-21,1.0.1,4.0 and up
USR08183,TOOLS,4.6,43045,,1000000,Paid,2.99,Everyone,Tools,2018-06-25,Varies with device,Varies with device
USR08184,SHOPPING,4.5,928,8.6,100000,Free,0,Everyone,Shopping,2018-08-02,1.7.0,4.4 and up
USR08185,MAPS_AND_NAVIGATION,4.6,796,25,50000,Free,0,Everyone,Maps & Navigation,2018-05-18,6.7.0,4.0.3 and up
USR08186,MAPS_AND_NAVIGATION,4.7,4501,26,100000,Free,0,Teen,Maps & Navigation,2018-07-25,3.5.1,4.0.3 and up
USR08187,MAPS_AND_NAVIGATION,4.3,891,6.4,50000,Free,0,Everyone,Maps & Navigation,2018-07-26,4.5.1,4.1 and up
USR08188,LIFESTYLE,2.3,853,88,50000,Free,0,Everyone,Lifestyle,2018-07-20,6.2.0,4.4 and up
USR08189,MAPS_AND_NAVIGATION,2.8,25,5.8,1000,Free,0,Everyone,Maps & Navigation,2018-08-06,2.10.0,5.0 and up
USR08190,TOOLS,2.8,44,41,10000,Free,0,Everyone,Tools,2018-06-20,3.8,2.3 and up
USR08191,MAPS_AND_NAVIGATION,3.6,7,2.5,1000,Free,0,Everyone,Maps & Navigation,2017-05-30,3.0.6,4.1 and up
USR08192,LIFESTYLE,3,26,,1000,Free,0,Everyone,Lifestyle,2018-05-15,Varies with device,6.0 and up
USR08193,AUTO_AND_VEHICLES,3.2,46,6.6,1000,Free,0,Everyone,Auto & Vehicles,2018-06-26,3.4,4.1 and up
USR08194,MAPS_AND_NAVIGATION,3.5,106,24,5000,Free,0,Everyone,Maps & Navigation,2018-07-09,2.1.223,4.0 and up
USR08195,MAPS_AND_NAVIGATION,3.8,181,9.8,10000,Free,0,Everyone,Maps & Navigation,2018-07-06,4.0.4,4.1 and up
USR08196,MAPS_AND_NAVIGATION,3.5,8,32,1000,Free,0,Everyone,Maps & Navigation,2017-08-01,2.0.0,4.1 and up
USR08197,PRODUCTIVITY,4.2,105,72,1000,Free,0,Everyone,Productivity,2017-10-16,2.2.2,4.4 and up
USR08198,MAPS_AND_NAVIGATION,4.5,8,8.1,100,Free,0,Everyone,Maps & Navigation,2018-08-03,1.3,4.1 and up
USR08199,MAPS_AND_NAVIGATION,3.4,14,6.2,1000,Free,0,Everyone,Maps & Navigation,2018-01-25,2.1.05,4.0.3 and up
USR08200,AUTO_AND_VEHICLES,3,9,8.4,100,Free,0,Everyone,Auto & Vehicles,2018-03-23,2.2.0,5.0 and up
USR08201,TRAVEL_AND_LOCAL,4.4,75,19,1000,Free,0,Everyone,Travel & Local,2018-05-23,2.9.0,4.1 and up
USR08202,PHOTOGRAPHY,4,26,8.5,1000,Free,0,Everyone,Photography,2018-08-02,4.1.1,4.4 and up
USR08203,TOOLS,4.3,29,23,1000,Free,0,Everyone,Tools,2017-02-07,2.7,2.3 and up
USR08204,LIFESTYLE,4.1,88,20,5000,Free,0,Everyone,Lifestyle,2018-07-13,5.600.49,4.0.3 and up
USR08205,LIFESTYLE,3.6,30,5.2,5000,Free,0,Everyone,Lifestyle,2015-03-04,1,4.0 and up
USR08206,MAPS_AND_NAVIGATION,3.7,13,3.9,1000,Free,0,Everyone,Maps & Navigation,2014-12-22,1.1,2.3.3 and up
USR08207,FAMILY,4.2,20807,52,1000000,Free,0,Everyone 10+,Simulation,2017-08-02,1.3,4.1 and up
USR08208,TOOLS,3.7,6,1.3,1000,Free,0,Everyone,Tools,2015-11-08,1,2.3 and up
USR08209,TRAVEL_AND_LOCAL,4.3,2649,25,500000,Free,0,Everyone,Travel & Local,2018-08-03,4.1.1,4.4 and up
USR08210,FAMILY,3.3,1218,1,100000,Free,0,Everyone,Education,2012-08-24,1,2.1 and up
USR08211,FAMILY,4.4,2558,61,100000,Free,0,Everyone,Entertainment,2018-01-16,2.0.11,4.4 and up
USR08212,HEALTH_AND_FITNESS,4.8,432160,15,10000000,Free,0,Everyone,Health & Fitness,2018-06-28,Varies with device,Varies with device
USR08213,LIFESTYLE,3.5,6747,,1000000,Free,0,Everyone,Lifestyle,2018-06-11,Varies with device,Varies with device
USR08214,FAMILY,4,5886,54,1000000,Free,0,Everyone,Simulation,2018-05-28,1.2,4.0 and up
USR08215,TOOLS,4.9,85,19,1000,Free,0,Everyone,Tools,2018-07-05,1.2,4.1 and up
USR08216,FAMILY,4,17543,19,5000000,Free,0,Everyone,Casual,2018-01-25,3.0.1,4.0 and up
USR08217,FAMILY,4.6,36813,33,500000,Free,0,Everyone,Entertainment,2018-05-01,4.2.0,4.1 and up
USR08218,HOUSE_AND_HOME,4.3,43847,,1000000,Free,0,Everyone,House & Home,2018-07-06,Varies with device,Varies with device
USR08219,FAMILY,3.6,9389,64,1000000,Free,0,Teen,Simulation,2018-05-31,1.3.4,4.0 and up
USR08220,HOUSE_AND_HOME,3.9,59660,72,1000000,Free,0,Everyone,House & Home,2017-03-14,3.4,2.3 and up
USR08221,FAMILY,3.9,2338,45,100000,Free,0,Everyone,Simulation,2018-05-29,1.1,4.1 and up
USR08222,FAMILY,4,1518,,100000,Free,0,Everyone,Casual,2017-10-20,2,4.1 and up
USR08223,TRAVEL_AND_LOCAL,4.2,2822,27,100000,Free,0,Everyone,Travel & Local,2018-07-27,1.21.2,4.1 and up
USR08224,FAMILY,4.4,539931,69,10000000,Free,0,Everyone,Simulation,2018-08-06,1.11.01,4.2 and up
USR08225,FAMILY,4.3,2223,8.6,100000,Free,0,Teen,Entertainment,2018-03-28,1.2.0.8,4.1 and up
USR08226,NEWS_AND_MAGAZINES,3.7,1032,,100000,Free,0,Everyone,News & Magazines,2018-07-05,Varies with device,Varies with device
USR08227,GAME,4.3,2233,36,1000000,Free,0,Everyone,Racing,2018-02-28,1.1,2.3 and up
USR08228,TOOLS,3.4,5,1.9,100,Free,0,Everyone,Tools,2016-12-03,1.0.2,4.0.3 and up
USR08229,NEWS_AND_MAGAZINES,3.5,66,12,10000,Free,0,Everyone,News & Magazines,2017-06-01,6.11,4.1 and up
USR08230,FAMILY,4.2,1330,96,10000,Paid,0.99,Teen,Strategy,2018-07-18,1.1.0,4.4 and up
USR08231,FAMILY,4.2,13752,21,100000,Paid,9.99,Mature 17+,Strategy,2017-10-24,1.7.0,4.0 and up
USR08232,NEWS_AND_MAGAZINES,3.6,1820,,100000,Free,0,Everyone,News & Magazines,2018-07-05,Varies with device,Varies with device
USR08233,FAMILY,3.9,903392,,50000000,Free,0,Everyone 10+,Strategy,2018-06-14,3.30.4.207,4.1 and up
USR08234,FAMILY,3.8,9513,82,100000,Free,0,Everyone 10+,Strategy,2018-06-08,1.2.6,4.0.3 and up
USR08235,NEWS_AND_MAGAZINES,3.8,265,,10000,Free,0,Everyone 10+,News & Magazines,2018-07-05,Varies with device,Varies with device
USR08236,GAME,4,27557,69,5000000,Free,0,Teen,Action,2018-07-06,F2i,4.1 and up
USR08237,FAMILY,4.5,6,22,500,Free,0,Everyone,Entertainment,2017-06-09,1.0.01,4.4 and up
USR08238,FAMILY,3.8,127229,34,10000000,Free,0,Everyone,Casual,2017-09-07,1.1.14,4.0 and up
USR08239,SOCIAL,4.9,3071,63,10000,Free,0,Teen,Social,2018-07-13,1.8.19106,4.0.3 and up
USR08240,NEWS_AND_MAGAZINES,3.8,728,,50000,Free,0,Everyone 10+,News & Magazines,2018-07-05,Varies with device,Varies with device
USR08241,FAMILY,4.1,7823,,500000,Free,0,Teen,Entertainment,2018-07-27,Varies with device,Varies with device
USR08242,WEATHER,3.5,2000,14,100000,Free,0,Everyone,Weather,2018-07-31,4.1.12,5.0 and up
USR08243,TOOLS,3,736,1.8,100000,Free,0,Everyone,Tools,2017-07-05,1.11,4.0.3 and up
USR08244,FAMILY,4.5,256219,95,10000000,Free,0,Everyone,Strategy,2018-07-31,1.64.0.21247,4.2 and up
USR08245,BEAUTY,4.7,900,30,5000,Free,0,Everyone,Beauty,2018-03-25,1.1,4.0.3 and up
USR08246,NEWS_AND_MAGAZINES,3.8,1093,,100000,Free,0,Everyone 10+,News & Magazines,2018-07-05,Varies with device,Varies with device
USR08247,FAMILY,3.3,24091,16,5000000,Free,0,Teen,Casual,2016-08-04,1.1.0,2.3 and up
USR08248,NEWS_AND_MAGAZINES,4,509,,50000,Free,0,Everyone,News & Magazines,2018-07-05,Varies with device,Varies with device
USR08249,COMMUNICATION,4.1,55110,4.3,1000000,Free,0,Everyone,Communication,2018-06-20,2.2,4.0 and up
USR08250,FAMILY,3.7,70105,67,10000000,Free,0,Everyone,Casual,2018-06-06,1.0.3,4.1 and up
USR08251,FAMILY,3.9,13253,12,1000000,Free,0,Everyone,Puzzle,2016-08-09,2.1.080,2.3 and up
USR08252,PERSONALIZATION,3.5,84779,8.5,5000000,Free,0,Everyone,Personalization,2018-06-04,2.4,4.0 and up
USR08253,GAME,4.4,83891,48,10000000,Free,0,Everyone,Action,2018-07-19,3.1,4.0 and up
USR08254,FAMILY,4,25489,62,1000000,Free,0,Everyone,Simulation,2018-08-06,2.9.0,4.1 and up
USR08255,FAMILY,4,2294,95,100000,Free,0,Everyone,Entertainment,2017-01-09,1.2.1,2.3 and up
USR08256,GAME,4.6,568391,5.2,5000000,Free,0,Teen,Action,2014-07-01,4.3.1,2.1 and up
USR08257,TRAVEL_AND_LOCAL,4.4,77585,,10000000,Free,0,Everyone,Travel & Local,2018-07-31,Varies with device,Varies with device
USR08258,FAMILY,4.5,9699,23,100000,Paid,0.99,Teen,Puzzle,2018-07-23,2.1.111374,4.2 and up
USR08259,PERSONALIZATION,4.3,28728,2.8,500000,Paid,2.49,Everyone,Personalization,2013-07-27,1.3.3.9,1.6 and up
USR08260,TRAVEL_AND_LOCAL,4.4,1090,,10000,Paid,1.99,Everyone,Travel & Local,2018-05-29,Varies with device,Varies with device
USR08261,PERSONALIZATION,4.3,111634,13,5000000,Free,0,Everyone,Personalization,2014-05-26,2.08,2.0 and up
USR08262,PERSONALIZATION,4.1,2645,1.1,50000,Paid,0.99,Everyone,Personalization,2015-12-20,11.0.0,2.1 and up
USR08263,WEATHER,4.2,8723,4.6,500000,Free,0,Everyone,Weather,2014-08-27,1,2.2 and up
USR08264,TOOLS,2.7,168,0.166,5000,Paid,4.99,Everyone,Tools,2015-03-14,1.1,1.6 and up
USR08265,WEATHER,4.2,2115,1.1,500000,Free,0,Everyone,Weather,2014-07-04,1.3,1.6 and up
USR08266,COMMUNICATION,2.3,223,1,5000,Paid,1.49,Everyone,Communication,2014-07-26,1.3,3.0 and up
USR08267,TOOLS,3.9,361,,50000,Free,0,Everyone,Tools,2018-07-12,Varies with device,Varies with device
USR08268,DATING,4.1,10,11,5000,Free,0,Everyone,Dating,2017-04-12,1.1,4.0.3 and up
USR08269,TOOLS,2.9,33,0.138,1000,Paid,4.99,Everyone,Tools,2015-08-21,1.1,1.6 and up
USR08270,TOOLS,3.3,257,0.156,5000,Paid,4.99,Everyone,Tools,2015-03-14,1.4,1.6 and up
USR08271,FINANCE,4.2,2695,,100000,Free,0,Everyone,Finance,2018-02-26,Varies with device,Varies with device
USR08272,TOOLS,2.9,164,0.141,5000,Paid,4.99,Everyone,Tools,2015-03-14,1.3,1.6 and up
USR08273,TOOLS,3.5,138,0.138,5000,Paid,4.99,Everyone,Tools,2015-03-05,1.6,1.6 and up
USR08274,TOOLS,2.8,130,0.14,5000,Paid,4.99,Everyone,Tools,2015-03-14,1.1,1.6 and up
USR08275,FAMILY,4.3,28151,17,1000000,Free,0,Everyone 10+,Role Playing,2015-06-04,1.0.2,2.2 and up
USR08276,HEALTH_AND_FITNESS,3.5,8,7.9,1000,Free,0,Everyone,Health & Fitness,2018-06-28,1.0060.b0060,5.0 and up
USR08277,TOOLS,4.6,1092,0.186,100000,Free,0,Everyone,Tools,2012-06-27,2.3.3,2.1 and up
USR08278,PERSONALIZATION,4.2,18280,6,1000000,Free,0,Everyone,Personalization,2015-01-08,1.28,1.6 and up
USR08279,WEATHER,4.2,11510,3.5,1000000,Free,0,Everyone,Weather,2014-08-28,1.4,2.2 and up
USR08280,FAMILY,3.7,3258,26,500000,Free,0,Everyone,Casual,2016-03-04,1.0.0,2.3 and up
USR08281,GAME,4.7,15,93,100,Paid,0.99,Everyone,Adventure,2016-11-21,1.59,4.0.3 and up
USR08282,FAMILY,3.9,1550,21,100000,Free,0,Teen,Role Playing,2017-10-28,1.0.6,3.0 and up
USR08283,BOOKS_AND_REFERENCE,4.3,8894,2.3,100000,Free,0,Everyone,Books & Reference,2018-07-23,1.1.51,4.0 and up
USR08284,GAME,4.4,70351,,5000000,Free,0,Everyone,Arcade,2018-03-03,Varies with device,Varies with device
USR08285,HEALTH_AND_FITNESS,4,32,64,5000,Free,0,Everyone,Health & Fitness,2017-05-20,3.9,4.1 and up
USR08286,LIFESTYLE,4.4,129,8.1,50000,Free,0,Everyone 10+,Lifestyle,2018-06-16,3.0.1,4.1 and up
USR08287,PERSONALIZATION,3.7,21,0.367,500,Paid,0.99,Everyone,Personalization,2013-09-24,1,1.6 and up
USR08288,PERSONALIZATION,4.3,60298,13,5000000,Free,0,Everyone,Personalization,2015-01-08,1.38,1.6 and up
USR08289,BUSINESS,3.5,15,8,1000,Free,0,Everyone,Business,2015-10-21,20.7.9.2,2.3 and up
USR08290,FAMILY,4.3,171220,42,5000000,Free,0,Everyone 10+,Role Playing,2015-07-28,1.2.6,2.3.3 and up
USR08291,LIFESTYLE,4,22,19,5000,Free,0,Everyone,Lifestyle,2018-02-07,15,4.0.3 and up
USR08292,COMMUNICATION,4.5,5474,0.017,100000,Paid,3.99,Everyone,Communication,2014-01-15,81,2.1 and up
USR08293,TOOLS,4.2,5,2.5,100,Paid,1.49,Everyone,Tools,2018-07-30,1.6.2,4.0 and up
USR08294,GAME,4.3,40,3.6,5000,Free,0,Everyone,Board,2016-03-15,2.8,3.0 and up
USR08295,PERSONALIZATION,4.1,285,3.9,50000,Free,0,Teen,Personalization,2017-10-03,5,2.3 and up
USR08296,BUSINESS,2.5,31,54,10000,Free,0,Everyone,Business,2018-04-04,2.6,4.1 and up
USR08297,BUSINESS,2.7,11,6.8,1000,Free,0,Everyone,Business,2017-11-27,3.1.0,2.2 and up
USR08298,FINANCE,1.2,44,27,1000,Free,0,Everyone,Finance,2018-04-09,3.24.0,6.0 and up
USR08299,BUSINESS,4.7,87,5.1,10000,Free,0,Everyone,Business,2017-07-15,0.0.1,4.1 and up
USR08300,FINANCE,4.9,7,3.4,1000,Free,0,Everyone,Finance,2016-06-17,1.0.1,4.0.3 and up
USR08301,BUSINESS,4.7,37,10,5000,Free,0,Everyone,Business,2018-06-29,1.5,4.1 and up
USR08302,PRODUCTIVITY,4.4,15,3.1,500,Free,0,Everyone,Productivity,2018-07-21,12,2.1 and up
USR08303,TOOLS,4.7,32,2.7,1000,Free,0,Everyone,Tools,2018-06-15,1.11,2.1 and up
USR08304,BUSINESS,4,2,1.7,100,Free,0,Everyone,Business,2018-05-24,5,4.0.3 and up
USR08305,FAMILY,4.7,13,1.2,500,Free,0,Everyone,Entertainment,2016-05-04,1,4.0.3 and up
USR08306,LIFESTYLE,4.3,218,19,10000,Free,0,Everyone,Lifestyle,2017-01-16,1.0.3,2.3 and up
USR08307,FAMILY,4.7,1327,44,10000,Free,0,Everyone,Education;Education,2017-05-18,1.2.2,4.0.3 and up
USR08308,GAME,4.4,499483,99,10000000,Free,0,Teen,Adventure,2018-08-02,5.6.14,4.1 and up
USR08309,BUSINESS,4.6,20,15,1000,Free,0,Everyone,Business,2017-10-12,1.4.36,4.0.3 and up
USR08310,TOOLS,4.4,19877,4.5,1000000,Free,0,Everyone,Tools,2018-01-07,1.1.6,4.0 and up
USR08311,GAME,4.4,58387,3.3,1000000,Free,0,Everyone,Word,2013-12-13,1.1.2,2.1 and up
USR08312,GAME,4.4,54082,21,10000000,Free,0,Everyone,Adventure,2018-07-11,1.6.8,4.0.3 and up
USR08313,TOOLS,4.6,222,10,10000,Free,0,Everyone,Tools,2016-07-29,4.2.0,2.3 and up
USR08314,COMMUNICATION,3.1,497,36,100000,Free,0,Everyone,Communication,2018-07-17,8.6.2,4.4 and up
USR08315,FAMILY,4.3,7443,33,100000,Free,0,Everyone,Casual,2016-09-29,1.0.11,3.0 and up
USR08316,COMMUNICATION,3.7,7,4.3,500,Free,0,Everyone,Communication,2017-10-02,2.1,4.1 and up
USR08317,PHOTOGRAPHY,4.6,126338,9.6,1000000,Free,0,Everyone,Photography,2017-03-15,2.0.5,4.0 and up
USR08318,TRAVEL_AND_LOCAL,4.1,3674,61,500000,Free,0,Everyone,Travel & Local,2018-07-09,1.8.1 (41),5.0 and up
USR08319,SPORTS,4.2,43191,14,5000000,Free,0,Everyone,Sports,2018-01-10,1.0.3,2.1 and up
USR08320,PRODUCTIVITY,4.4,936,5.4,50000,Paid,2.99,Everyone,Productivity,2018-06-17,2.96,4.0 and up
USR08321,SOCIAL,4.1,34079,1.3,1000000,Free,0,Teen,Social,2017-03-14,2.001,4.0.3 and up
USR08322,VIDEO_PLAYERS,3.6,32112,,1000000,Free,0,Everyone,Video Players & Editors,2018-07-04,Varies with device,Varies with device
USR08323,TOOLS,4.4,6801,2.8,500000,Free,0,Everyone,Tools,2018-01-08,1.3.1,4.0.3 and up
USR08324,FAMILY,3.8,70903,47,1000000,Free,0,Everyone 10+,Role Playing,2016-10-27,2.164.4,2.3 and up
USR08325,FINANCE,4,2187,,100000,Free,0,Everyone,Finance,2018-08-01,Varies with device,Varies with device
USR08326,BUSINESS,3.2,116,,10000,Free,0,Everyone,Business,2018-06-13,Varies with device,Varies with device
USR08327,PRODUCTIVITY,2.8,160,7.6,10000,Free,0,Everyone,Productivity,2018-07-27,4.5.24,4.2 and up
USR08328,AUTO_AND_VEHICLES,3.1,14,4.6,1000,Free,0,Everyone,Auto & Vehicles,2018-02-09,16,4.3 and up
USR08329,PRODUCTIVITY,2.9,280,10,50000,Free,0,Everyone,Productivity,2014-11-14,1.0.0.457,4.0 and up
USR08330,VIDEO_PLAYERS,4.1,1276,4.6,100000,Free,0,Everyone,Video Players & Editors,2017-12-14,1,4.4 and up
USR08331,PHOTOGRAPHY,3.3,1461,13,100000,Free,0,Everyone,Photography,2017-08-31,3.2.6,2.3 and up
USR08332,PRODUCTIVITY,3.5,626,1.2,100000,Free,0,Everyone,Productivity,2015-06-23,1.1,3.2 and up
USR08333,PERSONALIZATION,4.2,18926,2.9,1000000,Free,0,Everyone,Personalization,2013-09-28,0.5.2 beta,2.2 and up
USR08334,VIDEO_PLAYERS,2.8,71,10,10000,Free,0,Everyone,Video Players & Editors,2018-07-18,3.08,5.0 and up
USR08335,AUTO_AND_VEHICLES,2.1,83,4.8,5000,Free,0,Everyone,Auto & Vehicles,2018-07-29,1.0.12,4.3 and up
USR08336,GAME,4.4,3344,36,500000,Free,0,Everyone,Arcade,2018-01-03,2.1,4.0 and up
USR08337,PRODUCTIVITY,4.4,69,3.5,1000,Free,0,Everyone,Productivity,2016-07-08,2.79,4.0 and up
USR08338,TOOLS,4.2,789,,50000,Free,0,Everyone,Tools,2014-08-05,Varies with device,Varies with device
USR08339,HEALTH_AND_FITNESS,4.1,107,50,10000,Free,0,Everyone,Health & Fitness,2016-03-24,1.0.0,3.0 and up
USR08340,BUSINESS,3.3,49,0.05,10000,Free,0,Everyone,Business,2012-01-18,0.59,2.1 and up
USR08341,VIDEO_PLAYERS,3.5,51,11,10000,Free,0,Everyone,Video Players & Editors,2018-06-26,8.0.9,5.0 and up
USR08342,TOOLS,4.7,3696,29,50000,Free,0,Everyone,Tools,2017-08-10,4.5,4.3 and up
USR08343,PHOTOGRAPHY,3.1,7300,46,1000000,Free,0,Teen,Photography,2018-01-12,V4.1.0,5.0 and up
USR08344,TOOLS,4.3,33,46,1000,Free,0,Everyone,Tools,2016-12-06,1,4.3 and up
USR08345,TOOLS,4.1,533,1.4,100000,Free,0,Everyone,Tools,2017-07-22,1.4.13,4.0 and up
USR08346,WEATHER,4.2,6849,1.2,1000000,Free,0,Everyone,Weather,2014-03-05,v1.9.6 beta 1,2.1 and up
USR08347,TOOLS,2.5,15,0.223,5000,Free,0,Everyone,Tools,2016-09-10,1.3,2.3 and up
USR08348,VIDEO_PLAYERS,3.9,244,,10000,Free,0,Everyone,Video Players & Editors,2016-06-23,Varies with device,Varies with device
USR08349,BUSINESS,3,287,9.8,50000,Free,0,Everyone,Business,2015-10-26,1.0.0.32,4.0 and up
USR08350,TRAVEL_AND_LOCAL,3.2,86,39,10000,Free,0,Everyone,Travel & Local,2018-05-17,2.5.186032,4.4 and up
USR08351,COMMUNICATION,4.3,260,0.188,10000,Free,0,Everyone,Communication,2014-08-11,1.8,2.2 and up
USR08352,TOOLS,4.3,36,12,5000,Free,0,Everyone,Tools,2017-08-21,1.0.7,4.0.3 and up
USR08353,PRODUCTIVITY,4.2,2412,0.188,100000,Free,0,Everyone,Productivity,2012-09-27,0.1.8 beta,2.2 and up
USR08354,FAMILY,4.3,51,57,5000,Free,0,Everyone,Education,2018-04-02,2018.04.02.00,3.0 and up
USR08355,TOOLS,2.2,19,2.1,1000,Free,0,Everyone,Tools,2017-09-05,1.1,4.3 and up
USR08356,FINANCE,3.9,49,3.9,10000,Free,0,Everyone,Finance,2017-02-24,3.34.0+1702241319.a,4.1 and up
USR08357,LIFESTYLE,2.8,3187,11,100000,Free,0,Everyone,Lifestyle,2017-01-27,1.0.11,4.0 and up
USR08358,FINANCE,4.4,32,2.3,1000,Free,0,Everyone,Finance,2018-01-13,2.3,4.4 and up
USR08359,BOOKS_AND_REFERENCE,4.6,595,8.5,50000,Free,0,Everyone,Books & Reference,2016-06-28,6,4.1 and up
USR08360,TOOLS,4.4,55,1.4,5000,Free,0,Everyone,Tools,2017-09-12,1.1.4,5.0 and up
USR08361,TOOLS,3.9,33,0.462,5000,Free,0,Everyone,Tools,2016-05-05,9,6.0 and up
USR08362,TOOLS,2.9,7,2.4,1000,Free,0,Everyone,Tools,2017-10-26,2,4.1 and up
USR08363,VIDEO_PLAYERS,4.1,40,3.9,1000,Free,0,Everyone,Video Players & Editors,2017-07-13,1.0.0,5.0 and up
USR08364,SPORTS,5,7,68,100,Free,0,Everyone,Sports,2018-07-23,1.6.0,4.0.3 and up
USR08365,TOOLS,4.6,1420,1.6,100000,Free,0,Everyone,Tools,2015-11-09,1.0.606863,5.0 and up
USR08366,DATING,3.7,1212,,100000,Free,0,Mature 17+,Dating,2018-02-16,4.4.1,4.1 and up
USR08367,SOCIAL,4.4,49580,4,10000000,Free,0,Everyone,Social,2018-06-04,1.24,4.1 and up
USR08368,SOCIAL,4.2,22650,1.5,1000000,Free,0,Everyone,Social,2018-05-21,2.4.12,4.0 and up
USR08369,BUSINESS,4.4,4518,26,1000000,Free,0,Everyone,Business,2018-03-01,1.5,4.1 and up
USR08370,BOOKS_AND_REFERENCE,3.9,46,3,5000,Free,0,Everyone,Books & Reference,2018-04-30,1.1,4.0 and up
USR08371,GAME,3.6,33,71,5000,Free,0,Teen,Casino,2017-06-06,1.2,4.0.3 and up
USR08372,FAMILY,3.4,17,0.24,1000,Free,0,Everyone,Entertainment,2014-11-21,1,4.0 and up
USR08373,TOOLS,4.3,9716,1.3,1000000,Free,0,Everyone,Tools,2018-04-10,4.7,4.0 and up
USR08374,SPORTS,4.3,63782,24,5000000,Free,0,Everyone,Sports,2018-08-07,1.1.5,4.1 and up
USR08375,GAME,4.4,201537,68,5000000,Free,0,Teen,Casino,2018-08-01,2.1.7,4.0.3 and up
USR08376,GAME,4.3,11051,44,1000000,Free,0,Teen,Casino,2018-06-25,1.9.58,4.0.3 and up
USR08377,SOCIAL,4.3,38826,7,10000000,Free,0,Everyone,Social,2018-08-07,1.6,4.1 and up
USR08378,FAMILY,4.4,7615646,71,100000000,Free,0,Everyone,Casual,2018-08-07,5.2.6,2.3 and up
USR08379,SPORTS,4,176487,10,5000000,Free,0,Everyone,Sports,2017-11-21,5.3.0,4.4 and up
USR08380,GAME,4.5,264282,48,10000000,Free,0,Teen,Casino,2018-07-12,3.10.43,4.0.3 and up
USR08381,FAMILY,4.6,2721923,25,10000000,Free,0,Teen,Simulation,2018-06-11,1.13.12,4.1 and up
USR08382,TOOLS,4.3,15070,6.3,1000000,Free,0,Everyone,Tools,2018-07-30,23.2.7,4.0.3 and up
USR08383,PHOTOGRAPHY,4.1,100179,96,10000000,Free,0,Everyone,Photography,2018-05-17,2.52,4.0.3 and up
USR08384,FAMILY,4.4,318867,10,10000000,Free,0,Everyone,Puzzle,2018-07-06,26,4.0.3 and up
USR08385,SPORTS,3.5,172373,47,10000000,Free,0,Everyone,Sports,2018-07-12,1.3,4.3 and up
USR08386,TOOLS,4.1,25438,3.2,1000000,Free,0,Everyone,Tools,2018-04-24,1.2.3,4.0.3 and up
USR08387,FAMILY,3.8,283823,,50000000,Free,0,Everyone 10+,Casual,2016-11-23,Varies with device,Varies with device
USR08388,SOCIAL,4.2,3895,,1000000,Free,0,Teen,Social,2018-06-27,176.0.0.29.0,4.4 and up
USR08389,SOCIAL,4.3,9562,5.8,500000,Free,0,Teen,Social,2018-05-31,4.1.0,Varies with device
USR08390,SOCIAL,4.5,42621,23,1000000,Free,0,Teen,Social,2018-08-07,2.1.05,4.4 and up
USR08391,BUSINESS,4,1279800,,50000000,Free,0,Everyone,Business,2018-08-06,Varies with device,Varies with device
USR08392,TOOLS,4,710,1.1,100000,Free,0,Everyone,Tools,2018-05-24,1,2.3 and up
USR08393,SOCIAL,4.3,24456,4.6,1000000,Free,0,Teen,Social,2018-05-29,4.7,4.1 and up
USR08394,BUSINESS,4.1,19051,,1000000,Free,0,Everyone,Business,2018-08-01,99.0.0.35.75,4.1 and up
USR08395,FAMILY,3.4,121,6.3,10000,Free,0,Everyone,Entertainment,2017-12-26,2,4.0.3 and up
USR08396,SOCIAL,4,10743,,500000,Free,0,Teen,Social,2017-12-28,7.0.4.17908,4.1 and up
USR08397,COMMUNICATION,4.3,76498,4.3,1000000,Free,0,Teen,Communication,2018-06-20,6.3.2,Varies with device
USR08398,SOCIAL,4.7,37090,4.8,500000,Free,0,Teen,Social,2018-08-01,5.4,4.1 and up
USR08399,FAMILY,4.5,6396,4.2,100000,Free,0,Everyone,Entertainment,2017-08-17,24.4,4.1 and up
USR08400,TOOLS,4.3,434,3.6,50000,Free,0,Everyone,Tools,2018-08-08,1.1.9,4.0.3 and up
USR08401,SOCIAL,4.1,5285,4,500000,Free,0,Everyone,Social,2018-07-01,2.0.5,4.1 and up
USR08402,SOCIAL,4.1,68025,3.9,10000000,Free,0,Everyone,Social,2018-04-16,1,4.1 and up
USR08403,SOCIAL,4.4,214,8.7,10000,Free,0,Teen,Social,2016-10-23,1.0.0.2,2.3 and up
USR08404,SOCIAL,4.6,273244,9.9,5000000,Free,0,Everyone,Social,2018-06-24,4.1.1,4.0.3 and up
USR08405,PHOTOGRAPHY,3.8,742,1.8,100000,Free,0,Everyone,Photography,2014-03-09,3.0.0,2.2 and up
USR08406,SOCIAL,3.9,3047,1.5,100000,Free,0,Teen,Social,2015-04-29,1.17.0,2.3 and up
USR08407,PRODUCTIVITY,4.2,182,7,50000,Free,0,Everyone,Productivity,2018-04-28,1.0.1,4.2 and up
USR08408,FAMILY,4.2,3478,,500000,Free,0,Everyone,Communication;Creativity,2018-08-06,33.0.0.22.76,4.4 and up
USR08409,BUSINESS,3.7,27,18,5000,Free,0,Everyone,Business,2018-05-17,1.2.0,5.0 and up
USR08410,SOCIAL,4.3,9606,3.4,100000,Free,0,Teen,Social,2018-07-18,2.2.0717,5.0 and up
USR08411,SOCIAL,4.2,1236,3.3,100000,Free,0,Teen,Social,2018-08-02,1.8,4.3 and up
USR08412,SOCIAL,3.6,40,1.5,5000,Free,0,Everyone,Social,2017-02-17,4.4,4.2 and up
USR08413,VIDEO_PLAYERS,4.3,20,5.1,5000,Free,0,Everyone,Video Players & Editors,2018-04-27,1.0.0,4.0.3 and up
USR08414,SOCIAL,4.3,11066,10,1000000,Free,0,Everyone,Social,2018-03-13,1.4,4.4 and up
USR08415,TOOLS,4.3,444,1.6,100000,Free,0,Everyone,Tools,2017-07-14,1,3.0 and up
USR08416,VIDEO_PLAYERS,4.5,1060,3.2,100000,Free,0,Everyone,Video Players & Editors,2017-12-20,2.1,4.0 and up
USR08417,TOOLS,4.3,53,3,5000,Free,0,Everyone,Tools,2018-08-01,1.0.1,4.0.3 and up
USR08418,PHOTOGRAPHY,4.7,37,10,1000,Free,0,Everyone,Photography,2016-05-22,2,4.0 and up
USR08419,SOCIAL,3.8,108,2.8,10000,Free,0,Teen,Social,2018-05-28,3.1,4.2 and up
USR08420,TOOLS,4,3840,2.5,100000,Free,0,Everyone,Tools,2017-06-02,2.4,4.4 and up
USR08421,SOCIAL,4.1,260,1.3,10000,Free,0,Teen,Social,2018-06-21,1.2,3.0 and up
USR08422,SOCIAL,3.9,19,15,5000,Free,0,Teen,Social,2018-02-13,2,4.1 and up
USR08423,PRODUCTIVITY,4.3,1905,3.1,100000,Free,0,Everyone,Productivity,2015-10-17,7.95,2.3 and up
USR08424,SOCIAL,3.4,44,2.8,10000,Free,0,Mature 17+,Social,2018-07-03,4,4.0.3 and up
USR08425,VIDEO_PLAYERS,4.2,61,6.1,10000,Free,0,Everyone,Video Players & Editors,2018-07-30,1.0.3,4.0.3 and up
USR08426,SPORTS,4.5,207,4.5,10000,Free,0,Everyone,Sports,2017-11-13,2.6.0,4.0 and up
USR08427,SPORTS,4.4,15221,30,1000000,Free,0,Everyone,Sports,2017-10-02,7.30.005,4.0.3 and up
USR08428,FAMILY,4.2,1749,6.2,100000,Free,0,Everyone,Casual,2017-12-29,1.0.0,2.3 and up
USR08429,SPORTS,4.7,5229,20,500000,Free,0,Everyone,Sports,2018-05-17,2.1.0.0.15734,4.1 and up
USR08430,SPORTS,4.6,342,38,10000,Free,0,Everyone,Sports,2018-08-06,2.22.0,4.2 and up
USR08431,SPORTS,4.4,382,20,10000,Free,0,Everyone,Sports,2018-03-06,3.953,4.1 and up
USR08432,SPORTS,4.4,670,3.1,10000,Free,0,Everyone,Sports,2017-11-17,2.2,4.0.3 and up
USR08433,SPORTS,4.8,160,6.4,10000,Free,0,Everyone,Sports,2018-08-04,4,4.1 and up
USR08434,SPORTS,4.6,37140,71,1000000,Free,0,Everyone,Sports,2018-08-01,1.3.11,4.1 and up
USR08435,SPORTS,4.3,6,11,100,Free,0,Everyone,Sports,2018-04-22,v2.7.11.16,4.1 and up
USR08436,FAMILY,4.4,761,11,50000,Free,0,Everyone,Education,2016-10-06,2.1.0,4.0 and up
USR08437,SPORTS,4.4,38,2.6,10000,Free,0,Everyone,Sports,2017-08-17,1,4.0 and up
USR08438,SPORTS,3.3,974,33,10000,Free,0,Everyone,Sports,2018-08-01,2018.0.12,4.1 and up
USR08439,SOCIAL,4.5,795,21,50000,Free,0,Teen,Social,2018-06-07,2.1.5,4.1 and up
USR08440,SPORTS,4.6,2019,41,100000,Free,0,Everyone,Sports,2018-07-20,1.13.0,4.4 and up
USR08441,BUSINESS,4.3,758590,12,100000000,Free,0,Everyone,Business,2018-08-02,Varies with device,4.1 and up
USR08442,SPORTS,4.9,15883,21,100000,Free,0,Everyone,Sports,2018-06-19,2.6.0,4.0.3 and up
USR08443,SPORTS,4.3,401,2.8,10000,Free,0,Everyone,Sports,2017-08-09,5,2.3 and up
USR08444,PRODUCTIVITY,4.5,91397,14,1000000,Free,0,Everyone,Productivity,2018-07-03,3.4.4,5.0 and up
USR08445,SPORTS,4.9,195,29,5000,Free,0,Everyone,Sports,2018-08-01,2018.8.1,4.4 and up
USR08446,SPORTS,3.7,215,76,10000,Free,0,Everyone,Sports,2018-06-28,2.10.5-prod-release,4.4 and up
USR08447,PERSONALIZATION,4.5,93,5.7,10000,Free,0,Everyone,Personalization,2018-02-28,1.1,4.1 and up
USR08448,SPORTS,4.6,57,17,5000,Free,0,Everyone,Sports,2018-06-26,3.0.0,4.1 and up
USR08449,SPORTS,4.5,191,28,10000,Free,0,Everyone,Sports,2018-08-01,2018.8.1,4.4 and up
USR08450,COMMUNICATION,4.1,26,4.6,1000,Free,0,Everyone,Communication,2017-11-24,1,5.0 and up
USR08451,SPORTS,4.8,3346,,50000,Free,0,Everyone,Sports,2018-01-18,2.0.2,Varies with device
USR08452,NEWS_AND_MAGAZINES,5,4,3.1,100,Free,0,Everyone,News & Magazines,2018-06-15,1.3,4.4 and up
USR08453,SPORTS,3.4,144,79,10000,Free,0,Teen,Sports,2018-05-11,4.2.5,4.3 and up
USR08454,SPORTS,4.5,152,36,10000,Free,0,Everyone,Sports,2018-05-29,2018.5.25,4.4 and up
USR08455,SPORTS,4.8,1697,17,100000,Free,0,Everyone,Sports,2018-07-31,1.2.677,4.4 and up
USR08456,GAME,4.5,2,7.8,100,Paid,1.99,Everyone,Arcade,2015-11-13,1,2.3 and up
USR08457,SPORTS,4.5,1526,89,50000,Free,0,Everyone,Sports,2018-08-07,4.0.4-R,5.0 and up
USR08458,SPORTS,4.5,5675,49,100000,Free,0,Everyone,Sports,2018-04-18,3.0.10,4.1 and up
USR08459,SPORTS,4.5,53,12,1000,Free,0,Teen,Sports,2016-08-06,60816,4.2 and up
USR08460,NEWS_AND_MAGAZINES,4.5,104,3,10000,Free,0,Everyone,News & Magazines,2018-01-06,1.3,4.0 and up
USR08461,SPORTS,4.1,5015,57,100000,Free,0,Everyone,Sports,2018-05-25,125,4.0.3 and up
USR08462,SHOPPING,4.1,41074,16,5000000,Free,0,Everyone,Shopping,2018-06-27,68,4.1 and up
USR08463,SPORTS,3.6,9,13,500,Free,0,Teen,Sports,2016-08-06,60816,4.2 and up
USR08464,SPORTS,4.7,2317,5.9,50000,Free,0,Everyone,Sports,2018-07-26,2.0.20,5.0 and up
USR08465,SPORTS,4.6,216,40,10000,Free,0,Everyone,Sports,2018-08-02,23.17,4.1 and up
USR08466,SPORTS,4.9,10,14,500,Free,0,Everyone,Sports,2018-03-09,2.0.833.18,4.0.3 and up
USR08467,SPORTS,4.6,688,,10000,Free,0,Everyone,Sports,2015-01-07,Varies with device,Varies with device
USR08468,TOOLS,4.1,981,0.071,100000,Free,0,Everyone,Tools,2011-03-16,1.2.4,1.6 and up
USR08469,FINANCE,4.5,166,3.5,10000,Free,0,Everyone,Finance,2018-01-07,2.5,4.0.3 and up
USR08470,FAMILY,3.9,751,17,100000,Free,0,Everyone,Entertainment,2016-11-30,3.6.1,4.4 and up
USR08471,FAMILY,3.9,53,7.9,5000,Free,0,Everyone,Entertainment,2017-09-20,2.1.2,4.0.3 and up
USR08472,SPORTS,4.6,169,19,10000,Free,0,Everyone,Sports,2018-07-27,2.0.855.33,4.0.3 and up
USR08473,FAMILY,3.8,729,30,100000,Free,0,Everyone,Entertainment,2018-03-09,4.6.12c,4.4 and up
USR08474,FINANCE,4.7,175,12,1000,Free,0,Everyone,Finance,2018-06-12,5.9.1.0,5.0 and up
USR08475,BEAUTY,3.9,4354,42,100000,Free,0,Teen,Beauty,2018-08-06,2.5.1,4.0.3 and up
USR08476,LIBRARIES_AND_DEMO,4.1,1463,7.4,100000,Free,0,Everyone,Libraries & Demo,2016-11-30,3.6.1,4.4 and up
USR08477,FAMILY,3.9,100,9.1,10000,Free,0,Everyone,Entertainment,2016-11-30,3.6.1,4.4 and up
USR08478,FAMILY,4,105,7.5,10000,Free,0,Everyone,Simulation,2016-11-30,3.6.1,4.4 and up
USR08479,FINANCE,4.3,20,4.8,500,Free,0,Everyone,Finance,2018-06-09,14,4.4 and up
USR08480,FAMILY,4,1007,7.4,100000,Free,0,Everyone,Entertainment,2016-11-30,3.6.1,4.4 and up
USR08481,SPORTS,4.4,16,4.9,1000,Free,0,Everyone,Sports,2018-07-31,1,4.0.3 and up
USR08482,FAMILY,4.1,4585,9.1,1000000,Free,0,Everyone,Entertainment,2016-11-30,3.6.1,4.4 and up
USR08483,FAMILY,5,2,4.2,10,Free,0,Everyone 10+,Simulation,2016-03-25,1.1,1.6 and up
USR08484,FINANCE,4.8,12,2.7,1000,Free,0,Everyone,Finance,2018-06-13,2.1,5.0 and up
USR08485,FINANCE,4.6,13819,3.9,1000000,Free,0,Everyone,Finance,2018-07-04,3.3,4.0 and up
USR08486,FINANCE,5,104,2.3,1000,Free,0,Everyone,Finance,2018-08-07,2.1.0,4.1 and up
USR08487,FAMILY,4.2,76,35,10000,Free,0,Everyone,Entertainment,2017-12-19,4.5.1c,4.4 and up
USR08488,FINANCE,4.7,42,3.5,5000,Free,0,Everyone,Finance,2017-04-02,2.3,4.1 and up
USR08489,FAMILY,4,2378,9.1,500000,Free,0,Everyone,Entertainment,2016-11-30,3.6.1,4.4 and up
USR08490,FINANCE,4.4,92,1.5,10000,Free,0,Everyone,Finance,2017-01-31,1.2.1,4.0.3 and up
USR08491,FAMILY,4.9,15,26,1000,Free,0,Everyone,Entertainment,2017-12-19,4.5.3c,4.4 and up
USR08492,FAMILY,3.5,179,7.4,10000,Free,0,Everyone,Entertainment,2016-11-30,3.6.1,4.4 and up
USR08493,FINANCE,4.1,7,2.1,1000,Free,0,Everyone,Finance,2018-02-06,1,4.0.3 and up
USR08494,FINANCE,4.2,17,4.7,5000,Free,0,Everyone,Finance,2015-01-18,2.7,3.0 and up
USR08495,FINANCE,4.4,18,3.4,10000,Free,0,Everyone,Finance,2017-01-21,1.1,3.0 and up
USR08496,FINANCE,4.5,3704,4.6,100000,Free,0,Everyone,Finance,2018-03-20,34,2.3 and up
USR08497,NEWS_AND_MAGAZINES,3.1,183,7.1,10000,Free,0,Everyone,News & Magazines,2018-07-04,2.2.9,4.1 and up
USR08498,FINANCE,4.5,58,2.7,10000,Free,0,Everyone,Finance,2015-12-09,1.6.3,3.0 and up
USR08499,FINANCE,4.6,106,4.4,10000,Free,0,Everyone,Finance,2018-03-19,5.3,4.0.3 and up
USR08500,SPORTS,4.3,1539,14,50000,Free,0,Teen,Sports,2018-06-06,3.0.3,4.0.3 and up
USR08501,VIDEO_PLAYERS,4.4,20755,17,1000000,Free,0,Everyone,Video Players & Editors,2018-03-16,4.0.3,4.1 and up
USR08502,FAMILY,4.6,407694,,5000000,Free,0,Teen,Simulation,2018-07-19,2.7.1,4.2 and up
USR08503,FINANCE,4.3,12,9,1000,Free,0,Everyone,Finance,2018-01-22,1.18.4,4.0 and up
USR08504,TOOLS,4.8,24,4.5,5000,Free,0,Everyone,Tools,2017-09-14,2.3.0,4.0.3 and up
USR08505,FAMILY,2.8,9,21,1000,Free,0,Everyone,Education,2018-07-27,5.33.3669,5.0 and up
USR08506,FINANCE,4.1,125,15,50000,Free,0,Everyone,Finance,2018-03-06,1.2.1,4.1 and up
USR08507,FAMILY,1,2,21,1000,Free,0,Everyone,Education,2018-07-27,5.33.3669,5.0 and up
USR08508,BUSINESS,3,2,8,10,Free,0,Everyone,Business,2018-07-10,1.4.5,4.1 and up
USR08509,LIFESTYLE,5,19,11,500,Free,0,Everyone,Lifestyle,2018-03-01,1.1,4.1 and up
USR08510,GAME,4.5,5534114,53,100000000,Free,0,Teen,Action,2018-08-03,1.21.0,4.0.3 and up
USR08511,FAMILY,5,2,12,1000,Free,0,Everyone,Education,2016-07-04,1,4.0 and up
USR08512,NEWS_AND_MAGAZINES,4.1,25,17,1000,Free,0,Everyone,News & Magazines,2018-06-21,4.7.4.18.0621,4.1 and up
USR08513,PERSONALIZATION,4.4,7,9.8,1000,Free,0,Everyone,Personalization,2017-08-28,1,4.0 and up
USR08514,FINANCE,3,62,17,10000,Free,0,Everyone,Finance,2017-06-26,0.1.8,4.0 and up
USR08515,FAMILY,3.8,4,30,500,Free,0,Everyone,Entertainment,2018-07-23,5.11,5.0 and up
USR08516,AUTO_AND_VEHICLES,3.9,22,97,1000,Free,0,Everyone,Auto & Vehicles,2018-01-31,1,4.0 and up
USR08517,HEALTH_AND_FITNESS,5,2,8.3,50,Free,0,Everyone,Health & Fitness,2018-07-09,4.2.2,4.1 and up
USR08518,PERSONALIZATION,4.5,52,7.9,10000,Free,0,Everyone,Personalization,2017-07-04,1,2.3.3 and up
USR08519,LIFESTYLE,5,141,15,1000,Free,0,Everyone,Lifestyle,2018-03-24,1.8,4.1 and up
USR08520,FAMILY,3.3,130,13,5000,Free,0,Everyone,Education,2017-12-21,2.0.0,4.0 and up
USR08521,HEALTH_AND_FITNESS,4.5,38487,60,1000000,Free,0,Teen,Health & Fitness,2018-07-03,5.1.0,4.1 and up
USR08522,TOOLS,4.9,55,25,1000,Free,0,Everyone,Tools,2018-06-29,2.01.0.2,4.1 and up
USR08523,GAME,4.3,8649,39,1000000,Free,0,Teen,Action,2018-07-26,1.0.3,4.2 and up
USR08524,GAME,4.5,43645,46,5000000,Free,0,Everyone,Arcade,2018-05-25,2.2.13,4.1 and up
USR08525,FAMILY,4.1,44027,52,5000000,Free,0,Mature 17+,Strategy,2018-02-21,1.0.9,2.3 and up
USR08526,BUSINESS,4.8,6,7.7,1000,Free,0,Everyone,Business,2018-08-07,2.1.5,4.1 and up
USR08527,GAME,3.8,83671,30,10000000,Free,0,Everyone 10+,Racing,2018-05-04,9,4.1 and up
USR08528,GAME,4.1,164,17,10000,Free,0,Everyone,Action,2017-08-23,1,2.3 and up
USR08529,GAME,3.9,85410,39,10000000,Free,0,Everyone 10+,Racing,2017-09-20,20170920,4.1 and up
USR08530,GAME,4.2,839206,12,50000000,Free,0,Everyone,Racing,2017-09-20,1.16.33,4.1 and up
USR08531,GAME,4.2,20364,45,5000000,Free,0,Everyone,Racing,2018-07-12,1.2.1,4.1 and up
USR08532,FAMILY,4.8,1228,29,10000,Free,0,Everyone,Education,2018-03-28,1.7,4.1 and up
USR08533,FAMILY,4.1,26347,48,1000000,Free,0,Everyone 10+,Entertainment,2017-09-15,14.0.1,2.2 and up
USR08534,GAME,4.1,71476,50,1000000,Free,0,Everyone 10+,Action,2018-04-21,2.14,4.0 and up
USR08535,GAME,4,995002,,10000000,Free,0,Mature 17+,Adventure,2018-07-25,1.73.0,4.1 and up
USR08536,FAMILY,3.9,29415,66,1000000,Free,0,Mature 17+,Simulation,2016-12-11,2.0.1,2.3 and up
USR08537,SPORTS,4.1,79464,27,1000000,Free,0,Everyone,Sports,2018-08-06,5.0.8,4.4 and up
USR08538,FAMILY,4.1,72522,51,10000000,Free,0,Everyone,Simulation,2018-04-10,1.54,2.3.3 and up
USR08539,GAME,4.2,3878,69,500000,Free,0,Everyone,Action,2018-04-04,1.9,4.0.3 and up
USR08540,SPORTS,3.7,2980,21,100000,Free,0,Everyone,Sports,2015-09-01,1.2.8,2.3 and up
USR08541,PHOTOGRAPHY,3.9,28429,14,5000000,Free,0,Teen,Photography,2018-03-16,2,2.3 and up
USR08542,FAMILY,3.9,60097,19,1000000,Free,0,Everyone,Entertainment;Pretend Play,2018-02-10,5.1,4.2 and up
USR08543,FAMILY,3.6,3502,61,500000,Free,0,Teen,Simulation,2016-09-11,1.3,2.3 and up
USR08544,FAMILY,3.7,9296,28,500000,Free,0,Teen,Entertainment,2018-07-24,1.14,4.1 and up
USR08545,GAME,3.6,12257,49,1000000,Free,0,Everyone,Racing,2016-09-09,1.4,2.3 and up
USR08546,FAMILY,4.3,12919,94,1000000,Free,0,Everyone,Educational;Education,2018-06-06,1.15.2,4.4 and up
USR08547,GAME,3.9,8122,23,500000,Free,0,Mature 17+,Action,2017-02-28,1.8,2.3 and up
USR08548,FAMILY,4.5,221691,94,5000000,Free,0,Teen,Puzzle,2018-08-06,1.20.22,4.0.3 and up
USR08549,PHOTOGRAPHY,2.6,201,2.5,10000,Free,0,Everyone,Photography,2017-05-02,2.1,4.1 and up
USR08550,PERSONALIZATION,4.4,40,13,5000,Free,0,Teen,Personalization,2016-06-21,1,2.3.3 and up
USR08551,MEDICAL,1,2,33,100,Free,0,Everyone,Medical,2018-07-02,2.0.1,4.1 and up
USR08552,PERSONALIZATION,4.2,13,15,1000,Free,0,Teen,Personalization,2016-06-18,1,2.3.3 and up
USR08553,FAMILY,4.8,10,8.2,1000,Free,0,Teen,Puzzle,2016-12-02,1,4.0 and up
USR08554,FAMILY,5,5,8.1,1000,Free,0,Teen,Puzzle,2016-12-01,1,4.0 and up
USR08555,GAME,4.3,320334,27,50000000,Free,0,Teen,Action,2018-08-08,1.1.2,4.1 and up
USR08556,FAMILY,4.4,108,,5000,Free,0,Everyone,Education,2018-03-30,4.0.1,4.4 and up
USR08557,MEDICAL,4.5,30,4.1,1000,Free,0,Everyone,Medical,2017-06-21,4.1.0,4.0.3 and up
USR08558,BUSINESS,4.9,27,6,100,Free,0,Everyone,Business,2018-07-26,1.0.90,4.0 and up
USR08559,FAMILY,5,4,5.8,100,Free,0,Everyone,Education,2018-04-11,1.0.1,4.0.3 and up
USR08560,GAME,4.2,28151,49,1000000,Free,0,Everyone 10+,Racing,2016-12-25,1.2,2.3.3 and up
USR08561,PERSONALIZATION,4.2,4,14,100,Free,0,Teen,Personalization,2016-07-31,1,2.3.3 and up
USR08562,FAMILY,4,73185,46,5000000,Free,0,Teen,Simulation,2017-11-01,1.6,4.0 and up
USR08563,FINANCE,2.1,232,29,10000,Free,0,Everyone,Finance,2018-05-09,18.1.79,5.0 and up
USR08564,SPORTS,4.2,18584,49,5000000,Free,0,Everyone,Sports,2018-06-27,1.7.0,4.1 and up
USR08565,TOOLS,2.5,247,8.2,10000,Free,0,Everyone,Tools,2017-03-15,1.0.6,4.2 and up
USR08566,FAMILY,4.4,687136,54,50000000,Free,0,Everyone,Casual,2018-05-25,1.5.3.20,4.1 and up
USR08567,GAME,4.4,1063,18,50000,Free,0,Teen,Adventure,2017-10-30,1.7,3.0 and up
USR08568,GAME,4.6,2027,56,100000,Free,0,Teen,Adventure,2018-03-19,1.5,4.1 and up
USR08569,FAMILY,4.4,26545,40,1000000,Free,0,Everyone,Casual,2018-07-20,2.08,4.1 and up
USR08570,FAMILY,4.2,70753,14,5000000,Free,0,Everyone,Puzzle,2018-08-07,1.8.6,4.0.3 and up
USR08571,GAME,4.5,2431,24,100000,Free,0,Teen,Adventure,2017-11-03,1.4,3.0 and up
USR08572,FAMILY,3.3,21735,37,1000000,Free,0,Everyone,Simulation,2018-07-11,1.0.03,4.0 and up
USR08573,FAMILY,3.9,2249,,500000,Free,0,Everyone,Art & Design;Creativity,2018-05-15,Varies with device,4.1 and up
USR08574,GAME,4.5,2917,22,100000,Free,0,Teen,Adventure,2017-10-30,2.6,2.3 and up
USR08575,FAMILY,4.1,83427,16,1000000,Free,0,Everyone,Simulation,2015-01-30,2.6,4.1 and up
USR08576,TOOLS,4.8,615,2,10000,Paid,1.99,Everyone,Tools,2018-07-24,5.2,5.0 and up
USR08577,TOOLS,4.6,424,3.5,10000,Free,0,Everyone,Tools,2017-12-19,0.11,6.0 and up
USR08578,TOOLS,4.4,875,8.5,100000,Free,0,Everyone,Tools,2017-12-31,1.9.9.5,5.1 and up
USR08579,COMMUNICATION,3.8,15036,0.247,1000000,Free,0,Everyone,Communication,2015-08-01,1.2.0,1.6 and up
USR08580,COMMUNICATION,3.7,197,0.935,10000,Paid,2.99,Everyone,Communication,2016-02-10,1,2.2 and up
USR08581,COMMUNICATION,4.2,4838,,500000,Free,0,Everyone,Communication,2018-01-06,Varies with device,Varies with device
USR08582,COMMUNICATION,3.7,481,0.41,10000,Paid,0.99,Everyone,Communication,2015-12-16,1.4.0.2,2.3 and up
USR08583,PRODUCTIVITY,4.3,37277,13,1000000,Free,0,Everyone,Productivity,2018-02-26,2.3.1,4.0.3 and up
USR08584,PRODUCTIVITY,4.5,112,2.4,1000,Paid,7.99,Everyone,Productivity,2017-03-16,3,4.0.3 and up
USR08585,TOOLS,3.5,154,3.4,10000,Free,0,Everyone,Tools,2016-09-06,5.0.6,6.0 and up
USR08586,COMMUNICATION,4,13469,5.1,1000000,Free,0,Everyone,Communication,2018-06-05,4.7.0.2200000,4.0 and up
USR08587,COMMUNICATION,4.5,201,,1000,Paid,2.99,Everyone,Communication,2018-01-06,Varies with device,Varies with device
USR08588,PRODUCTIVITY,2.9,32,9.7,1000,Free,0,Everyone,Productivity,2018-08-03,1.3.22,4.4 and up
USR08589,TOOLS,3.9,6736,0.07,500000,Free,0,Everyone,Tools,2014-02-02,1.2,4.2 and up
USR08590,COMMUNICATION,3.6,97,,5000,Free,0,Everyone,Communication,2017-08-31,Varies with device,Varies with device
USR08591,TOOLS,4.6,85,2.4,1000,Paid,2.99,Everyone,Tools,2018-07-05,1.9,4.0 and up
USR08592,LIFESTYLE,2.1,2390,35,100000,Free,0,Everyone,Lifestyle,2018-07-17,1.8.4.7,4.4 and up
USR08593,FAMILY,4.7,15,3.9,100,Paid,1.99,Everyone,Entertainment,2018-04-16,0.0.53,1.6 and up
USR08594,TOOLS,4.5,142,0.025,5000,Paid,1,Everyone,Tools,2011-06-26,1.0.0,2.1 and up
USR08595,TOOLS,4.1,479,0.028,50000,Free,0,Everyone,Tools,2013-12-13,1.4,1.6 and up
USR08596,TOOLS,4.5,3673,5.8,500000,Free,0,Everyone,Tools,2018-07-24,1.2.1,4.1 and up
USR08597,FAMILY,3.7,39,2.8,5000,Free,0,Everyone,Education,2014-02-12,2.4,2.3.3 and up
USR08598,FAMILY,2.9,691,5.8,100000,Free,0,Everyone,Strategy,2016-06-08,1.0.3,4.0 and up
USR08599,COMMUNICATION,4,1711,2.1,100000,Free,0,Everyone,Communication,2018-01-11,1.2.5.4-11,2.3 and up
USR08600,PRODUCTIVITY,4.2,115,1.4,10000,Free,0,Everyone,Productivity,2015-10-05,1.4,4.1 and up
USR08601,FINANCE,3.7,112,3.9,10000,Free,0,Everyone,Finance,2018-07-05,1.1.1,5.0 and up
USR08602,LIFESTYLE,3.6,346,7.5,50000,Free,0,Everyone,Lifestyle,2018-05-22,5.5,4.0 and up
USR08603,COMMUNICATION,3.9,2372,58,500000,Free,0,Everyone,Communication,2018-08-02,4.2.1,4.2 and up
USR08604,COMMUNICATION,3.4,49,4,10000,Free,0,Everyone,Communication,2017-02-10,0.1,2.3 and up
USR08605,PERSONALIZATION,3.5,1042,0.395,100000,Free,0,Everyone,Personalization,2014-08-05,3.0.0,4.0.3 and up
USR08606,,1.9,19,3,1000,Free,0,Everyone,,2018-02-11,1.0.19,4.0 and up
USR08607,TOOLS,4.2,134203,4.1,10000000,Free,0,Everyone,Tools,2018-08-07,6.06.14,4.4 and up
USR08608,COMMUNICATION,3.4,37,14,1000,Free,0,Everyone,Communication,2014-11-21,2.2.1.5,2.2 and up
USR08609,TOOLS,3.9,132,2.6,50000,Free,0,Everyone,Tools,2017-05-17,0.0.9,2.3 and up
USR08610,LIFESTYLE,3,552,7.6,50000,Free,0,Everyone,Lifestyle,2017-03-22,2.0.15,2.3.3 and up
USR08611,PERSONALIZATION,3.6,128,11,10000,Free,0,Everyone,Personalization,2017-09-27,4,4.0 and up
USR08612,FAMILY,3.2,4,8,1000,Free,0,Everyone,Entertainment,2017-11-02,1,4.0 and up
USR08613,COMMUNICATION,4.1,382,2.3,50000,Free,0,Everyone,Communication,2018-07-20,2.5,4.0 and up
USR08614,FAMILY,4.1,3543,49,500000,Free,0,Everyone,Simulation,2017-01-04,1.1,2.3 and up
USR08615,FAMILY,4.2,1619,43,500000,Free,0,Everyone,Simulation,2018-06-04,1.3,4.0 and up
USR08616,PERSONALIZATION,4.2,78,10,10000,Free,0,Everyone,Personalization,2016-06-20,1,2.3.3 and up
USR08617,GAME,4.7,32,24,1000,Free,0,Teen,Arcade,2018-07-11,0.24,4.3 and up
USR08618,AUTO_AND_VEHICLES,4.6,107,27,10000,Free,0,Everyone,Auto & Vehicles,2017-11-06,2.0.0,4.1 and up
USR08619,FAMILY,4.5,15,46,1000,Free,0,Everyone,Simulation,2017-05-31,1,2.3 and up
USR08620,FAMILY,4.3,42432,36,1000000,Free,0,Everyone,Simulation,2016-07-13,1.3,2.3.3 and up
USR08621,PERSONALIZATION,4.5,86,17,10000,Free,0,Teen,Personalization,2016-10-02,1,2.3.3 and up
USR08622,TRAVEL_AND_LOCAL,4.5,10,8,500,Free,0,Everyone,Travel & Local,2018-03-14,3.0.0,4.4 and up
USR08623,FAMILY,4.4,32,37,1000,Free,0,Everyone,Simulation,2017-12-06,1,2.3 and up
USR08624,FAMILY,4.3,30668,33,5000000,Free,0,Everyone,Casual;Pretend Play,2018-07-16,2.1.3181,4.0.3 and up
USR08625,FAMILY,4.2,109,25,10000,Free,0,Everyone,Simulation,2017-04-15,1.4,2.3 and up
USR08626,PERSONALIZATION,3.7,3,15,100,Free,0,Teen,Personalization,2016-10-01,1,2.3.3 and up
USR08627,FAMILY,4.1,59768,,10000000,Free,0,Everyone,Racing;Action & Adventure,2018-08-07,3.53,4.2 and up
USR08628,FAMILY,4.3,26224,43,1000000,Free,0,Everyone,Simulation,2017-04-29,1.0.4,2.3 and up
USR08629,FAMILY,4,105954,43,10000000,Free,0,Teen,Simulation,2018-06-05,1.7.3,4.1 and up
USR08630,GAME,3.5,2071,36,100000,Free,0,Everyone,Racing,2018-06-29,1.0.3,4.1 and up
USR08631,FAMILY,4.2,38473,23,10000000,Free,0,Everyone,Casual;Pretend Play,2018-04-11,1.0.5,4.1 and up
USR08632,GAME,4.4,452589,99,10000000,Free,0,Mature 17+,Action,2018-07-01,2.2,4.0 and up
USR08633,GAME,4.2,2183,46,500000,Free,0,Everyone,Racing,2018-07-10,1.12,2.3 and up
USR08634,PHOTOGRAPHY,4.4,156322,,10000000,Free,0,Everyone,Photography,2018-02-01,Varies with device,Varies with device
USR08635,GAME,3.8,35171,45,1000000,Free,0,Everyone,Racing,2014-02-11,1.2,2.3 and up
USR08636,FAMILY,3.9,2505,2.9,100000,Free,0,Mature 17+,Entertainment,2018-06-18,1.2,4.1 and up
USR08637,FAMILY,4,660613,21,50000000,Free,0,Everyone,Simulation,2017-03-01,1.32,2.3 and up
USR08638,FAMILY,3.8,22570,35,1000000,Free,0,Everyone,Simulation,2017-01-09,1.2,2.3.3 and up
USR08639,GAME,3.6,182,41,50000,Free,0,Teen,Adventure,2018-03-01,2.1,4.1 and up
USR08640,PRODUCTIVITY,4.2,12,2.2,500,Free,0,Everyone,Productivity,2014-08-12,8.0.0,2.2 and up
USR08641,GAME,3.8,16282,35,1000000,Free,0,Teen,Action,2017-10-09,1.1.4,2.3 and up
USR08642,FAMILY,3.7,187,54,10000,Free,0,Everyone,Simulation,2017-11-12,1,4.0 and up
USR08643,GAME,4,103199,44,10000000,Free,0,Teen,Action,2018-08-02,1.0.7.8,4.2 and up
USR08644,GAME,4.2,33788,27,1000000,Free,0,Everyone,Racing,2018-03-29,1.8.5,4.1 and up
USR08645,MEDICAL,4.4,1517,8.5,100000,Free,0,Everyone,Medical,2018-07-13,2.5.9,2.3 and up
USR08646,FAMILY,4.4,129542,63,1000000,Free,0,Everyone,Strategy;Creativity,2018-07-23,2.4.9,4.0.3 and up
USR08647,SPORTS,4.9,1420,20,10000,Free,0,Everyone,Sports,2018-07-12,2.5.0,4.2 and up
USR08648,BUSINESS,5,1,3.5,10,Free,0,Everyone,Business,2018-02-20,1.1.0,4.0 and up
USR08649,TOOLS,4.8,12700,10,100000,Paid,3.49,Everyone,Tools,2018-08-03,3.2.5,5.0 and up
USR08650,FINANCE,4,67,2.4,10000,Paid,2.99,Everyone,Finance,2017-07-03,4,3.2 and up
USR08651,GAME,4,301895,25,50000000,Free,0,Everyone,Racing,2018-05-23,1.4.4,4.1 and up
USR08652,SPORTS,4.9,1211,15,10000,Free,0,Everyone,Sports,2018-01-22,1.0.1,4.4 and up
USR08653,GAME,3.8,25275,21,5000000,Free,0,Everyone,Racing,2017-08-11,1.1,2.3 and up
USR08654,FAMILY,4.9,119,17,1000,Free,0,Everyone,Entertainment,2016-11-18,1,4.4 and up
USR08655,SPORTS,1.5,2,26,5,Free,0,Everyone,Sports,2018-02-21,1,4.1 and up
USR08656,SPORTS,5,36,2.6,100,Free,0,Everyone,Sports,2017-02-11,1.1,4.0 and up
USR08657,TOOLS,4.8,1456,15,50000,Free,0,Everyone,Tools,2016-11-14,1.2,4.4 and up
USR08658,SPORTS,3.9,47688,17,5000000,Free,0,Everyone,Sports,2016-05-18,1.0.15,2.3 and up
USR08659,TRAVEL_AND_LOCAL,3.7,871,45,100000,Free,0,Everyone,Travel & Local,2017-10-27,5.29.23 Domain 253,4.4 and up
USR08660,SPORTS,4.6,60,24,1000,Paid,1.99,Everyone,Sports,2014-03-07,1.03,2.2 and up
USR08661,FAMILY,4.7,246,11,10000,Free,0,Everyone,Education,2017-10-12,2.9.0,4.1 and up
USR08662,FAMILY,4.6,1481,3.1,50000,Free,0,Teen,Entertainment,2018-03-31,3.7,4.1 and up
USR08663,FAMILY,4.3,87,30,10000,Free,0,Everyone,Education,2018-02-15,6.0.3,4.4 and up
USR08664,FAMILY,4.2,582,3.2,100000,Free,0,Teen,Entertainment,2018-01-22,4,4.0 and up
USR08665,FAMILY,4.6,25,5.6,5000,Free,0,Everyone,Entertainment,2018-07-04,1.11,4.0.3 and up
USR08666,PRODUCTIVITY,4.7,10,7.1,1000,Free,0,Everyone,Productivity,2017-02-23,3.9.4,4.0.3 and up
USR08667,NEWS_AND_MAGAZINES,4.6,146,7.1,10000,Free,0,Everyone,News & Magazines,2017-02-28,3,4.1 and up
USR08668,FAMILY,2,27,31,5000,Free,0,Teen,Entertainment,2017-10-17,2.1,4.0.3 and up
USR08669,LIFESTYLE,3.6,853,34,100000,Free,0,Everyone,Lifestyle,2018-03-22,3.2.0,4.1 and up
USR08670,TOOLS,3.2,148,9.2,50000,Free,0,Everyone,Tools,2017-08-14,1.0.18,4.0.3 and up
USR08671,WEATHER,3.8,116,36,10000,Free,0,Everyone,Weather,2017-12-26,2.0.11,4.4 and up
USR08672,SPORTS,4,1338,15,100000,Free,0,Everyone,Sports,2018-03-17,1.18,3.0 and up
USR08673,WEATHER,3.8,30,2,1000,Paid,6.99,Everyone,Weather,2015-05-06,2.0.0,2.3 and up
USR08674,BUSINESS,3.8,17,6.1,5000,Free,0,Everyone,Business,2016-11-09,1.1.3,4.0 and up
USR08675,PRODUCTIVITY,4.4,29,,1000,Free,0,Everyone,Productivity,2016-11-22,1.6.7,Varies with device
USR08676,SPORTS,4.4,656,22,5000,Paid,0.99,Everyone,Sports,2016-03-12,0.858,3.0 and up
USR08677,FAMILY,4.4,70,4.4,5000,Free,0,Teen,Entertainment,2017-04-16,2.5,4.1 and up
USR08678,TRAVEL_AND_LOCAL,3.8,11,86,1000,Free,0,Everyone,Travel & Local,2018-07-11,6.8.2,4.1 and up
USR08679,TRAVEL_AND_LOCAL,4.3,100,13,5000,Free,0,Everyone,Travel & Local,2017-04-01,6.0.18,4.1 and up
USR08680,BOOKS_AND_REFERENCE,4.6,7,12,1000,Free,0,Everyone,Books & Reference,2018-03-19,1.0.9,4.4 and up
USR08681,TOOLS,1,3,41,500,Free,0,Everyone,Tools,2017-12-12,1,4.2 and up
USR08682,BOOKS_AND_REFERENCE,3.2,5,8.2,1000,Free,0,Everyone,Books & Reference,2017-10-21,1.5,4.4 and up
USR08683,LIFESTYLE,4.7,40,8,1000,Free,0,Teen,Lifestyle,2018-06-25,3.8.0,4.1 and up
USR08684,SPORTS,4.3,340,15,5000,Paid,1.99,Everyone,Sports,2018-03-17,1.18,3.0 and up
USR08685,FAMILY,4.5,65,0.459,5000,Free,0,Everyone,Education,2016-01-30,2,2.1 and up
USR08686,FAMILY,4.1,665,5.3,50000,Free,0,Everyone,Education,2018-05-24,8.1,4.0.3 and up
USR08687,FAMILY,4.9,36,9.4,1000,Free,0,Teen,Education,2018-06-25,3.8.0,4.1 and up
USR08688,NEWS_AND_MAGAZINES,4.1,763,2.2,100000,Free,0,Everyone,News & Magazines,2015-12-18,2,2.3.3 and up
USR08689,PRODUCTIVITY,4.2,6,43,500,Free,0,Everyone,Productivity,2018-07-27,8.1.10.41,4.4 and up
USR08690,HEALTH_AND_FITNESS,3.5,143,0.221,10000,Free,0,Everyone,Health & Fitness,2013-06-12,1.1,2.2 and up
USR08691,TRAVEL_AND_LOCAL,4.2,92,20,10000,Free,0,Everyone,Travel & Local,2017-04-06,4.1,4.0.3 and up
USR08692,LIFESTYLE,5,10,21,1000,Free,0,Everyone,Lifestyle,2018-05-24,2.18,4.1 and up
USR08693,TRAVEL_AND_LOCAL,3.8,80,37,10000,Free,0,Everyone,Travel & Local,2018-07-30,3.21,4.0 and up
USR08694,SPORTS,4.7,1566,26,50000,Free,0,Everyone,Sports,2018-07-13,9.19.2,4.1 and up
USR08695,NEWS_AND_MAGAZINES,4.5,76,7.8,5000,Free,0,Everyone,News & Magazines,2018-07-03,5,4.4 and up
USR08696,LIFESTYLE,5,33,28,500,Free,0,Everyone,Lifestyle,2018-05-07,1.9.0.0,2.3.3 and up
USR08697,PHOTOGRAPHY,3.3,41,7.8,5000,Free,0,Everyone,Photography,2017-08-17,1.0.7,2.2 and up
USR08698,LIFESTYLE,5,14,2.6,100,Free,0,Everyone,Lifestyle,2017-10-13,2.4,4.0.3 and up
USR08699,FAMILY,4,168,7.6,10000,Free,0,Everyone,Education,2017-10-02,2,4.1 and up
USR08700,NEWS_AND_MAGAZINES,4.5,75,8.1,5000,Free,0,Everyone,News & Magazines,2018-07-25,5.1,4.4 and up
USR08701,LIFESTYLE,3.2,5,9.5,100,Free,0,Everyone,Lifestyle,2015-05-13,1,4.0 and up
USR08702,NEWS_AND_MAGAZINES,4.5,14221,1.8,1000000,Free,0,Teen,News & Magazines,2015-12-11,2.0.3,2.3.3 and up
USR08703,LIFESTYLE,4.2,53,16,5000,Free,0,Everyone,Lifestyle,2018-06-25,2.0.1,4.1 and up
USR08704,FAMILY,3.7,126,45,10000,Free,0,Everyone,Casual,2018-06-18,1.4,4.0.3 and up
USR08705,NEWS_AND_MAGAZINES,3.8,133,14,10000,Free,0,Everyone,News & Magazines,2018-07-18,v4.30.0.8,5.0 and up
USR08706,TRAVEL_AND_LOCAL,5,3,12,100,Free,0,Everyone,Travel & Local,2015-12-30,1.8.1,4.1 and up
USR08707,LIFESTYLE,4.1,1213,13,100000,Free,0,Everyone,Lifestyle,2018-06-04,2.8.4,4.0.3 and up
USR08708,BUSINESS,2.9,97,9.9,10000,Free,0,Everyone,Business,2018-06-13,4.5.9,4.0.3 and up
USR08709,FINANCE,4.7,178,12,1000,Free,0,Everyone,Finance,2018-06-12,5.9.1.0,5.0 and up
USR08710,FAMILY,5,5,69,1000,Free,0,Everyone,Education,2017-07-10,1.5,4.1 and up
USR08711,HEALTH_AND_FITNESS,3.2,499,34,100000,Free,0,Everyone,Health & Fitness,2018-07-10,4.2.1,7.0 and up
USR08712,FAMILY,3.8,87,5.4,5000,Free,0,Everyone,Education,2016-09-13,5.2,4.1 and up
USR08713,TRAVEL_AND_LOCAL,3.8,144,8.7,10000,Free,0,Everyone,Travel & Local,2014-10-02,5,2.3.3 and up
USR08714,TRAVEL_AND_LOCAL,4.6,8,18,1000,Free,0,Everyone,Travel & Local,2018-06-22,1.73,4.3 and up
USR08715,NEWS_AND_MAGAZINES,4.6,89,5.7,5000,Free,0,Everyone,News & Magazines,2018-02-17,5,4.4 and up
USR08716,GAME,4.4,1351833,12,10000000,Free,0,Teen,Action,2013-10-28,3.0.3,2.1 and up
USR08717,LIFESTYLE,4.8,4,15,500,Free,0,Everyone,Lifestyle,2017-11-22,1.1,4.1 and up
USR08718,MAPS_AND_NAVIGATION,4.2,63,1.6,10000,Free,0,Everyone,Maps & Navigation,2015-08-25,1.0.6,4.0 and up
USR08719,NEWS_AND_MAGAZINES,3.3,202,38,10000,Free,0,Everyone 10+,News & Magazines,2018-06-20,5.9.5,5.0 and up
USR08720,FAMILY,3.9,14,11,1000,Free,0,Everyone,Education,2015-01-13,1.3,4.0 and up
USR08721,NEWS_AND_MAGAZINES,4.5,3320,14,100000,Free,0,Everyone,News & Magazines,2018-08-03,v4.30.0.9,5.0 and up
USR08722,SHOPPING,3.9,3023,,500000,Free,0,Everyone,Shopping,2018-07-26,Varies with device,Varies with device
USR08723,FINANCE,4.3,133,30,10000,Free,0,Everyone,Finance,2018-05-23,18.1.79,5.0 and up
USR08724,LIFESTYLE,4.4,133,13,10000,Free,0,Everyone,Lifestyle,2018-06-02,2.8.4,4.0.3 and up
USR08725,SPORTS,3.9,11460,,100000,Paid,8.99,Everyone,Sports,2018-06-27,Varies with device,4.1 and up
USR08726,NEWS_AND_MAGAZINES,4.6,66407,19,1000000,Free,0,Teen,News & Magazines,2018-07-25,4.1.0.72,4.0 and up
USR08727,VIDEO_PLAYERS,3.9,54815,,100000000,Free,0,Everyone,Video Players & Editors,2018-05-02,Varies with device,Varies with device
USR08728,PHOTOGRAPHY,3.4,181,10,10000,Free,0,Everyone,Photography,2016-01-13,1.1.5,4.0.3 and up
USR08729,FAMILY,4.6,44,45,10000,Free,0,Everyone,Casual,2018-01-09,2.1.9f7,4.0.3 and up
USR08730,SOCIAL,4.2,2093,7,100000,Free,0,Teen,Social,2018-03-08,3.36,4.2 and up
USR08731,FAMILY,4.8,12,12,1000,Free,0,Teen,Entertainment,2018-07-04,1.1,4.0 and up
USR08732,PERSONALIZATION,5,4,9.2,100,Free,0,Teen,Personalization,2018-04-12,1,4.1 and up
USR08733,BUSINESS,5,14,3.3,50,Free,0,Everyone,Business,2018-02-01,1,4.0 and up
USR08734,LIFESTYLE,3.8,4,14,500,Free,0,Everyone,Lifestyle,2017-01-06,1.4,4.0.3 and up
USR08735,FINANCE,2.9,139,3.3,10000,Free,0,Everyone,Finance,2017-06-19,3.0.5,4.0 and up
USR08736,PHOTOGRAPHY,4.6,8,9,1000,Free,0,Everyone,Photography,2016-12-04,1,2.3 and up
USR08737,PERSONALIZATION,3.8,143,0.234,5000,Free,0,Everyone,Personalization,2013-07-31,1,2.2 and up
USR08738,GAME,4.1,88941,34,1000000,Free,0,Teen,Action,2016-07-26,3.1.7,4.0 and up
USR08739,GAME,4.5,16815,59,1000000,Free,0,Teen,Action,2018-08-04,1.0404,4.0.3 and up
USR08740,PERSONALIZATION,4.2,6,0.087,50,Paid,0.99,Everyone,Personalization,2013-08-09,1,2.2 and up
USR08741,PERSONALIZATION,2.5,6,0.229,100,Free,0,Everyone,Personalization,2013-08-10,1,2.2 and up
USR08742,PERSONALIZATION,3.5,159,0.251,10000,Free,0,Everyone,Personalization,2013-08-16,1,2.2 and up
USR08743,GAME,4.6,11235,,100000,Paid,2.99,Everyone,Card,2018-07-30,Varies with device,Varies with device
USR08744,NEWS_AND_MAGAZINES,4.4,2207,9.8,100000,Free,0,Everyone,News & Magazines,2018-07-26,41,4.1 and up
USR08745,PRODUCTIVITY,4.6,1075,,100000,Free,0,Everyone,Productivity,2018-01-22,Varies with device,4.4 and up
USR08746,GAME,4.3,85468,36,1000000,Paid,0.99,Everyone,Arcade,2018-06-08,2.4.1.485300,4.0.3 and up
USR08747,SPORTS,4.2,36183,20,5000000,Free,0,Teen,Sports,2018-01-20,1.4,2.1 and up
USR08748,GAME,4.2,55014,28,1000000,Free,0,Teen,Action,2017-12-04,1.2.6,4.1 and up
USR08749,FAMILY,4.1,128,3.2,10000,Free,0,Everyone,Education,2018-07-09,1.3,4.0.3 and up
USR08750,GAME,4.2,1012,50,10000,Free,0,Teen,Action,2015-01-18,1.0.2,3.0 and up
USR08751,FAMILY,4.3,275048,41,10000000,Free,0,Teen,Strategy,2018-06-22,12.2,2.3 and up
USR08752,TOOLS,4.5,1916,0.355,100000,Free,0,Everyone,Tools,2015-12-31,1.8.8,2.1 and up
USR08753,SOCIAL,4.4,19,3.1,1000,Free,0,Everyone,Social,2018-05-29,1.4.8,4.1 and up
USR08754,PERSONALIZATION,5,5,0.841,100,Paid,0.99,Everyone,Personalization,2018-04-25,0.2,7.0 and up
USR08755,FAMILY,4.6,19,1.6,500,Free,0,Everyone,Entertainment,2016-08-15,3rd Release Aug 2016,2.2 and up
USR08756,GAME,5,2,16,1,Paid,0.99,Everyone,Arcade,2017-03-03,1,2.3 and up
USR08757,GAME,3.4,5,21,50,Free,0,Everyone,Arcade,2015-08-25,1,2.3 and up
USR08758,BUSINESS,4.6,7,2,500,Free,0,Everyone,Business,2017-08-24,1.0.0,2.3.3 and up
USR08759,PHOTOGRAPHY,4.5,1519671,,100000000,Free,0,Everyone,Photography,2018-02-01,Varies with device,Varies with device
USR08760,PERSONALIZATION,3.8,153176,4.3,10000000,Free,0,Everyone,Personalization,2018-08-07,1.17,4.0.3 and up
USR08761,GAME,4.1,7279,54,1000000,Free,0,Everyone,Racing,2018-03-09,1.5,4.0 and up
USR08762,SHOPPING,4.4,61392,,1000000,Free,0,Everyone,Shopping,2018-08-08,Varies with device,Varies with device
USR08763,WEATHER,4.4,3471,,100000,Free,0,Everyone,Weather,2018-07-24,Varies with device,Varies with device
USR08764,SOCIAL,4.4,68358,7.2,5000000,Free,0,Mature 17+,Social,2016-05-07,3.22,4.1 and up
USR08765,DATING,3,1145,1.4,100000,Free,0,Mature 17+,Dating,2016-02-25,2.2,4.0 and up
USR08766,PHOTOGRAPHY,4.2,162564,11,10000000,Free,0,Everyone,Photography,2018-08-05,5.2,4.0 and up
USR08767,GAME,4.2,9183,49,1000000,Free,0,Mature 17+,Action,2018-06-22,1.1,4.4 and up
USR08768,FINANCE,3.9,28,15,5000,Free,0,Everyone,Finance,2018-08-08,7.3.2,5.0 and up
USR08769,LIFESTYLE,4.2,31,25,1000,Free,0,Everyone,Lifestyle,2018-08-02,1.6.3,4.4 and up
USR08770,COMMUNICATION,4.4,36981,4,1000000,Free,0,Everyone,Communication,2018-07-06,5.2,5.0 and up
USR08771,GAME,5,14,16,100,Free,0,Everyone,Arcade,2017-06-19,2.5a,4.1 and up
USR08772,PERSONALIZATION,4,649,11,100000,Free,0,Everyone,Personalization,2017-03-30,1,2.3.3 and up
USR08773,SPORTS,4.3,111809,40,10000000,Free,0,Everyone,Sports,2018-02-07,1.0.21,4.1 and up
USR08774,BOOKS_AND_REFERENCE,4.6,60,3.7,10000,Free,0,Everyone,Books & Reference,2016-07-10,1.4,3.0 and up
USR08775,MAPS_AND_NAVIGATION,3.6,8,,1000,Free,0,Everyone,Maps & Navigation,2017-09-27,Varies with device,4.4 and up
USR08776,PHOTOGRAPHY,4.4,26252,24,1000000,Free,0,Everyone,Photography,2018-05-26,1.7,4.2 and up
USR08777,TOOLS,4.1,222,16,50000,Free,0,Everyone,Tools,2018-07-26,2.2.4,4.4 and up
USR08778,TOOLS,4.2,271908,8.1,10000000,Free,0,Everyone,Tools,2018-08-02,3.3.0,4.0 and up
USR08779,LIBRARIES_AND_DEMO,4.3,332083,6.3,10000000,Free,0,Everyone,Libraries & Demo,2018-04-23,1.9.19,4.0 and up
USR08780,MEDICAL,4.5,410,60,50000,Free,0,Everyone,Medical,2018-03-24,2.1.0.372,4.4 and up
USR08781,FAMILY,3.9,121321,46,5000000,Free,0,Everyone,Entertainment,2016-10-22,8.7,4.0.3 and up
USR08782,TOOLS,4.3,3268,0.456,100000,Free,0,Everyone,Tools,2017-12-16,6.6,2.0 and up
USR08783,PERSONALIZATION,3.5,178,1.4,10000,Free,0,Everyone,Personalization,2015-12-26,1,1.6 and up
USR08784,MAPS_AND_NAVIGATION,4,3,44,1000,Free,0,Everyone,Maps & Navigation,2018-07-02,3.4.0,4.0 and up
USR08785,GAME,3.8,196,11,5000,Free,0,Everyone,Racing,2014-11-03,2.1,2.2 and up
USR08786,COMMUNICATION,3.6,9894,39,500000,Free,0,Everyone,Communication,2018-07-26,23.01.1265.0712,4.1 and up
USR08787,PHOTOGRAPHY,4.3,316378,4.4,10000000,Free,0,Everyone,Photography,2017-06-03,4.0.7.0,2.3 and up
USR08788,TOOLS,4.2,8484,1.7,1000000,Free,0,Everyone,Tools,2018-07-22,0.15.2,6.0 and up
USR08789,LIFESTYLE,5,32,7.9,1000,Free,0,Everyone,Lifestyle,2017-12-31,0.7.1,4.4 and up
USR08790,FAMILY,3.4,16,1.2,500,Free,0,Everyone,Entertainment,2016-03-31,1,4.0.3 and up
USR08791,PERSONALIZATION,3.5,96,3.8,5000,Free,0,Everyone,Personalization,2015-11-23,2,4.2 and up
USR08792,GAME,3.7,38,29,1000,Free,0,Everyone,Arcade,2016-06-29,1.12,3.1 and up
USR08793,TOOLS,4.2,2531,3.3,100000,Free,0,Everyone,Tools,2017-07-30,1.2.4,6.0 and up
USR08794,FINANCE,3.6,48,26,5000,Free,0,Everyone,Finance,2018-04-05,4.6.71,4.0.3 and up
USR08795,SHOPPING,4.5,33599,12,1000000,Free,0,Everyone,Shopping,2018-07-30,3.9,4.4 and up
USR08796,BUSINESS,4.2,123,3.3,10000,Free,0,Everyone,Business,2018-04-28,3.5,2.3 and up
USR08797,MAPS_AND_NAVIGATION,4.3,334,0.66,10000,Free,0,Everyone,Maps & Navigation,2016-08-23,1.3,2.3.3 and up
USR08798,TOOLS,4.4,58,2.5,5000,Free,0,Everyone,Tools,2018-07-24,2017.07.24,4.1 and up
USR08799,TOOLS,2.7,422,72,50000,Free,0,Everyone,Tools,2018-02-23,2.4.1,4.4 and up
USR08800,TOOLS,4.1,10786,4.3,1000000,Free,0,Everyone,Tools,2017-12-09,5,4.0 and up
USR08801,HEALTH_AND_FITNESS,4.4,35,2.4,1000,Paid,7.99,Everyone,Health & Fitness,2018-08-08,1.9.3,4.2 and up
USR08802,FAMILY,4.5,922,0.539,50000,Free,0,Everyone,Entertainment,2014-09-20,1.1,1.6 and up
USR08803,SOCIAL,3.4,622,,100000,Free,0,Mature 17+,Social,2018-05-23,Varies with device,Varies with device
USR08804,TOOLS,2.9,452,7,100000,Free,0,Everyone,Tools,2017-07-17,1.03.123.0713,4.0.3 and up
USR08805,EVENTS,4.8,8,16,500,Free,0,Everyone,Events,2018-01-09,1.0.3,4.2 and up
USR08806,GAME,4,795,41,100000,Free,0,Teen,Action,2017-08-29,1.2,2.3 and up
USR08807,PRODUCTIVITY,3.9,17,2.4,1000,Free,0,Everyone,Productivity,2017-04-23,1.1,4.0 and up
USR08808,GAME,5,1,24,10,Free,0,Everyone,Racing,2018-03-05,2,2.3 and up
USR08809,GAME,3.9,404,2.2,100000,Free,0,Everyone,Arcade,2017-08-30,1.2,4.0 and up
USR08810,FAMILY,4,939,38,10000,Free,0,Everyone,Role Playing,2018-06-08,1.0.0.96,4.1 and up
USR08811,FAMILY,3.6,135,75,10000,Free,0,Everyone 10+,Role Playing,2018-06-01,1.022,4.4 and up
USR08812,FAMILY,4.1,17,50,1000,Free,0,Everyone,Strategy,2018-03-16,15,4.1 and up
USR08813,GAME,4.3,834117,44,10000000,Free,0,Teen,Action,2018-07-30,1.25.4,4.1 and up
USR08814,GAME,3.8,252,11,10000,Paid,16.99,Teen,Action,2015-02-27,2.22,5.0 and up
USR08815,GAME,4.2,340,72,50000,Free,0,Mature 17+,Action,2017-10-27,1,4.1 and up
USR08816,GAME,4.3,245455,84,10000000,Free,0,Everyone 10+,Action,2018-05-31,2.8.6,4.0 and up
USR08817,FAMILY,4.2,1405,9.5,10000,Paid,1.2,Everyone,Puzzle,2018-06-05,2.7,2.3 and up
USR08818,TOOLS,4.2,455,2.8,50000,Free,0,Everyone,Tools,2017-02-28,1.6,6.0 and up
USR08819,GAME,4.1,297,48,50000,Free,0,Teen,Action,2018-03-28,1.2,4.1 and up
USR08820,GAME,4,368,48,50000,Free,0,Everyone 10+,Action,2018-03-28,1.7,4.1 and up
USR08821,COMMUNICATION,4.1,1035,20,50000,Free,0,Everyone,Communication,2018-08-07,3.20.001,4.1 and up
USR08822,GAME,4,1287,38,50000,Free,0,Everyone,Word,2013-12-18,1,2.2 and up
USR08823,GAME,4.2,21661,16,1000000,Free,0,Everyone,Trivia,2018-05-24,1.3.81,4.0 and up
USR08824,GAME,4.4,28510,78,500000,Free,0,Teen,Card,2018-08-01,2.6.6,4.0.3 and up
USR08825,TOOLS,4.2,7339,4,100000,Free,0,Everyone,Tools,2018-05-10,1.74,4.1 and up
USR08826,TOOLS,4.7,61445,7.8,1000000,Free,0,Everyone,Tools,2018-07-26,1.9.734,4.1 and up
USR08827,LIFESTYLE,4.6,32433,46,1000000,Free,0,Everyone,Lifestyle,2018-06-26,2.9.1,5.0 and up
USR08828,SOCIAL,4.7,2036,6.8,100000,Free,0,Everyone,Social,2018-05-20,1.72,4.0.3 and up
USR08829,TOOLS,4.1,174,12,5000,Free,0,Everyone,Tools,2018-07-30,6.04,4.4 and up
USR08830,FAMILY,4.9,52,19,1000,Free,0,Everyone,Education,2018-01-19,1,4.4 and up
USR08831,FAMILY,4,185,28,10000,Free,0,Teen,Entertainment,2015-08-06,1.3.0,3.0 and up
USR08832,GAME,4.3,56496,81,1000000,Free,0,Teen,Action,2018-08-07,1.5.447,4.0 and up
USR08833,GAME,4.2,5442,17,100000,Free,0,Teen,Card,2018-05-22,4.1.3,2.3 and up
USR08834,LIFESTYLE,4.3,3,15,100,Free,0,Everyone,Lifestyle,2018-08-07,2.1,4.2 and up
USR08835,FAMILY,4.7,376223,24,1000000,Free,0,Everyone,Strategy,2018-07-18,1.4.2,4.1 and up
USR08836,BUSINESS,4.8,19,21,100,Free,0,Everyone,Business,2018-06-12,1,4.4 and up
USR08837,FAMILY,4.1,80,13,1000,Free,0,Everyone,Education,2018-06-13,2.0.20,4.0.3 and up
USR08838,FAMILY,4,785,31,50000,Free,0,Teen,Entertainment,2015-06-03,1.3.1,3.0 and up
USR08839,BOOKS_AND_REFERENCE,4.2,5775,4.9,500000,Free,0,Everyone,Books & Reference,2018-07-19,7.0.4.6,4.2 and up
USR08840,TOOLS,4,885,8,100000,Free,0,Everyone,Tools,2015-10-30,1.0.612928,5.0 and up
USR08841,BOOKS_AND_REFERENCE,3.3,52,3.6,5000,Free,0,Teen,Books & Reference,2017-08-05,0.3.4,4.1 and up
USR08842,FAMILY,5,22,8.6,1000,Free,0,Teen,Education,2018-06-27,3.8.0,4.1 and up
USR08843,SOCIAL,4,88486,,5000000,Free,0,Mature 17+,Social,2018-03-23,Varies with device,Varies with device
USR08844,FAMILY,4.2,117,13,5000,Free,0,Everyone,Education,2018-06-13,2.0.20,4.0.3 and up
USR08845,COMICS,3.4,291,13,10000,Free,0,Everyone,Comics,2017-05-15,2.0.1,4.0 and up
USR08846,BOOKS_AND_REFERENCE,4.6,603,7.4,10000,Free,0,Everyone,Books & Reference,2016-06-19,2.96,4.1 and up
USR08847,NEWS_AND_MAGAZINES,3.8,881,2.3,100000,Free,0,Everyone,News & Magazines,2014-01-20,1.5,1.6 and up
USR08848,WEATHER,3.8,1195,0.568,100000,Free,0,Everyone,Weather,2014-02-16,6,2.1 and up
USR08849,BOOKS_AND_REFERENCE,4.8,44,0.604,1000,Free,0,Everyone,Books & Reference,2014-03-23,0.8,2.2 and up
USR08850,FAMILY,4,7,2.6,500,Free,0,Everyone,Education,2017-06-18,1.0.0,4.1 and up
USR08851,FAMILY,4.5,38,53,5000,Free,0,Everyone,Education,2017-07-25,1.48,4.1 and up
USR08852,FAMILY,5,4,3.6,100,Free,0,Everyone,Education,2018-07-06,1,4.1 and up
USR08853,BOOKS_AND_REFERENCE,4.5,114,,1000,Free,0,Mature 17+,Books & Reference,2015-01-19,Varies with device,Varies with device
USR08854,LIFESTYLE,4.5,398307,19,10000000,Free,0,Everyone,Lifestyle,2018-07-25,Varies with device,Varies with device
